STARTFONT 2.1
FONT -misc-Terplus-Medium-R-Normal--12-120-72-72-C-60-ISO10646-1
SIZE 12 72 72
FONTBOUNDINGBOX 6 12 0 -2
STARTPROPERTIES 21
FONT_VERSION "1.0.1"
FAMILY_NAME "Terplus"
FOUNDRY "misc"
SETWIDTH_NAME "Normal"
ADD_STYLE_NAME ""
COPYRIGHT "Copyright (C) 2020 Dimitar Toshkov Zhekov, with Reserved Font Name 'Terminus Font'. Copyright (C) 2026 Stipe Kotarac, with Reserved Font Name 'Terplus'."
NOTICE "Licensed under the SIL Open Font License, Version 1.1"
WEIGHT_NAME "Medium"
SLANT "R"
PIXEL_SIZE 12
POINT_SIZE 120
RESOLUTION_X 72
RESOLUTION_Y 72
SPACING "C"
AVERAGE_WIDTH 60
CHARSET_REGISTRY "ISO10646"
CHARSET_ENCODING "1"
MIN_SPACE 6
FONT_ASCENT 10
FONT_DESCENT 2
DEFAULT_CHAR 65533
ENDPROPERTIES
CHARS 4233
STARTCHAR char0
ENCODING 0
SWIDTH 500 0
DWIDTH 6 0
BBX 6 12 0 -2
BITMAP
00
00
D8
88
00
88
88
00
88
D8
00
00
ENDCHAR
STARTCHAR space
ENCODING 32
SWIDTH 500 0
DWIDTH 6 0
BBX 6 12 0 -2
BITMAP
00
00
00
00
00
00
00
00
00
00
00
00
ENDCHAR
STARTCHAR exclam
ENCODING 33
SWIDTH 500 0
DWIDTH 6 0
BBX 6 12 0 -2
BITMAP
00
00
20
20
20
20
20
00
20
20
00
00
ENDCHAR
STARTCHAR quotedbl
ENCODING 34
SWIDTH 500 0
DWIDTH 6 0
BBX 6 12 0 -2
BITMAP
00
50
50
50
00
00
00
00
00
00
00
00
ENDCHAR
STARTCHAR numbersign
ENCODING 35
SWIDTH 500 0
DWIDTH 6 0
BBX 6 12 0 -2
BITMAP
00
00
50
50
F8
50
50
F8
50
50
00
00
ENDCHAR
STARTCHAR dollar
ENCODING 36
SWIDTH 500 0
DWIDTH 6 0
BBX 6 12 0 -2
BITMAP
00
00
20
70
A8
A0
70
28
A8
70
20
00
ENDCHAR
STARTCHAR percent
ENCODING 37
SWIDTH 500 0
DWIDTH 6 0
BBX 6 12 0 -2
BITMAP
00
00
48
A8
50
10
20
28
54
48
00
00
ENDCHAR
STARTCHAR ampersand
ENCODING 38
SWIDTH 500 0
DWIDTH 6 0
BBX 6 12 0 -2
BITMAP
00
00
20
50
50
20
68
90
90
68
00
00
ENDCHAR
STARTCHAR quotesingle
ENCODING 39
SWIDTH 500 0
DWIDTH 6 0
BBX 6 12 0 -2
BITMAP
00
20
20
20
00
00
00
00
00
00
00
00
ENDCHAR
STARTCHAR parenleft
ENCODING 40
SWIDTH 500 0
DWIDTH 6 0
BBX 6 12 0 -2
BITMAP
00
00
10
20
40
40
40
40
20
10
00
00
ENDCHAR
STARTCHAR parenright
ENCODING 41
SWIDTH 500 0
DWIDTH 6 0
BBX 6 12 0 -2
BITMAP
00
00
40
20
10
10
10
10
20
40
00
00
ENDCHAR
STARTCHAR asterisk
ENCODING 42
SWIDTH 500 0
DWIDTH 6 0
BBX 6 12 0 -2
BITMAP
00
00
00
00
50
20
F8
20
50
00
00
00
ENDCHAR
STARTCHAR plus
ENCODING 43
SWIDTH 500 0
DWIDTH 6 0
BBX 6 12 0 -2
BITMAP
00
00
00
00
20
20
F8
20
20
00
00
00
ENDCHAR
STARTCHAR comma
ENCODING 44
SWIDTH 500 0
DWIDTH 6 0
BBX 6 12 0 -2
BITMAP
00
00
00
00
00
00
00
00
20
20
40
00
ENDCHAR
STARTCHAR hyphen
ENCODING 45
SWIDTH 500 0
DWIDTH 6 0
BBX 6 12 0 -2
BITMAP
00
00
00
00
00
00
F8
00
00
00
00
00
ENDCHAR
STARTCHAR period
ENCODING 46
SWIDTH 500 0
DWIDTH 6 0
BBX 6 12 0 -2
BITMAP
00
00
00
00
00
00
00
00
20
20
00
00
ENDCHAR
STARTCHAR slash
ENCODING 47
SWIDTH 500 0
DWIDTH 6 0
BBX 6 12 0 -2
BITMAP
00
00
08
08
10
10
20
20
40
40
00
00
ENDCHAR
STARTCHAR zero
ENCODING 48
SWIDTH 500 0
DWIDTH 6 0
BBX 6 12 0 -2
BITMAP
00
00
70
88
98
A8
C8
88
88
70
00
00
ENDCHAR
STARTCHAR one
ENCODING 49
SWIDTH 500 0
DWIDTH 6 0
BBX 6 12 0 -2
BITMAP
00
00
20
60
20
20
20
20
20
70
00
00
ENDCHAR
STARTCHAR two
ENCODING 50
SWIDTH 500 0
DWIDTH 6 0
BBX 6 12 0 -2
BITMAP
00
00
70
88
88
08
10
20
40
F8
00
00
ENDCHAR
STARTCHAR three
ENCODING 51
SWIDTH 500 0
DWIDTH 6 0
BBX 6 12 0 -2
BITMAP
00
00
70
88
08
30
08
08
88
70
00
00
ENDCHAR
STARTCHAR four
ENCODING 52
SWIDTH 500 0
DWIDTH 6 0
BBX 6 12 0 -2
BITMAP
00
00
08
18
28
48
88
F8
08
08
00
00
ENDCHAR
STARTCHAR five
ENCODING 53
SWIDTH 500 0
DWIDTH 6 0
BBX 6 12 0 -2
BITMAP
00
00
F8
80
80
F0
08
08
88
70
00
00
ENDCHAR
STARTCHAR six
ENCODING 54
SWIDTH 500 0
DWIDTH 6 0
BBX 6 12 0 -2
BITMAP
00
00
70
80
80
F0
88
88
88
70
00
00
ENDCHAR
STARTCHAR seven
ENCODING 55
SWIDTH 500 0
DWIDTH 6 0
BBX 6 12 0 -2
BITMAP
00
00
F8
08
08
10
10
20
20
20
00
00
ENDCHAR
STARTCHAR eight
ENCODING 56
SWIDTH 500 0
DWIDTH 6 0
BBX 6 12 0 -2
BITMAP
00
00
70
88
88
70
88
88
88
70
00
00
ENDCHAR
STARTCHAR nine
ENCODING 57
SWIDTH 500 0
DWIDTH 6 0
BBX 6 12 0 -2
BITMAP
00
00
70
88
88
88
78
08
08
70
00
00
ENDCHAR
STARTCHAR colon
ENCODING 58
SWIDTH 500 0
DWIDTH 6 0
BBX 6 12 0 -2
BITMAP
00
00
00
00
20
20
00
00
20
20
00
00
ENDCHAR
STARTCHAR semicolon
ENCODING 59
SWIDTH 500 0
DWIDTH 6 0
BBX 6 12 0 -2
BITMAP
00
00
00
00
20
20
00
00
20
20
40
00
ENDCHAR
STARTCHAR less
ENCODING 60
SWIDTH 500 0
DWIDTH 6 0
BBX 6 12 0 -2
BITMAP
00
00
00
08
10
20
40
20
10
08
00
00
ENDCHAR
STARTCHAR equal
ENCODING 61
SWIDTH 500 0
DWIDTH 6 0
BBX 6 12 0 -2
BITMAP
00
00
00
00
F8
00
00
F8
00
00
00
00
ENDCHAR
STARTCHAR greater
ENCODING 62
SWIDTH 500 0
DWIDTH 6 0
BBX 6 12 0 -2
BITMAP
00
00
00
40
20
10
08
10
20
40
00
00
ENDCHAR
STARTCHAR question
ENCODING 63
SWIDTH 500 0
DWIDTH 6 0
BBX 6 12 0 -2
BITMAP
00
00
70
88
88
10
20
00
20
20
00
00
ENDCHAR
STARTCHAR at
ENCODING 64
SWIDTH 500 0
DWIDTH 6 0
BBX 6 12 0 -2
BITMAP
00
00
70
88
98
A8
A8
98
80
78
00
00
ENDCHAR
STARTCHAR A
ENCODING 65
SWIDTH 500 0
DWIDTH 6 0
BBX 6 12 0 -2
BITMAP
00
00
70
88
88
88
F8
88
88
88
00
00
ENDCHAR
STARTCHAR B
ENCODING 66
SWIDTH 500 0
DWIDTH 6 0
BBX 6 12 0 -2
BITMAP
00
00
F0
88
88
F0
88
88
88
F0
00
00
ENDCHAR
STARTCHAR C
ENCODING 67
SWIDTH 500 0
DWIDTH 6 0
BBX 6 12 0 -2
BITMAP
00
00
70
88
80
80
80
80
88
70
00
00
ENDCHAR
STARTCHAR D
ENCODING 68
SWIDTH 500 0
DWIDTH 6 0
BBX 6 12 0 -2
BITMAP
00
00
E0
90
88
88
88
88
90
E0
00
00
ENDCHAR
STARTCHAR E
ENCODING 69
SWIDTH 500 0
DWIDTH 6 0
BBX 6 12 0 -2
BITMAP
00
00
F8
80
80
F0
80
80
80
F8
00
00
ENDCHAR
STARTCHAR F
ENCODING 70
SWIDTH 500 0
DWIDTH 6 0
BBX 6 12 0 -2
BITMAP
00
00
F8
80
80
F0
80
80
80
80
00
00
ENDCHAR
STARTCHAR G
ENCODING 71
SWIDTH 500 0
DWIDTH 6 0
BBX 6 12 0 -2
BITMAP
00
00
70
88
80
80
B8
88
88
70
00
00
ENDCHAR
STARTCHAR H
ENCODING 72
SWIDTH 500 0
DWIDTH 6 0
BBX 6 12 0 -2
BITMAP
00
00
88
88
88
F8
88
88
88
88
00
00
ENDCHAR
STARTCHAR I
ENCODING 73
SWIDTH 500 0
DWIDTH 6 0
BBX 6 12 0 -2
BITMAP
00
00
70
20
20
20
20
20
20
70
00
00
ENDCHAR
STARTCHAR J
ENCODING 74
SWIDTH 500 0
DWIDTH 6 0
BBX 6 12 0 -2
BITMAP
00
00
38
10
10
10
10
90
90
60
00
00
ENDCHAR
STARTCHAR K
ENCODING 75
SWIDTH 500 0
DWIDTH 6 0
BBX 6 12 0 -2
BITMAP
00
00
88
90
A0
C0
C0
A0
90
88
00
00
ENDCHAR
STARTCHAR L
ENCODING 76
SWIDTH 500 0
DWIDTH 6 0
BBX 6 12 0 -2
BITMAP
00
00
80
80
80
80
80
80
80
F8
00
00
ENDCHAR
STARTCHAR M
ENCODING 77
SWIDTH 500 0
DWIDTH 6 0
BBX 6 12 0 -2
BITMAP
00
00
88
D8
A8
A8
88
88
88
88
00
00
ENDCHAR
STARTCHAR N
ENCODING 78
SWIDTH 500 0
DWIDTH 6 0
BBX 6 12 0 -2
BITMAP
00
00
88
88
C8
A8
98
88
88
88
00
00
ENDCHAR
STARTCHAR O
ENCODING 79
SWIDTH 500 0
DWIDTH 6 0
BBX 6 12 0 -2
BITMAP
00
00
70
88
88
88
88
88
88
70
00
00
ENDCHAR
STARTCHAR P
ENCODING 80
SWIDTH 500 0
DWIDTH 6 0
BBX 6 12 0 -2
BITMAP
00
00
F0
88
88
88
F0
80
80
80
00
00
ENDCHAR
STARTCHAR Q
ENCODING 81
SWIDTH 500 0
DWIDTH 6 0
BBX 6 12 0 -2
BITMAP
00
00
70
88
88
88
88
88
A8
70
08
00
ENDCHAR
STARTCHAR R
ENCODING 82
SWIDTH 500 0
DWIDTH 6 0
BBX 6 12 0 -2
BITMAP
00
00
F0
88
88
88
F0
A0
90
88
00
00
ENDCHAR
STARTCHAR S
ENCODING 83
SWIDTH 500 0
DWIDTH 6 0
BBX 6 12 0 -2
BITMAP
00
00
70
88
80
70
08
08
88
70
00
00
ENDCHAR
STARTCHAR T
ENCODING 84
SWIDTH 500 0
DWIDTH 6 0
BBX 6 12 0 -2
BITMAP
00
00
F8
20
20
20
20
20
20
20
00
00
ENDCHAR
STARTCHAR U
ENCODING 85
SWIDTH 500 0
DWIDTH 6 0
BBX 6 12 0 -2
BITMAP
00
00
88
88
88
88
88
88
88
70
00
00
ENDCHAR
STARTCHAR V
ENCODING 86
SWIDTH 500 0
DWIDTH 6 0
BBX 6 12 0 -2
BITMAP
00
00
88
88
88
50
50
50
20
20
00
00
ENDCHAR
STARTCHAR W
ENCODING 87
SWIDTH 500 0
DWIDTH 6 0
BBX 6 12 0 -2
BITMAP
00
00
88
88
88
88
A8
A8
D8
88
00
00
ENDCHAR
STARTCHAR X
ENCODING 88
SWIDTH 500 0
DWIDTH 6 0
BBX 6 12 0 -2
BITMAP
00
00
88
88
50
20
20
50
88
88
00
00
ENDCHAR
STARTCHAR Y
ENCODING 89
SWIDTH 500 0
DWIDTH 6 0
BBX 6 12 0 -2
BITMAP
00
00
88
88
50
50
20
20
20
20
00
00
ENDCHAR
STARTCHAR Z
ENCODING 90
SWIDTH 500 0
DWIDTH 6 0
BBX 6 12 0 -2
BITMAP
00
00
F8
08
10
20
40
80
80
F8
00
00
ENDCHAR
STARTCHAR bracketleft
ENCODING 91
SWIDTH 500 0
DWIDTH 6 0
BBX 6 12 0 -2
BITMAP
00
00
70
40
40
40
40
40
40
70
00
00
ENDCHAR
STARTCHAR backslash
ENCODING 92
SWIDTH 500 0
DWIDTH 6 0
BBX 6 12 0 -2
BITMAP
00
00
40
40
20
20
10
10
08
08
00
00
ENDCHAR
STARTCHAR bracketright
ENCODING 93
SWIDTH 500 0
DWIDTH 6 0
BBX 6 12 0 -2
BITMAP
00
00
70
10
10
10
10
10
10
70
00
00
ENDCHAR
STARTCHAR asciicircum
ENCODING 94
SWIDTH 500 0
DWIDTH 6 0
BBX 6 12 0 -2
BITMAP
00
20
50
88
00
00
00
00
00
00
00
00
ENDCHAR
STARTCHAR underscore
ENCODING 95
SWIDTH 500 0
DWIDTH 6 0
BBX 6 12 0 -2
BITMAP
00
00
00
00
00
00
00
00
00
00
F8
00
ENDCHAR
STARTCHAR grave
ENCODING 96
SWIDTH 500 0
DWIDTH 6 0
BBX 6 12 0 -2
BITMAP
40
20
00
00
00
00
00
00
00
00
00
00
ENDCHAR
STARTCHAR a
ENCODING 97
SWIDTH 500 0
DWIDTH 6 0
BBX 6 12 0 -2
BITMAP
00
00
00
00
70
08
78
88
88
78
00
00
ENDCHAR
STARTCHAR b
ENCODING 98
SWIDTH 500 0
DWIDTH 6 0
BBX 6 12 0 -2
BITMAP
00
00
80
80
F0
88
88
88
88
F0
00
00
ENDCHAR
STARTCHAR c
ENCODING 99
SWIDTH 500 0
DWIDTH 6 0
BBX 6 12 0 -2
BITMAP
00
00
00
00
70
88
80
80
88
70
00
00
ENDCHAR
STARTCHAR d
ENCODING 100
SWIDTH 500 0
DWIDTH 6 0
BBX 6 12 0 -2
BITMAP
00
00
08
08
78
88
88
88
88
78
00
00
ENDCHAR
STARTCHAR e
ENCODING 101
SWIDTH 500 0
DWIDTH 6 0
BBX 6 12 0 -2
BITMAP
00
00
00
00
70
88
F8
80
80
78
00
00
ENDCHAR
STARTCHAR f
ENCODING 102
SWIDTH 500 0
DWIDTH 6 0
BBX 6 12 0 -2
BITMAP
00
00
18
20
70
20
20
20
20
20
00
00
ENDCHAR
STARTCHAR g
ENCODING 103
SWIDTH 500 0
DWIDTH 6 0
BBX 6 12 0 -2
BITMAP
00
00
00
00
78
88
88
88
88
78
08
70
ENDCHAR
STARTCHAR h
ENCODING 104
SWIDTH 500 0
DWIDTH 6 0
BBX 6 12 0 -2
BITMAP
00
00
80
80
F0
88
88
88
88
88
00
00
ENDCHAR
STARTCHAR i
ENCODING 105
SWIDTH 500 0
DWIDTH 6 0
BBX 6 12 0 -2
BITMAP
00
20
20
00
60
20
20
20
20
70
00
00
ENDCHAR
STARTCHAR j
ENCODING 106
SWIDTH 500 0
DWIDTH 6 0
BBX 6 12 0 -2
BITMAP
00
08
08
00
18
08
08
08
08
08
48
30
ENDCHAR
STARTCHAR k
ENCODING 107
SWIDTH 500 0
DWIDTH 6 0
BBX 6 12 0 -2
BITMAP
00
00
40
40
48
50
60
60
50
48
00
00
ENDCHAR
STARTCHAR l
ENCODING 108
SWIDTH 500 0
DWIDTH 6 0
BBX 6 12 0 -2
BITMAP
00
00
60
20
20
20
20
20
20
18
00
00
ENDCHAR
STARTCHAR m
ENCODING 109
SWIDTH 500 0
DWIDTH 6 0
BBX 6 12 0 -2
BITMAP
00
00
00
00
F0
A8
A8
A8
A8
A8
00
00
ENDCHAR
STARTCHAR n
ENCODING 110
SWIDTH 500 0
DWIDTH 6 0
BBX 6 12 0 -2
BITMAP
00
00
00
00
F0
88
88
88
88
88
00
00
ENDCHAR
STARTCHAR o
ENCODING 111
SWIDTH 500 0
DWIDTH 6 0
BBX 6 12 0 -2
BITMAP
00
00
00
00
70
88
88
88
88
70
00
00
ENDCHAR
STARTCHAR p
ENCODING 112
SWIDTH 500 0
DWIDTH 6 0
BBX 6 12 0 -2
BITMAP
00
00
00
00
F0
88
88
88
88
F0
80
80
ENDCHAR
STARTCHAR q
ENCODING 113
SWIDTH 500 0
DWIDTH 6 0
BBX 6 12 0 -2
BITMAP
00
00
00
00
78
88
88
88
88
78
08
08
ENDCHAR
STARTCHAR r
ENCODING 114
SWIDTH 500 0
DWIDTH 6 0
BBX 6 12 0 -2
BITMAP
00
00
00
00
B8
C0
80
80
80
80
00
00
ENDCHAR
STARTCHAR s
ENCODING 115
SWIDTH 500 0
DWIDTH 6 0
BBX 6 12 0 -2
BITMAP
00
00
00
00
78
80
70
08
08
F0
00
00
ENDCHAR
STARTCHAR t
ENCODING 116
SWIDTH 500 0
DWIDTH 6 0
BBX 6 12 0 -2
BITMAP
00
00
20
20
70
20
20
20
20
18
00
00
ENDCHAR
STARTCHAR u
ENCODING 117
SWIDTH 500 0
DWIDTH 6 0
BBX 6 12 0 -2
BITMAP
00
00
00
00
88
88
88
88
88
78
00
00
ENDCHAR
STARTCHAR v
ENCODING 118
SWIDTH 500 0
DWIDTH 6 0
BBX 6 12 0 -2
BITMAP
00
00
00
00
88
88
50
50
20
20
00
00
ENDCHAR
STARTCHAR w
ENCODING 119
SWIDTH 500 0
DWIDTH 6 0
BBX 6 12 0 -2
BITMAP
00
00
00
00
88
88
A8
A8
A8
70
00
00
ENDCHAR
STARTCHAR x
ENCODING 120
SWIDTH 500 0
DWIDTH 6 0
BBX 6 12 0 -2
BITMAP
00
00
00
00
88
50
20
20
50
88
00
00
ENDCHAR
STARTCHAR y
ENCODING 121
SWIDTH 500 0
DWIDTH 6 0
BBX 6 12 0 -2
BITMAP
00
00
00
00
88
88
88
88
88
78
08
70
ENDCHAR
STARTCHAR z
ENCODING 122
SWIDTH 500 0
DWIDTH 6 0
BBX 6 12 0 -2
BITMAP
00
00
00
00
F8
10
20
40
80
F8
00
00
ENDCHAR
STARTCHAR braceleft
ENCODING 123
SWIDTH 500 0
DWIDTH 6 0
BBX 6 12 0 -2
BITMAP
00
00
18
20
20
40
20
20
20
18
00
00
ENDCHAR
STARTCHAR bar
ENCODING 124
SWIDTH 500 0
DWIDTH 6 0
BBX 6 12 0 -2
BITMAP
00
00
20
20
20
20
20
20
20
20
00
00
ENDCHAR
STARTCHAR braceright
ENCODING 125
SWIDTH 500 0
DWIDTH 6 0
BBX 6 12 0 -2
BITMAP
00
00
60
10
10
08
10
10
10
60
00
00
ENDCHAR
STARTCHAR asciitilde
ENCODING 126
SWIDTH 500 0
DWIDTH 6 0
BBX 6 12 0 -2
BITMAP
00
00
00
00
00
48
A8
90
00
00
00
00
ENDCHAR
STARTCHAR nbspace
ENCODING 160
SWIDTH 500 0
DWIDTH 6 0
BBX 6 12 0 -2
BITMAP
00
00
00
00
00
00
00
00
00
00
00
00
ENDCHAR
STARTCHAR exclamdown
ENCODING 161
SWIDTH 500 0
DWIDTH 6 0
BBX 6 12 0 -2
BITMAP
00
00
20
20
00
20
20
20
20
20
00
00
ENDCHAR
STARTCHAR cent
ENCODING 162
SWIDTH 500 0
DWIDTH 6 0
BBX 6 12 0 -2
BITMAP
00
00
00
20
70
A8
A0
A0
A8
70
20
00
ENDCHAR
STARTCHAR sterling
ENCODING 163
SWIDTH 500 0
DWIDTH 6 0
BBX 6 12 0 -2
BITMAP
00
00
30
48
40
F0
40
40
48
F8
00
00
ENDCHAR
STARTCHAR currency
ENCODING 164
SWIDTH 500 0
DWIDTH 6 0
BBX 6 12 0 -2
BITMAP
00
00
00
48
30
48
48
30
48
00
00
00
ENDCHAR
STARTCHAR yen
ENCODING 165
SWIDTH 500 0
DWIDTH 6 0
BBX 6 12 0 -2
BITMAP
00
00
88
88
50
20
70
20
70
20
00
00
ENDCHAR
STARTCHAR brokenbar
ENCODING 166
SWIDTH 500 0
DWIDTH 6 0
BBX 6 12 0 -2
BITMAP
00
00
20
20
20
00
00
20
20
20
00
00
ENDCHAR
STARTCHAR section
ENCODING 167
SWIDTH 500 0
DWIDTH 6 0
BBX 6 12 0 -2
BITMAP
00
30
48
20
50
48
28
10
48
30
00
00
ENDCHAR
STARTCHAR dieresis
ENCODING 168
SWIDTH 500 0
DWIDTH 6 0
BBX 6 12 0 -2
BITMAP
50
50
00
00
00
00
00
00
00
00
00
00
ENDCHAR
STARTCHAR copyright
ENCODING 169
SWIDTH 500 0
DWIDTH 6 0
BBX 6 12 0 -2
BITMAP
00
00
78
84
B4
A4
A4
B4
84
78
00
00
ENDCHAR
STARTCHAR ordfeminine
ENCODING 170
SWIDTH 500 0
DWIDTH 6 0
BBX 6 12 0 -2
BITMAP
30
08
38
48
38
00
78
00
00
00
00
00
ENDCHAR
STARTCHAR guillemotleft
ENCODING 171
SWIDTH 500 0
DWIDTH 6 0
BBX 6 12 0 -2
BITMAP
00
00
00
14
28
50
A0
50
28
14
00
00
ENDCHAR
STARTCHAR logicalnot
ENCODING 172
SWIDTH 500 0
DWIDTH 6 0
BBX 6 12 0 -2
BITMAP
00
00
00
00
F8
08
08
08
00
00
00
00
ENDCHAR
STARTCHAR softhyphen
ENCODING 173
SWIDTH 500 0
DWIDTH 6 0
BBX 6 12 0 -2
BITMAP
00
00
00
00
00
00
78
00
00
00
00
00
ENDCHAR
STARTCHAR registered
ENCODING 174
SWIDTH 500 0
DWIDTH 6 0
BBX 6 12 0 -2
BITMAP
00
00
78
84
B4
AC
B4
AC
84
78
00
00
ENDCHAR
STARTCHAR macron
ENCODING 175
SWIDTH 500 0
DWIDTH 6 0
BBX 6 12 0 -2
BITMAP
70
00
00
00
00
00
00
00
00
00
00
00
ENDCHAR
STARTCHAR degree
ENCODING 176
SWIDTH 500 0
DWIDTH 6 0
BBX 6 12 0 -2
BITMAP
00
20
50
20
00
00
00
00
00
00
00
00
ENDCHAR
STARTCHAR plusminus
ENCODING 177
SWIDTH 500 0
DWIDTH 6 0
BBX 6 12 0 -2
BITMAP
00
00
00
20
20
F8
20
20
00
F8
00
00
ENDCHAR
STARTCHAR twosuperior
ENCODING 178
SWIDTH 500 0
DWIDTH 6 0
BBX 6 12 0 -2
BITMAP
00
30
48
10
20
78
00
00
00
00
00
00
ENDCHAR
STARTCHAR threesuperior
ENCODING 179
SWIDTH 500 0
DWIDTH 6 0
BBX 6 12 0 -2
BITMAP
00
70
08
30
08
70
00
00
00
00
00
00
ENDCHAR
STARTCHAR acute
ENCODING 180
SWIDTH 500 0
DWIDTH 6 0
BBX 6 12 0 -2
BITMAP
10
20
00
00
00
00
00
00
00
00
00
00
ENDCHAR
STARTCHAR mu
ENCODING 181
SWIDTH 500 0
DWIDTH 6 0
BBX 6 12 0 -2
BITMAP
00
00
00
00
88
88
88
88
98
E8
80
80
ENDCHAR
STARTCHAR paragraph
ENCODING 182
SWIDTH 500 0
DWIDTH 6 0
BBX 6 12 0 -2
BITMAP
00
00
78
A8
A8
A8
68
28
28
28
00
00
ENDCHAR
STARTCHAR periodcentered
ENCODING 183
SWIDTH 500 0
DWIDTH 6 0
BBX 6 12 0 -2
BITMAP
00
00
00
00
00
20
20
00
00
00
00
00
ENDCHAR
STARTCHAR cedilla
ENCODING 184
SWIDTH 500 0
DWIDTH 6 0
BBX 6 12 0 -2
BITMAP
00
00
00
00
00
00
00
00
00
20
20
40
ENDCHAR
STARTCHAR onesuperior
ENCODING 185
SWIDTH 500 0
DWIDTH 6 0
BBX 6 12 0 -2
BITMAP
00
10
30
10
10
38
00
00
00
00
00
00
ENDCHAR
STARTCHAR ordmasculine
ENCODING 186
SWIDTH 500 0
DWIDTH 6 0
BBX 6 12 0 -2
BITMAP
30
48
48
48
30
00
78
00
00
00
00
00
ENDCHAR
STARTCHAR guillemotright
ENCODING 187
SWIDTH 500 0
DWIDTH 6 0
BBX 6 12 0 -2
BITMAP
00
00
00
A0
50
28
14
28
50
A0
00
00
ENDCHAR
STARTCHAR onequarter
ENCODING 188
SWIDTH 500 0
DWIDTH 6 0
BBX 6 12 0 -2
BITMAP
40
C0
44
48
50
20
48
98
28
78
08
08
ENDCHAR
STARTCHAR onehalf
ENCODING 189
SWIDTH 500 0
DWIDTH 6 0
BBX 6 12 0 -2
BITMAP
40
C0
44
48
50
20
40
98
24
08
10
3C
ENDCHAR
STARTCHAR threequarters
ENCODING 190
SWIDTH 500 0
DWIDTH 6 0
BBX 6 12 0 -2
BITMAP
E0
10
60
14
E8
10
24
4C
94
3C
04
04
ENDCHAR
STARTCHAR questiondown
ENCODING 191
SWIDTH 500 0
DWIDTH 6 0
BBX 6 12 0 -2
BITMAP
00
00
20
20
00
20
40
88
88
70
00
00
ENDCHAR
STARTCHAR Agrave
ENCODING 192
SWIDTH 500 0
DWIDTH 6 0
BBX 6 12 0 -2
BITMAP
40
20
70
88
88
88
F8
88
88
88
00
00
ENDCHAR
STARTCHAR Aacute
ENCODING 193
SWIDTH 500 0
DWIDTH 6 0
BBX 6 12 0 -2
BITMAP
10
20
70
88
88
88
F8
88
88
88
00
00
ENDCHAR
STARTCHAR Acircumflex
ENCODING 194
SWIDTH 500 0
DWIDTH 6 0
BBX 6 12 0 -2
BITMAP
20
50
70
88
88
88
F8
88
88
88
00
00
ENDCHAR
STARTCHAR Atilde
ENCODING 195
SWIDTH 500 0
DWIDTH 6 0
BBX 6 12 0 -2
BITMAP
28
50
70
88
88
88
F8
88
88
88
00
00
ENDCHAR
STARTCHAR Adieresis
ENCODING 196
SWIDTH 500 0
DWIDTH 6 0
BBX 6 12 0 -2
BITMAP
50
50
70
88
88
88
F8
88
88
88
00
00
ENDCHAR
STARTCHAR Aring
ENCODING 197
SWIDTH 500 0
DWIDTH 6 0
BBX 6 12 0 -2
BITMAP
20
50
70
88
88
88
F8
88
88
88
00
00
ENDCHAR
STARTCHAR AE
ENCODING 198
SWIDTH 500 0
DWIDTH 6 0
BBX 6 12 0 -2
BITMAP
00
00
7C
90
90
FC
90
90
90
9C
00
00
ENDCHAR
STARTCHAR Ccedilla
ENCODING 199
SWIDTH 500 0
DWIDTH 6 0
BBX 6 12 0 -2
BITMAP
00
00
70
88
80
80
80
80
88
70
20
40
ENDCHAR
STARTCHAR Egrave
ENCODING 200
SWIDTH 500 0
DWIDTH 6 0
BBX 6 12 0 -2
BITMAP
40
20
F8
80
80
F0
80
80
80
F8
00
00
ENDCHAR
STARTCHAR Eacute
ENCODING 201
SWIDTH 500 0
DWIDTH 6 0
BBX 6 12 0 -2
BITMAP
10
20
F8
80
80
F0
80
80
80
F8
00
00
ENDCHAR
STARTCHAR Ecircumflex
ENCODING 202
SWIDTH 500 0
DWIDTH 6 0
BBX 6 12 0 -2
BITMAP
20
50
F8
80
80
F0
80
80
80
F8
00
00
ENDCHAR
STARTCHAR Edieresis
ENCODING 203
SWIDTH 500 0
DWIDTH 6 0
BBX 6 12 0 -2
BITMAP
50
50
F8
80
80
F0
80
80
80
F8
00
00
ENDCHAR
STARTCHAR Igrave
ENCODING 204
SWIDTH 500 0
DWIDTH 6 0
BBX 6 12 0 -2
BITMAP
40
20
70
20
20
20
20
20
20
70
00
00
ENDCHAR
STARTCHAR Iacute
ENCODING 205
SWIDTH 500 0
DWIDTH 6 0
BBX 6 12 0 -2
BITMAP
10
20
70
20
20
20
20
20
20
70
00
00
ENDCHAR
STARTCHAR Icircumflex
ENCODING 206
SWIDTH 500 0
DWIDTH 6 0
BBX 6 12 0 -2
BITMAP
20
50
70
20
20
20
20
20
20
70
00
00
ENDCHAR
STARTCHAR Idieresis
ENCODING 207
SWIDTH 500 0
DWIDTH 6 0
BBX 6 12 0 -2
BITMAP
50
50
70
20
20
20
20
20
20
70
00
00
ENDCHAR
STARTCHAR Eth
ENCODING 208
SWIDTH 500 0
DWIDTH 6 0
BBX 6 12 0 -2
BITMAP
00
00
E0
90
88
E8
88
88
90
E0
00
00
ENDCHAR
STARTCHAR Ntilde
ENCODING 209
SWIDTH 500 0
DWIDTH 6 0
BBX 6 12 0 -2
BITMAP
28
50
88
88
C8
A8
98
88
88
88
00
00
ENDCHAR
STARTCHAR Ograve
ENCODING 210
SWIDTH 500 0
DWIDTH 6 0
BBX 6 12 0 -2
BITMAP
40
20
70
88
88
88
88
88
88
70
00
00
ENDCHAR
STARTCHAR Oacute
ENCODING 211
SWIDTH 500 0
DWIDTH 6 0
BBX 6 12 0 -2
BITMAP
10
20
70
88
88
88
88
88
88
70
00
00
ENDCHAR
STARTCHAR Ocircumflex
ENCODING 212
SWIDTH 500 0
DWIDTH 6 0
BBX 6 12 0 -2
BITMAP
20
50
70
88
88
88
88
88
88
70
00
00
ENDCHAR
STARTCHAR Otilde
ENCODING 213
SWIDTH 500 0
DWIDTH 6 0
BBX 6 12 0 -2
BITMAP
28
50
70
88
88
88
88
88
88
70
00
00
ENDCHAR
STARTCHAR Odieresis
ENCODING 214
SWIDTH 500 0
DWIDTH 6 0
BBX 6 12 0 -2
BITMAP
50
50
70
88
88
88
88
88
88
70
00
00
ENDCHAR
STARTCHAR multiply
ENCODING 215
SWIDTH 500 0
DWIDTH 6 0
BBX 6 12 0 -2
BITMAP
00
00
00
00
88
50
20
50
88
00
00
00
ENDCHAR
STARTCHAR Oslash
ENCODING 216
SWIDTH 500 0
DWIDTH 6 0
BBX 6 12 0 -2
BITMAP
00
00
74
88
98
A8
C8
88
88
70
00
00
ENDCHAR
STARTCHAR Ugrave
ENCODING 217
SWIDTH 500 0
DWIDTH 6 0
BBX 6 12 0 -2
BITMAP
40
20
88
88
88
88
88
88
88
70
00
00
ENDCHAR
STARTCHAR Uacute
ENCODING 218
SWIDTH 500 0
DWIDTH 6 0
BBX 6 12 0 -2
BITMAP
10
20
88
88
88
88
88
88
88
70
00
00
ENDCHAR
STARTCHAR Ucircumflex
ENCODING 219
SWIDTH 500 0
DWIDTH 6 0
BBX 6 12 0 -2
BITMAP
20
50
88
88
88
88
88
88
88
70
00
00
ENDCHAR
STARTCHAR Udieresis
ENCODING 220
SWIDTH 500 0
DWIDTH 6 0
BBX 6 12 0 -2
BITMAP
50
50
88
88
88
88
88
88
88
70
00
00
ENDCHAR
STARTCHAR Yacute
ENCODING 221
SWIDTH 500 0
DWIDTH 6 0
BBX 6 12 0 -2
BITMAP
10
20
88
88
50
50
20
20
20
20
00
00
ENDCHAR
STARTCHAR Thorn
ENCODING 222
SWIDTH 500 0
DWIDTH 6 0
BBX 6 12 0 -2
BITMAP
00
00
80
F0
88
88
88
F0
80
80
00
00
ENDCHAR
STARTCHAR germandbls
ENCODING 223
SWIDTH 500 0
DWIDTH 6 0
BBX 6 12 0 -2
BITMAP
00
00
E0
90
90
F0
88
88
C8
B0
00
00
ENDCHAR
STARTCHAR agrave
ENCODING 224
SWIDTH 500 0
DWIDTH 6 0
BBX 6 12 0 -2
BITMAP
00
00
40
20
70
08
78
88
88
78
00
00
ENDCHAR
STARTCHAR aacute
ENCODING 225
SWIDTH 500 0
DWIDTH 6 0
BBX 6 12 0 -2
BITMAP
00
00
10
20
70
08
78
88
88
78
00
00
ENDCHAR
STARTCHAR acircumflex
ENCODING 226
SWIDTH 500 0
DWIDTH 6 0
BBX 6 12 0 -2
BITMAP
00
00
20
50
70
08
78
88
88
78
00
00
ENDCHAR
STARTCHAR atilde
ENCODING 227
SWIDTH 500 0
DWIDTH 6 0
BBX 6 12 0 -2
BITMAP
00
00
28
50
70
08
78
88
88
78
00
00
ENDCHAR
STARTCHAR adieresis
ENCODING 228
SWIDTH 500 0
DWIDTH 6 0
BBX 6 12 0 -2
BITMAP
00
00
50
50
70
08
78
88
88
78
00
00
ENDCHAR
STARTCHAR aring
ENCODING 229
SWIDTH 500 0
DWIDTH 6 0
BBX 6 12 0 -2
BITMAP
00
00
20
50
70
08
78
88
88
78
00
00
ENDCHAR
STARTCHAR ae
ENCODING 230
SWIDTH 500 0
DWIDTH 6 0
BBX 6 12 0 -2
BITMAP
00
00
00
00
70
28
68
B0
A0
78
00
00
ENDCHAR
STARTCHAR ccedilla
ENCODING 231
SWIDTH 500 0
DWIDTH 6 0
BBX 6 12 0 -2
BITMAP
00
00
00
00
70
88
80
80
88
70
20
40
ENDCHAR
STARTCHAR egrave
ENCODING 232
SWIDTH 500 0
DWIDTH 6 0
BBX 6 12 0 -2
BITMAP
00
00
40
20
70
88
F8
80
80
78
00
00
ENDCHAR
STARTCHAR eacute
ENCODING 233
SWIDTH 500 0
DWIDTH 6 0
BBX 6 12 0 -2
BITMAP
00
00
10
20
70
88
F8
80
80
78
00
00
ENDCHAR
STARTCHAR ecircumflex
ENCODING 234
SWIDTH 500 0
DWIDTH 6 0
BBX 6 12 0 -2
BITMAP
00
00
20
50
70
88
F8
80
80
78
00
00
ENDCHAR
STARTCHAR edieresis
ENCODING 235
SWIDTH 500 0
DWIDTH 6 0
BBX 6 12 0 -2
BITMAP
00
00
50
50
70
88
F8
80
80
78
00
00
ENDCHAR
STARTCHAR igrave
ENCODING 236
SWIDTH 500 0
DWIDTH 6 0
BBX 6 12 0 -2
BITMAP
00
00
40
20
60
20
20
20
20
70
00
00
ENDCHAR
STARTCHAR iacute
ENCODING 237
SWIDTH 500 0
DWIDTH 6 0
BBX 6 12 0 -2
BITMAP
00
00
10
20
60
20
20
20
20
70
00
00
ENDCHAR
STARTCHAR icircumflex
ENCODING 238
SWIDTH 500 0
DWIDTH 6 0
BBX 6 12 0 -2
BITMAP
00
00
20
50
60
20
20
20
20
70
00
00
ENDCHAR
STARTCHAR idieresis
ENCODING 239
SWIDTH 500 0
DWIDTH 6 0
BBX 6 12 0 -2
BITMAP
00
00
50
50
60
20
20
20
20
70
00
00
ENDCHAR
STARTCHAR eth
ENCODING 240
SWIDTH 500 0
DWIDTH 6 0
BBX 6 12 0 -2
BITMAP
00
A0
40
A0
70
88
88
88
88
70
00
00
ENDCHAR
STARTCHAR ntilde
ENCODING 241
SWIDTH 500 0
DWIDTH 6 0
BBX 6 12 0 -2
BITMAP
00
00
28
50
F0
88
88
88
88
88
00
00
ENDCHAR
STARTCHAR ograve
ENCODING 242
SWIDTH 500 0
DWIDTH 6 0
BBX 6 12 0 -2
BITMAP
00
00
40
20
70
88
88
88
88
70
00
00
ENDCHAR
STARTCHAR oacute
ENCODING 243
SWIDTH 500 0
DWIDTH 6 0
BBX 6 12 0 -2
BITMAP
00
00
10
20
70
88
88
88
88
70
00
00
ENDCHAR
STARTCHAR ocircumflex
ENCODING 244
SWIDTH 500 0
DWIDTH 6 0
BBX 6 12 0 -2
BITMAP
00
00
20
50
70
88
88
88
88
70
00
00
ENDCHAR
STARTCHAR otilde
ENCODING 245
SWIDTH 500 0
DWIDTH 6 0
BBX 6 12 0 -2
BITMAP
00
00
28
50
70
88
88
88
88
70
00
00
ENDCHAR
STARTCHAR odieresis
ENCODING 246
SWIDTH 500 0
DWIDTH 6 0
BBX 6 12 0 -2
BITMAP
00
00
50
50
70
88
88
88
88
70
00
00
ENDCHAR
STARTCHAR divide
ENCODING 247
SWIDTH 500 0
DWIDTH 6 0
BBX 6 12 0 -2
BITMAP
00
00
00
20
20
00
F8
00
20
20
00
00
ENDCHAR
STARTCHAR oslash
ENCODING 248
SWIDTH 500 0
DWIDTH 6 0
BBX 6 12 0 -2
BITMAP
00
00
00
00
74
98
A8
C8
88
70
00
00
ENDCHAR
STARTCHAR ugrave
ENCODING 249
SWIDTH 500 0
DWIDTH 6 0
BBX 6 12 0 -2
BITMAP
00
00
40
20
88
88
88
88
88
78
00
00
ENDCHAR
STARTCHAR uacute
ENCODING 250
SWIDTH 500 0
DWIDTH 6 0
BBX 6 12 0 -2
BITMAP
00
00
10
20
88
88
88
88
88
78
00
00
ENDCHAR
STARTCHAR ucircumflex
ENCODING 251
SWIDTH 500 0
DWIDTH 6 0
BBX 6 12 0 -2
BITMAP
00
00
20
50
88
88
88
88
88
78
00
00
ENDCHAR
STARTCHAR udieresis
ENCODING 252
SWIDTH 500 0
DWIDTH 6 0
BBX 6 12 0 -2
BITMAP
00
00
50
50
88
88
88
88
88
78
00
00
ENDCHAR
STARTCHAR yacute
ENCODING 253
SWIDTH 500 0
DWIDTH 6 0
BBX 6 12 0 -2
BITMAP
00
00
10
20
88
88
88
88
88
78
08
70
ENDCHAR
STARTCHAR thorn
ENCODING 254
SWIDTH 500 0
DWIDTH 6 0
BBX 6 12 0 -2
BITMAP
00
00
80
80
F0
88
88
88
88
F0
80
80
ENDCHAR
STARTCHAR ydieresis
ENCODING 255
SWIDTH 500 0
DWIDTH 6 0
BBX 6 12 0 -2
BITMAP
00
00
50
50
88
88
88
88
88
78
08
70
ENDCHAR
STARTCHAR Amacron
ENCODING 256
SWIDTH 500 0
DWIDTH 6 0
BBX 6 12 0 -2
BITMAP
70
00
70
88
88
88
F8
88
88
88
00
00
ENDCHAR
STARTCHAR amacron
ENCODING 257
SWIDTH 500 0
DWIDTH 6 0
BBX 6 12 0 -2
BITMAP
00
00
70
00
70
08
78
88
88
78
00
00
ENDCHAR
STARTCHAR Abreve
ENCODING 258
SWIDTH 500 0
DWIDTH 6 0
BBX 6 12 0 -2
BITMAP
50
20
70
88
88
88
F8
88
88
88
00
00
ENDCHAR
STARTCHAR abreve
ENCODING 259
SWIDTH 500 0
DWIDTH 6 0
BBX 6 12 0 -2
BITMAP
00
00
50
20
70
08
78
88
88
78
00
00
ENDCHAR
STARTCHAR Aogonek
ENCODING 260
SWIDTH 500 0
DWIDTH 6 0
BBX 6 12 0 -2
BITMAP
00
00
70
88
88
88
F8
88
88
88
10
0C
ENDCHAR
STARTCHAR aogonek
ENCODING 261
SWIDTH 500 0
DWIDTH 6 0
BBX 6 12 0 -2
BITMAP
00
00
00
00
70
08
78
88
88
78
10
0C
ENDCHAR
STARTCHAR Cacute
ENCODING 262
SWIDTH 500 0
DWIDTH 6 0
BBX 6 12 0 -2
BITMAP
10
20
70
88
80
80
80
80
88
70
00
00
ENDCHAR
STARTCHAR cacute
ENCODING 263
SWIDTH 500 0
DWIDTH 6 0
BBX 6 12 0 -2
BITMAP
00
00
10
20
70
88
80
80
88
70
00
00
ENDCHAR
STARTCHAR Ccircumflex
ENCODING 264
SWIDTH 500 0
DWIDTH 6 0
BBX 6 12 0 -2
BITMAP
20
50
70
88
80
80
80
80
88
70
00
00
ENDCHAR
STARTCHAR ccircumflex
ENCODING 265
SWIDTH 500 0
DWIDTH 6 0
BBX 6 12 0 -2
BITMAP
00
00
20
50
70
88
80
80
88
70
00
00
ENDCHAR
STARTCHAR Cdotaccent
ENCODING 266
SWIDTH 500 0
DWIDTH 6 0
BBX 6 12 0 -2
BITMAP
20
20
70
88
80
80
80
80
88
70
00
00
ENDCHAR
STARTCHAR cdotaccent
ENCODING 267
SWIDTH 500 0
DWIDTH 6 0
BBX 6 12 0 -2
BITMAP
00
00
20
20
70
88
80
80
88
70
00
00
ENDCHAR
STARTCHAR Ccaron
ENCODING 268
SWIDTH 500 0
DWIDTH 6 0
BBX 6 12 0 -2
BITMAP
50
20
70
88
80
80
80
80
88
70
00
00
ENDCHAR
STARTCHAR ccaron
ENCODING 269
SWIDTH 500 0
DWIDTH 6 0
BBX 6 12 0 -2
BITMAP
00
00
50
20
70
88
80
80
88
70
00
00
ENDCHAR
STARTCHAR Dcaron
ENCODING 270
SWIDTH 500 0
DWIDTH 6 0
BBX 6 12 0 -2
BITMAP
A0
40
E0
90
88
88
88
88
90
E0
00
00
ENDCHAR
STARTCHAR dcaron
ENCODING 271
SWIDTH 500 0
DWIDTH 6 0
BBX 6 12 0 -2
BITMAP
50
20
08
08
78
88
88
88
88
78
00
00
ENDCHAR
STARTCHAR Dcroat
ENCODING 272
SWIDTH 500 0
DWIDTH 6 0
BBX 6 12 0 -2
BITMAP
00
00
E0
90
88
E8
88
88
90
E0
00
00
ENDCHAR
STARTCHAR dcroat
ENCODING 273
SWIDTH 500 0
DWIDTH 6 0
BBX 6 12 0 -2
BITMAP
00
00
08
3C
08
78
88
88
88
78
00
00
ENDCHAR
STARTCHAR Emacron
ENCODING 274
SWIDTH 500 0
DWIDTH 6 0
BBX 6 12 0 -2
BITMAP
70
00
F8
80
80
F0
80
80
80
F8
00
00
ENDCHAR
STARTCHAR emacron
ENCODING 275
SWIDTH 500 0
DWIDTH 6 0
BBX 6 12 0 -2
BITMAP
00
00
70
00
70
88
F8
80
80
78
00
00
ENDCHAR
STARTCHAR Ebreve
ENCODING 276
SWIDTH 500 0
DWIDTH 6 0
BBX 6 12 0 -2
BITMAP
50
20
F8
80
80
F0
80
80
80
F8
00
00
ENDCHAR
STARTCHAR ebreve
ENCODING 277
SWIDTH 500 0
DWIDTH 6 0
BBX 6 12 0 -2
BITMAP
00
00
50
20
70
88
F8
80
80
78
00
00
ENDCHAR
STARTCHAR Edotaccent
ENCODING 278
SWIDTH 500 0
DWIDTH 6 0
BBX 6 12 0 -2
BITMAP
20
20
F8
80
80
F0
80
80
80
F8
00
00
ENDCHAR
STARTCHAR edotaccent
ENCODING 279
SWIDTH 500 0
DWIDTH 6 0
BBX 6 12 0 -2
BITMAP
00
00
20
20
70
88
F8
80
80
78
00
00
ENDCHAR
STARTCHAR Eogonek
ENCODING 280
SWIDTH 500 0
DWIDTH 6 0
BBX 6 12 0 -2
BITMAP
00
00
F8
80
80
F0
80
80
80
F8
10
0C
ENDCHAR
STARTCHAR eogonek
ENCODING 281
SWIDTH 500 0
DWIDTH 6 0
BBX 6 12 0 -2
BITMAP
00
00
00
00
70
88
F8
80
80
78
20
18
ENDCHAR
STARTCHAR Ecaron
ENCODING 282
SWIDTH 500 0
DWIDTH 6 0
BBX 6 12 0 -2
BITMAP
50
20
F8
80
80
F0
80
80
80
F8
00
00
ENDCHAR
STARTCHAR ecaron
ENCODING 283
SWIDTH 500 0
DWIDTH 6 0
BBX 6 12 0 -2
BITMAP
00
00
50
20
70
88
F8
80
80
78
00
00
ENDCHAR
STARTCHAR Gcircumflex
ENCODING 284
SWIDTH 500 0
DWIDTH 6 0
BBX 6 12 0 -2
BITMAP
20
50
70
88
80
80
B8
88
88
70
00
00
ENDCHAR
STARTCHAR gcircumflex
ENCODING 285
SWIDTH 500 0
DWIDTH 6 0
BBX 6 12 0 -2
BITMAP
00
00
20
50
78
88
88
88
88
78
08
70
ENDCHAR
STARTCHAR Gbreve
ENCODING 286
SWIDTH 500 0
DWIDTH 6 0
BBX 6 12 0 -2
BITMAP
50
20
70
88
80
80
B8
88
88
70
00
00
ENDCHAR
STARTCHAR gbreve
ENCODING 287
SWIDTH 500 0
DWIDTH 6 0
BBX 6 12 0 -2
BITMAP
00
00
50
20
78
88
88
88
88
78
08
70
ENDCHAR
STARTCHAR Gdotaccent
ENCODING 288
SWIDTH 500 0
DWIDTH 6 0
BBX 6 12 0 -2
BITMAP
20
20
70
88
80
80
B8
88
88
70
00
00
ENDCHAR
STARTCHAR gdotaccent
ENCODING 289
SWIDTH 500 0
DWIDTH 6 0
BBX 6 12 0 -2
BITMAP
00
00
20
20
78
88
88
88
88
78
08
70
ENDCHAR
STARTCHAR Gcommaaccent
ENCODING 290
SWIDTH 500 0
DWIDTH 6 0
BBX 6 12 0 -2
BITMAP
00
00
70
88
80
80
B8
88
88
70
20
40
ENDCHAR
STARTCHAR gcommaaccent
ENCODING 291
SWIDTH 500 0
DWIDTH 6 0
BBX 6 12 0 -2
BITMAP
00
00
10
20
78
88
88
88
88
78
08
70
ENDCHAR
STARTCHAR Hcircumflex
ENCODING 292
SWIDTH 500 0
DWIDTH 6 0
BBX 6 12 0 -2
BITMAP
20
50
88
88
88
F8
88
88
88
88
00
00
ENDCHAR
STARTCHAR hcircumflex
ENCODING 293
SWIDTH 500 0
DWIDTH 6 0
BBX 6 12 0 -2
BITMAP
20
50
80
80
F0
88
88
88
88
88
00
00
ENDCHAR
STARTCHAR Hbar
ENCODING 294
SWIDTH 500 0
DWIDTH 6 0
BBX 6 12 0 -2
BITMAP
00
00
48
FC
48
78
48
48
48
48
00
00
ENDCHAR
STARTCHAR hbar
ENCODING 295
SWIDTH 500 0
DWIDTH 6 0
BBX 6 12 0 -2
BITMAP
00
00
40
F0
40
70
48
48
48
48
00
00
ENDCHAR
STARTCHAR Itilde
ENCODING 296
SWIDTH 500 0
DWIDTH 6 0
BBX 6 12 0 -2
BITMAP
28
50
70
20
20
20
20
20
20
70
00
00
ENDCHAR
STARTCHAR itilde
ENCODING 297
SWIDTH 500 0
DWIDTH 6 0
BBX 6 12 0 -2
BITMAP
00
00
28
50
60
20
20
20
20
70
00
00
ENDCHAR
STARTCHAR Imacron
ENCODING 298
SWIDTH 500 0
DWIDTH 6 0
BBX 6 12 0 -2
BITMAP
70
00
70
20
20
20
20
20
20
70
00
00
ENDCHAR
STARTCHAR imacron
ENCODING 299
SWIDTH 500 0
DWIDTH 6 0
BBX 6 12 0 -2
BITMAP
00
00
70
00
60
20
20
20
20
70
00
00
ENDCHAR
STARTCHAR Ibreve
ENCODING 300
SWIDTH 500 0
DWIDTH 6 0
BBX 6 12 0 -2
BITMAP
50
20
70
20
20
20
20
20
20
70
00
00
ENDCHAR
STARTCHAR ibreve
ENCODING 301
SWIDTH 500 0
DWIDTH 6 0
BBX 6 12 0 -2
BITMAP
00
00
50
20
60
20
20
20
20
70
00
00
ENDCHAR
STARTCHAR Iogonek
ENCODING 302
SWIDTH 500 0
DWIDTH 6 0
BBX 6 12 0 -2
BITMAP
00
00
70
20
20
20
20
20
20
70
20
18
ENDCHAR
STARTCHAR iogonek
ENCODING 303
SWIDTH 500 0
DWIDTH 6 0
BBX 6 12 0 -2
BITMAP
00
20
20
00
60
20
20
20
20
70
20
18
ENDCHAR
STARTCHAR Idotaccent
ENCODING 304
SWIDTH 500 0
DWIDTH 6 0
BBX 6 12 0 -2
BITMAP
20
20
70
20
20
20
20
20
20
70
00
00
ENDCHAR
STARTCHAR dotlessi
ENCODING 305
SWIDTH 500 0
DWIDTH 6 0
BBX 6 12 0 -2
BITMAP
00
00
00
00
60
20
20
20
20
70
00
00
ENDCHAR
STARTCHAR IJ
ENCODING 306
SWIDTH 500 0
DWIDTH 6 0
BBX 6 12 0 -2
BITMAP
00
00
88
88
88
88
88
A8
A8
90
00
00
ENDCHAR
STARTCHAR ij
ENCODING 307
SWIDTH 500 0
DWIDTH 6 0
BBX 6 12 0 -2
BITMAP
00
88
88
00
98
88
88
88
88
88
28
10
ENDCHAR
STARTCHAR Jcircumflex
ENCODING 308
SWIDTH 500 0
DWIDTH 6 0
BBX 6 12 0 -2
BITMAP
10
28
38
10
10
10
10
90
90
60
00
00
ENDCHAR
STARTCHAR jcircumflex
ENCODING 309
SWIDTH 500 0
DWIDTH 6 0
BBX 6 12 0 -2
BITMAP
00
00
08
14
18
08
08
08
08
08
48
30
ENDCHAR
STARTCHAR Kcommaaccent
ENCODING 310
SWIDTH 500 0
DWIDTH 6 0
BBX 6 12 0 -2
BITMAP
00
00
88
90
A0
C0
C0
A0
90
A8
20
40
ENDCHAR
STARTCHAR kcommaaccent
ENCODING 311
SWIDTH 500 0
DWIDTH 6 0
BBX 6 12 0 -2
BITMAP
00
00
40
40
48
50
60
60
50
68
20
40
ENDCHAR
STARTCHAR kgreenlandic
ENCODING 312
SWIDTH 500 0
DWIDTH 6 0
BBX 6 12 0 -2
BITMAP
00
00
00
00
48
50
60
60
50
48
00
00
ENDCHAR
STARTCHAR Lacute
ENCODING 313
SWIDTH 500 0
DWIDTH 6 0
BBX 6 12 0 -2
BITMAP
20
40
80
80
80
80
80
80
80
F8
00
00
ENDCHAR
STARTCHAR lacute
ENCODING 314
SWIDTH 500 0
DWIDTH 6 0
BBX 6 12 0 -2
BITMAP
10
20
60
20
20
20
20
20
20
18
00
00
ENDCHAR
STARTCHAR Lcommaaccent
ENCODING 315
SWIDTH 500 0
DWIDTH 6 0
BBX 6 12 0 -2
BITMAP
00
00
80
80
80
80
80
80
80
F8
20
40
ENDCHAR
STARTCHAR lcommaaccent
ENCODING 316
SWIDTH 500 0
DWIDTH 6 0
BBX 6 12 0 -2
BITMAP
00
00
60
20
20
20
20
20
20
18
08
10
ENDCHAR
STARTCHAR Lcaron
ENCODING 317
SWIDTH 500 0
DWIDTH 6 0
BBX 6 12 0 -2
BITMAP
50
20
80
80
80
80
80
80
80
F8
00
00
ENDCHAR
STARTCHAR lcaron
ENCODING 318
SWIDTH 500 0
DWIDTH 6 0
BBX 6 12 0 -2
BITMAP
50
20
60
20
20
20
20
20
20
18
00
00
ENDCHAR
STARTCHAR Ldot
ENCODING 319
SWIDTH 500 0
DWIDTH 6 0
BBX 6 12 0 -2
BITMAP
00
00
80
80
80
90
90
80
80
F8
00
00
ENDCHAR
STARTCHAR ldot
ENCODING 320
SWIDTH 500 0
DWIDTH 6 0
BBX 6 12 0 -2
BITMAP
00
00
60
20
20
24
24
20
20
18
00
00
ENDCHAR
STARTCHAR Lslash
ENCODING 321
SWIDTH 500 0
DWIDTH 6 0
BBX 6 12 0 -2
BITMAP
00
00
40
40
40
60
C0
40
40
7C
00
00
ENDCHAR
STARTCHAR lslash
ENCODING 322
SWIDTH 500 0
DWIDTH 6 0
BBX 6 12 0 -2
BITMAP
00
00
60
20
20
30
60
20
20
18
00
00
ENDCHAR
STARTCHAR Nacute
ENCODING 323
SWIDTH 500 0
DWIDTH 6 0
BBX 6 12 0 -2
BITMAP
10
20
88
88
C8
A8
98
88
88
88
00
00
ENDCHAR
STARTCHAR nacute
ENCODING 324
SWIDTH 500 0
DWIDTH 6 0
BBX 6 12 0 -2
BITMAP
00
00
10
20
F0
88
88
88
88
88
00
00
ENDCHAR
STARTCHAR Ncommaaccent
ENCODING 325
SWIDTH 500 0
DWIDTH 6 0
BBX 6 12 0 -2
BITMAP
00
00
88
88
C8
A8
98
88
88
A8
20
40
ENDCHAR
STARTCHAR ncommaaccent
ENCODING 326
SWIDTH 500 0
DWIDTH 6 0
BBX 6 12 0 -2
BITMAP
00
00
00
00
F0
88
88
88
88
A8
20
40
ENDCHAR
STARTCHAR Ncaron
ENCODING 327
SWIDTH 500 0
DWIDTH 6 0
BBX 6 12 0 -2
BITMAP
50
20
88
88
C8
A8
98
88
88
88
00
00
ENDCHAR
STARTCHAR ncaron
ENCODING 328
SWIDTH 500 0
DWIDTH 6 0
BBX 6 12 0 -2
BITMAP
00
00
50
20
F0
88
88
88
88
88
00
00
ENDCHAR
STARTCHAR napostrophe
ENCODING 329
SWIDTH 500 0
DWIDTH 6 0
BBX 6 12 0 -2
BITMAP
00
40
40
80
F0
88
88
88
88
88
00
00
ENDCHAR
STARTCHAR Eng
ENCODING 330
SWIDTH 500 0
DWIDTH 6 0
BBX 6 12 0 -2
BITMAP
00
00
88
88
C8
A8
98
88
88
88
08
10
ENDCHAR
STARTCHAR eng
ENCODING 331
SWIDTH 500 0
DWIDTH 6 0
BBX 6 12 0 -2
BITMAP
00
00
00
00
F0
88
88
88
88
88
08
10
ENDCHAR
STARTCHAR Omacron
ENCODING 332
SWIDTH 500 0
DWIDTH 6 0
BBX 6 12 0 -2
BITMAP
70
00
70
88
88
88
88
88
88
70
00
00
ENDCHAR
STARTCHAR omacron
ENCODING 333
SWIDTH 500 0
DWIDTH 6 0
BBX 6 12 0 -2
BITMAP
00
00
70
00
70
88
88
88
88
70
00
00
ENDCHAR
STARTCHAR Obreve
ENCODING 334
SWIDTH 500 0
DWIDTH 6 0
BBX 6 12 0 -2
BITMAP
50
20
70
88
88
88
88
88
88
70
00
00
ENDCHAR
STARTCHAR obreve
ENCODING 335
SWIDTH 500 0
DWIDTH 6 0
BBX 6 12 0 -2
BITMAP
00
00
50
20
70
88
88
88
88
70
00
00
ENDCHAR
STARTCHAR Ohungarumlaut
ENCODING 336
SWIDTH 500 0
DWIDTH 6 0
BBX 6 12 0 -2
BITMAP
28
50
70
88
88
88
88
88
88
70
00
00
ENDCHAR
STARTCHAR ohungarumlaut
ENCODING 337
SWIDTH 500 0
DWIDTH 6 0
BBX 6 12 0 -2
BITMAP
00
00
28
50
70
88
88
88
88
70
00
00
ENDCHAR
STARTCHAR OE
ENCODING 338
SWIDTH 500 0
DWIDTH 6 0
BBX 6 12 0 -2
BITMAP
00
00
7C
90
90
9C
90
90
90
7C
00
00
ENDCHAR
STARTCHAR oe
ENCODING 339
SWIDTH 500 0
DWIDTH 6 0
BBX 6 12 0 -2
BITMAP
00
00
00
00
70
A8
A8
B0
A0
78
00
00
ENDCHAR
STARTCHAR Racute
ENCODING 340
SWIDTH 500 0
DWIDTH 6 0
BBX 6 12 0 -2
BITMAP
10
20
F0
88
88
88
F0
A0
90
88
00
00
ENDCHAR
STARTCHAR racute
ENCODING 341
SWIDTH 500 0
DWIDTH 6 0
BBX 6 12 0 -2
BITMAP
00
00
10
20
B8
C0
80
80
80
80
00
00
ENDCHAR
STARTCHAR Rcommaaccent
ENCODING 342
SWIDTH 500 0
DWIDTH 6 0
BBX 6 12 0 -2
BITMAP
00
00
F0
88
88
88
F0
A0
90
A8
20
40
ENDCHAR
STARTCHAR rcommaaccent
ENCODING 343
SWIDTH 500 0
DWIDTH 6 0
BBX 6 12 0 -2
BITMAP
00
00
00
00
B8
C0
80
80
80
C0
40
80
ENDCHAR
STARTCHAR Rcaron
ENCODING 344
SWIDTH 500 0
DWIDTH 6 0
BBX 6 12 0 -2
BITMAP
50
20
F0
88
88
88
F0
A0
90
88
00
00
ENDCHAR
STARTCHAR rcaron
ENCODING 345
SWIDTH 500 0
DWIDTH 6 0
BBX 6 12 0 -2
BITMAP
00
00
50
20
B8
C0
80
80
80
80
00
00
ENDCHAR
STARTCHAR Sacute
ENCODING 346
SWIDTH 500 0
DWIDTH 6 0
BBX 6 12 0 -2
BITMAP
10
20
70
88
80
70
08
08
88
70
00
00
ENDCHAR
STARTCHAR sacute
ENCODING 347
SWIDTH 500 0
DWIDTH 6 0
BBX 6 12 0 -2
BITMAP
00
00
10
20
78
80
70
08
08
F0
00
00
ENDCHAR
STARTCHAR Scircumflex
ENCODING 348
SWIDTH 500 0
DWIDTH 6 0
BBX 6 12 0 -2
BITMAP
20
50
70
88
80
70
08
08
88
70
00
00
ENDCHAR
STARTCHAR scircumflex
ENCODING 349
SWIDTH 500 0
DWIDTH 6 0
BBX 6 12 0 -2
BITMAP
00
00
20
50
78
80
70
08
08
F0
00
00
ENDCHAR
STARTCHAR Scedilla
ENCODING 350
SWIDTH 500 0
DWIDTH 6 0
BBX 6 12 0 -2
BITMAP
00
00
70
88
80
70
08
08
88
70
20
40
ENDCHAR
STARTCHAR scedilla
ENCODING 351
SWIDTH 500 0
DWIDTH 6 0
BBX 6 12 0 -2
BITMAP
00
00
00
00
78
80
70
08
08
F0
20
40
ENDCHAR
STARTCHAR Scaron
ENCODING 352
SWIDTH 500 0
DWIDTH 6 0
BBX 6 12 0 -2
BITMAP
50
20
70
88
80
70
08
08
88
70
00
00
ENDCHAR
STARTCHAR scaron
ENCODING 353
SWIDTH 500 0
DWIDTH 6 0
BBX 6 12 0 -2
BITMAP
00
00
50
20
78
80
70
08
08
F0
00
00
ENDCHAR
STARTCHAR Tcedilla
ENCODING 354
SWIDTH 500 0
DWIDTH 6 0
BBX 6 12 0 -2
BITMAP
00
00
F8
20
20
20
20
20
20
30
10
20
ENDCHAR
STARTCHAR tcedilla
ENCODING 355
SWIDTH 500 0
DWIDTH 6 0
BBX 6 12 0 -2
BITMAP
00
00
20
20
70
20
20
20
20
18
10
20
ENDCHAR
STARTCHAR Tcaron
ENCODING 356
SWIDTH 500 0
DWIDTH 6 0
BBX 6 12 0 -2
BITMAP
50
20
F8
20
20
20
20
20
20
20
00
00
ENDCHAR
STARTCHAR tcaron
ENCODING 357
SWIDTH 500 0
DWIDTH 6 0
BBX 6 12 0 -2
BITMAP
50
20
20
20
70
20
20
20
20
18
00
00
ENDCHAR
STARTCHAR Tbar
ENCODING 358
SWIDTH 500 0
DWIDTH 6 0
BBX 6 12 0 -2
BITMAP
00
00
F8
20
20
70
20
20
20
20
00
00
ENDCHAR
STARTCHAR tbar
ENCODING 359
SWIDTH 500 0
DWIDTH 6 0
BBX 6 12 0 -2
BITMAP
00
00
20
20
70
20
70
20
20
18
00
00
ENDCHAR
STARTCHAR Utilde
ENCODING 360
SWIDTH 500 0
DWIDTH 6 0
BBX 6 12 0 -2
BITMAP
28
50
88
88
88
88
88
88
88
70
00
00
ENDCHAR
STARTCHAR utilde
ENCODING 361
SWIDTH 500 0
DWIDTH 6 0
BBX 6 12 0 -2
BITMAP
00
00
28
50
88
88
88
88
88
78
00
00
ENDCHAR
STARTCHAR Umacron
ENCODING 362
SWIDTH 500 0
DWIDTH 6 0
BBX 6 12 0 -2
BITMAP
70
00
88
88
88
88
88
88
88
70
00
00
ENDCHAR
STARTCHAR umacron
ENCODING 363
SWIDTH 500 0
DWIDTH 6 0
BBX 6 12 0 -2
BITMAP
00
00
70
00
88
88
88
88
88
78
00
00
ENDCHAR
STARTCHAR Ubreve
ENCODING 364
SWIDTH 500 0
DWIDTH 6 0
BBX 6 12 0 -2
BITMAP
50
20
88
88
88
88
88
88
88
70
00
00
ENDCHAR
STARTCHAR ubreve
ENCODING 365
SWIDTH 500 0
DWIDTH 6 0
BBX 6 12 0 -2
BITMAP
00
00
50
20
88
88
88
88
88
78
00
00
ENDCHAR
STARTCHAR Uring
ENCODING 366
SWIDTH 500 0
DWIDTH 6 0
BBX 6 12 0 -2
BITMAP
20
50
A8
88
88
88
88
88
88
70
00
00
ENDCHAR
STARTCHAR uring
ENCODING 367
SWIDTH 500 0
DWIDTH 6 0
BBX 6 12 0 -2
BITMAP
00
00
20
50
A8
88
88
88
88
78
00
00
ENDCHAR
STARTCHAR Uhungarumlaut
ENCODING 368
SWIDTH 500 0
DWIDTH 6 0
BBX 6 12 0 -2
BITMAP
28
50
88
88
88
88
88
88
88
70
00
00
ENDCHAR
STARTCHAR uhungarumlaut
ENCODING 369
SWIDTH 500 0
DWIDTH 6 0
BBX 6 12 0 -2
BITMAP
00
00
28
50
88
88
88
88
88
78
00
00
ENDCHAR
STARTCHAR Uogonek
ENCODING 370
SWIDTH 500 0
DWIDTH 6 0
BBX 6 12 0 -2
BITMAP
00
00
88
88
88
88
88
88
88
70
20
18
ENDCHAR
STARTCHAR uogonek
ENCODING 371
SWIDTH 500 0
DWIDTH 6 0
BBX 6 12 0 -2
BITMAP
00
00
00
00
88
88
88
88
88
78
10
0C
ENDCHAR
STARTCHAR Wcircumflex
ENCODING 372
SWIDTH 500 0
DWIDTH 6 0
BBX 6 12 0 -2
BITMAP
20
50
88
88
88
88
A8
A8
D8
88
00
00
ENDCHAR
STARTCHAR wcircumflex
ENCODING 373
SWIDTH 500 0
DWIDTH 6 0
BBX 6 12 0 -2
BITMAP
00
00
20
50
88
88
A8
A8
A8
70
00
00
ENDCHAR
STARTCHAR Ycircumflex
ENCODING 374
SWIDTH 500 0
DWIDTH 6 0
BBX 6 12 0 -2
BITMAP
20
50
88
88
50
50
20
20
20
20
00
00
ENDCHAR
STARTCHAR ycircumflex
ENCODING 375
SWIDTH 500 0
DWIDTH 6 0
BBX 6 12 0 -2
BITMAP
00
00
20
50
88
88
88
88
88
78
08
70
ENDCHAR
STARTCHAR Ydieresis
ENCODING 376
SWIDTH 500 0
DWIDTH 6 0
BBX 6 12 0 -2
BITMAP
50
50
88
88
50
50
20
20
20
20
00
00
ENDCHAR
STARTCHAR Zacute
ENCODING 377
SWIDTH 500 0
DWIDTH 6 0
BBX 6 12 0 -2
BITMAP
10
20
F8
08
10
20
40
80
80
F8
00
00
ENDCHAR
STARTCHAR zacute
ENCODING 378
SWIDTH 500 0
DWIDTH 6 0
BBX 6 12 0 -2
BITMAP
00
00
10
20
F8
10
20
40
80
F8
00
00
ENDCHAR
STARTCHAR Zdotaccent
ENCODING 379
SWIDTH 500 0
DWIDTH 6 0
BBX 6 12 0 -2
BITMAP
20
20
F8
08
10
20
40
80
80
F8
00
00
ENDCHAR
STARTCHAR zdotaccent
ENCODING 380
SWIDTH 500 0
DWIDTH 6 0
BBX 6 12 0 -2
BITMAP
00
00
20
20
F8
10
20
40
80
F8
00
00
ENDCHAR
STARTCHAR Zcaron
ENCODING 381
SWIDTH 500 0
DWIDTH 6 0
BBX 6 12 0 -2
BITMAP
50
20
F8
08
10
20
40
80
80
F8
00
00
ENDCHAR
STARTCHAR zcaron
ENCODING 382
SWIDTH 500 0
DWIDTH 6 0
BBX 6 12 0 -2
BITMAP
00
00
50
20
F8
10
20
40
80
F8
00
00
ENDCHAR
STARTCHAR longs
ENCODING 383
SWIDTH 500 0
DWIDTH 6 0
BBX 6 12 0 -2
BITMAP
00
00
18
20
20
20
20
20
20
20
00
00
ENDCHAR
STARTCHAR uni0186
ENCODING 390
SWIDTH 500 0
DWIDTH 6 0
BBX 6 12 0 -2
BITMAP
00
00
70
88
08
08
08
08
88
70
00
00
ENDCHAR
STARTCHAR uni018E
ENCODING 398
SWIDTH 500 0
DWIDTH 6 0
BBX 6 12 0 -2
BITMAP
00
00
F8
08
08
78
08
08
08
F8
00
00
ENDCHAR
STARTCHAR Schwa
ENCODING 399
SWIDTH 500 0
DWIDTH 6 0
BBX 6 12 0 -2
BITMAP
00
00
70
88
08
08
F8
88
88
70
00
00
ENDCHAR
STARTCHAR uni0190
ENCODING 400
SWIDTH 500 0
DWIDTH 6 0
BBX 6 12 0 -2
BITMAP
00
00
70
88
80
60
80
80
88
70
00
00
ENDCHAR
STARTCHAR florin
ENCODING 402
SWIDTH 500 0
DWIDTH 6 0
BBX 6 12 0 -2
BITMAP
00
00
10
28
20
70
20
20
20
20
A0
40
ENDCHAR
STARTCHAR uni019D
ENCODING 413
SWIDTH 500 0
DWIDTH 6 0
BBX 6 12 0 -2
BITMAP
00
00
88
88
C8
A8
98
88
88
C8
40
80
ENDCHAR
STARTCHAR uni019E
ENCODING 414
SWIDTH 500 0
DWIDTH 6 0
BBX 6 12 0 -2
BITMAP
00
00
00
00
F0
88
88
88
88
88
08
08
ENDCHAR
STARTCHAR uni01B5
ENCODING 437
SWIDTH 500 0
DWIDTH 6 0
BBX 6 12 0 -2
BITMAP
00
00
F8
08
10
F8
20
40
80
F8
00
00
ENDCHAR
STARTCHAR uni01B6
ENCODING 438
SWIDTH 500 0
DWIDTH 6 0
BBX 6 12 0 -2
BITMAP
00
00
00
00
F8
10
78
20
40
F8
00
00
ENDCHAR
STARTCHAR Ezh
ENCODING 439
SWIDTH 500 0
DWIDTH 6 0
BBX 6 12 0 -2
BITMAP
00
00
F8
08
10
30
08
08
88
70
00
00
ENDCHAR
STARTCHAR uni01CD
ENCODING 461
SWIDTH 500 0
DWIDTH 6 0
BBX 6 12 0 -2
BITMAP
50
20
70
88
88
88
F8
88
88
88
00
00
ENDCHAR
STARTCHAR uni01CE
ENCODING 462
SWIDTH 500 0
DWIDTH 6 0
BBX 6 12 0 -2
BITMAP
00
00
50
20
70
08
78
88
88
78
00
00
ENDCHAR
STARTCHAR uni01CF
ENCODING 463
SWIDTH 500 0
DWIDTH 6 0
BBX 6 12 0 -2
BITMAP
50
20
70
20
20
20
20
20
20
70
00
00
ENDCHAR
STARTCHAR uni01D0
ENCODING 464
SWIDTH 500 0
DWIDTH 6 0
BBX 6 12 0 -2
BITMAP
00
00
50
20
60
20
20
20
20
70
00
00
ENDCHAR
STARTCHAR uni01D1
ENCODING 465
SWIDTH 500 0
DWIDTH 6 0
BBX 6 12 0 -2
BITMAP
50
20
70
88
88
88
88
88
88
70
00
00
ENDCHAR
STARTCHAR uni01D2
ENCODING 466
SWIDTH 500 0
DWIDTH 6 0
BBX 6 12 0 -2
BITMAP
00
00
50
20
70
88
88
88
88
70
00
00
ENDCHAR
STARTCHAR uni01D3
ENCODING 467
SWIDTH 500 0
DWIDTH 6 0
BBX 6 12 0 -2
BITMAP
50
20
88
88
88
88
88
88
88
70
00
00
ENDCHAR
STARTCHAR uni01D4
ENCODING 468
SWIDTH 500 0
DWIDTH 6 0
BBX 6 12 0 -2
BITMAP
00
00
50
20
88
88
88
88
88
78
00
00
ENDCHAR
STARTCHAR uni01E2
ENCODING 482
SWIDTH 500 0
DWIDTH 6 0
BBX 6 12 0 -2
BITMAP
78
00
7C
90
90
FC
90
90
90
9C
00
00
ENDCHAR
STARTCHAR uni01E3
ENCODING 483
SWIDTH 500 0
DWIDTH 6 0
BBX 6 12 0 -2
BITMAP
00
00
70
00
70
28
68
B0
A0
78
00
00
ENDCHAR
STARTCHAR uni01E4
ENCODING 484
SWIDTH 500 0
DWIDTH 6 0
BBX 6 12 0 -2
BITMAP
00
00
78
80
80
B8
88
9C
88
70
00
00
ENDCHAR
STARTCHAR uni01E5
ENCODING 485
SWIDTH 500 0
DWIDTH 6 0
BBX 6 12 0 -2
BITMAP
00
00
00
00
78
88
9C
88
88
78
08
70
ENDCHAR
STARTCHAR Gcaron
ENCODING 486
SWIDTH 500 0
DWIDTH 6 0
BBX 6 12 0 -2
BITMAP
50
20
70
88
80
80
B8
88
88
70
00
00
ENDCHAR
STARTCHAR gcaron
ENCODING 487
SWIDTH 500 0
DWIDTH 6 0
BBX 6 12 0 -2
BITMAP
00
00
50
20
78
88
88
88
88
78
08
70
ENDCHAR
STARTCHAR uni01E8
ENCODING 488
SWIDTH 500 0
DWIDTH 6 0
BBX 6 12 0 -2
BITMAP
50
20
88
90
A0
C0
C0
A0
90
88
00
00
ENDCHAR
STARTCHAR uni01E9
ENCODING 489
SWIDTH 500 0
DWIDTH 6 0
BBX 6 12 0 -2
BITMAP
50
20
40
40
48
50
60
60
50
48
00
00
ENDCHAR
STARTCHAR uni01EA
ENCODING 490
SWIDTH 500 0
DWIDTH 6 0
BBX 6 12 0 -2
BITMAP
00
00
70
88
88
88
88
88
88
70
20
18
ENDCHAR
STARTCHAR uni01EB
ENCODING 491
SWIDTH 500 0
DWIDTH 6 0
BBX 6 12 0 -2
BITMAP
00
00
00
00
70
88
88
88
88
70
20
18
ENDCHAR
STARTCHAR uni01EC
ENCODING 492
SWIDTH 500 0
DWIDTH 6 0
BBX 6 12 0 -2
BITMAP
70
00
70
88
88
88
88
88
88
70
20
18
ENDCHAR
STARTCHAR uni01ED
ENCODING 493
SWIDTH 500 0
DWIDTH 6 0
BBX 6 12 0 -2
BITMAP
00
00
70
00
70
88
88
88
88
70
20
18
ENDCHAR
STARTCHAR uni01EE
ENCODING 494
SWIDTH 500 0
DWIDTH 6 0
BBX 6 12 0 -2
BITMAP
50
20
F8
08
10
30
08
08
88
70
00
00
ENDCHAR
STARTCHAR uni01EF
ENCODING 495
SWIDTH 500 0
DWIDTH 6 0
BBX 6 12 0 -2
BITMAP
00
00
50
20
F8
08
10
30
08
08
88
70
ENDCHAR
STARTCHAR uni01F0
ENCODING 496
SWIDTH 500 0
DWIDTH 6 0
BBX 6 12 0 -2
BITMAP
00
00
14
08
18
08
08
08
08
08
48
30
ENDCHAR
STARTCHAR uni01F4
ENCODING 500
SWIDTH 500 0
DWIDTH 6 0
BBX 6 12 0 -2
BITMAP
10
20
70
88
80
80
B8
88
88
70
00
00
ENDCHAR
STARTCHAR uni01F5
ENCODING 501
SWIDTH 500 0
DWIDTH 6 0
BBX 6 12 0 -2
BITMAP
00
00
10
20
78
88
88
88
88
78
08
70
ENDCHAR
STARTCHAR AEacute
ENCODING 508
SWIDTH 500 0
DWIDTH 6 0
BBX 6 12 0 -2
BITMAP
08
10
7C
90
90
FC
90
90
90
9C
00
00
ENDCHAR
STARTCHAR aeacute
ENCODING 509
SWIDTH 500 0
DWIDTH 6 0
BBX 6 12 0 -2
BITMAP
00
00
10
20
70
28
68
B0
A0
78
00
00
ENDCHAR
STARTCHAR Oslashacute
ENCODING 510
SWIDTH 500 0
DWIDTH 6 0
BBX 6 12 0 -2
BITMAP
10
20
74
88
98
A8
C8
88
88
70
00
00
ENDCHAR
STARTCHAR oslashacute
ENCODING 511
SWIDTH 500 0
DWIDTH 6 0
BBX 6 12 0 -2
BITMAP
00
00
10
20
74
98
A8
C8
88
70
00
00
ENDCHAR
STARTCHAR Scommaaccent
ENCODING 536
SWIDTH 500 0
DWIDTH 6 0
BBX 6 12 0 -2
BITMAP
00
00
70
88
80
70
08
08
88
70
20
40
ENDCHAR
STARTCHAR scommaaccent
ENCODING 537
SWIDTH 500 0
DWIDTH 6 0
BBX 6 12 0 -2
BITMAP
00
00
00
00
78
80
70
08
08
F0
20
40
ENDCHAR
STARTCHAR Tcommaaccent
ENCODING 538
SWIDTH 500 0
DWIDTH 6 0
BBX 6 12 0 -2
BITMAP
00
00
F8
20
20
20
20
20
20
30
10
20
ENDCHAR
STARTCHAR tcommaaccent
ENCODING 539
SWIDTH 500 0
DWIDTH 6 0
BBX 6 12 0 -2
BITMAP
00
00
20
20
70
20
20
20
20
18
08
10
ENDCHAR
STARTCHAR uni0232
ENCODING 562
SWIDTH 500 0
DWIDTH 6 0
BBX 6 12 0 -2
BITMAP
70
00
88
88
50
50
20
20
20
20
00
00
ENDCHAR
STARTCHAR uni0233
ENCODING 563
SWIDTH 500 0
DWIDTH 6 0
BBX 6 12 0 -2
BITMAP
00
00
70
00
88
88
88
88
88
78
08
70
ENDCHAR
STARTCHAR dotlessj
ENCODING 567
SWIDTH 500 0
DWIDTH 6 0
BBX 6 12 0 -2
BITMAP
00
00
00
00
18
08
08
08
08
08
48
30
ENDCHAR
STARTCHAR uni0254
ENCODING 596
SWIDTH 500 0
DWIDTH 6 0
BBX 6 12 0 -2
BITMAP
00
00
00
00
70
88
08
08
88
70
00
00
ENDCHAR
STARTCHAR uni0258
ENCODING 600
SWIDTH 500 0
DWIDTH 6 0
BBX 6 12 0 -2
BITMAP
00
00
00
00
70
88
F8
08
88
70
00
00
ENDCHAR
STARTCHAR schwa
ENCODING 601
SWIDTH 500 0
DWIDTH 6 0
BBX 6 12 0 -2
BITMAP
00
00
00
00
70
88
08
F8
88
70
00
00
ENDCHAR
STARTCHAR uni025B
ENCODING 603
SWIDTH 500 0
DWIDTH 6 0
BBX 6 12 0 -2
BITMAP
00
00
00
00
70
88
60
80
88
70
00
00
ENDCHAR
STARTCHAR uni0272
ENCODING 626
SWIDTH 500 0
DWIDTH 6 0
BBX 6 12 0 -2
BITMAP
00
00
00
00
F0
88
88
88
88
C8
40
80
ENDCHAR
STARTCHAR ezh
ENCODING 658
SWIDTH 500 0
DWIDTH 6 0
BBX 6 12 0 -2
BITMAP
00
00
00
00
F8
08
10
30
08
08
88
70
ENDCHAR
STARTCHAR commaturnedmod
ENCODING 699
SWIDTH 500 0
DWIDTH 6 0
BBX 6 12 0 -2
BITMAP
10
20
00
00
00
00
00
00
00
00
00
00
ENDCHAR
STARTCHAR afii57929
ENCODING 700
SWIDTH 500 0
DWIDTH 6 0
BBX 6 12 0 -2
BITMAP
10
20
00
00
00
00
00
00
00
00
00
00
ENDCHAR
STARTCHAR afii64937
ENCODING 701
SWIDTH 500 0
DWIDTH 6 0
BBX 6 12 0 -2
BITMAP
20
10
00
00
00
00
00
00
00
00
00
00
ENDCHAR
STARTCHAR circumflex
ENCODING 710
SWIDTH 500 0
DWIDTH 6 0
BBX 6 12 0 -2
BITMAP
20
50
00
00
00
00
00
00
00
00
00
00
ENDCHAR
STARTCHAR caron
ENCODING 711
SWIDTH 500 0
DWIDTH 6 0
BBX 6 12 0 -2
BITMAP
50
20
00
00
00
00
00
00
00
00
00
00
ENDCHAR
STARTCHAR breve
ENCODING 728
SWIDTH 500 0
DWIDTH 6 0
BBX 6 12 0 -2
BITMAP
50
20
00
00
00
00
00
00
00
00
00
00
ENDCHAR
STARTCHAR dotaccent
ENCODING 729
SWIDTH 500 0
DWIDTH 6 0
BBX 6 12 0 -2
BITMAP
20
20
00
00
00
00
00
00
00
00
00
00
ENDCHAR
STARTCHAR ogonek
ENCODING 731
SWIDTH 500 0
DWIDTH 6 0
BBX 6 12 0 -2
BITMAP
00
00
00
00
00
00
00
00
00
10
20
18
ENDCHAR
STARTCHAR tilde
ENCODING 732
SWIDTH 500 0
DWIDTH 6 0
BBX 6 12 0 -2
BITMAP
28
50
00
00
00
00
00
00
00
00
00
00
ENDCHAR
STARTCHAR hungarumlaut
ENCODING 733
SWIDTH 500 0
DWIDTH 6 0
BBX 6 12 0 -2
BITMAP
28
50
00
00
00
00
00
00
00
00
00
00
ENDCHAR
STARTCHAR gravecomb
ENCODING 768
SWIDTH 500 0
DWIDTH 6 0
BBX 6 12 0 -2
BITMAP
40
20
00
00
00
00
00
00
00
00
00
00
ENDCHAR
STARTCHAR acutecomb
ENCODING 769
SWIDTH 500 0
DWIDTH 6 0
BBX 6 12 0 -2
BITMAP
10
20
00
00
00
00
00
00
00
00
00
00
ENDCHAR
STARTCHAR uni0302
ENCODING 770
SWIDTH 500 0
DWIDTH 6 0
BBX 6 12 0 -2
BITMAP
20
50
00
00
00
00
00
00
00
00
00
00
ENDCHAR
STARTCHAR tildecomb
ENCODING 771
SWIDTH 500 0
DWIDTH 6 0
BBX 6 12 0 -2
BITMAP
28
50
00
00
00
00
00
00
00
00
00
00
ENDCHAR
STARTCHAR uni0304
ENCODING 772
SWIDTH 500 0
DWIDTH 6 0
BBX 6 12 0 -2
BITMAP
70
00
00
00
00
00
00
00
00
00
00
00
ENDCHAR
STARTCHAR uni0305
ENCODING 773
SWIDTH 500 0
DWIDTH 6 0
BBX 6 12 0 -2
BITMAP
F8
00
00
00
00
00
00
00
00
00
00
00
ENDCHAR
STARTCHAR uni0306
ENCODING 774
SWIDTH 500 0
DWIDTH 6 0
BBX 6 12 0 -2
BITMAP
50
20
00
00
00
00
00
00
00
00
00
00
ENDCHAR
STARTCHAR uni0307
ENCODING 775
SWIDTH 500 0
DWIDTH 6 0
BBX 6 12 0 -2
BITMAP
20
20
00
00
00
00
00
00
00
00
00
00
ENDCHAR
STARTCHAR uni0308
ENCODING 776
SWIDTH 500 0
DWIDTH 6 0
BBX 6 12 0 -2
BITMAP
50
50
00
00
00
00
00
00
00
00
00
00
ENDCHAR
STARTCHAR uni030A
ENCODING 778
SWIDTH 500 0
DWIDTH 6 0
BBX 6 12 0 -2
BITMAP
20
50
20
00
00
00
00
00
00
00
00
00
ENDCHAR
STARTCHAR uni030B
ENCODING 779
SWIDTH 500 0
DWIDTH 6 0
BBX 6 12 0 -2
BITMAP
28
50
00
00
00
00
00
00
00
00
00
00
ENDCHAR
STARTCHAR uni030C
ENCODING 780
SWIDTH 500 0
DWIDTH 6 0
BBX 6 12 0 -2
BITMAP
50
20
00
00
00
00
00
00
00
00
00
00
ENDCHAR
STARTCHAR uni0329
ENCODING 809
SWIDTH 500 0
DWIDTH 6 0
BBX 6 12 0 -2
BITMAP
00
00
00
00
00
00
00
00
00
00
20
20
ENDCHAR
STARTCHAR tonos
ENCODING 900
SWIDTH 500 0
DWIDTH 6 0
BBX 6 12 0 -2
BITMAP
40
80
00
00
00
00
00
00
00
00
00
00
ENDCHAR
STARTCHAR dieresistonos
ENCODING 901
SWIDTH 500 0
DWIDTH 6 0
BBX 6 12 0 -2
BITMAP
10
20
50
50
00
00
00
00
00
00
00
00
ENDCHAR
STARTCHAR Alphatonos
ENCODING 902
SWIDTH 500 0
DWIDTH 6 0
BBX 6 12 0 -2
BITMAP
40
80
70
88
88
88
F8
88
88
88
00
00
ENDCHAR
STARTCHAR anoteleia
ENCODING 903
SWIDTH 500 0
DWIDTH 6 0
BBX 6 12 0 -2
BITMAP
00
00
00
00
20
20
00
00
00
00
00
00
ENDCHAR
STARTCHAR Epsilontonos
ENCODING 904
SWIDTH 500 0
DWIDTH 6 0
BBX 6 12 0 -2
BITMAP
40
80
F8
80
80
F0
80
80
80
F8
00
00
ENDCHAR
STARTCHAR Etatonos
ENCODING 905
SWIDTH 500 0
DWIDTH 6 0
BBX 6 12 0 -2
BITMAP
40
80
88
88
88
F8
88
88
88
88
00
00
ENDCHAR
STARTCHAR Iotatonos
ENCODING 906
SWIDTH 500 0
DWIDTH 6 0
BBX 6 12 0 -2
BITMAP
40
80
70
20
20
20
20
20
20
70
00
00
ENDCHAR
STARTCHAR Omicrontonos
ENCODING 908
SWIDTH 500 0
DWIDTH 6 0
BBX 6 12 0 -2
BITMAP
40
80
70
88
88
88
88
88
88
70
00
00
ENDCHAR
STARTCHAR Upsilontonos
ENCODING 910
SWIDTH 500 0
DWIDTH 6 0
BBX 6 12 0 -2
BITMAP
40
80
88
88
50
50
20
20
20
20
00
00
ENDCHAR
STARTCHAR Omegatonos
ENCODING 911
SWIDTH 500 0
DWIDTH 6 0
BBX 6 12 0 -2
BITMAP
40
80
70
88
88
88
88
88
50
D8
00
00
ENDCHAR
STARTCHAR iotadieresistonos
ENCODING 912
SWIDTH 500 0
DWIDTH 6 0
BBX 6 12 0 -2
BITMAP
10
20
50
50
60
20
20
20
20
18
00
00
ENDCHAR
STARTCHAR Alpha
ENCODING 913
SWIDTH 500 0
DWIDTH 6 0
BBX 6 12 0 -2
BITMAP
00
00
70
88
88
88
F8
88
88
88
00
00
ENDCHAR
STARTCHAR Beta
ENCODING 914
SWIDTH 500 0
DWIDTH 6 0
BBX 6 12 0 -2
BITMAP
00
00
F0
88
88
F0
88
88
88
F0
00
00
ENDCHAR
STARTCHAR Gamma
ENCODING 915
SWIDTH 500 0
DWIDTH 6 0
BBX 6 12 0 -2
BITMAP
00
00
F8
80
80
80
80
80
80
80
00
00
ENDCHAR
STARTCHAR Delta
ENCODING 916
SWIDTH 500 0
DWIDTH 6 0
BBX 6 12 0 -2
BITMAP
00
00
20
20
50
50
88
88
88
F8
00
00
ENDCHAR
STARTCHAR Epsilon
ENCODING 917
SWIDTH 500 0
DWIDTH 6 0
BBX 6 12 0 -2
BITMAP
00
00
F8
80
80
F0
80
80
80
F8
00
00
ENDCHAR
STARTCHAR Zeta
ENCODING 918
SWIDTH 500 0
DWIDTH 6 0
BBX 6 12 0 -2
BITMAP
00
00
F8
08
10
20
40
80
80
F8
00
00
ENDCHAR
STARTCHAR Eta
ENCODING 919
SWIDTH 500 0
DWIDTH 6 0
BBX 6 12 0 -2
BITMAP
00
00
88
88
88
F8
88
88
88
88
00
00
ENDCHAR
STARTCHAR Theta
ENCODING 920
SWIDTH 500 0
DWIDTH 6 0
BBX 6 12 0 -2
BITMAP
00
00
70
88
88
A8
88
88
88
70
00
00
ENDCHAR
STARTCHAR Iota
ENCODING 921
SWIDTH 500 0
DWIDTH 6 0
BBX 6 12 0 -2
BITMAP
00
00
70
20
20
20
20
20
20
70
00
00
ENDCHAR
STARTCHAR Kappa
ENCODING 922
SWIDTH 500 0
DWIDTH 6 0
BBX 6 12 0 -2
BITMAP
00
00
88
90
A0
C0
C0
A0
90
88
00
00
ENDCHAR
STARTCHAR Lambda
ENCODING 923
SWIDTH 500 0
DWIDTH 6 0
BBX 6 12 0 -2
BITMAP
00
00
20
20
50
50
88
88
88
88
00
00
ENDCHAR
STARTCHAR Mu
ENCODING 924
SWIDTH 500 0
DWIDTH 6 0
BBX 6 12 0 -2
BITMAP
00
00
88
D8
A8
A8
88
88
88
88
00
00
ENDCHAR
STARTCHAR Nu
ENCODING 925
SWIDTH 500 0
DWIDTH 6 0
BBX 6 12 0 -2
BITMAP
00
00
88
88
C8
A8
98
88
88
88
00
00
ENDCHAR
STARTCHAR Xi
ENCODING 926
SWIDTH 500 0
DWIDTH 6 0
BBX 6 12 0 -2
BITMAP
00
00
F8
00
00
70
00
00
00
F8
00
00
ENDCHAR
STARTCHAR Omicron
ENCODING 927
SWIDTH 500 0
DWIDTH 6 0
BBX 6 12 0 -2
BITMAP
00
00
70
88
88
88
88
88
88
70
00
00
ENDCHAR
STARTCHAR Pi
ENCODING 928
SWIDTH 500 0
DWIDTH 6 0
BBX 6 12 0 -2
BITMAP
00
00
F8
88
88
88
88
88
88
88
00
00
ENDCHAR
STARTCHAR Rho
ENCODING 929
SWIDTH 500 0
DWIDTH 6 0
BBX 6 12 0 -2
BITMAP
00
00
F0
88
88
88
F0
80
80
80
00
00
ENDCHAR
STARTCHAR Sigma
ENCODING 931
SWIDTH 500 0
DWIDTH 6 0
BBX 6 12 0 -2
BITMAP
00
00
F8
40
20
10
10
20
40
F8
00
00
ENDCHAR
STARTCHAR Tau
ENCODING 932
SWIDTH 500 0
DWIDTH 6 0
BBX 6 12 0 -2
BITMAP
00
00
F8
20
20
20
20
20
20
20
00
00
ENDCHAR
STARTCHAR Upsilon
ENCODING 933
SWIDTH 500 0
DWIDTH 6 0
BBX 6 12 0 -2
BITMAP
00
00
88
88
50
50
20
20
20
20
00
00
ENDCHAR
STARTCHAR Phi
ENCODING 934
SWIDTH 500 0
DWIDTH 6 0
BBX 6 12 0 -2
BITMAP
00
00
20
70
A8
A8
A8
A8
70
20
00
00
ENDCHAR
STARTCHAR Chi
ENCODING 935
SWIDTH 500 0
DWIDTH 6 0
BBX 6 12 0 -2
BITMAP
00
00
88
88
50
20
20
50
88
88
00
00
ENDCHAR
STARTCHAR Psi
ENCODING 936
SWIDTH 500 0
DWIDTH 6 0
BBX 6 12 0 -2
BITMAP
00
00
A8
A8
A8
A8
A8
70
20
20
00
00
ENDCHAR
STARTCHAR Omega
ENCODING 937
SWIDTH 500 0
DWIDTH 6 0
BBX 6 12 0 -2
BITMAP
00
00
70
88
88
88
88
88
50
D8
00
00
ENDCHAR
STARTCHAR Iotadieresis
ENCODING 938
SWIDTH 500 0
DWIDTH 6 0
BBX 6 12 0 -2
BITMAP
50
50
70
20
20
20
20
20
20
70
00
00
ENDCHAR
STARTCHAR Upsilondieresis
ENCODING 939
SWIDTH 500 0
DWIDTH 6 0
BBX 6 12 0 -2
BITMAP
50
50
88
88
50
50
20
20
20
20
00
00
ENDCHAR
STARTCHAR alphatonos
ENCODING 940
SWIDTH 500 0
DWIDTH 6 0
BBX 6 12 0 -2
BITMAP
00
00
10
20
68
90
90
90
90
68
00
00
ENDCHAR
STARTCHAR epsilontonos
ENCODING 941
SWIDTH 500 0
DWIDTH 6 0
BBX 6 12 0 -2
BITMAP
00
00
10
20
70
88
60
80
88
70
00
00
ENDCHAR
STARTCHAR etatonos
ENCODING 942
SWIDTH 500 0
DWIDTH 6 0
BBX 6 12 0 -2
BITMAP
00
00
10
20
F0
88
88
88
88
88
08
08
ENDCHAR
STARTCHAR iotatonos
ENCODING 943
SWIDTH 500 0
DWIDTH 6 0
BBX 6 12 0 -2
BITMAP
00
00
10
20
60
20
20
20
20
18
00
00
ENDCHAR
STARTCHAR upsilondieresistonos
ENCODING 944
SWIDTH 500 0
DWIDTH 6 0
BBX 6 12 0 -2
BITMAP
10
20
50
50
88
88
88
88
88
70
00
00
ENDCHAR
STARTCHAR alpha
ENCODING 945
SWIDTH 500 0
DWIDTH 6 0
BBX 6 12 0 -2
BITMAP
00
00
00
00
68
90
90
90
90
68
00
00
ENDCHAR
STARTCHAR beta
ENCODING 946
SWIDTH 500 0
DWIDTH 6 0
BBX 6 12 0 -2
BITMAP
00
00
E0
90
90
F0
88
88
88
F0
80
80
ENDCHAR
STARTCHAR gamma
ENCODING 947
SWIDTH 500 0
DWIDTH 6 0
BBX 6 12 0 -2
BITMAP
00
00
00
00
88
88
88
50
50
20
20
20
ENDCHAR
STARTCHAR delta
ENCODING 948
SWIDTH 500 0
DWIDTH 6 0
BBX 6 12 0 -2
BITMAP
00
00
F0
40
20
70
88
88
88
70
00
00
ENDCHAR
STARTCHAR epsilon
ENCODING 949
SWIDTH 500 0
DWIDTH 6 0
BBX 6 12 0 -2
BITMAP
00
00
00
00
70
88
60
80
88
70
00
00
ENDCHAR
STARTCHAR zeta
ENCODING 950
SWIDTH 500 0
DWIDTH 6 0
BBX 6 12 0 -2
BITMAP
00
00
F8
10
20
40
80
80
80
70
08
10
ENDCHAR
STARTCHAR eta
ENCODING 951
SWIDTH 500 0
DWIDTH 6 0
BBX 6 12 0 -2
BITMAP
00
00
00
00
F0
88
88
88
88
88
08
08
ENDCHAR
STARTCHAR theta
ENCODING 952
SWIDTH 500 0
DWIDTH 6 0
BBX 6 12 0 -2
BITMAP
00
00
30
48
48
78
48
48
48
30
00
00
ENDCHAR
STARTCHAR iota
ENCODING 953
SWIDTH 500 0
DWIDTH 6 0
BBX 6 12 0 -2
BITMAP
00
00
00
00
60
20
20
20
20
18
00
00
ENDCHAR
STARTCHAR kappa
ENCODING 954
SWIDTH 500 0
DWIDTH 6 0
BBX 6 12 0 -2
BITMAP
00
00
00
00
48
50
60
60
50
48
00
00
ENDCHAR
STARTCHAR lambda
ENCODING 955
SWIDTH 500 0
DWIDTH 6 0
BBX 6 12 0 -2
BITMAP
00
00
40
40
20
20
50
50
88
88
00
00
ENDCHAR
STARTCHAR mugreek
ENCODING 956
SWIDTH 500 0
DWIDTH 6 0
BBX 6 12 0 -2
BITMAP
00
00
00
00
88
88
88
88
98
E8
80
80
ENDCHAR
STARTCHAR nu
ENCODING 957
SWIDTH 500 0
DWIDTH 6 0
BBX 6 12 0 -2
BITMAP
00
00
00
00
88
88
50
50
20
20
00
00
ENDCHAR
STARTCHAR xi
ENCODING 958
SWIDTH 500 0
DWIDTH 6 0
BBX 6 12 0 -2
BITMAP
00
00
78
80
80
70
80
80
80
70
08
10
ENDCHAR
STARTCHAR omicron
ENCODING 959
SWIDTH 500 0
DWIDTH 6 0
BBX 6 12 0 -2
BITMAP
00
00
00
00
70
88
88
88
88
70
00
00
ENDCHAR
STARTCHAR pi
ENCODING 960
SWIDTH 500 0
DWIDTH 6 0
BBX 6 12 0 -2
BITMAP
00
00
00
00
F8
88
88
88
88
88
00
00
ENDCHAR
STARTCHAR rho
ENCODING 961
SWIDTH 500 0
DWIDTH 6 0
BBX 6 12 0 -2
BITMAP
00
00
00
00
70
88
88
88
88
F0
80
80
ENDCHAR
STARTCHAR sigma1
ENCODING 962
SWIDTH 500 0
DWIDTH 6 0
BBX 6 12 0 -2
BITMAP
00
00
00
00
70
88
80
80
80
70
08
10
ENDCHAR
STARTCHAR sigma
ENCODING 963
SWIDTH 500 0
DWIDTH 6 0
BBX 6 12 0 -2
BITMAP
00
00
00
00
78
90
90
90
90
60
00
00
ENDCHAR
STARTCHAR tau
ENCODING 964
SWIDTH 500 0
DWIDTH 6 0
BBX 6 12 0 -2
BITMAP
00
00
00
00
F8
20
20
20
20
10
00
00
ENDCHAR
STARTCHAR upsilon
ENCODING 965
SWIDTH 500 0
DWIDTH 6 0
BBX 6 12 0 -2
BITMAP
00
00
00
00
88
88
88
88
88
70
00
00
ENDCHAR
STARTCHAR phi
ENCODING 966
SWIDTH 500 0
DWIDTH 6 0
BBX 6 12 0 -2
BITMAP
00
00
00
00
90
A8
A8
A8
A8
70
20
20
ENDCHAR
STARTCHAR chi
ENCODING 967
SWIDTH 500 0
DWIDTH 6 0
BBX 6 12 0 -2
BITMAP
00
00
00
00
88
88
50
20
20
50
88
88
ENDCHAR
STARTCHAR psi
ENCODING 968
SWIDTH 500 0
DWIDTH 6 0
BBX 6 12 0 -2
BITMAP
00
00
00
00
A8
A8
A8
A8
A8
70
20
20
ENDCHAR
STARTCHAR omega
ENCODING 969
SWIDTH 500 0
DWIDTH 6 0
BBX 6 12 0 -2
BITMAP
00
00
00
00
50
88
A8
A8
A8
50
00
00
ENDCHAR
STARTCHAR iotadieresis
ENCODING 970
SWIDTH 500 0
DWIDTH 6 0
BBX 6 12 0 -2
BITMAP
00
00
50
50
60
20
20
20
20
18
00
00
ENDCHAR
STARTCHAR upsilondieresis
ENCODING 971
SWIDTH 500 0
DWIDTH 6 0
BBX 6 12 0 -2
BITMAP
00
00
50
50
88
88
88
88
88
70
00
00
ENDCHAR
STARTCHAR omicrontonos
ENCODING 972
SWIDTH 500 0
DWIDTH 6 0
BBX 6 12 0 -2
BITMAP
00
00
10
20
70
88
88
88
88
70
00
00
ENDCHAR
STARTCHAR upsilontonos
ENCODING 973
SWIDTH 500 0
DWIDTH 6 0
BBX 6 12 0 -2
BITMAP
00
00
10
20
88
88
88
88
88
70
00
00
ENDCHAR
STARTCHAR omegatonos
ENCODING 974
SWIDTH 500 0
DWIDTH 6 0
BBX 6 12 0 -2
BITMAP
00
00
10
20
50
88
A8
A8
A8
50
00
00
ENDCHAR
STARTCHAR theta1
ENCODING 977
SWIDTH 500 0
DWIDTH 6 0
BBX 6 12 0 -2
BITMAP
00
00
30
48
48
3C
08
C8
48
30
00
00
ENDCHAR
STARTCHAR phi1
ENCODING 981
SWIDTH 500 0
DWIDTH 6 0
BBX 6 12 0 -2
BITMAP
00
00
00
20
70
A8
A8
A8
A8
70
20
00
ENDCHAR
STARTCHAR uni03F0
ENCODING 1008
SWIDTH 500 0
DWIDTH 6 0
BBX 6 12 0 -2
BITMAP
00
00
00
00
C4
28
10
20
50
8C
00
00
ENDCHAR
STARTCHAR uni03F1
ENCODING 1009
SWIDTH 500 0
DWIDTH 6 0
BBX 6 12 0 -2
BITMAP
00
00
00
00
70
88
88
88
88
F0
80
70
ENDCHAR
STARTCHAR uni03F2
ENCODING 1010
SWIDTH 500 0
DWIDTH 6 0
BBX 6 12 0 -2
BITMAP
00
00
00
00
70
88
80
80
88
70
00
00
ENDCHAR
STARTCHAR uni03F3
ENCODING 1011
SWIDTH 500 0
DWIDTH 6 0
BBX 6 12 0 -2
BITMAP
00
08
08
00
18
08
08
08
08
08
48
30
ENDCHAR
STARTCHAR uni03F4
ENCODING 1012
SWIDTH 500 0
DWIDTH 6 0
BBX 6 12 0 -2
BITMAP
00
00
70
88
88
F8
88
88
88
70
00
00
ENDCHAR
STARTCHAR uni03F5
ENCODING 1013
SWIDTH 500 0
DWIDTH 6 0
BBX 6 12 0 -2
BITMAP
00
00
00
00
78
80
F0
80
80
78
00
00
ENDCHAR
STARTCHAR uni03F6
ENCODING 1014
SWIDTH 500 0
DWIDTH 6 0
BBX 6 12 0 -2
BITMAP
00
00
00
00
F0
08
78
08
08
F0
00
00
ENDCHAR
STARTCHAR uni0400
ENCODING 1024
SWIDTH 500 0
DWIDTH 6 0
BBX 6 12 0 -2
BITMAP
40
20
F8
80
80
F0
80
80
80
F8
00
00
ENDCHAR
STARTCHAR afii10023
ENCODING 1025
SWIDTH 500 0
DWIDTH 6 0
BBX 6 12 0 -2
BITMAP
50
50
F8
80
80
F0
80
80
80
F8
00
00
ENDCHAR
STARTCHAR afii10051
ENCODING 1026
SWIDTH 500 0
DWIDTH 6 0
BBX 6 12 0 -2
BITMAP
00
00
E0
40
40
70
48
48
48
48
08
10
ENDCHAR
STARTCHAR afii10052
ENCODING 1027
SWIDTH 500 0
DWIDTH 6 0
BBX 6 12 0 -2
BITMAP
10
20
F8
80
80
80
80
80
80
80
00
00
ENDCHAR
STARTCHAR afii10053
ENCODING 1028
SWIDTH 500 0
DWIDTH 6 0
BBX 6 12 0 -2
BITMAP
00
00
70
88
80
F0
80
80
88
70
00
00
ENDCHAR
STARTCHAR afii10054
ENCODING 1029
SWIDTH 500 0
DWIDTH 6 0
BBX 6 12 0 -2
BITMAP
00
00
70
88
80
70
08
08
88
70
00
00
ENDCHAR
STARTCHAR afii10055
ENCODING 1030
SWIDTH 500 0
DWIDTH 6 0
BBX 6 12 0 -2
BITMAP
00
00
70
20
20
20
20
20
20
70
00
00
ENDCHAR
STARTCHAR afii10056
ENCODING 1031
SWIDTH 500 0
DWIDTH 6 0
BBX 6 12 0 -2
BITMAP
50
50
70
20
20
20
20
20
20
70
00
00
ENDCHAR
STARTCHAR afii10057
ENCODING 1032
SWIDTH 500 0
DWIDTH 6 0
BBX 6 12 0 -2
BITMAP
00
00
38
10
10
10
10
90
90
60
00
00
ENDCHAR
STARTCHAR afii10058
ENCODING 1033
SWIDTH 500 0
DWIDTH 6 0
BBX 6 12 0 -2
BITMAP
00
00
60
A0
B0
A8
A8
A8
A8
B0
00
00
ENDCHAR
STARTCHAR afii10059
ENCODING 1034
SWIDTH 500 0
DWIDTH 6 0
BBX 6 12 0 -2
BITMAP
00
00
A0
A0
B0
E8
A8
A8
A8
B0
00
00
ENDCHAR
STARTCHAR afii10060
ENCODING 1035
SWIDTH 500 0
DWIDTH 6 0
BBX 6 12 0 -2
BITMAP
00
00
E0
40
40
70
48
48
48
48
00
00
ENDCHAR
STARTCHAR afii10061
ENCODING 1036
SWIDTH 500 0
DWIDTH 6 0
BBX 6 12 0 -2
BITMAP
10
20
88
90
A0
C0
C0
A0
90
88
00
00
ENDCHAR
STARTCHAR uni040D
ENCODING 1037
SWIDTH 500 0
DWIDTH 6 0
BBX 6 12 0 -2
BITMAP
40
20
88
88
98
A8
C8
88
88
88
00
00
ENDCHAR
STARTCHAR afii10062
ENCODING 1038
SWIDTH 500 0
DWIDTH 6 0
BBX 6 12 0 -2
BITMAP
50
20
88
88
88
88
78
08
08
70
00
00
ENDCHAR
STARTCHAR afii10145
ENCODING 1039
SWIDTH 500 0
DWIDTH 6 0
BBX 6 12 0 -2
BITMAP
00
00
88
88
88
88
88
88
88
F8
20
20
ENDCHAR
STARTCHAR afii10017
ENCODING 1040
SWIDTH 500 0
DWIDTH 6 0
BBX 6 12 0 -2
BITMAP
00
00
70
88
88
88
F8
88
88
88
00
00
ENDCHAR
STARTCHAR afii10018
ENCODING 1041
SWIDTH 500 0
DWIDTH 6 0
BBX 6 12 0 -2
BITMAP
00
00
F0
80
80
F0
88
88
88
F0
00
00
ENDCHAR
STARTCHAR afii10019
ENCODING 1042
SWIDTH 500 0
DWIDTH 6 0
BBX 6 12 0 -2
BITMAP
00
00
F0
88
88
F0
88
88
88
F0
00
00
ENDCHAR
STARTCHAR afii10020
ENCODING 1043
SWIDTH 500 0
DWIDTH 6 0
BBX 6 12 0 -2
BITMAP
00
00
F8
80
80
80
80
80
80
80
00
00
ENDCHAR
STARTCHAR afii10021
ENCODING 1044
SWIDTH 500 0
DWIDTH 6 0
BBX 6 12 0 -2
BITMAP
00
00
38
48
48
48
48
48
48
FC
84
00
ENDCHAR
STARTCHAR afii10022
ENCODING 1045
SWIDTH 500 0
DWIDTH 6 0
BBX 6 12 0 -2
BITMAP
00
00
F8
80
80
F0
80
80
80
F8
00
00
ENDCHAR
STARTCHAR afii10024
ENCODING 1046
SWIDTH 500 0
DWIDTH 6 0
BBX 6 12 0 -2
BITMAP
00
00
A8
A8
A8
70
70
A8
A8
A8
00
00
ENDCHAR
STARTCHAR afii10025
ENCODING 1047
SWIDTH 500 0
DWIDTH 6 0
BBX 6 12 0 -2
BITMAP
00
00
70
88
08
30
08
08
88
70
00
00
ENDCHAR
STARTCHAR afii10026
ENCODING 1048
SWIDTH 500 0
DWIDTH 6 0
BBX 6 12 0 -2
BITMAP
00
00
88
88
98
A8
C8
88
88
88
00
00
ENDCHAR
STARTCHAR afii10027
ENCODING 1049
SWIDTH 500 0
DWIDTH 6 0
BBX 6 12 0 -2
BITMAP
50
20
88
88
98
A8
C8
88
88
88
00
00
ENDCHAR
STARTCHAR afii10028
ENCODING 1050
SWIDTH 500 0
DWIDTH 6 0
BBX 6 12 0 -2
BITMAP
00
00
88
90
A0
C0
C0
A0
90
88
00
00
ENDCHAR
STARTCHAR afii10029
ENCODING 1051
SWIDTH 500 0
DWIDTH 6 0
BBX 6 12 0 -2
BITMAP
00
00
38
48
48
48
48
48
48
88
00
00
ENDCHAR
STARTCHAR afii10030
ENCODING 1052
SWIDTH 500 0
DWIDTH 6 0
BBX 6 12 0 -2
BITMAP
00
00
88
D8
A8
A8
88
88
88
88
00
00
ENDCHAR
STARTCHAR afii10031
ENCODING 1053
SWIDTH 500 0
DWIDTH 6 0
BBX 6 12 0 -2
BITMAP
00
00
88
88
88
F8
88
88
88
88
00
00
ENDCHAR
STARTCHAR afii10032
ENCODING 1054
SWIDTH 500 0
DWIDTH 6 0
BBX 6 12 0 -2
BITMAP
00
00
70
88
88
88
88
88
88
70
00
00
ENDCHAR
STARTCHAR afii10033
ENCODING 1055
SWIDTH 500 0
DWIDTH 6 0
BBX 6 12 0 -2
BITMAP
00
00
F8
88
88
88
88
88
88
88
00
00
ENDCHAR
STARTCHAR afii10034
ENCODING 1056
SWIDTH 500 0
DWIDTH 6 0
BBX 6 12 0 -2
BITMAP
00
00
F0
88
88
88
F0
80
80
80
00
00
ENDCHAR
STARTCHAR afii10035
ENCODING 1057
SWIDTH 500 0
DWIDTH 6 0
BBX 6 12 0 -2
BITMAP
00
00
70
88
80
80
80
80
88
70
00
00
ENDCHAR
STARTCHAR afii10036
ENCODING 1058
SWIDTH 500 0
DWIDTH 6 0
BBX 6 12 0 -2
BITMAP
00
00
F8
20
20
20
20
20
20
20
00
00
ENDCHAR
STARTCHAR afii10037
ENCODING 1059
SWIDTH 500 0
DWIDTH 6 0
BBX 6 12 0 -2
BITMAP
00
00
88
88
88
88
78
08
08
70
00
00
ENDCHAR
STARTCHAR afii10038
ENCODING 1060
SWIDTH 500 0
DWIDTH 6 0
BBX 6 12 0 -2
BITMAP
00
20
70
A8
A8
A8
A8
A8
A8
70
20
00
ENDCHAR
STARTCHAR afii10039
ENCODING 1061
SWIDTH 500 0
DWIDTH 6 0
BBX 6 12 0 -2
BITMAP
00
00
88
88
50
20
20
50
88
88
00
00
ENDCHAR
STARTCHAR afii10040
ENCODING 1062
SWIDTH 500 0
DWIDTH 6 0
BBX 6 12 0 -2
BITMAP
00
00
88
88
88
88
88
88
88
7C
04
04
ENDCHAR
STARTCHAR afii10041
ENCODING 1063
SWIDTH 500 0
DWIDTH 6 0
BBX 6 12 0 -2
BITMAP
00
00
88
88
88
88
78
08
08
08
00
00
ENDCHAR
STARTCHAR afii10042
ENCODING 1064
SWIDTH 500 0
DWIDTH 6 0
BBX 6 12 0 -2
BITMAP
00
00
A8
A8
A8
A8
A8
A8
A8
78
00
00
ENDCHAR
STARTCHAR afii10043
ENCODING 1065
SWIDTH 500 0
DWIDTH 6 0
BBX 6 12 0 -2
BITMAP
00
00
A8
A8
A8
A8
A8
A8
A8
7C
04
04
ENDCHAR
STARTCHAR afii10044
ENCODING 1066
SWIDTH 500 0
DWIDTH 6 0
BBX 6 12 0 -2
BITMAP
00
00
C0
40
70
48
48
48
48
70
00
00
ENDCHAR
STARTCHAR afii10045
ENCODING 1067
SWIDTH 500 0
DWIDTH 6 0
BBX 6 12 0 -2
BITMAP
00
00
88
88
C8
A8
A8
A8
A8
C8
00
00
ENDCHAR
STARTCHAR afii10046
ENCODING 1068
SWIDTH 500 0
DWIDTH 6 0
BBX 6 12 0 -2
BITMAP
00
00
40
40
70
48
48
48
48
70
00
00
ENDCHAR
STARTCHAR afii10047
ENCODING 1069
SWIDTH 500 0
DWIDTH 6 0
BBX 6 12 0 -2
BITMAP
00
00
70
88
08
38
08
08
88
70
00
00
ENDCHAR
STARTCHAR afii10048
ENCODING 1070
SWIDTH 500 0
DWIDTH 6 0
BBX 6 12 0 -2
BITMAP
00
00
90
A8
A8
A8
E8
A8
A8
90
00
00
ENDCHAR
STARTCHAR afii10049
ENCODING 1071
SWIDTH 500 0
DWIDTH 6 0
BBX 6 12 0 -2
BITMAP
00
00
78
88
88
88
78
28
48
88
00
00
ENDCHAR
STARTCHAR afii10065
ENCODING 1072
SWIDTH 500 0
DWIDTH 6 0
BBX 6 12 0 -2
BITMAP
00
00
00
00
70
08
78
88
88
78
00
00
ENDCHAR
STARTCHAR afii10066
ENCODING 1073
SWIDTH 500 0
DWIDTH 6 0
BBX 6 12 0 -2
BITMAP
00
00
70
80
F0
88
88
88
88
F0
00
00
ENDCHAR
STARTCHAR afii10067
ENCODING 1074
SWIDTH 500 0
DWIDTH 6 0
BBX 6 12 0 -2
BITMAP
00
00
E0
90
90
F0
88
88
88
F0
00
00
ENDCHAR
STARTCHAR afii10068
ENCODING 1075
SWIDTH 500 0
DWIDTH 6 0
BBX 6 12 0 -2
BITMAP
00
00
00
00
F8
80
80
80
80
80
00
00
ENDCHAR
STARTCHAR afii10069
ENCODING 1076
SWIDTH 500 0
DWIDTH 6 0
BBX 6 12 0 -2
BITMAP
00
00
00
00
78
88
88
88
88
78
08
70
ENDCHAR
STARTCHAR afii10070
ENCODING 1077
SWIDTH 500 0
DWIDTH 6 0
BBX 6 12 0 -2
BITMAP
00
00
00
00
70
88
F8
80
80
78
00
00
ENDCHAR
STARTCHAR afii10072
ENCODING 1078
SWIDTH 500 0
DWIDTH 6 0
BBX 6 12 0 -2
BITMAP
00
00
00
00
A8
A8
70
A8
A8
A8
00
00
ENDCHAR
STARTCHAR afii10073
ENCODING 1079
SWIDTH 500 0
DWIDTH 6 0
BBX 6 12 0 -2
BITMAP
00
00
00
00
70
88
30
08
88
70
00
00
ENDCHAR
STARTCHAR afii10074
ENCODING 1080
SWIDTH 500 0
DWIDTH 6 0
BBX 6 12 0 -2
BITMAP
00
00
00
00
88
88
88
88
88
78
00
00
ENDCHAR
STARTCHAR afii10075
ENCODING 1081
SWIDTH 500 0
DWIDTH 6 0
BBX 6 12 0 -2
BITMAP
00
00
50
20
88
88
88
88
88
78
00
00
ENDCHAR
STARTCHAR afii10076
ENCODING 1082
SWIDTH 500 0
DWIDTH 6 0
BBX 6 12 0 -2
BITMAP
00
00
00
00
48
50
60
60
50
48
00
00
ENDCHAR
STARTCHAR afii10077
ENCODING 1083
SWIDTH 500 0
DWIDTH 6 0
BBX 6 12 0 -2
BITMAP
00
00
00
00
38
48
48
48
48
88
00
00
ENDCHAR
STARTCHAR afii10078
ENCODING 1084
SWIDTH 500 0
DWIDTH 6 0
BBX 6 12 0 -2
BITMAP
00
00
00
00
88
D8
A8
88
88
88
00
00
ENDCHAR
STARTCHAR afii10079
ENCODING 1085
SWIDTH 500 0
DWIDTH 6 0
BBX 6 12 0 -2
BITMAP
00
00
00
00
88
88
F8
88
88
88
00
00
ENDCHAR
STARTCHAR afii10080
ENCODING 1086
SWIDTH 500 0
DWIDTH 6 0
BBX 6 12 0 -2
BITMAP
00
00
00
00
70
88
88
88
88
70
00
00
ENDCHAR
STARTCHAR afii10081
ENCODING 1087
SWIDTH 500 0
DWIDTH 6 0
BBX 6 12 0 -2
BITMAP
00
00
00
00
F8
88
88
88
88
88
00
00
ENDCHAR
STARTCHAR afii10082
ENCODING 1088
SWIDTH 500 0
DWIDTH 6 0
BBX 6 12 0 -2
BITMAP
00
00
00
00
F0
88
88
88
88
F0
80
80
ENDCHAR
STARTCHAR afii10083
ENCODING 1089
SWIDTH 500 0
DWIDTH 6 0
BBX 6 12 0 -2
BITMAP
00
00
00
00
70
88
80
80
88
70
00
00
ENDCHAR
STARTCHAR afii10084
ENCODING 1090
SWIDTH 500 0
DWIDTH 6 0
BBX 6 12 0 -2
BITMAP
00
00
00
00
F8
20
20
20
20
20
00
00
ENDCHAR
STARTCHAR afii10085
ENCODING 1091
SWIDTH 500 0
DWIDTH 6 0
BBX 6 12 0 -2
BITMAP
00
00
00
00
88
88
88
88
88
78
08
70
ENDCHAR
STARTCHAR afii10086
ENCODING 1092
SWIDTH 500 0
DWIDTH 6 0
BBX 6 12 0 -2
BITMAP
00
00
00
20
70
A8
A8
A8
A8
70
20
00
ENDCHAR
STARTCHAR afii10087
ENCODING 1093
SWIDTH 500 0
DWIDTH 6 0
BBX 6 12 0 -2
BITMAP
00
00
00
00
88
50
20
20
50
88
00
00
ENDCHAR
STARTCHAR afii10088
ENCODING 1094
SWIDTH 500 0
DWIDTH 6 0
BBX 6 12 0 -2
BITMAP
00
00
00
00
88
88
88
88
88
7C
04
04
ENDCHAR
STARTCHAR afii10089
ENCODING 1095
SWIDTH 500 0
DWIDTH 6 0
BBX 6 12 0 -2
BITMAP
00
00
00
00
88
88
88
78
08
08
00
00
ENDCHAR
STARTCHAR afii10090
ENCODING 1096
SWIDTH 500 0
DWIDTH 6 0
BBX 6 12 0 -2
BITMAP
00
00
00
00
A8
A8
A8
A8
A8
78
00
00
ENDCHAR
STARTCHAR afii10091
ENCODING 1097
SWIDTH 500 0
DWIDTH 6 0
BBX 6 12 0 -2
BITMAP
00
00
00
00
A8
A8
A8
A8
A8
7C
04
04
ENDCHAR
STARTCHAR afii10092
ENCODING 1098
SWIDTH 500 0
DWIDTH 6 0
BBX 6 12 0 -2
BITMAP
00
00
00
00
C0
40
70
48
48
70
00
00
ENDCHAR
STARTCHAR afii10093
ENCODING 1099
SWIDTH 500 0
DWIDTH 6 0
BBX 6 12 0 -2
BITMAP
00
00
00
00
88
88
C8
A8
A8
C8
00
00
ENDCHAR
STARTCHAR afii10094
ENCODING 1100
SWIDTH 500 0
DWIDTH 6 0
BBX 6 12 0 -2
BITMAP
00
00
00
00
40
40
70
48
48
70
00
00
ENDCHAR
STARTCHAR afii10095
ENCODING 1101
SWIDTH 500 0
DWIDTH 6 0
BBX 6 12 0 -2
BITMAP
00
00
00
00
70
88
38
08
88
70
00
00
ENDCHAR
STARTCHAR afii10096
ENCODING 1102
SWIDTH 500 0
DWIDTH 6 0
BBX 6 12 0 -2
BITMAP
00
00
00
00
90
A8
A8
E8
A8
90
00
00
ENDCHAR
STARTCHAR afii10097
ENCODING 1103
SWIDTH 500 0
DWIDTH 6 0
BBX 6 12 0 -2
BITMAP
00
00
00
00
78
88
88
78
28
48
00
00
ENDCHAR
STARTCHAR uni0450
ENCODING 1104
SWIDTH 500 0
DWIDTH 6 0
BBX 6 12 0 -2
BITMAP
00
00
40
20
70
88
F8
80
80
78
00
00
ENDCHAR
STARTCHAR afii10071
ENCODING 1105
SWIDTH 500 0
DWIDTH 6 0
BBX 6 12 0 -2
BITMAP
00
00
50
50
70
88
F8
80
80
78
00
00
ENDCHAR
STARTCHAR afii10099
ENCODING 1106
SWIDTH 500 0
DWIDTH 6 0
BBX 6 12 0 -2
BITMAP
00
00
40
F0
40
70
48
48
48
48
08
10
ENDCHAR
STARTCHAR afii10100
ENCODING 1107
SWIDTH 500 0
DWIDTH 6 0
BBX 6 12 0 -2
BITMAP
00
00
10
20
F8
80
80
80
80
80
00
00
ENDCHAR
STARTCHAR afii10101
ENCODING 1108
SWIDTH 500 0
DWIDTH 6 0
BBX 6 12 0 -2
BITMAP
00
00
00
00
70
88
E0
80
88
70
00
00
ENDCHAR
STARTCHAR afii10102
ENCODING 1109
SWIDTH 500 0
DWIDTH 6 0
BBX 6 12 0 -2
BITMAP
00
00
00
00
78
80
70
08
08
F0
00
00
ENDCHAR
STARTCHAR afii10103
ENCODING 1110
SWIDTH 500 0
DWIDTH 6 0
BBX 6 12 0 -2
BITMAP
00
20
20
00
60
20
20
20
20
70
00
00
ENDCHAR
STARTCHAR afii10104
ENCODING 1111
SWIDTH 500 0
DWIDTH 6 0
BBX 6 12 0 -2
BITMAP
00
00
50
50
60
20
20
20
20
70
00
00
ENDCHAR
STARTCHAR afii10105
ENCODING 1112
SWIDTH 500 0
DWIDTH 6 0
BBX 6 12 0 -2
BITMAP
00
08
08
00
18
08
08
08
08
08
48
30
ENDCHAR
STARTCHAR afii10106
ENCODING 1113
SWIDTH 500 0
DWIDTH 6 0
BBX 6 12 0 -2
BITMAP
00
00
00
00
60
A0
B0
A8
A8
B0
00
00
ENDCHAR
STARTCHAR afii10107
ENCODING 1114
SWIDTH 500 0
DWIDTH 6 0
BBX 6 12 0 -2
BITMAP
00
00
00
00
A0
A0
F0
A8
A8
B0
00
00
ENDCHAR
STARTCHAR afii10108
ENCODING 1115
SWIDTH 500 0
DWIDTH 6 0
BBX 6 12 0 -2
BITMAP
00
00
40
F0
40
70
48
48
48
48
00
00
ENDCHAR
STARTCHAR afii10109
ENCODING 1116
SWIDTH 500 0
DWIDTH 6 0
BBX 6 12 0 -2
BITMAP
00
00
08
10
48
50
60
60
50
48
00
00
ENDCHAR
STARTCHAR uni045D
ENCODING 1117
SWIDTH 500 0
DWIDTH 6 0
BBX 6 12 0 -2
BITMAP
00
00
40
20
88
88
88
88
88
78
00
00
ENDCHAR
STARTCHAR afii10110
ENCODING 1118
SWIDTH 500 0
DWIDTH 6 0
BBX 6 12 0 -2
BITMAP
00
00
50
20
88
88
88
88
88
78
08
70
ENDCHAR
STARTCHAR afii10193
ENCODING 1119
SWIDTH 500 0
DWIDTH 6 0
BBX 6 12 0 -2
BITMAP
00
00
00
00
88
88
88
88
88
F8
20
20
ENDCHAR
STARTCHAR afii10146
ENCODING 1122
SWIDTH 500 0
DWIDTH 6 0
BBX 6 12 0 -2
BITMAP
00
00
40
F0
40
70
48
48
48
70
00
00
ENDCHAR
STARTCHAR afii10194
ENCODING 1123
SWIDTH 500 0
DWIDTH 6 0
BBX 6 12 0 -2
BITMAP
00
00
40
40
E0
40
70
48
48
70
00
00
ENDCHAR
STARTCHAR uni046A
ENCODING 1130
SWIDTH 500 0
DWIDTH 6 0
BBX 6 12 0 -2
BITMAP
00
00
F8
88
50
20
70
A8
A8
A8
00
00
ENDCHAR
STARTCHAR uni046B
ENCODING 1131
SWIDTH 500 0
DWIDTH 6 0
BBX 6 12 0 -2
BITMAP
00
00
00
00
F8
50
20
70
A8
A8
00
00
ENDCHAR
STARTCHAR afii10050
ENCODING 1168
SWIDTH 500 0
DWIDTH 6 0
BBX 6 12 0 -2
BITMAP
08
08
F8
80
80
80
80
80
80
80
00
00
ENDCHAR
STARTCHAR afii10098
ENCODING 1169
SWIDTH 500 0
DWIDTH 6 0
BBX 6 12 0 -2
BITMAP
00
00
08
08
F8
80
80
80
80
80
00
00
ENDCHAR
STARTCHAR uni0492
ENCODING 1170
SWIDTH 500 0
DWIDTH 6 0
BBX 6 12 0 -2
BITMAP
00
00
7C
40
40
40
F0
40
40
40
00
00
ENDCHAR
STARTCHAR uni0493
ENCODING 1171
SWIDTH 500 0
DWIDTH 6 0
BBX 6 12 0 -2
BITMAP
00
00
00
00
78
40
40
F0
40
40
00
00
ENDCHAR
STARTCHAR uni0494
ENCODING 1172
SWIDTH 500 0
DWIDTH 6 0
BBX 6 12 0 -2
BITMAP
00
00
F8
80
80
80
F0
88
88
88
08
10
ENDCHAR
STARTCHAR uni0495
ENCODING 1173
SWIDTH 500 0
DWIDTH 6 0
BBX 6 12 0 -2
BITMAP
00
00
00
00
F8
80
80
E0
90
90
10
20
ENDCHAR
STARTCHAR uni0496
ENCODING 1174
SWIDTH 500 0
DWIDTH 6 0
BBX 6 12 0 -2
BITMAP
00
00
A8
A8
A8
70
70
A8
A8
AC
04
04
ENDCHAR
STARTCHAR uni0497
ENCODING 1175
SWIDTH 500 0
DWIDTH 6 0
BBX 6 12 0 -2
BITMAP
00
00
00
00
A8
A8
70
A8
A8
AC
04
04
ENDCHAR
STARTCHAR uni0498
ENCODING 1176
SWIDTH 500 0
DWIDTH 6 0
BBX 6 12 0 -2
BITMAP
00
00
70
88
08
30
08
08
88
70
20
20
ENDCHAR
STARTCHAR uni0499
ENCODING 1177
SWIDTH 500 0
DWIDTH 6 0
BBX 6 12 0 -2
BITMAP
00
00
00
00
70
88
30
08
88
70
20
20
ENDCHAR
STARTCHAR uni049A
ENCODING 1178
SWIDTH 500 0
DWIDTH 6 0
BBX 6 12 0 -2
BITMAP
00
00
88
90
A0
C0
C0
A0
90
8C
04
04
ENDCHAR
STARTCHAR uni049B
ENCODING 1179
SWIDTH 500 0
DWIDTH 6 0
BBX 6 12 0 -2
BITMAP
00
00
00
00
48
50
60
60
50
4C
04
04
ENDCHAR
STARTCHAR uni049C
ENCODING 1180
SWIDTH 500 0
DWIDTH 6 0
BBX 6 12 0 -2
BITMAP
00
00
84
A8
B0
E0
E0
B0
A8
84
00
00
ENDCHAR
STARTCHAR uni049D
ENCODING 1181
SWIDTH 500 0
DWIDTH 6 0
BBX 6 12 0 -2
BITMAP
00
00
00
00
A8
B0
E0
E0
B0
A8
00
00
ENDCHAR
STARTCHAR uni04A0
ENCODING 1184
SWIDTH 500 0
DWIDTH 6 0
BBX 6 12 0 -2
BITMAP
00
00
C4
48
50
60
60
50
48
44
00
00
ENDCHAR
STARTCHAR uni04A1
ENCODING 1185
SWIDTH 500 0
DWIDTH 6 0
BBX 6 12 0 -2
BITMAP
00
00
00
00
C8
50
60
60
50
48
00
00
ENDCHAR
STARTCHAR uni04A2
ENCODING 1186
SWIDTH 500 0
DWIDTH 6 0
BBX 6 12 0 -2
BITMAP
00
00
88
88
88
F8
88
88
88
8C
04
04
ENDCHAR
STARTCHAR uni04A3
ENCODING 1187
SWIDTH 500 0
DWIDTH 6 0
BBX 6 12 0 -2
BITMAP
00
00
00
00
88
88
F8
88
88
8C
04
04
ENDCHAR
STARTCHAR uni04A4
ENCODING 1188
SWIDTH 500 0
DWIDTH 6 0
BBX 6 12 0 -2
BITMAP
00
00
9C
90
90
F0
90
90
90
90
00
00
ENDCHAR
STARTCHAR uni04A5
ENCODING 1189
SWIDTH 500 0
DWIDTH 6 0
BBX 6 12 0 -2
BITMAP
00
00
00
00
9C
90
F0
90
90
90
00
00
ENDCHAR
STARTCHAR uni04AA
ENCODING 1194
SWIDTH 500 0
DWIDTH 6 0
BBX 6 12 0 -2
BITMAP
00
00
70
88
80
80
80
80
88
70
20
20
ENDCHAR
STARTCHAR uni04AB
ENCODING 1195
SWIDTH 500 0
DWIDTH 6 0
BBX 6 12 0 -2
BITMAP
00
00
00
00
70
88
80
80
88
70
20
20
ENDCHAR
STARTCHAR uni04AE
ENCODING 1198
SWIDTH 500 0
DWIDTH 6 0
BBX 6 12 0 -2
BITMAP
00
00
88
88
50
50
20
20
20
20
00
00
ENDCHAR
STARTCHAR uni04AF
ENCODING 1199
SWIDTH 500 0
DWIDTH 6 0
BBX 6 12 0 -2
BITMAP
00
00
00
00
88
88
88
50
50
20
20
20
ENDCHAR
STARTCHAR uni04B0
ENCODING 1200
SWIDTH 500 0
DWIDTH 6 0
BBX 6 12 0 -2
BITMAP
00
00
88
88
50
50
20
70
20
20
00
00
ENDCHAR
STARTCHAR uni04B1
ENCODING 1201
SWIDTH 500 0
DWIDTH 6 0
BBX 6 12 0 -2
BITMAP
00
00
00
00
88
88
88
50
50
20
70
20
ENDCHAR
STARTCHAR uni04B2
ENCODING 1202
SWIDTH 500 0
DWIDTH 6 0
BBX 6 12 0 -2
BITMAP
00
00
88
88
50
20
20
50
88
8C
04
04
ENDCHAR
STARTCHAR uni04B3
ENCODING 1203
SWIDTH 500 0
DWIDTH 6 0
BBX 6 12 0 -2
BITMAP
00
00
00
00
88
50
20
20
50
8C
04
04
ENDCHAR
STARTCHAR uni04B6
ENCODING 1206
SWIDTH 500 0
DWIDTH 6 0
BBX 6 12 0 -2
BITMAP
00
00
88
88
88
88
78
08
08
0C
04
04
ENDCHAR
STARTCHAR uni04B7
ENCODING 1207
SWIDTH 500 0
DWIDTH 6 0
BBX 6 12 0 -2
BITMAP
00
00
00
00
88
88
88
78
08
0C
04
04
ENDCHAR
STARTCHAR uni04B8
ENCODING 1208
SWIDTH 500 0
DWIDTH 6 0
BBX 6 12 0 -2
BITMAP
00
00
88
88
A8
A8
78
28
28
08
00
00
ENDCHAR
STARTCHAR uni04B9
ENCODING 1209
SWIDTH 500 0
DWIDTH 6 0
BBX 6 12 0 -2
BITMAP
00
00
00
00
88
A8
A8
78
28
08
00
00
ENDCHAR
STARTCHAR uni04BA
ENCODING 1210
SWIDTH 500 0
DWIDTH 6 0
BBX 6 12 0 -2
BITMAP
00
00
80
80
80
F0
88
88
88
88
00
00
ENDCHAR
STARTCHAR uni04BB
ENCODING 1211
SWIDTH 500 0
DWIDTH 6 0
BBX 6 12 0 -2
BITMAP
00
00
00
00
80
80
F0
88
88
88
00
00
ENDCHAR
STARTCHAR uni04C0
ENCODING 1216
SWIDTH 500 0
DWIDTH 6 0
BBX 6 12 0 -2
BITMAP
00
00
70
20
20
20
20
20
20
70
00
00
ENDCHAR
STARTCHAR uni04C1
ENCODING 1217
SWIDTH 500 0
DWIDTH 6 0
BBX 6 12 0 -2
BITMAP
50
20
A8
A8
A8
70
70
A8
A8
A8
00
00
ENDCHAR
STARTCHAR uni04C2
ENCODING 1218
SWIDTH 500 0
DWIDTH 6 0
BBX 6 12 0 -2
BITMAP
00
00
50
20
A8
A8
70
A8
A8
A8
00
00
ENDCHAR
STARTCHAR uni04CF
ENCODING 1231
SWIDTH 500 0
DWIDTH 6 0
BBX 6 12 0 -2
BITMAP
00
00
60
20
20
20
20
20
20
18
00
00
ENDCHAR
STARTCHAR uni04D0
ENCODING 1232
SWIDTH 500 0
DWIDTH 6 0
BBX 6 12 0 -2
BITMAP
50
20
70
88
88
88
F8
88
88
88
00
00
ENDCHAR
STARTCHAR uni04D1
ENCODING 1233
SWIDTH 500 0
DWIDTH 6 0
BBX 6 12 0 -2
BITMAP
00
00
50
20
70
08
78
88
88
78
00
00
ENDCHAR
STARTCHAR uni04D2
ENCODING 1234
SWIDTH 500 0
DWIDTH 6 0
BBX 6 12 0 -2
BITMAP
50
50
70
88
88
88
F8
88
88
88
00
00
ENDCHAR
STARTCHAR uni04D3
ENCODING 1235
SWIDTH 500 0
DWIDTH 6 0
BBX 6 12 0 -2
BITMAP
00
00
50
50
70
08
78
88
88
78
00
00
ENDCHAR
STARTCHAR uni04D4
ENCODING 1236
SWIDTH 500 0
DWIDTH 6 0
BBX 6 12 0 -2
BITMAP
00
00
7C
90
90
FC
90
90
90
9C
00
00
ENDCHAR
STARTCHAR uni04D5
ENCODING 1237
SWIDTH 500 0
DWIDTH 6 0
BBX 6 12 0 -2
BITMAP
00
00
00
00
70
28
68
B0
A0
78
00
00
ENDCHAR
STARTCHAR uni04D6
ENCODING 1238
SWIDTH 500 0
DWIDTH 6 0
BBX 6 12 0 -2
BITMAP
50
20
F8
80
80
F0
80
80
80
F8
00
00
ENDCHAR
STARTCHAR uni04D7
ENCODING 1239
SWIDTH 500 0
DWIDTH 6 0
BBX 6 12 0 -2
BITMAP
00
00
50
20
70
88
F8
80
80
78
00
00
ENDCHAR
STARTCHAR uni04D8
ENCODING 1240
SWIDTH 500 0
DWIDTH 6 0
BBX 6 12 0 -2
BITMAP
00
00
70
88
08
08
F8
88
88
70
00
00
ENDCHAR
STARTCHAR afii10846
ENCODING 1241
SWIDTH 500 0
DWIDTH 6 0
BBX 6 12 0 -2
BITMAP
00
00
00
00
70
88
08
F8
88
70
00
00
ENDCHAR
STARTCHAR uni04DA
ENCODING 1242
SWIDTH 500 0
DWIDTH 6 0
BBX 6 12 0 -2
BITMAP
50
50
70
88
08
08
F8
88
88
70
00
00
ENDCHAR
STARTCHAR uni04DB
ENCODING 1243
SWIDTH 500 0
DWIDTH 6 0
BBX 6 12 0 -2
BITMAP
00
00
50
50
70
88
08
F8
88
70
00
00
ENDCHAR
STARTCHAR uni04DC
ENCODING 1244
SWIDTH 500 0
DWIDTH 6 0
BBX 6 12 0 -2
BITMAP
50
50
A8
A8
A8
70
70
A8
A8
A8
00
00
ENDCHAR
STARTCHAR uni04DD
ENCODING 1245
SWIDTH 500 0
DWIDTH 6 0
BBX 6 12 0 -2
BITMAP
00
00
50
50
A8
A8
70
A8
A8
A8
00
00
ENDCHAR
STARTCHAR uni04DE
ENCODING 1246
SWIDTH 500 0
DWIDTH 6 0
BBX 6 12 0 -2
BITMAP
50
50
70
88
08
30
08
08
88
70
00
00
ENDCHAR
STARTCHAR uni04DF
ENCODING 1247
SWIDTH 500 0
DWIDTH 6 0
BBX 6 12 0 -2
BITMAP
00
00
50
50
70
88
30
08
88
70
00
00
ENDCHAR
STARTCHAR uni04E2
ENCODING 1250
SWIDTH 500 0
DWIDTH 6 0
BBX 6 12 0 -2
BITMAP
70
00
88
88
98
A8
C8
88
88
88
00
00
ENDCHAR
STARTCHAR uni04E3
ENCODING 1251
SWIDTH 500 0
DWIDTH 6 0
BBX 6 12 0 -2
BITMAP
00
00
70
00
88
88
88
88
88
78
00
00
ENDCHAR
STARTCHAR uni04E4
ENCODING 1252
SWIDTH 500 0
DWIDTH 6 0
BBX 6 12 0 -2
BITMAP
50
50
88
88
98
A8
C8
88
88
88
00
00
ENDCHAR
STARTCHAR uni04E5
ENCODING 1253
SWIDTH 500 0
DWIDTH 6 0
BBX 6 12 0 -2
BITMAP
00
00
50
50
88
88
88
88
88
78
00
00
ENDCHAR
STARTCHAR uni04E6
ENCODING 1254
SWIDTH 500 0
DWIDTH 6 0
BBX 6 12 0 -2
BITMAP
50
50
70
88
88
88
88
88
88
70
00
00
ENDCHAR
STARTCHAR uni04E7
ENCODING 1255
SWIDTH 500 0
DWIDTH 6 0
BBX 6 12 0 -2
BITMAP
00
00
50
50
70
88
88
88
88
70
00
00
ENDCHAR
STARTCHAR uni04E8
ENCODING 1256
SWIDTH 500 0
DWIDTH 6 0
BBX 6 12 0 -2
BITMAP
00
00
70
88
88
F8
88
88
88
70
00
00
ENDCHAR
STARTCHAR uni04E9
ENCODING 1257
SWIDTH 500 0
DWIDTH 6 0
BBX 6 12 0 -2
BITMAP
00
00
00
00
70
88
F8
88
88
70
00
00
ENDCHAR
STARTCHAR uni04EA
ENCODING 1258
SWIDTH 500 0
DWIDTH 6 0
BBX 6 12 0 -2
BITMAP
50
50
70
88
88
88
F8
88
88
70
00
00
ENDCHAR
STARTCHAR uni04EB
ENCODING 1259
SWIDTH 500 0
DWIDTH 6 0
BBX 6 12 0 -2
BITMAP
00
00
50
50
70
88
F8
88
88
70
00
00
ENDCHAR
STARTCHAR uni04EC
ENCODING 1260
SWIDTH 500 0
DWIDTH 6 0
BBX 6 12 0 -2
BITMAP
50
50
70
88
08
38
08
08
88
70
00
00
ENDCHAR
STARTCHAR uni04ED
ENCODING 1261
SWIDTH 500 0
DWIDTH 6 0
BBX 6 12 0 -2
BITMAP
00
00
50
50
70
88
38
08
88
70
00
00
ENDCHAR
STARTCHAR uni04EE
ENCODING 1262
SWIDTH 500 0
DWIDTH 6 0
BBX 6 12 0 -2
BITMAP
70
00
88
88
88
88
78
08
08
70
00
00
ENDCHAR
STARTCHAR uni04EF
ENCODING 1263
SWIDTH 500 0
DWIDTH 6 0
BBX 6 12 0 -2
BITMAP
00
00
70
00
88
88
88
88
88
78
08
70
ENDCHAR
STARTCHAR uni04F0
ENCODING 1264
SWIDTH 500 0
DWIDTH 6 0
BBX 6 12 0 -2
BITMAP
50
50
88
88
88
88
78
08
08
70
00
00
ENDCHAR
STARTCHAR uni04F1
ENCODING 1265
SWIDTH 500 0
DWIDTH 6 0
BBX 6 12 0 -2
BITMAP
00
00
50
50
88
88
88
88
88
78
08
70
ENDCHAR
STARTCHAR uni04F2
ENCODING 1266
SWIDTH 500 0
DWIDTH 6 0
BBX 6 12 0 -2
BITMAP
28
50
88
88
88
88
78
08
08
70
00
00
ENDCHAR
STARTCHAR uni04F3
ENCODING 1267
SWIDTH 500 0
DWIDTH 6 0
BBX 6 12 0 -2
BITMAP
00
00
28
50
88
88
88
88
88
78
08
70
ENDCHAR
STARTCHAR uni04F4
ENCODING 1268
SWIDTH 500 0
DWIDTH 6 0
BBX 6 12 0 -2
BITMAP
50
50
88
88
88
88
78
08
08
08
00
00
ENDCHAR
STARTCHAR uni04F5
ENCODING 1269
SWIDTH 500 0
DWIDTH 6 0
BBX 6 12 0 -2
BITMAP
00
00
50
50
88
88
88
78
08
08
00
00
ENDCHAR
STARTCHAR uni04F8
ENCODING 1272
SWIDTH 500 0
DWIDTH 6 0
BBX 6 12 0 -2
BITMAP
50
50
88
88
C8
A8
A8
A8
A8
C8
00
00
ENDCHAR
STARTCHAR uni04F9
ENCODING 1273
SWIDTH 500 0
DWIDTH 6 0
BBX 6 12 0 -2
BITMAP
00
00
50
50
88
88
C8
A8
A8
C8
00
00
ENDCHAR
STARTCHAR afii57664
ENCODING 1488
SWIDTH 500 0
DWIDTH 6 0
BBX 6 12 0 -2
BITMAP
00
00
88
88
50
20
50
90
88
88
00
00
ENDCHAR
STARTCHAR afii57665
ENCODING 1489
SWIDTH 500 0
DWIDTH 6 0
BBX 6 12 0 -2
BITMAP
00
00
F0
08
08
08
08
08
08
FC
00
00
ENDCHAR
STARTCHAR afii57666
ENCODING 1490
SWIDTH 500 0
DWIDTH 6 0
BBX 6 12 0 -2
BITMAP
00
00
60
10
10
10
10
30
48
88
00
00
ENDCHAR
STARTCHAR afii57667
ENCODING 1491
SWIDTH 500 0
DWIDTH 6 0
BBX 6 12 0 -2
BITMAP
00
00
FC
08
08
08
08
08
08
08
00
00
ENDCHAR
STARTCHAR afii57668
ENCODING 1492
SWIDTH 500 0
DWIDTH 6 0
BBX 6 12 0 -2
BITMAP
00
00
F0
08
88
88
88
88
88
88
00
00
ENDCHAR
STARTCHAR afii57669
ENCODING 1493
SWIDTH 500 0
DWIDTH 6 0
BBX 6 12 0 -2
BITMAP
00
00
C0
20
20
20
20
20
20
20
00
00
ENDCHAR
STARTCHAR afii57670
ENCODING 1494
SWIDTH 500 0
DWIDTH 6 0
BBX 6 12 0 -2
BITMAP
00
00
78
10
20
20
20
20
20
20
00
00
ENDCHAR
STARTCHAR afii57671
ENCODING 1495
SWIDTH 500 0
DWIDTH 6 0
BBX 6 12 0 -2
BITMAP
00
00
F0
88
88
88
88
88
88
88
00
00
ENDCHAR
STARTCHAR afii57672
ENCODING 1496
SWIDTH 500 0
DWIDTH 6 0
BBX 6 12 0 -2
BITMAP
00
00
90
98
88
88
88
88
88
70
00
00
ENDCHAR
STARTCHAR afii57673
ENCODING 1497
SWIDTH 500 0
DWIDTH 6 0
BBX 6 12 0 -2
BITMAP
00
00
C0
20
20
20
00
00
00
00
00
00
ENDCHAR
STARTCHAR afii57674
ENCODING 1498
SWIDTH 500 0
DWIDTH 6 0
BBX 6 12 0 -2
BITMAP
00
00
F0
08
08
08
08
08
08
08
08
08
ENDCHAR
STARTCHAR afii57675
ENCODING 1499
SWIDTH 500 0
DWIDTH 6 0
BBX 6 12 0 -2
BITMAP
00
00
F0
08
08
08
08
08
08
F0
00
00
ENDCHAR
STARTCHAR afii57676
ENCODING 1500
SWIDTH 500 0
DWIDTH 6 0
BBX 6 12 0 -2
BITMAP
80
80
F8
08
08
08
10
20
20
20
00
00
ENDCHAR
STARTCHAR afii57677
ENCODING 1501
SWIDTH 500 0
DWIDTH 6 0
BBX 6 12 0 -2
BITMAP
00
00
F0
88
88
88
88
88
88
F8
00
00
ENDCHAR
STARTCHAR afii57678
ENCODING 1502
SWIDTH 500 0
DWIDTH 6 0
BBX 6 12 0 -2
BITMAP
00
00
B0
C8
88
88
88
88
88
98
00
00
ENDCHAR
STARTCHAR afii57679
ENCODING 1503
SWIDTH 500 0
DWIDTH 6 0
BBX 6 12 0 -2
BITMAP
00
00
C0
20
20
20
20
20
20
20
20
20
ENDCHAR
STARTCHAR afii57680
ENCODING 1504
SWIDTH 500 0
DWIDTH 6 0
BBX 6 12 0 -2
BITMAP
00
00
60
10
10
10
10
10
10
70
00
00
ENDCHAR
STARTCHAR afii57681
ENCODING 1505
SWIDTH 500 0
DWIDTH 6 0
BBX 6 12 0 -2
BITMAP
00
00
F0
48
48
48
48
48
48
30
00
00
ENDCHAR
STARTCHAR afii57682
ENCODING 1506
SWIDTH 500 0
DWIDTH 6 0
BBX 6 12 0 -2
BITMAP
00
00
88
88
88
48
48
48
30
C0
00
00
ENDCHAR
STARTCHAR afii57683
ENCODING 1507
SWIDTH 500 0
DWIDTH 6 0
BBX 6 12 0 -2
BITMAP
00
00
F0
88
88
48
08
08
08
08
08
08
ENDCHAR
STARTCHAR afii57684
ENCODING 1508
SWIDTH 500 0
DWIDTH 6 0
BBX 6 12 0 -2
BITMAP
00
00
F0
88
88
48
08
08
08
F0
00
00
ENDCHAR
STARTCHAR afii57685
ENCODING 1509
SWIDTH 500 0
DWIDTH 6 0
BBX 6 12 0 -2
BITMAP
00
00
88
88
48
50
20
20
20
20
20
20
ENDCHAR
STARTCHAR afii57686
ENCODING 1510
SWIDTH 500 0
DWIDTH 6 0
BBX 6 12 0 -2
BITMAP
00
00
88
88
48
50
20
20
10
F0
00
00
ENDCHAR
STARTCHAR afii57687
ENCODING 1511
SWIDTH 500 0
DWIDTH 6 0
BBX 6 12 0 -2
BITMAP
00
00
F8
08
88
88
90
A0
A0
A0
80
80
ENDCHAR
STARTCHAR afii57688
ENCODING 1512
SWIDTH 500 0
DWIDTH 6 0
BBX 6 12 0 -2
BITMAP
00
00
F0
08
08
08
08
08
08
08
00
00
ENDCHAR
STARTCHAR afii57689
ENCODING 1513
SWIDTH 500 0
DWIDTH 6 0
BBX 6 12 0 -2
BITMAP
00
00
A8
A8
A8
A8
C8
88
88
F0
00
00
ENDCHAR
STARTCHAR afii57690
ENCODING 1514
SWIDTH 500 0
DWIDTH 6 0
BBX 6 12 0 -2
BITMAP
00
00
F0
48
48
48
48
48
48
88
00
00
ENDCHAR
STARTCHAR uni1E0C
ENCODING 7692
SWIDTH 500 0
DWIDTH 6 0
BBX 6 12 0 -2
BITMAP
00
00
E0
90
88
88
88
88
90
E0
20
20
ENDCHAR
STARTCHAR uni1E0D
ENCODING 7693
SWIDTH 500 0
DWIDTH 6 0
BBX 6 12 0 -2
BITMAP
00
00
08
08
78
88
88
88
88
78
20
20
ENDCHAR
STARTCHAR Klinebelow
ENCODING 7732
SWIDTH 500 0
DWIDTH 6 0
BBX 6 12 0 -2
BITMAP
00
00
88
90
A0
C0
C0
A0
90
88
00
70
ENDCHAR
STARTCHAR klinebelow
ENCODING 7733
SWIDTH 500 0
DWIDTH 6 0
BBX 6 12 0 -2
BITMAP
00
00
40
40
48
50
60
60
50
48
00
70
ENDCHAR
STARTCHAR uni1E36
ENCODING 7734
SWIDTH 500 0
DWIDTH 6 0
BBX 6 12 0 -2
BITMAP
00
00
80
80
80
80
80
80
80
F8
20
20
ENDCHAR
STARTCHAR uni1E37
ENCODING 7735
SWIDTH 500 0
DWIDTH 6 0
BBX 6 12 0 -2
BITMAP
00
00
60
20
20
20
20
20
20
18
10
10
ENDCHAR
STARTCHAR uni1E40
ENCODING 7744
SWIDTH 500 0
DWIDTH 6 0
BBX 6 12 0 -2
BITMAP
20
20
88
D8
A8
A8
88
88
88
88
00
00
ENDCHAR
STARTCHAR uni1E41
ENCODING 7745
SWIDTH 500 0
DWIDTH 6 0
BBX 6 12 0 -2
BITMAP
00
00
20
20
F0
A8
A8
A8
A8
A8
00
00
ENDCHAR
STARTCHAR uni1E42
ENCODING 7746
SWIDTH 500 0
DWIDTH 6 0
BBX 6 12 0 -2
BITMAP
00
00
88
D8
A8
A8
88
88
88
88
20
20
ENDCHAR
STARTCHAR uni1E43
ENCODING 7747
SWIDTH 500 0
DWIDTH 6 0
BBX 6 12 0 -2
BITMAP
00
00
00
00
F0
A8
A8
A8
A8
A8
10
10
ENDCHAR
STARTCHAR uni1E44
ENCODING 7748
SWIDTH 500 0
DWIDTH 6 0
BBX 6 12 0 -2
BITMAP
20
20
88
88
C8
A8
98
88
88
88
00
00
ENDCHAR
STARTCHAR uni1E45
ENCODING 7749
SWIDTH 500 0
DWIDTH 6 0
BBX 6 12 0 -2
BITMAP
00
00
20
20
F0
88
88
88
88
88
00
00
ENDCHAR
STARTCHAR uni1E46
ENCODING 7750
SWIDTH 500 0
DWIDTH 6 0
BBX 6 12 0 -2
BITMAP
00
00
88
88
C8
A8
98
88
88
88
20
20
ENDCHAR
STARTCHAR uni1E47
ENCODING 7751
SWIDTH 500 0
DWIDTH 6 0
BBX 6 12 0 -2
BITMAP
00
00
00
00
F0
88
88
88
88
88
20
20
ENDCHAR
STARTCHAR uni1E6C
ENCODING 7788
SWIDTH 500 0
DWIDTH 6 0
BBX 6 12 0 -2
BITMAP
00
00
F8
20
20
20
20
20
20
20
10
10
ENDCHAR
STARTCHAR uni1E6D
ENCODING 7789
SWIDTH 500 0
DWIDTH 6 0
BBX 6 12 0 -2
BITMAP
00
00
20
20
70
20
20
20
20
18
10
10
ENDCHAR
STARTCHAR Edotbelow
ENCODING 7864
SWIDTH 500 0
DWIDTH 6 0
BBX 6 12 0 -2
BITMAP
00
00
F8
80
80
F0
80
80
80
F8
20
20
ENDCHAR
STARTCHAR edotbelow
ENCODING 7865
SWIDTH 500 0
DWIDTH 6 0
BBX 6 12 0 -2
BITMAP
00
00
00
00
70
88
F8
80
80
78
20
20
ENDCHAR
STARTCHAR Etilde
ENCODING 7868
SWIDTH 500 0
DWIDTH 6 0
BBX 6 12 0 -2
BITMAP
28
50
F8
80
80
F0
80
80
80
F8
00
00
ENDCHAR
STARTCHAR etilde
ENCODING 7869
SWIDTH 500 0
DWIDTH 6 0
BBX 6 12 0 -2
BITMAP
00
00
28
50
70
88
F8
80
80
78
00
00
ENDCHAR
STARTCHAR uni1ECA
ENCODING 7882
SWIDTH 500 0
DWIDTH 6 0
BBX 6 12 0 -2
BITMAP
00
00
70
20
20
20
20
20
20
70
20
20
ENDCHAR
STARTCHAR uni1ECB
ENCODING 7883
SWIDTH 500 0
DWIDTH 6 0
BBX 6 12 0 -2
BITMAP
00
20
20
00
60
20
20
20
20
70
20
20
ENDCHAR
STARTCHAR Odotbelow
ENCODING 7884
SWIDTH 500 0
DWIDTH 6 0
BBX 6 12 0 -2
BITMAP
00
00
70
88
88
88
88
88
88
70
20
20
ENDCHAR
STARTCHAR odotbelow
ENCODING 7885
SWIDTH 500 0
DWIDTH 6 0
BBX 6 12 0 -2
BITMAP
00
00
00
00
70
88
88
88
88
70
20
20
ENDCHAR
STARTCHAR uni1EE4
ENCODING 7908
SWIDTH 500 0
DWIDTH 6 0
BBX 6 12 0 -2
BITMAP
00
00
88
88
88
88
88
88
88
70
20
20
ENDCHAR
STARTCHAR uni1EE5
ENCODING 7909
SWIDTH 500 0
DWIDTH 6 0
BBX 6 12 0 -2
BITMAP
00
00
00
00
88
88
88
88
88
78
20
20
ENDCHAR
STARTCHAR Ytilde
ENCODING 7928
SWIDTH 500 0
DWIDTH 6 0
BBX 6 12 0 -2
BITMAP
28
50
88
88
50
50
20
20
20
20
00
00
ENDCHAR
STARTCHAR ytilde
ENCODING 7929
SWIDTH 500 0
DWIDTH 6 0
BBX 6 12 0 -2
BITMAP
00
00
28
50
88
88
88
88
88
78
08
70
ENDCHAR
STARTCHAR uni2000
ENCODING 8192
SWIDTH 500 0
DWIDTH 6 0
BBX 6 12 0 -2
BITMAP
00
00
00
00
00
00
00
00
00
00
00
00
ENDCHAR
STARTCHAR uni2001
ENCODING 8193
SWIDTH 500 0
DWIDTH 6 0
BBX 6 12 0 -2
BITMAP
00
00
00
00
00
00
00
00
00
00
00
00
ENDCHAR
STARTCHAR enspace
ENCODING 8194
SWIDTH 500 0
DWIDTH 6 0
BBX 6 12 0 -2
BITMAP
00
00
00
00
00
00
00
00
00
00
00
00
ENDCHAR
STARTCHAR uni2003
ENCODING 8195
SWIDTH 500 0
DWIDTH 6 0
BBX 6 12 0 -2
BITMAP
00
00
00
00
00
00
00
00
00
00
00
00
ENDCHAR
STARTCHAR uni2004
ENCODING 8196
SWIDTH 500 0
DWIDTH 6 0
BBX 6 12 0 -2
BITMAP
00
00
00
00
00
00
00
00
00
00
00
00
ENDCHAR
STARTCHAR uni2005
ENCODING 8197
SWIDTH 500 0
DWIDTH 6 0
BBX 6 12 0 -2
BITMAP
00
00
00
00
00
00
00
00
00
00
00
00
ENDCHAR
STARTCHAR uni2006
ENCODING 8198
SWIDTH 500 0
DWIDTH 6 0
BBX 6 12 0 -2
BITMAP
00
00
00
00
00
00
00
00
00
00
00
00
ENDCHAR
STARTCHAR uni2007
ENCODING 8199
SWIDTH 500 0
DWIDTH 6 0
BBX 6 12 0 -2
BITMAP
00
00
00
00
00
00
00
00
00
00
00
00
ENDCHAR
STARTCHAR uni2008
ENCODING 8200
SWIDTH 500 0
DWIDTH 6 0
BBX 6 12 0 -2
BITMAP
00
00
00
00
00
00
00
00
00
00
00
00
ENDCHAR
STARTCHAR uni2009
ENCODING 8201
SWIDTH 500 0
DWIDTH 6 0
BBX 6 12 0 -2
BITMAP
00
00
00
00
00
00
00
00
00
00
00
00
ENDCHAR
STARTCHAR uni200A
ENCODING 8202
SWIDTH 500 0
DWIDTH 6 0
BBX 6 12 0 -2
BITMAP
00
00
00
00
00
00
00
00
00
00
00
00
ENDCHAR
STARTCHAR uni200B
ENCODING 8203
SWIDTH 500 0
DWIDTH 6 0
BBX 6 12 0 -2
BITMAP
00
00
00
00
00
00
00
00
00
00
00
00
ENDCHAR
STARTCHAR afii61664
ENCODING 8204
SWIDTH 500 0
DWIDTH 6 0
BBX 6 12 0 -2
BITMAP
00
00
00
00
00
00
00
00
00
00
00
00
ENDCHAR
STARTCHAR afii301
ENCODING 8205
SWIDTH 500 0
DWIDTH 6 0
BBX 6 12 0 -2
BITMAP
00
00
00
00
00
00
00
00
00
00
00
00
ENDCHAR
STARTCHAR afii299
ENCODING 8206
SWIDTH 500 0
DWIDTH 6 0
BBX 6 12 0 -2
BITMAP
00
00
00
00
00
00
00
00
00
00
00
00
ENDCHAR
STARTCHAR afii300
ENCODING 8207
SWIDTH 500 0
DWIDTH 6 0
BBX 6 12 0 -2
BITMAP
00
00
00
00
00
00
00
00
00
00
00
00
ENDCHAR
STARTCHAR hyphentwo
ENCODING 8208
SWIDTH 500 0
DWIDTH 6 0
BBX 6 12 0 -2
BITMAP
00
00
00
00
00
00
78
00
00
00
00
00
ENDCHAR
STARTCHAR uni2011
ENCODING 8209
SWIDTH 500 0
DWIDTH 6 0
BBX 6 12 0 -2
BITMAP
00
00
00
00
00
00
78
00
00
00
00
00
ENDCHAR
STARTCHAR figuredash
ENCODING 8210
SWIDTH 500 0
DWIDTH 6 0
BBX 6 12 0 -2
BITMAP
00
00
00
00
00
00
F8
00
00
00
00
00
ENDCHAR
STARTCHAR endash
ENCODING 8211
SWIDTH 500 0
DWIDTH 6 0
BBX 6 12 0 -2
BITMAP
00
00
00
00
00
00
F8
00
00
00
00
00
ENDCHAR
STARTCHAR emdash
ENCODING 8212
SWIDTH 500 0
DWIDTH 6 0
BBX 6 12 0 -2
BITMAP
00
00
00
00
00
00
F8
00
00
00
00
00
ENDCHAR
STARTCHAR afii00208
ENCODING 8213
SWIDTH 500 0
DWIDTH 6 0
BBX 6 12 0 -2
BITMAP
00
00
00
00
00
00
F8
00
00
00
00
00
ENDCHAR
STARTCHAR dblverticalbar
ENCODING 8214
SWIDTH 500 0
DWIDTH 6 0
BBX 6 12 0 -2
BITMAP
00
00
50
50
50
50
50
50
50
50
00
00
ENDCHAR
STARTCHAR underscoredbl
ENCODING 8215
SWIDTH 500 0
DWIDTH 6 0
BBX 6 12 0 -2
BITMAP
00
00
00
00
00
00
00
00
00
F8
00
F8
ENDCHAR
STARTCHAR quoteleft
ENCODING 8216
SWIDTH 500 0
DWIDTH 6 0
BBX 6 12 0 -2
BITMAP
00
10
20
20
00
00
00
00
00
00
00
00
ENDCHAR
STARTCHAR quoteright
ENCODING 8217
SWIDTH 500 0
DWIDTH 6 0
BBX 6 12 0 -2
BITMAP
00
20
20
40
00
00
00
00
00
00
00
00
ENDCHAR
STARTCHAR quotesinglbase
ENCODING 8218
SWIDTH 500 0
DWIDTH 6 0
BBX 6 12 0 -2
BITMAP
00
00
00
00
00
00
00
00
20
20
40
00
ENDCHAR
STARTCHAR quotereversed
ENCODING 8219
SWIDTH 500 0
DWIDTH 6 0
BBX 6 12 0 -2
BITMAP
00
20
20
10
00
00
00
00
00
00
00
00
ENDCHAR
STARTCHAR quotedblleft
ENCODING 8220
SWIDTH 500 0
DWIDTH 6 0
BBX 6 12 0 -2
BITMAP
00
28
50
50
00
00
00
00
00
00
00
00
ENDCHAR
STARTCHAR quotedblright
ENCODING 8221
SWIDTH 500 0
DWIDTH 6 0
BBX 6 12 0 -2
BITMAP
00
28
28
50
00
00
00
00
00
00
00
00
ENDCHAR
STARTCHAR quotedblbase
ENCODING 8222
SWIDTH 500 0
DWIDTH 6 0
BBX 6 12 0 -2
BITMAP
00
00
00
00
00
00
00
00
50
50
A0
00
ENDCHAR
STARTCHAR uni201F
ENCODING 8223
SWIDTH 500 0
DWIDTH 6 0
BBX 6 12 0 -2
BITMAP
00
A0
A0
50
00
00
00
00
00
00
00
00
ENDCHAR
STARTCHAR dagger
ENCODING 8224
SWIDTH 500 0
DWIDTH 6 0
BBX 6 12 0 -2
BITMAP
00
00
20
70
20
20
20
20
20
20
00
00
ENDCHAR
STARTCHAR daggerdbl
ENCODING 8225
SWIDTH 500 0
DWIDTH 6 0
BBX 6 12 0 -2
BITMAP
00
00
20
70
20
20
20
20
70
20
00
00
ENDCHAR
STARTCHAR bullet
ENCODING 8226
SWIDTH 500 0
DWIDTH 6 0
BBX 6 12 0 -2
BITMAP
00
00
00
00
30
78
78
30
00
00
00
00
ENDCHAR
STARTCHAR ellipsis
ENCODING 8230
SWIDTH 500 0
DWIDTH 6 0
BBX 6 12 0 -2
BITMAP
00
00
00
00
00
00
00
00
A8
A8
00
00
ENDCHAR
STARTCHAR perthousand
ENCODING 8240
SWIDTH 500 0
DWIDTH 6 0
BBX 6 12 0 -2
BITMAP
00
00
44
A8
50
20
40
A8
54
28
00
00
ENDCHAR
STARTCHAR minute
ENCODING 8242
SWIDTH 500 0
DWIDTH 6 0
BBX 6 12 0 -2
BITMAP
00
20
20
20
00
00
00
00
00
00
00
00
ENDCHAR
STARTCHAR second
ENCODING 8243
SWIDTH 500 0
DWIDTH 6 0
BBX 6 12 0 -2
BITMAP
00
50
50
50
00
00
00
00
00
00
00
00
ENDCHAR
STARTCHAR guilsinglleft
ENCODING 8249
SWIDTH 500 0
DWIDTH 6 0
BBX 6 12 0 -2
BITMAP
00
00
00
08
10
20
40
20
10
08
00
00
ENDCHAR
STARTCHAR guilsinglright
ENCODING 8250
SWIDTH 500 0
DWIDTH 6 0
BBX 6 12 0 -2
BITMAP
00
00
00
40
20
10
08
10
20
40
00
00
ENDCHAR
STARTCHAR exclamdbl
ENCODING 8252
SWIDTH 500 0
DWIDTH 6 0
BBX 6 12 0 -2
BITMAP
00
00
50
50
50
50
50
00
50
50
00
00
ENDCHAR
STARTCHAR overline
ENCODING 8254
SWIDTH 500 0
DWIDTH 6 0
BBX 6 12 0 -2
BITMAP
F8
00
00
00
00
00
00
00
00
00
00
00
ENDCHAR
STARTCHAR uni2070
ENCODING 8304
SWIDTH 500 0
DWIDTH 6 0
BBX 6 12 0 -2
BITMAP
00
30
48
48
48
30
00
00
00
00
00
00
ENDCHAR
STARTCHAR uni2071
ENCODING 8305
SWIDTH 500 0
DWIDTH 6 0
BBX 6 12 0 -2
BITMAP
20
00
60
20
20
70
00
00
00
00
00
00
ENDCHAR
STARTCHAR uni2074
ENCODING 8308
SWIDTH 500 0
DWIDTH 6 0
BBX 6 12 0 -2
BITMAP
00
08
18
28
78
08
00
00
00
00
00
00
ENDCHAR
STARTCHAR uni2075
ENCODING 8309
SWIDTH 500 0
DWIDTH 6 0
BBX 6 12 0 -2
BITMAP
00
70
40
70
08
70
00
00
00
00
00
00
ENDCHAR
STARTCHAR uni2076
ENCODING 8310
SWIDTH 500 0
DWIDTH 6 0
BBX 6 12 0 -2
BITMAP
00
30
40
70
48
30
00
00
00
00
00
00
ENDCHAR
STARTCHAR uni2077
ENCODING 8311
SWIDTH 500 0
DWIDTH 6 0
BBX 6 12 0 -2
BITMAP
00
78
08
10
20
20
00
00
00
00
00
00
ENDCHAR
STARTCHAR uni2078
ENCODING 8312
SWIDTH 500 0
DWIDTH 6 0
BBX 6 12 0 -2
BITMAP
00
30
48
30
48
30
00
00
00
00
00
00
ENDCHAR
STARTCHAR uni2079
ENCODING 8313
SWIDTH 500 0
DWIDTH 6 0
BBX 6 12 0 -2
BITMAP
00
30
48
38
08
30
00
00
00
00
00
00
ENDCHAR
STARTCHAR uni207A
ENCODING 8314
SWIDTH 500 0
DWIDTH 6 0
BBX 6 12 0 -2
BITMAP
00
20
20
F8
20
20
00
00
00
00
00
00
ENDCHAR
STARTCHAR uni207B
ENCODING 8315
SWIDTH 500 0
DWIDTH 6 0
BBX 6 12 0 -2
BITMAP
00
00
00
78
00
00
00
00
00
00
00
00
ENDCHAR
STARTCHAR uni207C
ENCODING 8316
SWIDTH 500 0
DWIDTH 6 0
BBX 6 12 0 -2
BITMAP
00
00
78
00
78
00
00
00
00
00
00
00
ENDCHAR
STARTCHAR uni207D
ENCODING 8317
SWIDTH 500 0
DWIDTH 6 0
BBX 6 12 0 -2
BITMAP
00
10
20
20
20
10
00
00
00
00
00
00
ENDCHAR
STARTCHAR uni207E
ENCODING 8318
SWIDTH 500 0
DWIDTH 6 0
BBX 6 12 0 -2
BITMAP
00
20
10
10
10
20
00
00
00
00
00
00
ENDCHAR
STARTCHAR nsuperior
ENCODING 8319
SWIDTH 500 0
DWIDTH 6 0
BBX 6 12 0 -2
BITMAP
00
70
48
48
48
48
00
00
00
00
00
00
ENDCHAR
STARTCHAR uni2080
ENCODING 8320
SWIDTH 500 0
DWIDTH 6 0
BBX 6 12 0 -2
BITMAP
00
00
00
00
00
30
48
48
48
30
00
00
ENDCHAR
STARTCHAR uni2081
ENCODING 8321
SWIDTH 500 0
DWIDTH 6 0
BBX 6 12 0 -2
BITMAP
00
00
00
00
00
10
30
10
10
38
00
00
ENDCHAR
STARTCHAR uni2082
ENCODING 8322
SWIDTH 500 0
DWIDTH 6 0
BBX 6 12 0 -2
BITMAP
00
00
00
00
00
30
48
10
20
78
00
00
ENDCHAR
STARTCHAR uni2083
ENCODING 8323
SWIDTH 500 0
DWIDTH 6 0
BBX 6 12 0 -2
BITMAP
00
00
00
00
00
70
08
30
08
70
00
00
ENDCHAR
STARTCHAR uni2084
ENCODING 8324
SWIDTH 500 0
DWIDTH 6 0
BBX 6 12 0 -2
BITMAP
00
00
00
00
00
08
18
28
78
08
00
00
ENDCHAR
STARTCHAR uni2085
ENCODING 8325
SWIDTH 500 0
DWIDTH 6 0
BBX 6 12 0 -2
BITMAP
00
00
00
00
00
70
40
70
08
70
00
00
ENDCHAR
STARTCHAR uni2086
ENCODING 8326
SWIDTH 500 0
DWIDTH 6 0
BBX 6 12 0 -2
BITMAP
00
00
00
00
00
30
40
70
48
30
00
00
ENDCHAR
STARTCHAR uni2087
ENCODING 8327
SWIDTH 500 0
DWIDTH 6 0
BBX 6 12 0 -2
BITMAP
00
00
00
00
00
78
08
10
20
20
00
00
ENDCHAR
STARTCHAR uni2088
ENCODING 8328
SWIDTH 500 0
DWIDTH 6 0
BBX 6 12 0 -2
BITMAP
00
00
00
00
00
30
48
30
48
30
00
00
ENDCHAR
STARTCHAR uni2089
ENCODING 8329
SWIDTH 500 0
DWIDTH 6 0
BBX 6 12 0 -2
BITMAP
00
00
00
00
00
30
48
38
08
30
00
00
ENDCHAR
STARTCHAR uni208A
ENCODING 8330
SWIDTH 500 0
DWIDTH 6 0
BBX 6 12 0 -2
BITMAP
00
00
00
00
00
20
20
F8
20
20
00
00
ENDCHAR
STARTCHAR uni208B
ENCODING 8331
SWIDTH 500 0
DWIDTH 6 0
BBX 6 12 0 -2
BITMAP
00
00
00
00
00
00
00
78
00
00
00
00
ENDCHAR
STARTCHAR uni208C
ENCODING 8332
SWIDTH 500 0
DWIDTH 6 0
BBX 6 12 0 -2
BITMAP
00
00
00
00
00
00
78
00
78
00
00
00
ENDCHAR
STARTCHAR uni208D
ENCODING 8333
SWIDTH 500 0
DWIDTH 6 0
BBX 6 12 0 -2
BITMAP
00
00
00
00
00
10
20
20
20
10
00
00
ENDCHAR
STARTCHAR uni208E
ENCODING 8334
SWIDTH 500 0
DWIDTH 6 0
BBX 6 12 0 -2
BITMAP
00
00
00
00
00
20
10
10
10
20
00
00
ENDCHAR
STARTCHAR uni2090
ENCODING 8336
SWIDTH 500 0
DWIDTH 6 0
BBX 6 12 0 -2
BITMAP
00
00
00
00
00
30
08
38
48
38
00
00
ENDCHAR
STARTCHAR uni2091
ENCODING 8337
SWIDTH 500 0
DWIDTH 6 0
BBX 6 12 0 -2
BITMAP
00
00
00
00
00
30
48
78
40
38
00
00
ENDCHAR
STARTCHAR uni2092
ENCODING 8338
SWIDTH 500 0
DWIDTH 6 0
BBX 6 12 0 -2
BITMAP
00
00
00
00
00
30
48
48
48
30
00
00
ENDCHAR
STARTCHAR uni2093
ENCODING 8339
SWIDTH 500 0
DWIDTH 6 0
BBX 6 12 0 -2
BITMAP
00
00
00
00
00
88
50
20
50
88
00
00
ENDCHAR
STARTCHAR uni2094
ENCODING 8340
SWIDTH 500 0
DWIDTH 6 0
BBX 6 12 0 -2
BITMAP
00
00
00
00
00
70
08
78
48
30
00
00
ENDCHAR
STARTCHAR uni2095
ENCODING 8341
SWIDTH 500 0
DWIDTH 6 0
BBX 6 12 0 -2
BITMAP
00
00
00
00
40
70
48
48
48
48
00
00
ENDCHAR
STARTCHAR uni2096
ENCODING 8342
SWIDTH 500 0
DWIDTH 6 0
BBX 6 12 0 -2
BITMAP
00
00
00
00
40
48
50
60
50
48
00
00
ENDCHAR
STARTCHAR uni2097
ENCODING 8343
SWIDTH 500 0
DWIDTH 6 0
BBX 6 12 0 -2
BITMAP
00
00
00
00
60
20
20
20
20
18
00
00
ENDCHAR
STARTCHAR uni2098
ENCODING 8344
SWIDTH 500 0
DWIDTH 6 0
BBX 6 12 0 -2
BITMAP
00
00
00
00
00
F0
A8
A8
A8
A8
00
00
ENDCHAR
STARTCHAR uni209A
ENCODING 8346
SWIDTH 500 0
DWIDTH 6 0
BBX 6 12 0 -2
BITMAP
00
00
00
00
00
70
48
48
48
70
40
40
ENDCHAR
STARTCHAR peseta
ENCODING 8359
SWIDTH 500 0
DWIDTH 6 0
BBX 6 12 0 -2
BITMAP
00
00
C0
A0
A0
C8
9C
88
88
84
00
00
ENDCHAR
STARTCHAR afii57636
ENCODING 8362
SWIDTH 500 0
DWIDTH 6 0
BBX 6 12 0 -2
BITMAP
00
00
C8
A8
A8
88
88
A8
A8
B0
00
00
ENDCHAR
STARTCHAR Euro
ENCODING 8364
SWIDTH 500 0
DWIDTH 6 0
BBX 6 12 0 -2
BITMAP
00
00
00
38
44
F0
40
F0
44
38
00
00
ENDCHAR
STARTCHAR uni20AE
ENCODING 8366
SWIDTH 500 0
DWIDTH 6 0
BBX 6 12 0 -2
BITMAP
00
00
F8
20
30
60
30
60
20
20
00
00
ENDCHAR
STARTCHAR uni2102
ENCODING 8450
SWIDTH 500 0
DWIDTH 6 0
BBX 6 12 0 -2
BITMAP
00
00
70
A8
A0
A0
A0
A0
A8
70
00
00
ENDCHAR
STARTCHAR uni210E
ENCODING 8462
SWIDTH 500 0
DWIDTH 6 0
BBX 6 12 0 -2
BITMAP
00
00
80
80
F0
88
88
88
88
88
00
00
ENDCHAR
STARTCHAR uni210F
ENCODING 8463
SWIDTH 500 0
DWIDTH 6 0
BBX 6 12 0 -2
BITMAP
00
00
40
F0
40
70
48
48
48
48
00
00
ENDCHAR
STARTCHAR uni2115
ENCODING 8469
SWIDTH 500 0
DWIDTH 6 0
BBX 6 12 0 -2
BITMAP
00
00
88
C8
A8
D8
A8
98
88
88
00
00
ENDCHAR
STARTCHAR afii61352
ENCODING 8470
SWIDTH 500 0
DWIDTH 6 0
BBX 6 12 0 -2
BITMAP
00
00
94
94
D0
F0
F0
B4
90
94
00
00
ENDCHAR
STARTCHAR uni211A
ENCODING 8474
SWIDTH 500 0
DWIDTH 6 0
BBX 6 12 0 -2
BITMAP
00
00
70
C8
A8
A8
A8
A8
A8
70
18
00
ENDCHAR
STARTCHAR uni211D
ENCODING 8477
SWIDTH 500 0
DWIDTH 6 0
BBX 6 12 0 -2
BITMAP
00
00
F0
A8
A8
A8
B0
B0
A8
E4
00
00
ENDCHAR
STARTCHAR trademark
ENCODING 8482
SWIDTH 500 0
DWIDTH 6 0
BBX 6 12 0 -2
BITMAP
00
00
F4
5C
54
54
00
00
00
00
00
00
ENDCHAR
STARTCHAR uni2124
ENCODING 8484
SWIDTH 500 0
DWIDTH 6 0
BBX 6 12 0 -2
BITMAP
00
00
F8
18
28
50
A0
C0
80
F8
00
00
ENDCHAR
STARTCHAR Ohm
ENCODING 8486
SWIDTH 500 0
DWIDTH 6 0
BBX 6 12 0 -2
BITMAP
00
00
70
88
88
88
88
88
50
D8
00
00
ENDCHAR
STARTCHAR aleph
ENCODING 8501
SWIDTH 500 0
DWIDTH 6 0
BBX 6 12 0 -2
BITMAP
00
00
48
48
24
68
90
90
88
48
00
00
ENDCHAR
STARTCHAR arrowleft
ENCODING 8592
SWIDTH 500 0
DWIDTH 6 0
BBX 6 12 0 -2
BITMAP
00
00
00
20
60
FC
60
20
00
00
00
00
ENDCHAR
STARTCHAR arrowup
ENCODING 8593
SWIDTH 500 0
DWIDTH 6 0
BBX 6 12 0 -2
BITMAP
00
00
20
70
F8
20
20
20
20
20
00
00
ENDCHAR
STARTCHAR arrowright
ENCODING 8594
SWIDTH 500 0
DWIDTH 6 0
BBX 6 12 0 -2
BITMAP
00
00
00
10
18
FC
18
10
00
00
00
00
ENDCHAR
STARTCHAR arrowdown
ENCODING 8595
SWIDTH 500 0
DWIDTH 6 0
BBX 6 12 0 -2
BITMAP
00
00
20
20
20
20
20
F8
70
20
00
00
ENDCHAR
STARTCHAR arrowboth
ENCODING 8596
SWIDTH 500 0
DWIDTH 6 0
BBX 6 12 0 -2
BITMAP
00
00
00
48
CC
FC
CC
48
00
00
00
00
ENDCHAR
STARTCHAR arrowupdn
ENCODING 8597
SWIDTH 500 0
DWIDTH 6 0
BBX 6 12 0 -2
BITMAP
00
00
20
70
F8
20
20
F8
70
20
00
00
ENDCHAR
STARTCHAR uni21A4
ENCODING 8612
SWIDTH 500 0
DWIDTH 6 0
BBX 6 12 0 -2
BITMAP
00
00
00
24
64
FC
64
24
00
00
00
00
ENDCHAR
STARTCHAR uni21A6
ENCODING 8614
SWIDTH 500 0
DWIDTH 6 0
BBX 6 12 0 -2
BITMAP
00
00
00
90
98
FC
98
90
00
00
00
00
ENDCHAR
STARTCHAR arrowupdnbse
ENCODING 8616
SWIDTH 500 0
DWIDTH 6 0
BBX 6 12 0 -2
BITMAP
00
00
20
70
F8
20
F8
70
20
F8
00
00
ENDCHAR
STARTCHAR uni21B2
ENCODING 8626
SWIDTH 500 0
DWIDTH 6 0
BBX 6 12 0 -2
BITMAP
00
00
08
08
08
28
68
F8
60
20
00
00
ENDCHAR
STARTCHAR uni21B3
ENCODING 8627
SWIDTH 500 0
DWIDTH 6 0
BBX 6 12 0 -2
BITMAP
00
00
80
80
80
A0
B0
F8
30
20
00
00
ENDCHAR
STARTCHAR carriagereturn
ENCODING 8629
SWIDTH 500 0
DWIDTH 6 0
BBX 6 12 0 -2
BITMAP
00
00
00
08
08
28
68
F8
60
20
00
00
ENDCHAR
STARTCHAR uni21BB
ENCODING 8635
SWIDTH 500 0
DWIDTH 6 0
BBX 6 12 0 -2
BITMAP
00
00
F0
30
50
94
84
84
84
78
00
00
ENDCHAR
STARTCHAR uni21CB
ENCODING 8651
SWIDTH 500 0
DWIDTH 6 0
BBX 6 12 0 -2
BITMAP
00
00
20
40
FC
00
FC
08
10
00
00
00
ENDCHAR
STARTCHAR uni21CC
ENCODING 8652
SWIDTH 500 0
DWIDTH 6 0
BBX 6 12 0 -2
BITMAP
00
00
10
08
FC
00
FC
40
20
00
00
00
ENDCHAR
STARTCHAR arrowdblleft
ENCODING 8656
SWIDTH 500 0
DWIDTH 6 0
BBX 6 12 0 -2
BITMAP
00
00
00
20
7C
E0
7C
20
00
00
00
00
ENDCHAR
STARTCHAR arrowdblup
ENCODING 8657
SWIDTH 500 0
DWIDTH 6 0
BBX 6 12 0 -2
BITMAP
00
00
20
70
F8
50
50
50
50
50
00
00
ENDCHAR
STARTCHAR arrowdblright
ENCODING 8658
SWIDTH 500 0
DWIDTH 6 0
BBX 6 12 0 -2
BITMAP
00
00
00
10
F8
1C
F8
10
00
00
00
00
ENDCHAR
STARTCHAR arrowdbldown
ENCODING 8659
SWIDTH 500 0
DWIDTH 6 0
BBX 6 12 0 -2
BITMAP
00
00
50
50
50
50
50
F8
70
20
00
00
ENDCHAR
STARTCHAR arrowdblboth
ENCODING 8660
SWIDTH 500 0
DWIDTH 6 0
BBX 6 12 0 -2
BITMAP
00
00
00
48
FC
CC
FC
48
00
00
00
00
ENDCHAR
STARTCHAR uni21D5
ENCODING 8661
SWIDTH 500 0
DWIDTH 6 0
BBX 6 12 0 -2
BITMAP
00
00
20
70
F8
50
50
F8
70
20
00
00
ENDCHAR
STARTCHAR universal
ENCODING 8704
SWIDTH 500 0
DWIDTH 6 0
BBX 6 12 0 -2
BITMAP
00
00
88
88
F8
50
50
50
20
20
00
00
ENDCHAR
STARTCHAR existential
ENCODING 8707
SWIDTH 500 0
DWIDTH 6 0
BBX 6 12 0 -2
BITMAP
00
00
00
F8
08
08
F8
08
08
F8
00
00
ENDCHAR
STARTCHAR uni2204
ENCODING 8708
SWIDTH 500 0
DWIDTH 6 0
BBX 6 12 0 -2
BITMAP
00
00
10
F8
28
28
F8
48
48
F8
80
00
ENDCHAR
STARTCHAR emptyset
ENCODING 8709
SWIDTH 500 0
DWIDTH 6 0
BBX 6 12 0 -2
BITMAP
00
00
08
70
98
A8
A8
C8
70
80
00
00
ENDCHAR
STARTCHAR increment
ENCODING 8710
SWIDTH 500 0
DWIDTH 6 0
BBX 6 12 0 -2
BITMAP
00
00
20
20
50
50
88
88
88
F8
00
00
ENDCHAR
STARTCHAR gradient
ENCODING 8711
SWIDTH 500 0
DWIDTH 6 0
BBX 6 12 0 -2
BITMAP
00
00
F8
88
88
88
50
50
20
20
00
00
ENDCHAR
STARTCHAR element
ENCODING 8712
SWIDTH 500 0
DWIDTH 6 0
BBX 6 12 0 -2
BITMAP
00
00
00
38
40
80
F8
80
40
38
00
00
ENDCHAR
STARTCHAR notelement
ENCODING 8713
SWIDTH 500 0
DWIDTH 6 0
BBX 6 12 0 -2
BITMAP
00
00
08
38
50
90
F8
A0
60
78
40
00
ENDCHAR
STARTCHAR uni220A
ENCODING 8714
SWIDTH 500 0
DWIDTH 6 0
BBX 6 12 0 -2
BITMAP
00
00
00
00
78
80
F8
80
78
00
00
00
ENDCHAR
STARTCHAR suchthat
ENCODING 8715
SWIDTH 500 0
DWIDTH 6 0
BBX 6 12 0 -2
BITMAP
00
00
00
E0
10
08
F8
08
10
E0
00
00
ENDCHAR
STARTCHAR uni220C
ENCODING 8716
SWIDTH 500 0
DWIDTH 6 0
BBX 6 12 0 -2
BITMAP
00
00
80
E0
50
48
F8
28
30
F0
10
00
ENDCHAR
STARTCHAR uni220D
ENCODING 8717
SWIDTH 500 0
DWIDTH 6 0
BBX 6 12 0 -2
BITMAP
00
00
00
00
F0
08
F8
08
F0
00
00
00
ENDCHAR
STARTCHAR minus
ENCODING 8722
SWIDTH 500 0
DWIDTH 6 0
BBX 6 12 0 -2
BITMAP
00
00
00
00
00
00
F8
00
00
00
00
00
ENDCHAR
STARTCHAR uni2213
ENCODING 8723
SWIDTH 500 0
DWIDTH 6 0
BBX 6 12 0 -2
BITMAP
00
00
00
F8
00
20
20
F8
20
20
00
00
ENDCHAR
STARTCHAR uni2214
ENCODING 8724
SWIDTH 500 0
DWIDTH 6 0
BBX 6 12 0 -2
BITMAP
00
00
20
20
00
20
20
F8
20
20
00
00
ENDCHAR
STARTCHAR uni2215
ENCODING 8725
SWIDTH 500 0
DWIDTH 6 0
BBX 6 12 0 -2
BITMAP
00
00
00
00
08
10
20
40
80
00
00
00
ENDCHAR
STARTCHAR uni2216
ENCODING 8726
SWIDTH 500 0
DWIDTH 6 0
BBX 6 12 0 -2
BITMAP
00
00
00
00
80
40
20
10
08
00
00
00
ENDCHAR
STARTCHAR bulletoperator
ENCODING 8729
SWIDTH 500 0
DWIDTH 6 0
BBX 6 12 0 -2
BITMAP
00
00
00
00
30
78
30
00
00
00
00
00
ENDCHAR
STARTCHAR radical
ENCODING 8730
SWIDTH 500 0
DWIDTH 6 0
BBX 6 12 0 -2
BITMAP
00
0C
08
08
08
88
88
48
28
18
00
00
ENDCHAR
STARTCHAR infinity
ENCODING 8734
SWIDTH 500 0
DWIDTH 6 0
BBX 6 12 0 -2
BITMAP
00
00
00
50
A8
A8
A8
50
00
00
00
00
ENDCHAR
STARTCHAR orthogonal
ENCODING 8735
SWIDTH 500 0
DWIDTH 6 0
BBX 6 12 0 -2
BITMAP
00
00
00
80
80
80
80
F8
00
00
00
00
ENDCHAR
STARTCHAR uni2225
ENCODING 8741
SWIDTH 500 0
DWIDTH 6 0
BBX 6 12 0 -2
BITMAP
00
00
50
50
50
50
50
50
50
50
00
00
ENDCHAR
STARTCHAR logicaland
ENCODING 8743
SWIDTH 500 0
DWIDTH 6 0
BBX 6 12 0 -2
BITMAP
00
00
00
00
20
20
50
50
88
88
00
00
ENDCHAR
STARTCHAR logicalor
ENCODING 8744
SWIDTH 500 0
DWIDTH 6 0
BBX 6 12 0 -2
BITMAP
00
00
00
00
88
88
50
50
20
20
00
00
ENDCHAR
STARTCHAR intersection
ENCODING 8745
SWIDTH 500 0
DWIDTH 6 0
BBX 6 12 0 -2
BITMAP
00
00
00
00
70
88
88
88
88
88
00
00
ENDCHAR
STARTCHAR union
ENCODING 8746
SWIDTH 500 0
DWIDTH 6 0
BBX 6 12 0 -2
BITMAP
00
00
00
00
88
88
88
88
88
70
00
00
ENDCHAR
STARTCHAR approxequal
ENCODING 8776
SWIDTH 500 0
DWIDTH 6 0
BBX 6 12 0 -2
BITMAP
00
00
00
00
68
B0
00
68
B0
00
00
00
ENDCHAR
STARTCHAR notequal
ENCODING 8800
SWIDTH 500 0
DWIDTH 6 0
BBX 6 12 0 -2
BITMAP
00
00
00
08
F8
20
40
F8
80
00
00
00
ENDCHAR
STARTCHAR equivalence
ENCODING 8801
SWIDTH 500 0
DWIDTH 6 0
BBX 6 12 0 -2
BITMAP
00
00
00
00
F8
00
F8
00
F8
00
00
00
ENDCHAR
STARTCHAR lessequal
ENCODING 8804
SWIDTH 500 0
DWIDTH 6 0
BBX 6 12 0 -2
BITMAP
00
10
20
40
80
40
20
10
00
F8
00
00
ENDCHAR
STARTCHAR greaterequal
ENCODING 8805
SWIDTH 500 0
DWIDTH 6 0
BBX 6 12 0 -2
BITMAP
00
40
20
10
08
10
20
40
00
F8
00
00
ENDCHAR
STARTCHAR uni226A
ENCODING 8810
SWIDTH 500 0
DWIDTH 6 0
BBX 6 12 0 -2
BITMAP
00
00
00
14
28
50
A0
50
28
14
00
00
ENDCHAR
STARTCHAR uni226B
ENCODING 8811
SWIDTH 500 0
DWIDTH 6 0
BBX 6 12 0 -2
BITMAP
00
00
00
A0
50
28
14
28
50
A0
00
00
ENDCHAR
STARTCHAR propersubset
ENCODING 8834
SWIDTH 500 0
DWIDTH 6 0
BBX 6 12 0 -2
BITMAP
00
00
00
78
80
80
80
80
78
00
00
00
ENDCHAR
STARTCHAR propersuperset
ENCODING 8835
SWIDTH 500 0
DWIDTH 6 0
BBX 6 12 0 -2
BITMAP
00
00
00
F0
08
08
08
08
F0
00
00
00
ENDCHAR
STARTCHAR reflexsubset
ENCODING 8838
SWIDTH 500 0
DWIDTH 6 0
BBX 6 12 0 -2
BITMAP
00
00
78
80
80
80
80
78
00
F8
00
00
ENDCHAR
STARTCHAR reflexsuperset
ENCODING 8839
SWIDTH 500 0
DWIDTH 6 0
BBX 6 12 0 -2
BITMAP
00
00
F0
08
08
08
08
F0
00
F8
00
00
ENDCHAR
STARTCHAR perpendicular
ENCODING 8869
SWIDTH 500 0
DWIDTH 6 0
BBX 6 12 0 -2
BITMAP
00
00
00
00
20
20
20
20
20
F8
00
00
ENDCHAR
STARTCHAR uni22C2
ENCODING 8898
SWIDTH 500 0
DWIDTH 6 0
BBX 6 12 0 -2
BITMAP
00
00
70
88
88
88
88
88
88
88
00
00
ENDCHAR
STARTCHAR uni22C3
ENCODING 8899
SWIDTH 500 0
DWIDTH 6 0
BBX 6 12 0 -2
BITMAP
00
00
88
88
88
88
88
88
88
70
00
00
ENDCHAR
STARTCHAR uni2300
ENCODING 8960
SWIDTH 500 0
DWIDTH 6 0
BBX 6 12 0 -2
BITMAP
00
00
08
70
98
A8
A8
C8
70
80
00
00
ENDCHAR
STARTCHAR house
ENCODING 8962
SWIDTH 500 0
DWIDTH 6 0
BBX 6 12 0 -2
BITMAP
00
00
00
00
20
50
88
88
88
F8
00
00
ENDCHAR
STARTCHAR uni2308
ENCODING 8968
SWIDTH 500 0
DWIDTH 6 0
BBX 6 12 0 -2
BITMAP
00
00
70
40
40
40
40
40
40
40
00
00
ENDCHAR
STARTCHAR uni2309
ENCODING 8969
SWIDTH 500 0
DWIDTH 6 0
BBX 6 12 0 -2
BITMAP
00
00
70
10
10
10
10
10
10
10
00
00
ENDCHAR
STARTCHAR uni230A
ENCODING 8970
SWIDTH 500 0
DWIDTH 6 0
BBX 6 12 0 -2
BITMAP
00
00
40
40
40
40
40
40
40
70
00
00
ENDCHAR
STARTCHAR uni230B
ENCODING 8971
SWIDTH 500 0
DWIDTH 6 0
BBX 6 12 0 -2
BITMAP
00
00
10
10
10
10
10
10
10
70
00
00
ENDCHAR
STARTCHAR revlogicalnot
ENCODING 8976
SWIDTH 500 0
DWIDTH 6 0
BBX 6 12 0 -2
BITMAP
00
00
00
00
F8
80
80
80
00
00
00
00
ENDCHAR
STARTCHAR uni2319
ENCODING 8985
SWIDTH 500 0
DWIDTH 6 0
BBX 6 12 0 -2
BITMAP
00
00
00
00
80
80
80
F8
00
00
00
00
ENDCHAR
STARTCHAR integraltp
ENCODING 8992
SWIDTH 500 0
DWIDTH 6 0
BBX 6 12 0 -2
BITMAP
00
00
10
28
28
20
20
20
20
20
20
20
ENDCHAR
STARTCHAR integralbt
ENCODING 8993
SWIDTH 500 0
DWIDTH 6 0
BBX 6 12 0 -2
BITMAP
20
20
20
20
20
20
20
A0
A0
40
00
00
ENDCHAR
STARTCHAR uni239B
ENCODING 9115
SWIDTH 500 0
DWIDTH 6 0
BBX 6 12 0 -2
BITMAP
08
10
10
20
20
20
40
40
40
40
40
40
ENDCHAR
STARTCHAR uni239C
ENCODING 9116
SWIDTH 500 0
DWIDTH 6 0
BBX 6 12 0 -2
BITMAP
40
40
40
40
40
40
40
40
40
40
40
40
ENDCHAR
STARTCHAR uni239D
ENCODING 9117
SWIDTH 500 0
DWIDTH 6 0
BBX 6 12 0 -2
BITMAP
40
40
40
40
40
40
20
20
20
10
10
08
ENDCHAR
STARTCHAR uni239E
ENCODING 9118
SWIDTH 500 0
DWIDTH 6 0
BBX 6 12 0 -2
BITMAP
40
20
20
10
10
10
08
08
08
08
08
08
ENDCHAR
STARTCHAR uni239F
ENCODING 9119
SWIDTH 500 0
DWIDTH 6 0
BBX 6 12 0 -2
BITMAP
08
08
08
08
08
08
08
08
08
08
08
08
ENDCHAR
STARTCHAR uni23A0
ENCODING 9120
SWIDTH 500 0
DWIDTH 6 0
BBX 6 12 0 -2
BITMAP
08
08
08
08
08
08
10
10
10
20
20
40
ENDCHAR
STARTCHAR uni23A1
ENCODING 9121
SWIDTH 500 0
DWIDTH 6 0
BBX 6 12 0 -2
BITMAP
78
40
40
40
40
40
40
40
40
40
40
40
ENDCHAR
STARTCHAR uni23A2
ENCODING 9122
SWIDTH 500 0
DWIDTH 6 0
BBX 6 12 0 -2
BITMAP
40
40
40
40
40
40
40
40
40
40
40
40
ENDCHAR
STARTCHAR uni23A3
ENCODING 9123
SWIDTH 500 0
DWIDTH 6 0
BBX 6 12 0 -2
BITMAP
40
40
40
40
40
40
40
40
40
40
40
78
ENDCHAR
STARTCHAR uni23A4
ENCODING 9124
SWIDTH 500 0
DWIDTH 6 0
BBX 6 12 0 -2
BITMAP
78
08
08
08
08
08
08
08
08
08
08
08
ENDCHAR
STARTCHAR uni23A5
ENCODING 9125
SWIDTH 500 0
DWIDTH 6 0
BBX 6 12 0 -2
BITMAP
08
08
08
08
08
08
08
08
08
08
08
08
ENDCHAR
STARTCHAR uni23A6
ENCODING 9126
SWIDTH 500 0
DWIDTH 6 0
BBX 6 12 0 -2
BITMAP
08
08
08
08
08
08
08
08
08
08
08
78
ENDCHAR
STARTCHAR uni23A7
ENCODING 9127
SWIDTH 500 0
DWIDTH 6 0
BBX 6 12 0 -2
BITMAP
0C
10
20
20
20
20
20
20
20
20
20
20
ENDCHAR
STARTCHAR uni23A8
ENCODING 9128
SWIDTH 500 0
DWIDTH 6 0
BBX 6 12 0 -2
BITMAP
20
20
20
20
20
C0
C0
20
20
20
20
20
ENDCHAR
STARTCHAR uni23A9
ENCODING 9129
SWIDTH 500 0
DWIDTH 6 0
BBX 6 12 0 -2
BITMAP
20
20
20
20
20
20
20
20
20
20
10
0C
ENDCHAR
STARTCHAR uni23AB
ENCODING 9131
SWIDTH 500 0
DWIDTH 6 0
BBX 6 12 0 -2
BITMAP
C0
20
10
10
10
10
10
10
10
10
10
10
ENDCHAR
STARTCHAR uni23AC
ENCODING 9132
SWIDTH 500 0
DWIDTH 6 0
BBX 6 12 0 -2
BITMAP
10
10
10
10
10
0C
0C
10
10
10
10
10
ENDCHAR
STARTCHAR uni23AD
ENCODING 9133
SWIDTH 500 0
DWIDTH 6 0
BBX 6 12 0 -2
BITMAP
10
10
10
10
10
10
10
10
10
10
20
C0
ENDCHAR
STARTCHAR uni23AE
ENCODING 9134
SWIDTH 500 0
DWIDTH 6 0
BBX 6 12 0 -2
BITMAP
20
20
20
20
20
20
20
20
20
20
20
20
ENDCHAR
STARTCHAR uni23AF
ENCODING 9135
SWIDTH 500 0
DWIDTH 6 0
BBX 6 12 0 -2
BITMAP
00
00
00
00
00
FC
00
00
00
00
00
00
ENDCHAR
STARTCHAR uni23BA
ENCODING 9146
SWIDTH 500 0
DWIDTH 6 0
BBX 6 12 0 -2
BITMAP
FC
00
00
00
00
00
00
00
00
00
00
00
ENDCHAR
STARTCHAR uni23BB
ENCODING 9147
SWIDTH 500 0
DWIDTH 6 0
BBX 6 12 0 -2
BITMAP
00
00
00
FC
00
00
00
00
00
00
00
00
ENDCHAR
STARTCHAR uni23BC
ENCODING 9148
SWIDTH 500 0
DWIDTH 6 0
BBX 6 12 0 -2
BITMAP
00
00
00
00
00
00
00
00
FC
00
00
00
ENDCHAR
STARTCHAR uni23BD
ENCODING 9149
SWIDTH 500 0
DWIDTH 6 0
BBX 6 12 0 -2
BITMAP
00
00
00
00
00
00
00
00
00
00
00
FC
ENDCHAR
STARTCHAR uni23D0
ENCODING 9168
SWIDTH 500 0
DWIDTH 6 0
BBX 6 12 0 -2
BITMAP
20
20
20
20
20
20
20
20
20
20
20
20
ENDCHAR
STARTCHAR uni2409
ENCODING 9225
SWIDTH 500 0
DWIDTH 6 0
BBX 6 12 0 -2
BITMAP
90
90
F0
90
90
00
7C
10
10
10
10
00
ENDCHAR
STARTCHAR uni240A
ENCODING 9226
SWIDTH 500 0
DWIDTH 6 0
BBX 6 12 0 -2
BITMAP
80
80
80
80
F0
00
3C
20
38
20
20
00
ENDCHAR
STARTCHAR uni240B
ENCODING 9227
SWIDTH 500 0
DWIDTH 6 0
BBX 6 12 0 -2
BITMAP
88
88
88
50
20
00
7C
10
10
10
10
00
ENDCHAR
STARTCHAR uni240C
ENCODING 9228
SWIDTH 500 0
DWIDTH 6 0
BBX 6 12 0 -2
BITMAP
F0
80
E0
80
80
00
3C
20
38
20
20
00
ENDCHAR
STARTCHAR uni240D
ENCODING 9229
SWIDTH 500 0
DWIDTH 6 0
BBX 6 12 0 -2
BITMAP
60
90
80
90
60
00
38
24
38
28
24
00
ENDCHAR
STARTCHAR uni2424
ENCODING 9252
SWIDTH 500 0
DWIDTH 6 0
BBX 6 12 0 -2
BITMAP
90
D0
B0
90
90
00
20
20
20
20
3C
00
ENDCHAR
STARTCHAR SF100000
ENCODING 9472
SWIDTH 500 0
DWIDTH 6 0
BBX 6 12 0 -2
BITMAP
00
00
00
00
00
FC
00
00
00
00
00
00
ENDCHAR
STARTCHAR uni2501
ENCODING 9473
SWIDTH 500 0
DWIDTH 6 0
BBX 6 12 0 -2
BITMAP
00
00
00
00
00
FC
FC
00
00
00
00
00
ENDCHAR
STARTCHAR SF110000
ENCODING 9474
SWIDTH 500 0
DWIDTH 6 0
BBX 6 12 0 -2
BITMAP
20
20
20
20
20
20
20
20
20
20
20
20
ENDCHAR
STARTCHAR uni2503
ENCODING 9475
SWIDTH 500 0
DWIDTH 6 0
BBX 6 12 0 -2
BITMAP
30
30
30
30
30
30
30
30
30
30
30
30
ENDCHAR
STARTCHAR uni2508
ENCODING 9480
SWIDTH 500 0
DWIDTH 6 0
BBX 6 12 0 -2
BITMAP
00
00
00
00
00
A8
00
00
00
00
00
00
ENDCHAR
STARTCHAR uni2509
ENCODING 9481
SWIDTH 500 0
DWIDTH 6 0
BBX 6 12 0 -2
BITMAP
00
00
00
00
00
A8
A8
00
00
00
00
00
ENDCHAR
STARTCHAR uni250A
ENCODING 9482
SWIDTH 500 0
DWIDTH 6 0
BBX 6 12 0 -2
BITMAP
20
20
00
20
20
00
20
20
00
20
20
00
ENDCHAR
STARTCHAR uni250B
ENCODING 9483
SWIDTH 500 0
DWIDTH 6 0
BBX 6 12 0 -2
BITMAP
30
30
00
30
30
00
30
30
00
30
30
00
ENDCHAR
STARTCHAR SF010000
ENCODING 9484
SWIDTH 500 0
DWIDTH 6 0
BBX 6 12 0 -2
BITMAP
00
00
00
00
00
3C
20
20
20
20
20
20
ENDCHAR
STARTCHAR uni250D
ENCODING 9485
SWIDTH 500 0
DWIDTH 6 0
BBX 6 12 0 -2
BITMAP
00
00
00
00
00
3C
3C
20
20
20
20
20
ENDCHAR
STARTCHAR uni250E
ENCODING 9486
SWIDTH 500 0
DWIDTH 6 0
BBX 6 12 0 -2
BITMAP
00
00
00
00
00
3C
30
30
30
30
30
30
ENDCHAR
STARTCHAR uni250F
ENCODING 9487
SWIDTH 500 0
DWIDTH 6 0
BBX 6 12 0 -2
BITMAP
00
00
00
00
00
3C
3C
30
30
30
30
30
ENDCHAR
STARTCHAR SF030000
ENCODING 9488
SWIDTH 500 0
DWIDTH 6 0
BBX 6 12 0 -2
BITMAP
00
00
00
00
00
E0
20
20
20
20
20
20
ENDCHAR
STARTCHAR uni2511
ENCODING 9489
SWIDTH 500 0
DWIDTH 6 0
BBX 6 12 0 -2
BITMAP
00
00
00
00
00
E0
E0
20
20
20
20
20
ENDCHAR
STARTCHAR uni2512
ENCODING 9490
SWIDTH 500 0
DWIDTH 6 0
BBX 6 12 0 -2
BITMAP
00
00
00
00
00
F0
30
30
30
30
30
30
ENDCHAR
STARTCHAR uni2513
ENCODING 9491
SWIDTH 500 0
DWIDTH 6 0
BBX 6 12 0 -2
BITMAP
00
00
00
00
00
F0
F0
30
30
30
30
30
ENDCHAR
STARTCHAR SF020000
ENCODING 9492
SWIDTH 500 0
DWIDTH 6 0
BBX 6 12 0 -2
BITMAP
20
20
20
20
20
3C
00
00
00
00
00
00
ENDCHAR
STARTCHAR uni2515
ENCODING 9493
SWIDTH 500 0
DWIDTH 6 0
BBX 6 12 0 -2
BITMAP
20
20
20
20
20
3C
3C
00
00
00
00
00
ENDCHAR
STARTCHAR uni2516
ENCODING 9494
SWIDTH 500 0
DWIDTH 6 0
BBX 6 12 0 -2
BITMAP
30
30
30
30
30
3C
00
00
00
00
00
00
ENDCHAR
STARTCHAR uni2517
ENCODING 9495
SWIDTH 500 0
DWIDTH 6 0
BBX 6 12 0 -2
BITMAP
30
30
30
30
30
3C
3C
00
00
00
00
00
ENDCHAR
STARTCHAR SF040000
ENCODING 9496
SWIDTH 500 0
DWIDTH 6 0
BBX 6 12 0 -2
BITMAP
20
20
20
20
20
E0
00
00
00
00
00
00
ENDCHAR
STARTCHAR uni2519
ENCODING 9497
SWIDTH 500 0
DWIDTH 6 0
BBX 6 12 0 -2
BITMAP
20
20
20
20
20
E0
E0
00
00
00
00
00
ENDCHAR
STARTCHAR uni251A
ENCODING 9498
SWIDTH 500 0
DWIDTH 6 0
BBX 6 12 0 -2
BITMAP
30
30
30
30
30
F0
00
00
00
00
00
00
ENDCHAR
STARTCHAR uni251B
ENCODING 9499
SWIDTH 500 0
DWIDTH 6 0
BBX 6 12 0 -2
BITMAP
30
30
30
30
30
F0
F0
00
00
00
00
00
ENDCHAR
STARTCHAR SF080000
ENCODING 9500
SWIDTH 500 0
DWIDTH 6 0
BBX 6 12 0 -2
BITMAP
20
20
20
20
20
3C
20
20
20
20
20
20
ENDCHAR
STARTCHAR uni251D
ENCODING 9501
SWIDTH 500 0
DWIDTH 6 0
BBX 6 12 0 -2
BITMAP
20
20
20
20
20
3C
3C
20
20
20
20
20
ENDCHAR
STARTCHAR uni251E
ENCODING 9502
SWIDTH 500 0
DWIDTH 6 0
BBX 6 12 0 -2
BITMAP
30
30
30
30
30
3C
20
20
20
20
20
20
ENDCHAR
STARTCHAR uni251F
ENCODING 9503
SWIDTH 500 0
DWIDTH 6 0
BBX 6 12 0 -2
BITMAP
20
20
20
20
20
3C
30
30
30
30
30
30
ENDCHAR
STARTCHAR uni2520
ENCODING 9504
SWIDTH 500 0
DWIDTH 6 0
BBX 6 12 0 -2
BITMAP
30
30
30
30
30
3C
30
30
30
30
30
30
ENDCHAR
STARTCHAR uni2521
ENCODING 9505
SWIDTH 500 0
DWIDTH 6 0
BBX 6 12 0 -2
BITMAP
30
30
30
30
30
3C
3C
20
20
20
20
20
ENDCHAR
STARTCHAR uni2522
ENCODING 9506
SWIDTH 500 0
DWIDTH 6 0
BBX 6 12 0 -2
BITMAP
20
20
20
20
20
3C
3C
30
30
30
30
30
ENDCHAR
STARTCHAR uni2523
ENCODING 9507
SWIDTH 500 0
DWIDTH 6 0
BBX 6 12 0 -2
BITMAP
30
30
30
30
30
3C
3C
30
30
30
30
30
ENDCHAR
STARTCHAR SF090000
ENCODING 9508
SWIDTH 500 0
DWIDTH 6 0
BBX 6 12 0 -2
BITMAP
20
20
20
20
20
E0
20
20
20
20
20
20
ENDCHAR
STARTCHAR uni2525
ENCODING 9509
SWIDTH 500 0
DWIDTH 6 0
BBX 6 12 0 -2
BITMAP
20
20
20
20
20
E0
E0
20
20
20
20
20
ENDCHAR
STARTCHAR uni2526
ENCODING 9510
SWIDTH 500 0
DWIDTH 6 0
BBX 6 12 0 -2
BITMAP
30
30
30
30
30
F0
20
20
20
20
20
20
ENDCHAR
STARTCHAR uni2527
ENCODING 9511
SWIDTH 500 0
DWIDTH 6 0
BBX 6 12 0 -2
BITMAP
20
20
20
20
20
F0
30
30
30
30
30
30
ENDCHAR
STARTCHAR uni2528
ENCODING 9512
SWIDTH 500 0
DWIDTH 6 0
BBX 6 12 0 -2
BITMAP
30
30
30
30
30
F0
30
30
30
30
30
30
ENDCHAR
STARTCHAR uni2529
ENCODING 9513
SWIDTH 500 0
DWIDTH 6 0
BBX 6 12 0 -2
BITMAP
30
30
30
30
30
F0
F0
20
20
20
20
20
ENDCHAR
STARTCHAR uni252A
ENCODING 9514
SWIDTH 500 0
DWIDTH 6 0
BBX 6 12 0 -2
BITMAP
20
20
20
20
20
F0
F0
30
30
30
30
30
ENDCHAR
STARTCHAR uni252B
ENCODING 9515
SWIDTH 500 0
DWIDTH 6 0
BBX 6 12 0 -2
BITMAP
30
30
30
30
30
F0
F0
30
30
30
30
30
ENDCHAR
STARTCHAR SF060000
ENCODING 9516
SWIDTH 500 0
DWIDTH 6 0
BBX 6 12 0 -2
BITMAP
00
00
00
00
00
FC
20
20
20
20
20
20
ENDCHAR
STARTCHAR uni252D
ENCODING 9517
SWIDTH 500 0
DWIDTH 6 0
BBX 6 12 0 -2
BITMAP
00
00
00
00
00
FC
E0
20
20
20
20
20
ENDCHAR
STARTCHAR uni252E
ENCODING 9518
SWIDTH 500 0
DWIDTH 6 0
BBX 6 12 0 -2
BITMAP
00
00
00
00
00
FC
3C
20
20
20
20
20
ENDCHAR
STARTCHAR uni252F
ENCODING 9519
SWIDTH 500 0
DWIDTH 6 0
BBX 6 12 0 -2
BITMAP
00
00
00
00
00
FC
FC
20
20
20
20
20
ENDCHAR
STARTCHAR uni2530
ENCODING 9520
SWIDTH 500 0
DWIDTH 6 0
BBX 6 12 0 -2
BITMAP
00
00
00
00
00
FC
30
30
30
30
30
30
ENDCHAR
STARTCHAR uni2531
ENCODING 9521
SWIDTH 500 0
DWIDTH 6 0
BBX 6 12 0 -2
BITMAP
00
00
00
00
00
FC
F0
30
30
30
30
30
ENDCHAR
STARTCHAR uni2532
ENCODING 9522
SWIDTH 500 0
DWIDTH 6 0
BBX 6 12 0 -2
BITMAP
00
00
00
00
00
FC
3C
30
30
30
30
30
ENDCHAR
STARTCHAR uni2533
ENCODING 9523
SWIDTH 500 0
DWIDTH 6 0
BBX 6 12 0 -2
BITMAP
00
00
00
00
00
FC
FC
30
30
30
30
30
ENDCHAR
STARTCHAR SF070000
ENCODING 9524
SWIDTH 500 0
DWIDTH 6 0
BBX 6 12 0 -2
BITMAP
20
20
20
20
20
FC
00
00
00
00
00
00
ENDCHAR
STARTCHAR uni2535
ENCODING 9525
SWIDTH 500 0
DWIDTH 6 0
BBX 6 12 0 -2
BITMAP
20
20
20
20
20
FC
E0
00
00
00
00
00
ENDCHAR
STARTCHAR uni2536
ENCODING 9526
SWIDTH 500 0
DWIDTH 6 0
BBX 6 12 0 -2
BITMAP
20
20
20
20
20
FC
3C
00
00
00
00
00
ENDCHAR
STARTCHAR uni2537
ENCODING 9527
SWIDTH 500 0
DWIDTH 6 0
BBX 6 12 0 -2
BITMAP
20
20
20
20
20
FC
FC
00
00
00
00
00
ENDCHAR
STARTCHAR uni2538
ENCODING 9528
SWIDTH 500 0
DWIDTH 6 0
BBX 6 12 0 -2
BITMAP
30
30
30
30
30
FC
00
00
00
00
00
00
ENDCHAR
STARTCHAR uni2539
ENCODING 9529
SWIDTH 500 0
DWIDTH 6 0
BBX 6 12 0 -2
BITMAP
30
30
30
30
30
FC
F0
00
00
00
00
00
ENDCHAR
STARTCHAR uni253A
ENCODING 9530
SWIDTH 500 0
DWIDTH 6 0
BBX 6 12 0 -2
BITMAP
30
30
30
30
30
FC
3C
00
00
00
00
00
ENDCHAR
STARTCHAR uni253B
ENCODING 9531
SWIDTH 500 0
DWIDTH 6 0
BBX 6 12 0 -2
BITMAP
30
30
30
30
30
FC
FC
00
00
00
00
00
ENDCHAR
STARTCHAR SF050000
ENCODING 9532
SWIDTH 500 0
DWIDTH 6 0
BBX 6 12 0 -2
BITMAP
20
20
20
20
20
FC
20
20
20
20
20
20
ENDCHAR
STARTCHAR uni253D
ENCODING 9533
SWIDTH 500 0
DWIDTH 6 0
BBX 6 12 0 -2
BITMAP
20
20
20
20
20
FC
E0
20
20
20
20
20
ENDCHAR
STARTCHAR uni253E
ENCODING 9534
SWIDTH 500 0
DWIDTH 6 0
BBX 6 12 0 -2
BITMAP
20
20
20
20
20
FC
3C
20
20
20
20
20
ENDCHAR
STARTCHAR uni253F
ENCODING 9535
SWIDTH 500 0
DWIDTH 6 0
BBX 6 12 0 -2
BITMAP
20
20
20
20
20
FC
FC
20
20
20
20
20
ENDCHAR
STARTCHAR uni2540
ENCODING 9536
SWIDTH 500 0
DWIDTH 6 0
BBX 6 12 0 -2
BITMAP
30
30
30
30
30
FC
20
20
20
20
20
20
ENDCHAR
STARTCHAR uni2541
ENCODING 9537
SWIDTH 500 0
DWIDTH 6 0
BBX 6 12 0 -2
BITMAP
20
20
20
20
20
FC
30
30
30
30
30
30
ENDCHAR
STARTCHAR uni2542
ENCODING 9538
SWIDTH 500 0
DWIDTH 6 0
BBX 6 12 0 -2
BITMAP
30
30
30
30
30
FC
30
30
30
30
30
30
ENDCHAR
STARTCHAR uni2543
ENCODING 9539
SWIDTH 500 0
DWIDTH 6 0
BBX 6 12 0 -2
BITMAP
30
30
30
30
30
FC
E0
20
20
20
20
20
ENDCHAR
STARTCHAR uni2544
ENCODING 9540
SWIDTH 500 0
DWIDTH 6 0
BBX 6 12 0 -2
BITMAP
30
30
30
30
30
FC
3C
20
20
20
20
20
ENDCHAR
STARTCHAR uni2545
ENCODING 9541
SWIDTH 500 0
DWIDTH 6 0
BBX 6 12 0 -2
BITMAP
20
20
20
20
20
FC
F0
30
30
30
30
30
ENDCHAR
STARTCHAR uni2546
ENCODING 9542
SWIDTH 500 0
DWIDTH 6 0
BBX 6 12 0 -2
BITMAP
20
20
20
20
20
FC
3C
30
30
30
30
30
ENDCHAR
STARTCHAR uni2547
ENCODING 9543
SWIDTH 500 0
DWIDTH 6 0
BBX 6 12 0 -2
BITMAP
30
30
30
30
30
FC
FC
20
20
20
20
20
ENDCHAR
STARTCHAR uni2548
ENCODING 9544
SWIDTH 500 0
DWIDTH 6 0
BBX 6 12 0 -2
BITMAP
20
20
20
20
20
FC
FC
30
30
30
30
30
ENDCHAR
STARTCHAR uni2549
ENCODING 9545
SWIDTH 500 0
DWIDTH 6 0
BBX 6 12 0 -2
BITMAP
30
30
30
30
30
FC
F0
30
30
30
30
30
ENDCHAR
STARTCHAR uni254A
ENCODING 9546
SWIDTH 500 0
DWIDTH 6 0
BBX 6 12 0 -2
BITMAP
30
30
30
30
30
FC
3C
30
30
30
30
30
ENDCHAR
STARTCHAR uni254B
ENCODING 9547
SWIDTH 500 0
DWIDTH 6 0
BBX 6 12 0 -2
BITMAP
30
30
30
30
30
FC
FC
30
30
30
30
30
ENDCHAR
STARTCHAR SF430000
ENCODING 9552
SWIDTH 500 0
DWIDTH 6 0
BBX 6 12 0 -2
BITMAP
00
00
00
00
FC
00
FC
00
00
00
00
00
ENDCHAR
STARTCHAR SF240000
ENCODING 9553
SWIDTH 500 0
DWIDTH 6 0
BBX 6 12 0 -2
BITMAP
50
50
50
50
50
50
50
50
50
50
50
50
ENDCHAR
STARTCHAR SF510000
ENCODING 9554
SWIDTH 500 0
DWIDTH 6 0
BBX 6 12 0 -2
BITMAP
00
00
00
00
3C
20
3C
20
20
20
20
20
ENDCHAR
STARTCHAR SF520000
ENCODING 9555
SWIDTH 500 0
DWIDTH 6 0
BBX 6 12 0 -2
BITMAP
00
00
00
00
00
7C
50
50
50
50
50
50
ENDCHAR
STARTCHAR SF390000
ENCODING 9556
SWIDTH 500 0
DWIDTH 6 0
BBX 6 12 0 -2
BITMAP
00
00
00
00
7C
40
5C
50
50
50
50
50
ENDCHAR
STARTCHAR SF220000
ENCODING 9557
SWIDTH 500 0
DWIDTH 6 0
BBX 6 12 0 -2
BITMAP
00
00
00
00
E0
20
E0
20
20
20
20
20
ENDCHAR
STARTCHAR SF210000
ENCODING 9558
SWIDTH 500 0
DWIDTH 6 0
BBX 6 12 0 -2
BITMAP
00
00
00
00
00
F0
50
50
50
50
50
50
ENDCHAR
STARTCHAR SF250000
ENCODING 9559
SWIDTH 500 0
DWIDTH 6 0
BBX 6 12 0 -2
BITMAP
00
00
00
00
F0
10
D0
50
50
50
50
50
ENDCHAR
STARTCHAR SF500000
ENCODING 9560
SWIDTH 500 0
DWIDTH 6 0
BBX 6 12 0 -2
BITMAP
20
20
20
20
3C
20
3C
00
00
00
00
00
ENDCHAR
STARTCHAR SF490000
ENCODING 9561
SWIDTH 500 0
DWIDTH 6 0
BBX 6 12 0 -2
BITMAP
50
50
50
50
50
7C
00
00
00
00
00
00
ENDCHAR
STARTCHAR SF380000
ENCODING 9562
SWIDTH 500 0
DWIDTH 6 0
BBX 6 12 0 -2
BITMAP
50
50
50
50
5C
40
7C
00
00
00
00
00
ENDCHAR
STARTCHAR SF280000
ENCODING 9563
SWIDTH 500 0
DWIDTH 6 0
BBX 6 12 0 -2
BITMAP
20
20
20
20
E0
20
E0
00
00
00
00
00
ENDCHAR
STARTCHAR SF270000
ENCODING 9564
SWIDTH 500 0
DWIDTH 6 0
BBX 6 12 0 -2
BITMAP
50
50
50
50
50
F0
00
00
00
00
00
00
ENDCHAR
STARTCHAR SF260000
ENCODING 9565
SWIDTH 500 0
DWIDTH 6 0
BBX 6 12 0 -2
BITMAP
50
50
50
50
D0
10
F0
00
00
00
00
00
ENDCHAR
STARTCHAR SF360000
ENCODING 9566
SWIDTH 500 0
DWIDTH 6 0
BBX 6 12 0 -2
BITMAP
20
20
20
20
3C
20
3C
20
20
20
20
20
ENDCHAR
STARTCHAR SF370000
ENCODING 9567
SWIDTH 500 0
DWIDTH 6 0
BBX 6 12 0 -2
BITMAP
50
50
50
50
50
5C
50
50
50
50
50
50
ENDCHAR
STARTCHAR SF420000
ENCODING 9568
SWIDTH 500 0
DWIDTH 6 0
BBX 6 12 0 -2
BITMAP
50
50
50
50
5C
40
5C
50
50
50
50
50
ENDCHAR
STARTCHAR SF190000
ENCODING 9569
SWIDTH 500 0
DWIDTH 6 0
BBX 6 12 0 -2
BITMAP
20
20
20
20
E0
20
E0
20
20
20
20
20
ENDCHAR
STARTCHAR SF200000
ENCODING 9570
SWIDTH 500 0
DWIDTH 6 0
BBX 6 12 0 -2
BITMAP
50
50
50
50
50
D0
50
50
50
50
50
50
ENDCHAR
STARTCHAR SF230000
ENCODING 9571
SWIDTH 500 0
DWIDTH 6 0
BBX 6 12 0 -2
BITMAP
50
50
50
50
D0
10
D0
50
50
50
50
50
ENDCHAR
STARTCHAR SF470000
ENCODING 9572
SWIDTH 500 0
DWIDTH 6 0
BBX 6 12 0 -2
BITMAP
00
00
00
00
FC
00
FC
20
20
20
20
20
ENDCHAR
STARTCHAR SF480000
ENCODING 9573
SWIDTH 500 0
DWIDTH 6 0
BBX 6 12 0 -2
BITMAP
00
00
00
00
00
FC
50
50
50
50
50
50
ENDCHAR
STARTCHAR SF410000
ENCODING 9574
SWIDTH 500 0
DWIDTH 6 0
BBX 6 12 0 -2
BITMAP
00
00
00
00
FC
00
DC
50
50
50
50
50
ENDCHAR
STARTCHAR SF450000
ENCODING 9575
SWIDTH 500 0
DWIDTH 6 0
BBX 6 12 0 -2
BITMAP
20
20
20
20
FC
00
FC
00
00
00
00
00
ENDCHAR
STARTCHAR SF460000
ENCODING 9576
SWIDTH 500 0
DWIDTH 6 0
BBX 6 12 0 -2
BITMAP
50
50
50
50
50
FC
00
00
00
00
00
00
ENDCHAR
STARTCHAR SF400000
ENCODING 9577
SWIDTH 500 0
DWIDTH 6 0
BBX 6 12 0 -2
BITMAP
50
50
50
50
DC
00
FC
00
00
00
00
00
ENDCHAR
STARTCHAR SF540000
ENCODING 9578
SWIDTH 500 0
DWIDTH 6 0
BBX 6 12 0 -2
BITMAP
20
20
20
20
FC
20
FC
20
20
20
20
20
ENDCHAR
STARTCHAR SF530000
ENCODING 9579
SWIDTH 500 0
DWIDTH 6 0
BBX 6 12 0 -2
BITMAP
50
50
50
50
50
FC
50
50
50
50
50
50
ENDCHAR
STARTCHAR SF440000
ENCODING 9580
SWIDTH 500 0
DWIDTH 6 0
BBX 6 12 0 -2
BITMAP
50
50
50
50
DC
00
DC
50
50
50
50
50
ENDCHAR
STARTCHAR uni256D
ENCODING 9581
SWIDTH 500 0
DWIDTH 6 0
BBX 6 12 0 -2
BITMAP
00
00
00
00
00
0C
10
20
20
20
20
20
ENDCHAR
STARTCHAR uni256E
ENCODING 9582
SWIDTH 500 0
DWIDTH 6 0
BBX 6 12 0 -2
BITMAP
00
00
00
00
00
80
40
20
20
20
20
20
ENDCHAR
STARTCHAR uni256F
ENCODING 9583
SWIDTH 500 0
DWIDTH 6 0
BBX 6 12 0 -2
BITMAP
20
20
20
20
40
80
00
00
00
00
00
00
ENDCHAR
STARTCHAR uni2570
ENCODING 9584
SWIDTH 500 0
DWIDTH 6 0
BBX 6 12 0 -2
BITMAP
20
20
20
20
10
0C
00
00
00
00
00
00
ENDCHAR
STARTCHAR uni2571
ENCODING 9585
SWIDTH 500 0
DWIDTH 6 0
BBX 6 12 0 -2
BITMAP
04
04
08
08
10
10
20
20
40
40
80
80
ENDCHAR
STARTCHAR uni2572
ENCODING 9586
SWIDTH 500 0
DWIDTH 6 0
BBX 6 12 0 -2
BITMAP
80
80
40
40
20
20
10
10
08
08
04
04
ENDCHAR
STARTCHAR uni2573
ENCODING 9587
SWIDTH 500 0
DWIDTH 6 0
BBX 6 12 0 -2
BITMAP
84
84
48
48
30
30
30
30
48
48
84
84
ENDCHAR
STARTCHAR uni2574
ENCODING 9588
SWIDTH 500 0
DWIDTH 6 0
BBX 6 12 0 -2
BITMAP
00
00
00
00
00
E0
00
00
00
00
00
00
ENDCHAR
STARTCHAR uni2575
ENCODING 9589
SWIDTH 500 0
DWIDTH 6 0
BBX 6 12 0 -2
BITMAP
20
20
20
20
20
20
00
00
00
00
00
00
ENDCHAR
STARTCHAR uni2576
ENCODING 9590
SWIDTH 500 0
DWIDTH 6 0
BBX 6 12 0 -2
BITMAP
00
00
00
00
00
3C
00
00
00
00
00
00
ENDCHAR
STARTCHAR uni2577
ENCODING 9591
SWIDTH 500 0
DWIDTH 6 0
BBX 6 12 0 -2
BITMAP
00
00
00
00
00
20
20
20
20
20
20
20
ENDCHAR
STARTCHAR uni2578
ENCODING 9592
SWIDTH 500 0
DWIDTH 6 0
BBX 6 12 0 -2
BITMAP
00
00
00
00
00
E0
E0
00
00
00
00
00
ENDCHAR
STARTCHAR uni2579
ENCODING 9593
SWIDTH 500 0
DWIDTH 6 0
BBX 6 12 0 -2
BITMAP
30
30
30
30
30
30
00
00
00
00
00
00
ENDCHAR
STARTCHAR uni257A
ENCODING 9594
SWIDTH 500 0
DWIDTH 6 0
BBX 6 12 0 -2
BITMAP
00
00
00
00
00
3C
3C
00
00
00
00
00
ENDCHAR
STARTCHAR uni257B
ENCODING 9595
SWIDTH 500 0
DWIDTH 6 0
BBX 6 12 0 -2
BITMAP
00
00
00
00
00
30
30
30
30
30
30
30
ENDCHAR
STARTCHAR uni257C
ENCODING 9596
SWIDTH 500 0
DWIDTH 6 0
BBX 6 12 0 -2
BITMAP
00
00
00
00
00
FC
3C
00
00
00
00
00
ENDCHAR
STARTCHAR uni257D
ENCODING 9597
SWIDTH 500 0
DWIDTH 6 0
BBX 6 12 0 -2
BITMAP
20
20
20
20
20
30
30
30
30
30
30
30
ENDCHAR
STARTCHAR uni257E
ENCODING 9598
SWIDTH 500 0
DWIDTH 6 0
BBX 6 12 0 -2
BITMAP
00
00
00
00
00
FC
E0
00
00
00
00
00
ENDCHAR
STARTCHAR uni257F
ENCODING 9599
SWIDTH 500 0
DWIDTH 6 0
BBX 6 12 0 -2
BITMAP
30
30
30
30
30
30
20
20
20
20
20
20
ENDCHAR
STARTCHAR upblock
ENCODING 9600
SWIDTH 500 0
DWIDTH 6 0
BBX 6 12 0 -2
BITMAP
FC
FC
FC
FC
FC
FC
00
00
00
00
00
00
ENDCHAR
STARTCHAR uni2581
ENCODING 9601
SWIDTH 500 0
DWIDTH 6 0
BBX 6 12 0 -2
BITMAP
00
00
00
00
00
00
00
00
00
00
00
FC
ENDCHAR
STARTCHAR uni2582
ENCODING 9602
SWIDTH 500 0
DWIDTH 6 0
BBX 6 12 0 -2
BITMAP
00
00
00
00
00
00
00
00
00
FC
FC
FC
ENDCHAR
STARTCHAR uni2583
ENCODING 9603
SWIDTH 500 0
DWIDTH 6 0
BBX 6 12 0 -2
BITMAP
00
00
00
00
00
00
00
00
FC
FC
FC
FC
ENDCHAR
STARTCHAR dnblock
ENCODING 9604
SWIDTH 500 0
DWIDTH 6 0
BBX 6 12 0 -2
BITMAP
00
00
00
00
00
00
FC
FC
FC
FC
FC
FC
ENDCHAR
STARTCHAR uni2585
ENCODING 9605
SWIDTH 500 0
DWIDTH 6 0
BBX 6 12 0 -2
BITMAP
00
00
00
00
00
FC
FC
FC
FC
FC
FC
FC
ENDCHAR
STARTCHAR uni2586
ENCODING 9606
SWIDTH 500 0
DWIDTH 6 0
BBX 6 12 0 -2
BITMAP
00
00
00
FC
FC
FC
FC
FC
FC
FC
FC
FC
ENDCHAR
STARTCHAR uni2587
ENCODING 9607
SWIDTH 500 0
DWIDTH 6 0
BBX 6 12 0 -2
BITMAP
00
00
FC
FC
FC
FC
FC
FC
FC
FC
FC
FC
ENDCHAR
STARTCHAR block
ENCODING 9608
SWIDTH 500 0
DWIDTH 6 0
BBX 6 12 0 -2
BITMAP
FC
FC
FC
FC
FC
FC
FC
FC
FC
FC
FC
FC
ENDCHAR
STARTCHAR uni2589
ENCODING 9609
SWIDTH 500 0
DWIDTH 6 0
BBX 6 12 0 -2
BITMAP
F8
F8
F8
F8
F8
F8
F8
F8
F8
F8
F8
F8
ENDCHAR
STARTCHAR uni258A
ENCODING 9610
SWIDTH 500 0
DWIDTH 6 0
BBX 6 12 0 -2
BITMAP
F0
F0
F0
F0
F0
F0
F0
F0
F0
F0
F0
F0
ENDCHAR
STARTCHAR uni258B
ENCODING 9611
SWIDTH 500 0
DWIDTH 6 0
BBX 6 12 0 -2
BITMAP
F0
F0
F0
F0
F0
F0
F0
F0
F0
F0
F0
F0
ENDCHAR
STARTCHAR lfblock
ENCODING 9612
SWIDTH 500 0
DWIDTH 6 0
BBX 6 12 0 -2
BITMAP
E0
E0
E0
E0
E0
E0
E0
E0
E0
E0
E0
E0
ENDCHAR
STARTCHAR uni258D
ENCODING 9613
SWIDTH 500 0
DWIDTH 6 0
BBX 6 12 0 -2
BITMAP
C0
C0
C0
C0
C0
C0
C0
C0
C0
C0
C0
C0
ENDCHAR
STARTCHAR uni258E
ENCODING 9614
SWIDTH 500 0
DWIDTH 6 0
BBX 6 12 0 -2
BITMAP
80
80
80
80
80
80
80
80
80
80
80
80
ENDCHAR
STARTCHAR uni258F
ENCODING 9615
SWIDTH 500 0
DWIDTH 6 0
BBX 6 12 0 -2
BITMAP
80
80
80
80
80
80
80
80
80
80
80
80
ENDCHAR
STARTCHAR rtblock
ENCODING 9616
SWIDTH 500 0
DWIDTH 6 0
BBX 6 12 0 -2
BITMAP
1C
1C
1C
1C
1C
1C
1C
1C
1C
1C
1C
1C
ENDCHAR
STARTCHAR ltshade
ENCODING 9617
SWIDTH 500 0
DWIDTH 6 0
BBX 6 12 0 -2
BITMAP
90
24
90
24
90
24
90
24
90
24
90
24
ENDCHAR
STARTCHAR shade
ENCODING 9618
SWIDTH 500 0
DWIDTH 6 0
BBX 6 12 0 -2
BITMAP
A8
54
A8
54
A8
54
A8
54
A8
54
A8
54
ENDCHAR
STARTCHAR dkshade
ENCODING 9619
SWIDTH 500 0
DWIDTH 6 0
BBX 6 12 0 -2
BITMAP
D8
B4
D8
B4
D8
B4
D8
B4
D8
B4
D8
B4
ENDCHAR
STARTCHAR uni2596
ENCODING 9622
SWIDTH 500 0
DWIDTH 6 0
BBX 6 12 0 -2
BITMAP
00
00
00
00
00
00
E0
E0
E0
E0
E0
E0
ENDCHAR
STARTCHAR uni2597
ENCODING 9623
SWIDTH 500 0
DWIDTH 6 0
BBX 6 12 0 -2
BITMAP
00
00
00
00
00
00
1C
1C
1C
1C
1C
1C
ENDCHAR
STARTCHAR uni2598
ENCODING 9624
SWIDTH 500 0
DWIDTH 6 0
BBX 6 12 0 -2
BITMAP
E0
E0
E0
E0
E0
E0
00
00
00
00
00
00
ENDCHAR
STARTCHAR uni2599
ENCODING 9625
SWIDTH 500 0
DWIDTH 6 0
BBX 6 12 0 -2
BITMAP
E0
E0
E0
E0
E0
E0
FC
FC
FC
FC
FC
FC
ENDCHAR
STARTCHAR uni259A
ENCODING 9626
SWIDTH 500 0
DWIDTH 6 0
BBX 6 12 0 -2
BITMAP
E0
E0
E0
E0
E0
E0
1C
1C
1C
1C
1C
1C
ENDCHAR
STARTCHAR uni259B
ENCODING 9627
SWIDTH 500 0
DWIDTH 6 0
BBX 6 12 0 -2
BITMAP
FC
FC
FC
FC
FC
FC
E0
E0
E0
E0
E0
E0
ENDCHAR
STARTCHAR uni259C
ENCODING 9628
SWIDTH 500 0
DWIDTH 6 0
BBX 6 12 0 -2
BITMAP
FC
FC
FC
FC
FC
FC
1C
1C
1C
1C
1C
1C
ENDCHAR
STARTCHAR uni259D
ENCODING 9629
SWIDTH 500 0
DWIDTH 6 0
BBX 6 12 0 -2
BITMAP
1C
1C
1C
1C
1C
1C
00
00
00
00
00
00
ENDCHAR
STARTCHAR uni259E
ENCODING 9630
SWIDTH 500 0
DWIDTH 6 0
BBX 6 12 0 -2
BITMAP
1C
1C
1C
1C
1C
1C
E0
E0
E0
E0
E0
E0
ENDCHAR
STARTCHAR uni259F
ENCODING 9631
SWIDTH 500 0
DWIDTH 6 0
BBX 6 12 0 -2
BITMAP
1C
1C
1C
1C
1C
1C
FC
FC
FC
FC
FC
FC
ENDCHAR
STARTCHAR filledbox
ENCODING 9632
SWIDTH 500 0
DWIDTH 6 0
BBX 6 12 0 -2
BITMAP
00
00
00
78
78
78
78
78
00
00
00
00
ENDCHAR
STARTCHAR filledrect
ENCODING 9644
SWIDTH 500 0
DWIDTH 6 0
BBX 6 12 0 -2
BITMAP
00
00
00
00
00
00
00
F8
F8
F8
00
00
ENDCHAR
STARTCHAR uni25AE
ENCODING 9646
SWIDTH 500 0
DWIDTH 6 0
BBX 6 12 0 -2
BITMAP
00
00
F8
F8
F8
F8
F8
F8
F8
F8
00
00
ENDCHAR
STARTCHAR triagup
ENCODING 9650
SWIDTH 500 0
DWIDTH 6 0
BBX 6 12 0 -2
BITMAP
00
00
00
30
30
78
78
FC
FC
00
00
00
ENDCHAR
STARTCHAR uni25B6
ENCODING 9654
SWIDTH 500 0
DWIDTH 6 0
BBX 6 12 0 -2
BITMAP
00
00
00
C0
F0
FC
FC
F0
C0
00
00
00
ENDCHAR
STARTCHAR triagrt
ENCODING 9658
SWIDTH 500 0
DWIDTH 6 0
BBX 6 12 0 -2
BITMAP
00
00
00
C0
F0
FC
FC
F0
C0
00
00
00
ENDCHAR
STARTCHAR triagdn
ENCODING 9660
SWIDTH 500 0
DWIDTH 6 0
BBX 6 12 0 -2
BITMAP
00
00
00
FC
FC
78
78
30
30
00
00
00
ENDCHAR
STARTCHAR uni25C0
ENCODING 9664
SWIDTH 500 0
DWIDTH 6 0
BBX 6 12 0 -2
BITMAP
00
00
00
0C
3C
FC
FC
3C
0C
00
00
00
ENDCHAR
STARTCHAR triaglf
ENCODING 9668
SWIDTH 500 0
DWIDTH 6 0
BBX 6 12 0 -2
BITMAP
00
00
00
0C
3C
FC
FC
3C
0C
00
00
00
ENDCHAR
STARTCHAR blackdiamond
ENCODING 9670
SWIDTH 500 0
DWIDTH 6 0
BBX 6 12 0 -2
BITMAP
00
00
00
20
70
F8
70
20
00
00
00
00
ENDCHAR
STARTCHAR lozenge
ENCODING 9674
SWIDTH 500 0
DWIDTH 6 0
BBX 6 12 0 -2
BITMAP
00
00
00
20
50
88
50
20
00
00
00
00
ENDCHAR
STARTCHAR circle
ENCODING 9675
SWIDTH 500 0
DWIDTH 6 0
BBX 6 12 0 -2
BITMAP
00
00
00
00
30
48
48
30
00
00
00
00
ENDCHAR
STARTCHAR H18533
ENCODING 9679
SWIDTH 500 0
DWIDTH 6 0
BBX 6 12 0 -2
BITMAP
00
00
00
00
30
78
78
30
00
00
00
00
ENDCHAR
STARTCHAR invbullet
ENCODING 9688
SWIDTH 500 0
DWIDTH 6 0
BBX 6 12 0 -2
BITMAP
FC
FC
FC
FC
CC
84
84
CC
FC
FC
FC
FC
ENDCHAR
STARTCHAR invcircle
ENCODING 9689
SWIDTH 500 0
DWIDTH 6 0
BBX 6 12 0 -2
BITMAP
FC
FC
FC
FC
CC
B4
B4
CC
FC
FC
FC
FC
ENDCHAR
STARTCHAR smileface
ENCODING 9786
SWIDTH 500 0
DWIDTH 6 0
BBX 6 12 0 -2
BITMAP
00
00
78
84
CC
84
B4
B4
84
78
00
00
ENDCHAR
STARTCHAR invsmileface
ENCODING 9787
SWIDTH 500 0
DWIDTH 6 0
BBX 6 12 0 -2
BITMAP
00
00
78
FC
B4
FC
84
CC
FC
78
00
00
ENDCHAR
STARTCHAR sun
ENCODING 9788
SWIDTH 500 0
DWIDTH 6 0
BBX 6 12 0 -2
BITMAP
00
00
00
20
A8
70
D8
70
A8
20
00
00
ENDCHAR
STARTCHAR female
ENCODING 9792
SWIDTH 500 0
DWIDTH 6 0
BBX 6 12 0 -2
BITMAP
00
00
70
88
88
88
70
20
F8
20
00
00
ENDCHAR
STARTCHAR male
ENCODING 9794
SWIDTH 500 0
DWIDTH 6 0
BBX 6 12 0 -2
BITMAP
00
00
3C
0C
14
70
88
88
88
70
00
00
ENDCHAR
STARTCHAR spade
ENCODING 9824
SWIDTH 500 0
DWIDTH 6 0
BBX 6 12 0 -2
BITMAP
00
00
20
20
70
F8
F8
70
20
70
00
00
ENDCHAR
STARTCHAR club
ENCODING 9827
SWIDTH 500 0
DWIDTH 6 0
BBX 6 12 0 -2
BITMAP
00
00
20
70
20
A8
F8
A8
20
70
00
00
ENDCHAR
STARTCHAR heart
ENCODING 9829
SWIDTH 500 0
DWIDTH 6 0
BBX 6 12 0 -2
BITMAP
00
00
00
50
F8
F8
F8
70
70
20
00
00
ENDCHAR
STARTCHAR diamond
ENCODING 9830
SWIDTH 500 0
DWIDTH 6 0
BBX 6 12 0 -2
BITMAP
00
00
00
20
70
F8
70
20
00
00
00
00
ENDCHAR
STARTCHAR musicalnote
ENCODING 9834
SWIDTH 500 0
DWIDTH 6 0
BBX 6 12 0 -2
BITMAP
00
00
78
48
78
40
40
40
40
80
00
00
ENDCHAR
STARTCHAR musicalnotedbl
ENCODING 9835
SWIDTH 500 0
DWIDTH 6 0
BBX 6 12 0 -2
BITMAP
00
00
78
48
78
48
48
48
48
50
80
00
ENDCHAR
STARTCHAR uni2713
ENCODING 10003
SWIDTH 500 0
DWIDTH 6 0
BBX 6 12 0 -2
BITMAP
00
00
04
04
08
88
90
50
20
20
00
00
ENDCHAR
STARTCHAR uni2714
ENCODING 10004
SWIDTH 500 0
DWIDTH 6 0
BBX 6 12 0 -2
BITMAP
00
00
0C
0C
18
D8
F0
70
60
60
00
00
ENDCHAR
STARTCHAR uni2717
ENCODING 10007
SWIDTH 500 0
DWIDTH 6 0
BBX 6 12 0 -2
BITMAP
00
00
48
28
10
10
28
24
40
40
00
00
ENDCHAR
STARTCHAR uni2718
ENCODING 10008
SWIDTH 500 0
DWIDTH 6 0
BBX 6 12 0 -2
BITMAP
00
00
18
D8
70
30
78
6C
C0
C0
00
00
ENDCHAR
STARTCHAR uni27E8
ENCODING 10216
SWIDTH 500 0
DWIDTH 6 0
BBX 6 12 0 -2
BITMAP
00
10
10
20
20
40
20
20
10
10
00
00
ENDCHAR
STARTCHAR uni27E9
ENCODING 10217
SWIDTH 500 0
DWIDTH 6 0
BBX 6 12 0 -2
BITMAP
00
40
40
20
20
10
20
20
40
40
00
00
ENDCHAR
STARTCHAR uni27EA
ENCODING 10218
SWIDTH 500 0
DWIDTH 6 0
BBX 6 12 0 -2
BITMAP
00
28
28
50
50
A0
50
50
28
28
00
00
ENDCHAR
STARTCHAR uni27EB
ENCODING 10219
SWIDTH 500 0
DWIDTH 6 0
BBX 6 12 0 -2
BITMAP
00
A0
A0
50
50
28
50
50
A0
A0
00
00
ENDCHAR
STARTCHAR uni2800
ENCODING 10240
SWIDTH 500 0
DWIDTH 6 0
BBX 6 12 0 -2
BITMAP
00
00
00
00
00
00
00
00
00
00
00
00
ENDCHAR
STARTCHAR uni2801
ENCODING 10241
SWIDTH 500 0
DWIDTH 6 0
BBX 6 12 0 -2
BITMAP
40
40
00
00
00
00
00
00
00
00
00
00
ENDCHAR
STARTCHAR uni2802
ENCODING 10242
SWIDTH 500 0
DWIDTH 6 0
BBX 6 12 0 -2
BITMAP
00
00
00
40
40
00
00
00
00
00
00
00
ENDCHAR
STARTCHAR uni2803
ENCODING 10243
SWIDTH 500 0
DWIDTH 6 0
BBX 6 12 0 -2
BITMAP
40
40
00
40
40
00
00
00
00
00
00
00
ENDCHAR
STARTCHAR uni2804
ENCODING 10244
SWIDTH 500 0
DWIDTH 6 0
BBX 6 12 0 -2
BITMAP
00
00
00
00
00
00
40
40
00
00
00
00
ENDCHAR
STARTCHAR uni2805
ENCODING 10245
SWIDTH 500 0
DWIDTH 6 0
BBX 6 12 0 -2
BITMAP
40
40
00
00
00
00
40
40
00
00
00
00
ENDCHAR
STARTCHAR uni2806
ENCODING 10246
SWIDTH 500 0
DWIDTH 6 0
BBX 6 12 0 -2
BITMAP
00
00
00
40
40
00
40
40
00
00
00
00
ENDCHAR
STARTCHAR uni2807
ENCODING 10247
SWIDTH 500 0
DWIDTH 6 0
BBX 6 12 0 -2
BITMAP
40
40
00
40
40
00
40
40
00
00
00
00
ENDCHAR
STARTCHAR uni2808
ENCODING 10248
SWIDTH 500 0
DWIDTH 6 0
BBX 6 12 0 -2
BITMAP
08
08
00
00
00
00
00
00
00
00
00
00
ENDCHAR
STARTCHAR uni2809
ENCODING 10249
SWIDTH 500 0
DWIDTH 6 0
BBX 6 12 0 -2
BITMAP
48
48
00
00
00
00
00
00
00
00
00
00
ENDCHAR
STARTCHAR uni280A
ENCODING 10250
SWIDTH 500 0
DWIDTH 6 0
BBX 6 12 0 -2
BITMAP
08
08
00
40
40
00
00
00
00
00
00
00
ENDCHAR
STARTCHAR uni280B
ENCODING 10251
SWIDTH 500 0
DWIDTH 6 0
BBX 6 12 0 -2
BITMAP
48
48
00
40
40
00
00
00
00
00
00
00
ENDCHAR
STARTCHAR uni280C
ENCODING 10252
SWIDTH 500 0
DWIDTH 6 0
BBX 6 12 0 -2
BITMAP
08
08
00
00
00
00
40
40
00
00
00
00
ENDCHAR
STARTCHAR uni280D
ENCODING 10253
SWIDTH 500 0
DWIDTH 6 0
BBX 6 12 0 -2
BITMAP
48
48
00
00
00
00
40
40
00
00
00
00
ENDCHAR
STARTCHAR uni280E
ENCODING 10254
SWIDTH 500 0
DWIDTH 6 0
BBX 6 12 0 -2
BITMAP
08
08
00
40
40
00
40
40
00
00
00
00
ENDCHAR
STARTCHAR uni280F
ENCODING 10255
SWIDTH 500 0
DWIDTH 6 0
BBX 6 12 0 -2
BITMAP
48
48
00
40
40
00
40
40
00
00
00
00
ENDCHAR
STARTCHAR uni2810
ENCODING 10256
SWIDTH 500 0
DWIDTH 6 0
BBX 6 12 0 -2
BITMAP
00
00
00
08
08
00
00
00
00
00
00
00
ENDCHAR
STARTCHAR uni2811
ENCODING 10257
SWIDTH 500 0
DWIDTH 6 0
BBX 6 12 0 -2
BITMAP
40
40
00
08
08
00
00
00
00
00
00
00
ENDCHAR
STARTCHAR uni2812
ENCODING 10258
SWIDTH 500 0
DWIDTH 6 0
BBX 6 12 0 -2
BITMAP
00
00
00
48
48
00
00
00
00
00
00
00
ENDCHAR
STARTCHAR uni2813
ENCODING 10259
SWIDTH 500 0
DWIDTH 6 0
BBX 6 12 0 -2
BITMAP
40
40
00
48
48
00
00
00
00
00
00
00
ENDCHAR
STARTCHAR uni2814
ENCODING 10260
SWIDTH 500 0
DWIDTH 6 0
BBX 6 12 0 -2
BITMAP
00
00
00
08
08
00
40
40
00
00
00
00
ENDCHAR
STARTCHAR uni2815
ENCODING 10261
SWIDTH 500 0
DWIDTH 6 0
BBX 6 12 0 -2
BITMAP
40
40
00
08
08
00
40
40
00
00
00
00
ENDCHAR
STARTCHAR uni2816
ENCODING 10262
SWIDTH 500 0
DWIDTH 6 0
BBX 6 12 0 -2
BITMAP
00
00
00
48
48
00
40
40
00
00
00
00
ENDCHAR
STARTCHAR uni2817
ENCODING 10263
SWIDTH 500 0
DWIDTH 6 0
BBX 6 12 0 -2
BITMAP
40
40
00
48
48
00
40
40
00
00
00
00
ENDCHAR
STARTCHAR uni2818
ENCODING 10264
SWIDTH 500 0
DWIDTH 6 0
BBX 6 12 0 -2
BITMAP
08
08
00
08
08
00
00
00
00
00
00
00
ENDCHAR
STARTCHAR uni2819
ENCODING 10265
SWIDTH 500 0
DWIDTH 6 0
BBX 6 12 0 -2
BITMAP
48
48
00
08
08
00
00
00
00
00
00
00
ENDCHAR
STARTCHAR uni281A
ENCODING 10266
SWIDTH 500 0
DWIDTH 6 0
BBX 6 12 0 -2
BITMAP
08
08
00
48
48
00
00
00
00
00
00
00
ENDCHAR
STARTCHAR uni281B
ENCODING 10267
SWIDTH 500 0
DWIDTH 6 0
BBX 6 12 0 -2
BITMAP
48
48
00
48
48
00
00
00
00
00
00
00
ENDCHAR
STARTCHAR uni281C
ENCODING 10268
SWIDTH 500 0
DWIDTH 6 0
BBX 6 12 0 -2
BITMAP
08
08
00
08
08
00
40
40
00
00
00
00
ENDCHAR
STARTCHAR uni281D
ENCODING 10269
SWIDTH 500 0
DWIDTH 6 0
BBX 6 12 0 -2
BITMAP
48
48
00
08
08
00
40
40
00
00
00
00
ENDCHAR
STARTCHAR uni281E
ENCODING 10270
SWIDTH 500 0
DWIDTH 6 0
BBX 6 12 0 -2
BITMAP
08
08
00
48
48
00
40
40
00
00
00
00
ENDCHAR
STARTCHAR uni281F
ENCODING 10271
SWIDTH 500 0
DWIDTH 6 0
BBX 6 12 0 -2
BITMAP
48
48
00
48
48
00
40
40
00
00
00
00
ENDCHAR
STARTCHAR uni2820
ENCODING 10272
SWIDTH 500 0
DWIDTH 6 0
BBX 6 12 0 -2
BITMAP
00
00
00
00
00
00
08
08
00
00
00
00
ENDCHAR
STARTCHAR uni2821
ENCODING 10273
SWIDTH 500 0
DWIDTH 6 0
BBX 6 12 0 -2
BITMAP
40
40
00
00
00
00
08
08
00
00
00
00
ENDCHAR
STARTCHAR uni2822
ENCODING 10274
SWIDTH 500 0
DWIDTH 6 0
BBX 6 12 0 -2
BITMAP
00
00
00
40
40
00
08
08
00
00
00
00
ENDCHAR
STARTCHAR uni2823
ENCODING 10275
SWIDTH 500 0
DWIDTH 6 0
BBX 6 12 0 -2
BITMAP
40
40
00
40
40
00
08
08
00
00
00
00
ENDCHAR
STARTCHAR uni2824
ENCODING 10276
SWIDTH 500 0
DWIDTH 6 0
BBX 6 12 0 -2
BITMAP
00
00
00
00
00
00
48
48
00
00
00
00
ENDCHAR
STARTCHAR uni2825
ENCODING 10277
SWIDTH 500 0
DWIDTH 6 0
BBX 6 12 0 -2
BITMAP
40
40
00
00
00
00
48
48
00
00
00
00
ENDCHAR
STARTCHAR uni2826
ENCODING 10278
SWIDTH 500 0
DWIDTH 6 0
BBX 6 12 0 -2
BITMAP
00
00
00
40
40
00
48
48
00
00
00
00
ENDCHAR
STARTCHAR uni2827
ENCODING 10279
SWIDTH 500 0
DWIDTH 6 0
BBX 6 12 0 -2
BITMAP
40
40
00
40
40
00
48
48
00
00
00
00
ENDCHAR
STARTCHAR uni2828
ENCODING 10280
SWIDTH 500 0
DWIDTH 6 0
BBX 6 12 0 -2
BITMAP
08
08
00
00
00
00
08
08
00
00
00
00
ENDCHAR
STARTCHAR uni2829
ENCODING 10281
SWIDTH 500 0
DWIDTH 6 0
BBX 6 12 0 -2
BITMAP
48
48
00
00
00
00
08
08
00
00
00
00
ENDCHAR
STARTCHAR uni282A
ENCODING 10282
SWIDTH 500 0
DWIDTH 6 0
BBX 6 12 0 -2
BITMAP
08
08
00
40
40
00
08
08
00
00
00
00
ENDCHAR
STARTCHAR uni282B
ENCODING 10283
SWIDTH 500 0
DWIDTH 6 0
BBX 6 12 0 -2
BITMAP
48
48
00
40
40
00
08
08
00
00
00
00
ENDCHAR
STARTCHAR uni282C
ENCODING 10284
SWIDTH 500 0
DWIDTH 6 0
BBX 6 12 0 -2
BITMAP
08
08
00
00
00
00
48
48
00
00
00
00
ENDCHAR
STARTCHAR uni282D
ENCODING 10285
SWIDTH 500 0
DWIDTH 6 0
BBX 6 12 0 -2
BITMAP
48
48
00
00
00
00
48
48
00
00
00
00
ENDCHAR
STARTCHAR uni282E
ENCODING 10286
SWIDTH 500 0
DWIDTH 6 0
BBX 6 12 0 -2
BITMAP
08
08
00
40
40
00
48
48
00
00
00
00
ENDCHAR
STARTCHAR uni282F
ENCODING 10287
SWIDTH 500 0
DWIDTH 6 0
BBX 6 12 0 -2
BITMAP
48
48
00
40
40
00
48
48
00
00
00
00
ENDCHAR
STARTCHAR uni2830
ENCODING 10288
SWIDTH 500 0
DWIDTH 6 0
BBX 6 12 0 -2
BITMAP
00
00
00
08
08
00
08
08
00
00
00
00
ENDCHAR
STARTCHAR uni2831
ENCODING 10289
SWIDTH 500 0
DWIDTH 6 0
BBX 6 12 0 -2
BITMAP
40
40
00
08
08
00
08
08
00
00
00
00
ENDCHAR
STARTCHAR uni2832
ENCODING 10290
SWIDTH 500 0
DWIDTH 6 0
BBX 6 12 0 -2
BITMAP
00
00
00
48
48
00
08
08
00
00
00
00
ENDCHAR
STARTCHAR uni2833
ENCODING 10291
SWIDTH 500 0
DWIDTH 6 0
BBX 6 12 0 -2
BITMAP
40
40
00
48
48
00
08
08
00
00
00
00
ENDCHAR
STARTCHAR uni2834
ENCODING 10292
SWIDTH 500 0
DWIDTH 6 0
BBX 6 12 0 -2
BITMAP
00
00
00
08
08
00
48
48
00
00
00
00
ENDCHAR
STARTCHAR uni2835
ENCODING 10293
SWIDTH 500 0
DWIDTH 6 0
BBX 6 12 0 -2
BITMAP
40
40
00
08
08
00
48
48
00
00
00
00
ENDCHAR
STARTCHAR uni2836
ENCODING 10294
SWIDTH 500 0
DWIDTH 6 0
BBX 6 12 0 -2
BITMAP
00
00
00
48
48
00
48
48
00
00
00
00
ENDCHAR
STARTCHAR uni2837
ENCODING 10295
SWIDTH 500 0
DWIDTH 6 0
BBX 6 12 0 -2
BITMAP
40
40
00
48
48
00
48
48
00
00
00
00
ENDCHAR
STARTCHAR uni2838
ENCODING 10296
SWIDTH 500 0
DWIDTH 6 0
BBX 6 12 0 -2
BITMAP
08
08
00
08
08
00
08
08
00
00
00
00
ENDCHAR
STARTCHAR uni2839
ENCODING 10297
SWIDTH 500 0
DWIDTH 6 0
BBX 6 12 0 -2
BITMAP
48
48
00
08
08
00
08
08
00
00
00
00
ENDCHAR
STARTCHAR uni283A
ENCODING 10298
SWIDTH 500 0
DWIDTH 6 0
BBX 6 12 0 -2
BITMAP
08
08
00
48
48
00
08
08
00
00
00
00
ENDCHAR
STARTCHAR uni283B
ENCODING 10299
SWIDTH 500 0
DWIDTH 6 0
BBX 6 12 0 -2
BITMAP
48
48
00
48
48
00
08
08
00
00
00
00
ENDCHAR
STARTCHAR uni283C
ENCODING 10300
SWIDTH 500 0
DWIDTH 6 0
BBX 6 12 0 -2
BITMAP
08
08
00
08
08
00
48
48
00
00
00
00
ENDCHAR
STARTCHAR uni283D
ENCODING 10301
SWIDTH 500 0
DWIDTH 6 0
BBX 6 12 0 -2
BITMAP
48
48
00
08
08
00
48
48
00
00
00
00
ENDCHAR
STARTCHAR uni283E
ENCODING 10302
SWIDTH 500 0
DWIDTH 6 0
BBX 6 12 0 -2
BITMAP
08
08
00
48
48
00
48
48
00
00
00
00
ENDCHAR
STARTCHAR uni283F
ENCODING 10303
SWIDTH 500 0
DWIDTH 6 0
BBX 6 12 0 -2
BITMAP
48
48
00
48
48
00
48
48
00
00
00
00
ENDCHAR
STARTCHAR uni2840
ENCODING 10304
SWIDTH 500 0
DWIDTH 6 0
BBX 6 12 0 -2
BITMAP
00
00
00
00
00
00
00
00
00
40
40
00
ENDCHAR
STARTCHAR uni2841
ENCODING 10305
SWIDTH 500 0
DWIDTH 6 0
BBX 6 12 0 -2
BITMAP
40
40
00
00
00
00
00
00
00
40
40
00
ENDCHAR
STARTCHAR uni2842
ENCODING 10306
SWIDTH 500 0
DWIDTH 6 0
BBX 6 12 0 -2
BITMAP
00
00
00
40
40
00
00
00
00
40
40
00
ENDCHAR
STARTCHAR uni2843
ENCODING 10307
SWIDTH 500 0
DWIDTH 6 0
BBX 6 12 0 -2
BITMAP
40
40
00
40
40
00
00
00
00
40
40
00
ENDCHAR
STARTCHAR uni2844
ENCODING 10308
SWIDTH 500 0
DWIDTH 6 0
BBX 6 12 0 -2
BITMAP
00
00
00
00
00
00
40
40
00
40
40
00
ENDCHAR
STARTCHAR uni2845
ENCODING 10309
SWIDTH 500 0
DWIDTH 6 0
BBX 6 12 0 -2
BITMAP
40
40
00
00
00
00
40
40
00
40
40
00
ENDCHAR
STARTCHAR uni2846
ENCODING 10310
SWIDTH 500 0
DWIDTH 6 0
BBX 6 12 0 -2
BITMAP
00
00
00
40
40
00
40
40
00
40
40
00
ENDCHAR
STARTCHAR uni2847
ENCODING 10311
SWIDTH 500 0
DWIDTH 6 0
BBX 6 12 0 -2
BITMAP
40
40
00
40
40
00
40
40
00
40
40
00
ENDCHAR
STARTCHAR uni2848
ENCODING 10312
SWIDTH 500 0
DWIDTH 6 0
BBX 6 12 0 -2
BITMAP
08
08
00
00
00
00
00
00
00
40
40
00
ENDCHAR
STARTCHAR uni2849
ENCODING 10313
SWIDTH 500 0
DWIDTH 6 0
BBX 6 12 0 -2
BITMAP
48
48
00
00
00
00
00
00
00
40
40
00
ENDCHAR
STARTCHAR uni284A
ENCODING 10314
SWIDTH 500 0
DWIDTH 6 0
BBX 6 12 0 -2
BITMAP
08
08
00
40
40
00
00
00
00
40
40
00
ENDCHAR
STARTCHAR uni284B
ENCODING 10315
SWIDTH 500 0
DWIDTH 6 0
BBX 6 12 0 -2
BITMAP
48
48
00
40
40
00
00
00
00
40
40
00
ENDCHAR
STARTCHAR uni284C
ENCODING 10316
SWIDTH 500 0
DWIDTH 6 0
BBX 6 12 0 -2
BITMAP
08
08
00
00
00
00
40
40
00
40
40
00
ENDCHAR
STARTCHAR uni284D
ENCODING 10317
SWIDTH 500 0
DWIDTH 6 0
BBX 6 12 0 -2
BITMAP
48
48
00
00
00
00
40
40
00
40
40
00
ENDCHAR
STARTCHAR uni284E
ENCODING 10318
SWIDTH 500 0
DWIDTH 6 0
BBX 6 12 0 -2
BITMAP
08
08
00
40
40
00
40
40
00
40
40
00
ENDCHAR
STARTCHAR uni284F
ENCODING 10319
SWIDTH 500 0
DWIDTH 6 0
BBX 6 12 0 -2
BITMAP
48
48
00
40
40
00
40
40
00
40
40
00
ENDCHAR
STARTCHAR uni2850
ENCODING 10320
SWIDTH 500 0
DWIDTH 6 0
BBX 6 12 0 -2
BITMAP
00
00
00
08
08
00
00
00
00
40
40
00
ENDCHAR
STARTCHAR uni2851
ENCODING 10321
SWIDTH 500 0
DWIDTH 6 0
BBX 6 12 0 -2
BITMAP
40
40
00
08
08
00
00
00
00
40
40
00
ENDCHAR
STARTCHAR uni2852
ENCODING 10322
SWIDTH 500 0
DWIDTH 6 0
BBX 6 12 0 -2
BITMAP
00
00
00
48
48
00
00
00
00
40
40
00
ENDCHAR
STARTCHAR uni2853
ENCODING 10323
SWIDTH 500 0
DWIDTH 6 0
BBX 6 12 0 -2
BITMAP
40
40
00
48
48
00
00
00
00
40
40
00
ENDCHAR
STARTCHAR uni2854
ENCODING 10324
SWIDTH 500 0
DWIDTH 6 0
BBX 6 12 0 -2
BITMAP
00
00
00
08
08
00
40
40
00
40
40
00
ENDCHAR
STARTCHAR uni2855
ENCODING 10325
SWIDTH 500 0
DWIDTH 6 0
BBX 6 12 0 -2
BITMAP
40
40
00
08
08
00
40
40
00
40
40
00
ENDCHAR
STARTCHAR uni2856
ENCODING 10326
SWIDTH 500 0
DWIDTH 6 0
BBX 6 12 0 -2
BITMAP
00
00
00
48
48
00
40
40
00
40
40
00
ENDCHAR
STARTCHAR uni2857
ENCODING 10327
SWIDTH 500 0
DWIDTH 6 0
BBX 6 12 0 -2
BITMAP
40
40
00
48
48
00
40
40
00
40
40
00
ENDCHAR
STARTCHAR uni2858
ENCODING 10328
SWIDTH 500 0
DWIDTH 6 0
BBX 6 12 0 -2
BITMAP
08
08
00
08
08
00
00
00
00
40
40
00
ENDCHAR
STARTCHAR uni2859
ENCODING 10329
SWIDTH 500 0
DWIDTH 6 0
BBX 6 12 0 -2
BITMAP
48
48
00
08
08
00
00
00
00
40
40
00
ENDCHAR
STARTCHAR uni285A
ENCODING 10330
SWIDTH 500 0
DWIDTH 6 0
BBX 6 12 0 -2
BITMAP
08
08
00
48
48
00
00
00
00
40
40
00
ENDCHAR
STARTCHAR uni285B
ENCODING 10331
SWIDTH 500 0
DWIDTH 6 0
BBX 6 12 0 -2
BITMAP
48
48
00
48
48
00
00
00
00
40
40
00
ENDCHAR
STARTCHAR uni285C
ENCODING 10332
SWIDTH 500 0
DWIDTH 6 0
BBX 6 12 0 -2
BITMAP
08
08
00
08
08
00
40
40
00
40
40
00
ENDCHAR
STARTCHAR uni285D
ENCODING 10333
SWIDTH 500 0
DWIDTH 6 0
BBX 6 12 0 -2
BITMAP
48
48
00
08
08
00
40
40
00
40
40
00
ENDCHAR
STARTCHAR uni285E
ENCODING 10334
SWIDTH 500 0
DWIDTH 6 0
BBX 6 12 0 -2
BITMAP
08
08
00
48
48
00
40
40
00
40
40
00
ENDCHAR
STARTCHAR uni285F
ENCODING 10335
SWIDTH 500 0
DWIDTH 6 0
BBX 6 12 0 -2
BITMAP
48
48
00
48
48
00
40
40
00
40
40
00
ENDCHAR
STARTCHAR uni2860
ENCODING 10336
SWIDTH 500 0
DWIDTH 6 0
BBX 6 12 0 -2
BITMAP
00
00
00
00
00
00
08
08
00
40
40
00
ENDCHAR
STARTCHAR uni2861
ENCODING 10337
SWIDTH 500 0
DWIDTH 6 0
BBX 6 12 0 -2
BITMAP
40
40
00
00
00
00
08
08
00
40
40
00
ENDCHAR
STARTCHAR uni2862
ENCODING 10338
SWIDTH 500 0
DWIDTH 6 0
BBX 6 12 0 -2
BITMAP
00
00
00
40
40
00
08
08
00
40
40
00
ENDCHAR
STARTCHAR uni2863
ENCODING 10339
SWIDTH 500 0
DWIDTH 6 0
BBX 6 12 0 -2
BITMAP
40
40
00
40
40
00
08
08
00
40
40
00
ENDCHAR
STARTCHAR uni2864
ENCODING 10340
SWIDTH 500 0
DWIDTH 6 0
BBX 6 12 0 -2
BITMAP
00
00
00
00
00
00
48
48
00
40
40
00
ENDCHAR
STARTCHAR uni2865
ENCODING 10341
SWIDTH 500 0
DWIDTH 6 0
BBX 6 12 0 -2
BITMAP
40
40
00
00
00
00
48
48
00
40
40
00
ENDCHAR
STARTCHAR uni2866
ENCODING 10342
SWIDTH 500 0
DWIDTH 6 0
BBX 6 12 0 -2
BITMAP
00
00
00
40
40
00
48
48
00
40
40
00
ENDCHAR
STARTCHAR uni2867
ENCODING 10343
SWIDTH 500 0
DWIDTH 6 0
BBX 6 12 0 -2
BITMAP
40
40
00
40
40
00
48
48
00
40
40
00
ENDCHAR
STARTCHAR uni2868
ENCODING 10344
SWIDTH 500 0
DWIDTH 6 0
BBX 6 12 0 -2
BITMAP
08
08
00
00
00
00
08
08
00
40
40
00
ENDCHAR
STARTCHAR uni2869
ENCODING 10345
SWIDTH 500 0
DWIDTH 6 0
BBX 6 12 0 -2
BITMAP
48
48
00
00
00
00
08
08
00
40
40
00
ENDCHAR
STARTCHAR uni286A
ENCODING 10346
SWIDTH 500 0
DWIDTH 6 0
BBX 6 12 0 -2
BITMAP
08
08
00
40
40
00
08
08
00
40
40
00
ENDCHAR
STARTCHAR uni286B
ENCODING 10347
SWIDTH 500 0
DWIDTH 6 0
BBX 6 12 0 -2
BITMAP
48
48
00
40
40
00
08
08
00
40
40
00
ENDCHAR
STARTCHAR uni286C
ENCODING 10348
SWIDTH 500 0
DWIDTH 6 0
BBX 6 12 0 -2
BITMAP
08
08
00
00
00
00
48
48
00
40
40
00
ENDCHAR
STARTCHAR uni286D
ENCODING 10349
SWIDTH 500 0
DWIDTH 6 0
BBX 6 12 0 -2
BITMAP
48
48
00
00
00
00
48
48
00
40
40
00
ENDCHAR
STARTCHAR uni286E
ENCODING 10350
SWIDTH 500 0
DWIDTH 6 0
BBX 6 12 0 -2
BITMAP
08
08
00
40
40
00
48
48
00
40
40
00
ENDCHAR
STARTCHAR uni286F
ENCODING 10351
SWIDTH 500 0
DWIDTH 6 0
BBX 6 12 0 -2
BITMAP
48
48
00
40
40
00
48
48
00
40
40
00
ENDCHAR
STARTCHAR uni2870
ENCODING 10352
SWIDTH 500 0
DWIDTH 6 0
BBX 6 12 0 -2
BITMAP
00
00
00
08
08
00
08
08
00
40
40
00
ENDCHAR
STARTCHAR uni2871
ENCODING 10353
SWIDTH 500 0
DWIDTH 6 0
BBX 6 12 0 -2
BITMAP
40
40
00
08
08
00
08
08
00
40
40
00
ENDCHAR
STARTCHAR uni2872
ENCODING 10354
SWIDTH 500 0
DWIDTH 6 0
BBX 6 12 0 -2
BITMAP
00
00
00
48
48
00
08
08
00
40
40
00
ENDCHAR
STARTCHAR uni2873
ENCODING 10355
SWIDTH 500 0
DWIDTH 6 0
BBX 6 12 0 -2
BITMAP
40
40
00
48
48
00
08
08
00
40
40
00
ENDCHAR
STARTCHAR uni2874
ENCODING 10356
SWIDTH 500 0
DWIDTH 6 0
BBX 6 12 0 -2
BITMAP
00
00
00
08
08
00
48
48
00
40
40
00
ENDCHAR
STARTCHAR uni2875
ENCODING 10357
SWIDTH 500 0
DWIDTH 6 0
BBX 6 12 0 -2
BITMAP
40
40
00
08
08
00
48
48
00
40
40
00
ENDCHAR
STARTCHAR uni2876
ENCODING 10358
SWIDTH 500 0
DWIDTH 6 0
BBX 6 12 0 -2
BITMAP
00
00
00
48
48
00
48
48
00
40
40
00
ENDCHAR
STARTCHAR uni2877
ENCODING 10359
SWIDTH 500 0
DWIDTH 6 0
BBX 6 12 0 -2
BITMAP
40
40
00
48
48
00
48
48
00
40
40
00
ENDCHAR
STARTCHAR uni2878
ENCODING 10360
SWIDTH 500 0
DWIDTH 6 0
BBX 6 12 0 -2
BITMAP
08
08
00
08
08
00
08
08
00
40
40
00
ENDCHAR
STARTCHAR uni2879
ENCODING 10361
SWIDTH 500 0
DWIDTH 6 0
BBX 6 12 0 -2
BITMAP
48
48
00
08
08
00
08
08
00
40
40
00
ENDCHAR
STARTCHAR uni287A
ENCODING 10362
SWIDTH 500 0
DWIDTH 6 0
BBX 6 12 0 -2
BITMAP
08
08
00
48
48
00
08
08
00
40
40
00
ENDCHAR
STARTCHAR uni287B
ENCODING 10363
SWIDTH 500 0
DWIDTH 6 0
BBX 6 12 0 -2
BITMAP
48
48
00
48
48
00
08
08
00
40
40
00
ENDCHAR
STARTCHAR uni287C
ENCODING 10364
SWIDTH 500 0
DWIDTH 6 0
BBX 6 12 0 -2
BITMAP
08
08
00
08
08
00
48
48
00
40
40
00
ENDCHAR
STARTCHAR uni287D
ENCODING 10365
SWIDTH 500 0
DWIDTH 6 0
BBX 6 12 0 -2
BITMAP
48
48
00
08
08
00
48
48
00
40
40
00
ENDCHAR
STARTCHAR uni287E
ENCODING 10366
SWIDTH 500 0
DWIDTH 6 0
BBX 6 12 0 -2
BITMAP
08
08
00
48
48
00
48
48
00
40
40
00
ENDCHAR
STARTCHAR uni287F
ENCODING 10367
SWIDTH 500 0
DWIDTH 6 0
BBX 6 12 0 -2
BITMAP
48
48
00
48
48
00
48
48
00
40
40
00
ENDCHAR
STARTCHAR uni2880
ENCODING 10368
SWIDTH 500 0
DWIDTH 6 0
BBX 6 12 0 -2
BITMAP
00
00
00
00
00
00
00
00
00
08
08
00
ENDCHAR
STARTCHAR uni2881
ENCODING 10369
SWIDTH 500 0
DWIDTH 6 0
BBX 6 12 0 -2
BITMAP
40
40
00
00
00
00
00
00
00
08
08
00
ENDCHAR
STARTCHAR uni2882
ENCODING 10370
SWIDTH 500 0
DWIDTH 6 0
BBX 6 12 0 -2
BITMAP
00
00
00
40
40
00
00
00
00
08
08
00
ENDCHAR
STARTCHAR uni2883
ENCODING 10371
SWIDTH 500 0
DWIDTH 6 0
BBX 6 12 0 -2
BITMAP
40
40
00
40
40
00
00
00
00
08
08
00
ENDCHAR
STARTCHAR uni2884
ENCODING 10372
SWIDTH 500 0
DWIDTH 6 0
BBX 6 12 0 -2
BITMAP
00
00
00
00
00
00
40
40
00
08
08
00
ENDCHAR
STARTCHAR uni2885
ENCODING 10373
SWIDTH 500 0
DWIDTH 6 0
BBX 6 12 0 -2
BITMAP
40
40
00
00
00
00
40
40
00
08
08
00
ENDCHAR
STARTCHAR uni2886
ENCODING 10374
SWIDTH 500 0
DWIDTH 6 0
BBX 6 12 0 -2
BITMAP
00
00
00
40
40
00
40
40
00
08
08
00
ENDCHAR
STARTCHAR uni2887
ENCODING 10375
SWIDTH 500 0
DWIDTH 6 0
BBX 6 12 0 -2
BITMAP
40
40
00
40
40
00
40
40
00
08
08
00
ENDCHAR
STARTCHAR uni2888
ENCODING 10376
SWIDTH 500 0
DWIDTH 6 0
BBX 6 12 0 -2
BITMAP
08
08
00
00
00
00
00
00
00
08
08
00
ENDCHAR
STARTCHAR uni2889
ENCODING 10377
SWIDTH 500 0
DWIDTH 6 0
BBX 6 12 0 -2
BITMAP
48
48
00
00
00
00
00
00
00
08
08
00
ENDCHAR
STARTCHAR uni288A
ENCODING 10378
SWIDTH 500 0
DWIDTH 6 0
BBX 6 12 0 -2
BITMAP
08
08
00
40
40
00
00
00
00
08
08
00
ENDCHAR
STARTCHAR uni288B
ENCODING 10379
SWIDTH 500 0
DWIDTH 6 0
BBX 6 12 0 -2
BITMAP
48
48
00
40
40
00
00
00
00
08
08
00
ENDCHAR
STARTCHAR uni288C
ENCODING 10380
SWIDTH 500 0
DWIDTH 6 0
BBX 6 12 0 -2
BITMAP
08
08
00
00
00
00
40
40
00
08
08
00
ENDCHAR
STARTCHAR uni288D
ENCODING 10381
SWIDTH 500 0
DWIDTH 6 0
BBX 6 12 0 -2
BITMAP
48
48
00
00
00
00
40
40
00
08
08
00
ENDCHAR
STARTCHAR uni288E
ENCODING 10382
SWIDTH 500 0
DWIDTH 6 0
BBX 6 12 0 -2
BITMAP
08
08
00
40
40
00
40
40
00
08
08
00
ENDCHAR
STARTCHAR uni288F
ENCODING 10383
SWIDTH 500 0
DWIDTH 6 0
BBX 6 12 0 -2
BITMAP
48
48
00
40
40
00
40
40
00
08
08
00
ENDCHAR
STARTCHAR uni2890
ENCODING 10384
SWIDTH 500 0
DWIDTH 6 0
BBX 6 12 0 -2
BITMAP
00
00
00
08
08
00
00
00
00
08
08
00
ENDCHAR
STARTCHAR uni2891
ENCODING 10385
SWIDTH 500 0
DWIDTH 6 0
BBX 6 12 0 -2
BITMAP
40
40
00
08
08
00
00
00
00
08
08
00
ENDCHAR
STARTCHAR uni2892
ENCODING 10386
SWIDTH 500 0
DWIDTH 6 0
BBX 6 12 0 -2
BITMAP
00
00
00
48
48
00
00
00
00
08
08
00
ENDCHAR
STARTCHAR uni2893
ENCODING 10387
SWIDTH 500 0
DWIDTH 6 0
BBX 6 12 0 -2
BITMAP
40
40
00
48
48
00
00
00
00
08
08
00
ENDCHAR
STARTCHAR uni2894
ENCODING 10388
SWIDTH 500 0
DWIDTH 6 0
BBX 6 12 0 -2
BITMAP
00
00
00
08
08
00
40
40
00
08
08
00
ENDCHAR
STARTCHAR uni2895
ENCODING 10389
SWIDTH 500 0
DWIDTH 6 0
BBX 6 12 0 -2
BITMAP
40
40
00
08
08
00
40
40
00
08
08
00
ENDCHAR
STARTCHAR uni2896
ENCODING 10390
SWIDTH 500 0
DWIDTH 6 0
BBX 6 12 0 -2
BITMAP
00
00
00
48
48
00
40
40
00
08
08
00
ENDCHAR
STARTCHAR uni2897
ENCODING 10391
SWIDTH 500 0
DWIDTH 6 0
BBX 6 12 0 -2
BITMAP
40
40
00
48
48
00
40
40
00
08
08
00
ENDCHAR
STARTCHAR uni2898
ENCODING 10392
SWIDTH 500 0
DWIDTH 6 0
BBX 6 12 0 -2
BITMAP
08
08
00
08
08
00
00
00
00
08
08
00
ENDCHAR
STARTCHAR uni2899
ENCODING 10393
SWIDTH 500 0
DWIDTH 6 0
BBX 6 12 0 -2
BITMAP
48
48
00
08
08
00
00
00
00
08
08
00
ENDCHAR
STARTCHAR uni289A
ENCODING 10394
SWIDTH 500 0
DWIDTH 6 0
BBX 6 12 0 -2
BITMAP
08
08
00
48
48
00
00
00
00
08
08
00
ENDCHAR
STARTCHAR uni289B
ENCODING 10395
SWIDTH 500 0
DWIDTH 6 0
BBX 6 12 0 -2
BITMAP
48
48
00
48
48
00
00
00
00
08
08
00
ENDCHAR
STARTCHAR uni289C
ENCODING 10396
SWIDTH 500 0
DWIDTH 6 0
BBX 6 12 0 -2
BITMAP
08
08
00
08
08
00
40
40
00
08
08
00
ENDCHAR
STARTCHAR uni289D
ENCODING 10397
SWIDTH 500 0
DWIDTH 6 0
BBX 6 12 0 -2
BITMAP
48
48
00
08
08
00
40
40
00
08
08
00
ENDCHAR
STARTCHAR uni289E
ENCODING 10398
SWIDTH 500 0
DWIDTH 6 0
BBX 6 12 0 -2
BITMAP
08
08
00
48
48
00
40
40
00
08
08
00
ENDCHAR
STARTCHAR uni289F
ENCODING 10399
SWIDTH 500 0
DWIDTH 6 0
BBX 6 12 0 -2
BITMAP
48
48
00
48
48
00
40
40
00
08
08
00
ENDCHAR
STARTCHAR uni28A0
ENCODING 10400
SWIDTH 500 0
DWIDTH 6 0
BBX 6 12 0 -2
BITMAP
00
00
00
00
00
00
08
08
00
08
08
00
ENDCHAR
STARTCHAR uni28A1
ENCODING 10401
SWIDTH 500 0
DWIDTH 6 0
BBX 6 12 0 -2
BITMAP
40
40
00
00
00
00
08
08
00
08
08
00
ENDCHAR
STARTCHAR uni28A2
ENCODING 10402
SWIDTH 500 0
DWIDTH 6 0
BBX 6 12 0 -2
BITMAP
00
00
00
40
40
00
08
08
00
08
08
00
ENDCHAR
STARTCHAR uni28A3
ENCODING 10403
SWIDTH 500 0
DWIDTH 6 0
BBX 6 12 0 -2
BITMAP
40
40
00
40
40
00
08
08
00
08
08
00
ENDCHAR
STARTCHAR uni28A4
ENCODING 10404
SWIDTH 500 0
DWIDTH 6 0
BBX 6 12 0 -2
BITMAP
00
00
00
00
00
00
48
48
00
08
08
00
ENDCHAR
STARTCHAR uni28A5
ENCODING 10405
SWIDTH 500 0
DWIDTH 6 0
BBX 6 12 0 -2
BITMAP
40
40
00
00
00
00
48
48
00
08
08
00
ENDCHAR
STARTCHAR uni28A6
ENCODING 10406
SWIDTH 500 0
DWIDTH 6 0
BBX 6 12 0 -2
BITMAP
00
00
00
40
40
00
48
48
00
08
08
00
ENDCHAR
STARTCHAR uni28A7
ENCODING 10407
SWIDTH 500 0
DWIDTH 6 0
BBX 6 12 0 -2
BITMAP
40
40
00
40
40
00
48
48
00
08
08
00
ENDCHAR
STARTCHAR uni28A8
ENCODING 10408
SWIDTH 500 0
DWIDTH 6 0
BBX 6 12 0 -2
BITMAP
08
08
00
00
00
00
08
08
00
08
08
00
ENDCHAR
STARTCHAR uni28A9
ENCODING 10409
SWIDTH 500 0
DWIDTH 6 0
BBX 6 12 0 -2
BITMAP
48
48
00
00
00
00
08
08
00
08
08
00
ENDCHAR
STARTCHAR uni28AA
ENCODING 10410
SWIDTH 500 0
DWIDTH 6 0
BBX 6 12 0 -2
BITMAP
08
08
00
40
40
00
08
08
00
08
08
00
ENDCHAR
STARTCHAR uni28AB
ENCODING 10411
SWIDTH 500 0
DWIDTH 6 0
BBX 6 12 0 -2
BITMAP
48
48
00
40
40
00
08
08
00
08
08
00
ENDCHAR
STARTCHAR uni28AC
ENCODING 10412
SWIDTH 500 0
DWIDTH 6 0
BBX 6 12 0 -2
BITMAP
08
08
00
00
00
00
48
48
00
08
08
00
ENDCHAR
STARTCHAR uni28AD
ENCODING 10413
SWIDTH 500 0
DWIDTH 6 0
BBX 6 12 0 -2
BITMAP
48
48
00
00
00
00
48
48
00
08
08
00
ENDCHAR
STARTCHAR uni28AE
ENCODING 10414
SWIDTH 500 0
DWIDTH 6 0
BBX 6 12 0 -2
BITMAP
08
08
00
40
40
00
48
48
00
08
08
00
ENDCHAR
STARTCHAR uni28AF
ENCODING 10415
SWIDTH 500 0
DWIDTH 6 0
BBX 6 12 0 -2
BITMAP
48
48
00
40
40
00
48
48
00
08
08
00
ENDCHAR
STARTCHAR uni28B0
ENCODING 10416
SWIDTH 500 0
DWIDTH 6 0
BBX 6 12 0 -2
BITMAP
00
00
00
08
08
00
08
08
00
08
08
00
ENDCHAR
STARTCHAR uni28B1
ENCODING 10417
SWIDTH 500 0
DWIDTH 6 0
BBX 6 12 0 -2
BITMAP
40
40
00
08
08
00
08
08
00
08
08
00
ENDCHAR
STARTCHAR uni28B2
ENCODING 10418
SWIDTH 500 0
DWIDTH 6 0
BBX 6 12 0 -2
BITMAP
00
00
00
48
48
00
08
08
00
08
08
00
ENDCHAR
STARTCHAR uni28B3
ENCODING 10419
SWIDTH 500 0
DWIDTH 6 0
BBX 6 12 0 -2
BITMAP
40
40
00
48
48
00
08
08
00
08
08
00
ENDCHAR
STARTCHAR uni28B4
ENCODING 10420
SWIDTH 500 0
DWIDTH 6 0
BBX 6 12 0 -2
BITMAP
00
00
00
08
08
00
48
48
00
08
08
00
ENDCHAR
STARTCHAR uni28B5
ENCODING 10421
SWIDTH 500 0
DWIDTH 6 0
BBX 6 12 0 -2
BITMAP
40
40
00
08
08
00
48
48
00
08
08
00
ENDCHAR
STARTCHAR uni28B6
ENCODING 10422
SWIDTH 500 0
DWIDTH 6 0
BBX 6 12 0 -2
BITMAP
00
00
00
48
48
00
48
48
00
08
08
00
ENDCHAR
STARTCHAR uni28B7
ENCODING 10423
SWIDTH 500 0
DWIDTH 6 0
BBX 6 12 0 -2
BITMAP
40
40
00
48
48
00
48
48
00
08
08
00
ENDCHAR
STARTCHAR uni28B8
ENCODING 10424
SWIDTH 500 0
DWIDTH 6 0
BBX 6 12 0 -2
BITMAP
08
08
00
08
08
00
08
08
00
08
08
00
ENDCHAR
STARTCHAR uni28B9
ENCODING 10425
SWIDTH 500 0
DWIDTH 6 0
BBX 6 12 0 -2
BITMAP
48
48
00
08
08
00
08
08
00
08
08
00
ENDCHAR
STARTCHAR uni28BA
ENCODING 10426
SWIDTH 500 0
DWIDTH 6 0
BBX 6 12 0 -2
BITMAP
08
08
00
48
48
00
08
08
00
08
08
00
ENDCHAR
STARTCHAR uni28BB
ENCODING 10427
SWIDTH 500 0
DWIDTH 6 0
BBX 6 12 0 -2
BITMAP
48
48
00
48
48
00
08
08
00
08
08
00
ENDCHAR
STARTCHAR uni28BC
ENCODING 10428
SWIDTH 500 0
DWIDTH 6 0
BBX 6 12 0 -2
BITMAP
08
08
00
08
08
00
48
48
00
08
08
00
ENDCHAR
STARTCHAR uni28BD
ENCODING 10429
SWIDTH 500 0
DWIDTH 6 0
BBX 6 12 0 -2
BITMAP
48
48
00
08
08
00
48
48
00
08
08
00
ENDCHAR
STARTCHAR uni28BE
ENCODING 10430
SWIDTH 500 0
DWIDTH 6 0
BBX 6 12 0 -2
BITMAP
08
08
00
48
48
00
48
48
00
08
08
00
ENDCHAR
STARTCHAR uni28BF
ENCODING 10431
SWIDTH 500 0
DWIDTH 6 0
BBX 6 12 0 -2
BITMAP
48
48
00
48
48
00
48
48
00
08
08
00
ENDCHAR
STARTCHAR uni28C0
ENCODING 10432
SWIDTH 500 0
DWIDTH 6 0
BBX 6 12 0 -2
BITMAP
00
00
00
00
00
00
00
00
00
48
48
00
ENDCHAR
STARTCHAR uni28C1
ENCODING 10433
SWIDTH 500 0
DWIDTH 6 0
BBX 6 12 0 -2
BITMAP
40
40
00
00
00
00
00
00
00
48
48
00
ENDCHAR
STARTCHAR uni28C2
ENCODING 10434
SWIDTH 500 0
DWIDTH 6 0
BBX 6 12 0 -2
BITMAP
00
00
00
40
40
00
00
00
00
48
48
00
ENDCHAR
STARTCHAR uni28C3
ENCODING 10435
SWIDTH 500 0
DWIDTH 6 0
BBX 6 12 0 -2
BITMAP
40
40
00
40
40
00
00
00
00
48
48
00
ENDCHAR
STARTCHAR uni28C4
ENCODING 10436
SWIDTH 500 0
DWIDTH 6 0
BBX 6 12 0 -2
BITMAP
00
00
00
00
00
00
40
40
00
48
48
00
ENDCHAR
STARTCHAR uni28C5
ENCODING 10437
SWIDTH 500 0
DWIDTH 6 0
BBX 6 12 0 -2
BITMAP
40
40
00
00
00
00
40
40
00
48
48
00
ENDCHAR
STARTCHAR uni28C6
ENCODING 10438
SWIDTH 500 0
DWIDTH 6 0
BBX 6 12 0 -2
BITMAP
00
00
00
40
40
00
40
40
00
48
48
00
ENDCHAR
STARTCHAR uni28C7
ENCODING 10439
SWIDTH 500 0
DWIDTH 6 0
BBX 6 12 0 -2
BITMAP
40
40
00
40
40
00
40
40
00
48
48
00
ENDCHAR
STARTCHAR uni28C8
ENCODING 10440
SWIDTH 500 0
DWIDTH 6 0
BBX 6 12 0 -2
BITMAP
08
08
00
00
00
00
00
00
00
48
48
00
ENDCHAR
STARTCHAR uni28C9
ENCODING 10441
SWIDTH 500 0
DWIDTH 6 0
BBX 6 12 0 -2
BITMAP
48
48
00
00
00
00
00
00
00
48
48
00
ENDCHAR
STARTCHAR uni28CA
ENCODING 10442
SWIDTH 500 0
DWIDTH 6 0
BBX 6 12 0 -2
BITMAP
08
08
00
40
40
00
00
00
00
48
48
00
ENDCHAR
STARTCHAR uni28CB
ENCODING 10443
SWIDTH 500 0
DWIDTH 6 0
BBX 6 12 0 -2
BITMAP
48
48
00
40
40
00
00
00
00
48
48
00
ENDCHAR
STARTCHAR uni28CC
ENCODING 10444
SWIDTH 500 0
DWIDTH 6 0
BBX 6 12 0 -2
BITMAP
08
08
00
00
00
00
40
40
00
48
48
00
ENDCHAR
STARTCHAR uni28CD
ENCODING 10445
SWIDTH 500 0
DWIDTH 6 0
BBX 6 12 0 -2
BITMAP
48
48
00
00
00
00
40
40
00
48
48
00
ENDCHAR
STARTCHAR uni28CE
ENCODING 10446
SWIDTH 500 0
DWIDTH 6 0
BBX 6 12 0 -2
BITMAP
08
08
00
40
40
00
40
40
00
48
48
00
ENDCHAR
STARTCHAR uni28CF
ENCODING 10447
SWIDTH 500 0
DWIDTH 6 0
BBX 6 12 0 -2
BITMAP
48
48
00
40
40
00
40
40
00
48
48
00
ENDCHAR
STARTCHAR uni28D0
ENCODING 10448
SWIDTH 500 0
DWIDTH 6 0
BBX 6 12 0 -2
BITMAP
00
00
00
08
08
00
00
00
00
48
48
00
ENDCHAR
STARTCHAR uni28D1
ENCODING 10449
SWIDTH 500 0
DWIDTH 6 0
BBX 6 12 0 -2
BITMAP
40
40
00
08
08
00
00
00
00
48
48
00
ENDCHAR
STARTCHAR uni28D2
ENCODING 10450
SWIDTH 500 0
DWIDTH 6 0
BBX 6 12 0 -2
BITMAP
00
00
00
48
48
00
00
00
00
48
48
00
ENDCHAR
STARTCHAR uni28D3
ENCODING 10451
SWIDTH 500 0
DWIDTH 6 0
BBX 6 12 0 -2
BITMAP
40
40
00
48
48
00
00
00
00
48
48
00
ENDCHAR
STARTCHAR uni28D4
ENCODING 10452
SWIDTH 500 0
DWIDTH 6 0
BBX 6 12 0 -2
BITMAP
00
00
00
08
08
00
40
40
00
48
48
00
ENDCHAR
STARTCHAR uni28D5
ENCODING 10453
SWIDTH 500 0
DWIDTH 6 0
BBX 6 12 0 -2
BITMAP
40
40
00
08
08
00
40
40
00
48
48
00
ENDCHAR
STARTCHAR uni28D6
ENCODING 10454
SWIDTH 500 0
DWIDTH 6 0
BBX 6 12 0 -2
BITMAP
00
00
00
48
48
00
40
40
00
48
48
00
ENDCHAR
STARTCHAR uni28D7
ENCODING 10455
SWIDTH 500 0
DWIDTH 6 0
BBX 6 12 0 -2
BITMAP
40
40
00
48
48
00
40
40
00
48
48
00
ENDCHAR
STARTCHAR uni28D8
ENCODING 10456
SWIDTH 500 0
DWIDTH 6 0
BBX 6 12 0 -2
BITMAP
08
08
00
08
08
00
00
00
00
48
48
00
ENDCHAR
STARTCHAR uni28D9
ENCODING 10457
SWIDTH 500 0
DWIDTH 6 0
BBX 6 12 0 -2
BITMAP
48
48
00
08
08
00
00
00
00
48
48
00
ENDCHAR
STARTCHAR uni28DA
ENCODING 10458
SWIDTH 500 0
DWIDTH 6 0
BBX 6 12 0 -2
BITMAP
08
08
00
48
48
00
00
00
00
48
48
00
ENDCHAR
STARTCHAR uni28DB
ENCODING 10459
SWIDTH 500 0
DWIDTH 6 0
BBX 6 12 0 -2
BITMAP
48
48
00
48
48
00
00
00
00
48
48
00
ENDCHAR
STARTCHAR uni28DC
ENCODING 10460
SWIDTH 500 0
DWIDTH 6 0
BBX 6 12 0 -2
BITMAP
08
08
00
08
08
00
40
40
00
48
48
00
ENDCHAR
STARTCHAR uni28DD
ENCODING 10461
SWIDTH 500 0
DWIDTH 6 0
BBX 6 12 0 -2
BITMAP
48
48
00
08
08
00
40
40
00
48
48
00
ENDCHAR
STARTCHAR uni28DE
ENCODING 10462
SWIDTH 500 0
DWIDTH 6 0
BBX 6 12 0 -2
BITMAP
08
08
00
48
48
00
40
40
00
48
48
00
ENDCHAR
STARTCHAR uni28DF
ENCODING 10463
SWIDTH 500 0
DWIDTH 6 0
BBX 6 12 0 -2
BITMAP
48
48
00
48
48
00
40
40
00
48
48
00
ENDCHAR
STARTCHAR uni28E0
ENCODING 10464
SWIDTH 500 0
DWIDTH 6 0
BBX 6 12 0 -2
BITMAP
00
00
00
00
00
00
08
08
00
48
48
00
ENDCHAR
STARTCHAR uni28E1
ENCODING 10465
SWIDTH 500 0
DWIDTH 6 0
BBX 6 12 0 -2
BITMAP
40
40
00
00
00
00
08
08
00
48
48
00
ENDCHAR
STARTCHAR uni28E2
ENCODING 10466
SWIDTH 500 0
DWIDTH 6 0
BBX 6 12 0 -2
BITMAP
00
00
00
40
40
00
08
08
00
48
48
00
ENDCHAR
STARTCHAR uni28E3
ENCODING 10467
SWIDTH 500 0
DWIDTH 6 0
BBX 6 12 0 -2
BITMAP
40
40
00
40
40
00
08
08
00
48
48
00
ENDCHAR
STARTCHAR uni28E4
ENCODING 10468
SWIDTH 500 0
DWIDTH 6 0
BBX 6 12 0 -2
BITMAP
00
00
00
00
00
00
48
48
00
48
48
00
ENDCHAR
STARTCHAR uni28E5
ENCODING 10469
SWIDTH 500 0
DWIDTH 6 0
BBX 6 12 0 -2
BITMAP
40
40
00
00
00
00
48
48
00
48
48
00
ENDCHAR
STARTCHAR uni28E6
ENCODING 10470
SWIDTH 500 0
DWIDTH 6 0
BBX 6 12 0 -2
BITMAP
00
00
00
40
40
00
48
48
00
48
48
00
ENDCHAR
STARTCHAR uni28E7
ENCODING 10471
SWIDTH 500 0
DWIDTH 6 0
BBX 6 12 0 -2
BITMAP
40
40
00
40
40
00
48
48
00
48
48
00
ENDCHAR
STARTCHAR uni28E8
ENCODING 10472
SWIDTH 500 0
DWIDTH 6 0
BBX 6 12 0 -2
BITMAP
08
08
00
00
00
00
08
08
00
48
48
00
ENDCHAR
STARTCHAR uni28E9
ENCODING 10473
SWIDTH 500 0
DWIDTH 6 0
BBX 6 12 0 -2
BITMAP
48
48
00
00
00
00
08
08
00
48
48
00
ENDCHAR
STARTCHAR uni28EA
ENCODING 10474
SWIDTH 500 0
DWIDTH 6 0
BBX 6 12 0 -2
BITMAP
08
08
00
40
40
00
08
08
00
48
48
00
ENDCHAR
STARTCHAR uni28EB
ENCODING 10475
SWIDTH 500 0
DWIDTH 6 0
BBX 6 12 0 -2
BITMAP
48
48
00
40
40
00
08
08
00
48
48
00
ENDCHAR
STARTCHAR uni28EC
ENCODING 10476
SWIDTH 500 0
DWIDTH 6 0
BBX 6 12 0 -2
BITMAP
08
08
00
00
00
00
48
48
00
48
48
00
ENDCHAR
STARTCHAR uni28ED
ENCODING 10477
SWIDTH 500 0
DWIDTH 6 0
BBX 6 12 0 -2
BITMAP
48
48
00
00
00
00
48
48
00
48
48
00
ENDCHAR
STARTCHAR uni28EE
ENCODING 10478
SWIDTH 500 0
DWIDTH 6 0
BBX 6 12 0 -2
BITMAP
08
08
00
40
40
00
48
48
00
48
48
00
ENDCHAR
STARTCHAR uni28EF
ENCODING 10479
SWIDTH 500 0
DWIDTH 6 0
BBX 6 12 0 -2
BITMAP
48
48
00
40
40
00
48
48
00
48
48
00
ENDCHAR
STARTCHAR uni28F0
ENCODING 10480
SWIDTH 500 0
DWIDTH 6 0
BBX 6 12 0 -2
BITMAP
00
00
00
08
08
00
08
08
00
48
48
00
ENDCHAR
STARTCHAR uni28F1
ENCODING 10481
SWIDTH 500 0
DWIDTH 6 0
BBX 6 12 0 -2
BITMAP
40
40
00
08
08
00
08
08
00
48
48
00
ENDCHAR
STARTCHAR uni28F2
ENCODING 10482
SWIDTH 500 0
DWIDTH 6 0
BBX 6 12 0 -2
BITMAP
00
00
00
48
48
00
08
08
00
48
48
00
ENDCHAR
STARTCHAR uni28F3
ENCODING 10483
SWIDTH 500 0
DWIDTH 6 0
BBX 6 12 0 -2
BITMAP
40
40
00
48
48
00
08
08
00
48
48
00
ENDCHAR
STARTCHAR uni28F4
ENCODING 10484
SWIDTH 500 0
DWIDTH 6 0
BBX 6 12 0 -2
BITMAP
00
00
00
08
08
00
48
48
00
48
48
00
ENDCHAR
STARTCHAR uni28F5
ENCODING 10485
SWIDTH 500 0
DWIDTH 6 0
BBX 6 12 0 -2
BITMAP
40
40
00
08
08
00
48
48
00
48
48
00
ENDCHAR
STARTCHAR uni28F6
ENCODING 10486
SWIDTH 500 0
DWIDTH 6 0
BBX 6 12 0 -2
BITMAP
00
00
00
48
48
00
48
48
00
48
48
00
ENDCHAR
STARTCHAR uni28F7
ENCODING 10487
SWIDTH 500 0
DWIDTH 6 0
BBX 6 12 0 -2
BITMAP
40
40
00
48
48
00
48
48
00
48
48
00
ENDCHAR
STARTCHAR uni28F8
ENCODING 10488
SWIDTH 500 0
DWIDTH 6 0
BBX 6 12 0 -2
BITMAP
08
08
00
08
08
00
08
08
00
48
48
00
ENDCHAR
STARTCHAR uni28F9
ENCODING 10489
SWIDTH 500 0
DWIDTH 6 0
BBX 6 12 0 -2
BITMAP
48
48
00
08
08
00
08
08
00
48
48
00
ENDCHAR
STARTCHAR uni28FA
ENCODING 10490
SWIDTH 500 0
DWIDTH 6 0
BBX 6 12 0 -2
BITMAP
08
08
00
48
48
00
08
08
00
48
48
00
ENDCHAR
STARTCHAR uni28FB
ENCODING 10491
SWIDTH 500 0
DWIDTH 6 0
BBX 6 12 0 -2
BITMAP
48
48
00
48
48
00
08
08
00
48
48
00
ENDCHAR
STARTCHAR uni28FC
ENCODING 10492
SWIDTH 500 0
DWIDTH 6 0
BBX 6 12 0 -2
BITMAP
08
08
00
08
08
00
48
48
00
48
48
00
ENDCHAR
STARTCHAR uni28FD
ENCODING 10493
SWIDTH 500 0
DWIDTH 6 0
BBX 6 12 0 -2
BITMAP
48
48
00
08
08
00
48
48
00
48
48
00
ENDCHAR
STARTCHAR uni28FE
ENCODING 10494
SWIDTH 500 0
DWIDTH 6 0
BBX 6 12 0 -2
BITMAP
08
08
00
48
48
00
48
48
00
48
48
00
ENDCHAR
STARTCHAR uni28FF
ENCODING 10495
SWIDTH 500 0
DWIDTH 6 0
BBX 6 12 0 -2
BITMAP
48
48
00
48
48
00
48
48
00
48
48
00
ENDCHAR
STARTCHAR uni2E2C
ENCODING 11820
SWIDTH 500 0
DWIDTH 6 0
BBX 6 12 0 -2
BITMAP
00
00
00
00
88
88
00
00
88
88
00
00
ENDCHAR
STARTCHAR uniE0A0
ENCODING 57504
SWIDTH 500 0
DWIDTH 6 0
BBX 6 12 0 -2
BITMAP
80
90
B8
90
90
90
20
40
80
80
80
80
ENDCHAR
STARTCHAR uniE0A1
ENCODING 57505
SWIDTH 500 0
DWIDTH 6 0
BBX 6 12 0 -2
BITMAP
80
80
80
80
F0
00
24
34
2C
24
24
00
ENDCHAR
STARTCHAR uniE0A2
ENCODING 57506
SWIDTH 500 0
DWIDTH 6 0
BBX 6 12 0 -2
BITMAP
00
30
48
48
48
FC
FC
CC
CC
FC
FC
00
ENDCHAR
STARTCHAR uniE0B0
ENCODING 57520
SWIDTH 500 0
DWIDTH 6 0
BBX 6 12 0 -2
BITMAP
80
C0
E0
F0
F8
FC
FC
F8
F0
E0
C0
80
ENDCHAR
STARTCHAR uniE0B1
ENCODING 57521
SWIDTH 500 0
DWIDTH 6 0
BBX 6 12 0 -2
BITMAP
80
40
20
10
08
04
04
08
10
20
40
80
ENDCHAR
STARTCHAR uniE0B2
ENCODING 57522
SWIDTH 500 0
DWIDTH 6 0
BBX 6 12 0 -2
BITMAP
04
0C
1C
3C
7C
FC
FC
7C
3C
1C
0C
04
ENDCHAR
STARTCHAR uniE0B3
ENCODING 57523
SWIDTH 500 0
DWIDTH 6 0
BBX 6 12 0 -2
BITMAP
04
08
10
20
40
80
80
40
20
10
08
04
ENDCHAR
STARTCHAR uniF6BE
ENCODING 63166
SWIDTH 500 0
DWIDTH 6 0
BBX 6 12 0 -2
BITMAP
00
00
00
00
18
08
08
08
08
08
48
30
ENDCHAR
STARTCHAR uniFFFD
ENCODING 65533
SWIDTH 500 0
DWIDTH 6 0
BBX 6 12 0 -2
BITMAP
00
00
F8
88
88
88
88
88
88
F8
00
00
ENDCHAR
COMMENT End of Terminus glyphs. Terplus additions follow.
STARTCHAR uni0180
ENCODING 384
SWIDTH 500 0
DWIDTH 6 0
BBX 6 12 0 -2
BITMAP
00
00
80
E0
F0
88
88
88
88
F0
00
00
ENDCHAR
STARTCHAR uni0181
ENCODING 385
SWIDTH 500 0
DWIDTH 6 0
BBX 6 12 0 -2
BITMAP
40
A0
F0
88
88
F0
88
88
88
F0
00
00
ENDCHAR
STARTCHAR uni0182
ENCODING 386
SWIDTH 500 0
DWIDTH 6 0
BBX 6 12 0 -2
BITMAP
00
00
F0
80
80
F0
88
88
88
F0
00
00
ENDCHAR
STARTCHAR uni0183
ENCODING 387
SWIDTH 500 0
DWIDTH 6 0
BBX 6 12 0 -2
BITMAP
00
00
70
80
F0
88
88
88
88
F0
00
00
ENDCHAR
STARTCHAR uni0184
ENCODING 388
SWIDTH 500 0
DWIDTH 6 0
BBX 6 12 0 -2
BITMAP
00
00
40
40
70
48
48
48
48
70
00
00
ENDCHAR
STARTCHAR uni0185
ENCODING 389
SWIDTH 500 0
DWIDTH 6 0
BBX 6 12 0 -2
BITMAP
00
00
00
00
40
40
70
48
48
70
00
00
ENDCHAR
STARTCHAR uni0187
ENCODING 391
SWIDTH 500 0
DWIDTH 6 0
BBX 6 12 0 -2
BITMAP
00
10
78
88
88
80
80
80
88
70
00
00
ENDCHAR
STARTCHAR uni0188
ENCODING 392
SWIDTH 500 0
DWIDTH 6 0
BBX 6 12 0 -2
BITMAP
00
00
00
10
78
88
88
80
88
70
00
00
ENDCHAR
STARTCHAR uni0189
ENCODING 393
SWIDTH 500 0
DWIDTH 6 0
BBX 6 12 0 -2
BITMAP
00
00
E0
90
88
E8
88
88
90
E0
00
00
ENDCHAR
STARTCHAR uni018A
ENCODING 394
SWIDTH 500 0
DWIDTH 6 0
BBX 6 12 0 -2
BITMAP
40
A0
E0
90
88
88
88
88
90
E0
00
00
ENDCHAR
STARTCHAR uni018B
ENCODING 395
SWIDTH 500 0
DWIDTH 6 0
BBX 6 12 0 -2
BITMAP
00
00
78
08
08
78
88
88
88
78
00
00
ENDCHAR
STARTCHAR uni018C
ENCODING 396
SWIDTH 500 0
DWIDTH 6 0
BBX 6 12 0 -2
BITMAP
00
00
70
08
78
88
88
88
88
78
00
00
ENDCHAR
STARTCHAR uni018D
ENCODING 397
SWIDTH 500 0
DWIDTH 6 0
BBX 6 12 0 -2
BITMAP
00
00
70
88
88
88
70
20
10
78
00
00
ENDCHAR
STARTCHAR uni0191
ENCODING 401
SWIDTH 500 0
DWIDTH 6 0
BBX 6 12 0 -2
BITMAP
00
00
38
20
20
30
20
20
20
20
A0
40
ENDCHAR
STARTCHAR uni0193
ENCODING 403
SWIDTH 500 0
DWIDTH 6 0
BBX 6 12 0 -2
BITMAP
00
10
78
88
88
80
B8
88
88
70
00
00
ENDCHAR
STARTCHAR uni0194
ENCODING 404
SWIDTH 500 0
DWIDTH 6 0
BBX 6 12 0 -2
BITMAP
00
00
88
88
50
50
20
20
50
20
00
00
ENDCHAR
STARTCHAR uni0195
ENCODING 405
SWIDTH 500 0
DWIDTH 6 0
BBX 6 12 0 -2
BITMAP
00
00
80
80
E8
A8
A8
A8
A8
B8
00
00
ENDCHAR
STARTCHAR uni0196
ENCODING 406
SWIDTH 500 0
DWIDTH 6 0
BBX 6 12 0 -2
BITMAP
00
00
60
20
20
20
20
20
20
18
00
00
ENDCHAR
STARTCHAR uni0197
ENCODING 407
SWIDTH 500 0
DWIDTH 6 0
BBX 6 12 0 -2
BITMAP
00
00
70
20
20
F8
20
20
20
70
00
00
ENDCHAR
STARTCHAR uni0198
ENCODING 408
SWIDTH 500 0
DWIDTH 6 0
BBX 6 12 0 -2
BITMAP
10
28
88
98
A0
C0
C0
A0
90
88
00
00
ENDCHAR
STARTCHAR uni0199
ENCODING 409
SWIDTH 500 0
DWIDTH 6 0
BBX 6 12 0 -2
BITMAP
00
00
50
68
48
58
60
60
50
48
00
00
ENDCHAR
STARTCHAR uni019A
ENCODING 410
SWIDTH 500 0
DWIDTH 6 0
BBX 6 12 0 -2
BITMAP
00
00
60
20
F8
20
20
20
20
10
00
00
ENDCHAR
STARTCHAR uni019B
ENCODING 411
SWIDTH 500 0
DWIDTH 6 0
BBX 6 12 0 -2
BITMAP
00
00
40
48
30
20
50
D0
88
88
00
00
ENDCHAR
STARTCHAR uni019C
ENCODING 412
SWIDTH 500 0
DWIDTH 6 0
BBX 6 12 0 -2
BITMAP
00
00
88
88
88
88
A8
A8
D8
88
00
00
ENDCHAR
STARTCHAR uni019F
ENCODING 415
SWIDTH 500 0
DWIDTH 6 0
BBX 6 12 0 -2
BITMAP
00
00
70
88
88
F8
88
88
88
70
00
00
ENDCHAR
STARTCHAR uni01A0
ENCODING 416
SWIDTH 500 0
DWIDTH 6 0
BBX 6 12 0 -2
BITMAP
00
08
68
90
90
90
90
90
90
60
00
00
ENDCHAR
STARTCHAR uni01A1
ENCODING 417
SWIDTH 500 0
DWIDTH 6 0
BBX 6 12 0 -2
BITMAP
00
00
00
08
68
90
90
90
90
60
00
00
ENDCHAR
STARTCHAR uni01A2
ENCODING 418
SWIDTH 500 0
DWIDTH 6 0
BBX 6 12 0 -2
BITMAP
00
08
78
88
88
88
88
88
88
78
08
08
ENDCHAR
STARTCHAR uni01A3
ENCODING 419
SWIDTH 500 0
DWIDTH 6 0
BBX 6 12 0 -2
BITMAP
00
00
00
08
78
88
88
88
88
78
08
08
ENDCHAR
STARTCHAR uni01A4
ENCODING 420
SWIDTH 500 0
DWIDTH 6 0
BBX 6 12 0 -2
BITMAP
40
A0
F0
88
88
88
F0
80
80
80
00
00
ENDCHAR
STARTCHAR uni01A5
ENCODING 421
SWIDTH 500 0
DWIDTH 6 0
BBX 6 12 0 -2
BITMAP
00
00
40
A0
F0
88
88
88
88
F0
80
80
ENDCHAR
STARTCHAR uni01A6
ENCODING 422
SWIDTH 500 0
DWIDTH 6 0
BBX 6 12 0 -2
BITMAP
00
00
E0
90
90
90
F8
80
A0
90
00
00
ENDCHAR
STARTCHAR uni01A7
ENCODING 423
SWIDTH 500 0
DWIDTH 6 0
BBX 6 12 0 -2
BITMAP
00
00
70
88
08
70
80
80
88
70
00
00
ENDCHAR
STARTCHAR uni01A8
ENCODING 424
SWIDTH 500 0
DWIDTH 6 0
BBX 6 12 0 -2
BITMAP
00
00
00
00
F0
08
70
80
80
78
00
00
ENDCHAR
STARTCHAR uni01A9
ENCODING 425
SWIDTH 500 0
DWIDTH 6 0
BBX 6 12 0 -2
BITMAP
00
00
F8
40
20
10
10
20
40
F8
00
00
ENDCHAR
STARTCHAR uni01AA
ENCODING 426
SWIDTH 500 0
DWIDTH 6 0
BBX 6 12 0 -2
BITMAP
00
00
60
50
70
10
10
10
10
18
08
00
ENDCHAR
STARTCHAR uni01AB
ENCODING 427
SWIDTH 500 0
DWIDTH 6 0
BBX 6 12 0 -2
BITMAP
00
00
20
20
70
20
20
20
20
18
50
20
ENDCHAR
STARTCHAR uni01AC
ENCODING 428
SWIDTH 500 0
DWIDTH 6 0
BBX 6 12 0 -2
BITMAP
40
A0
F8
20
20
20
20
20
20
20
00
00
ENDCHAR
STARTCHAR uni01AD
ENCODING 429
SWIDTH 500 0
DWIDTH 6 0
BBX 6 12 0 -2
BITMAP
20
50
60
20
70
20
20
20
20
18
00
00
ENDCHAR
STARTCHAR uni01AE
ENCODING 430
SWIDTH 500 0
DWIDTH 6 0
BBX 6 12 0 -2
BITMAP
00
00
F8
20
20
20
20
20
20
20
28
10
ENDCHAR
STARTCHAR uni01AF
ENCODING 431
SWIDTH 500 0
DWIDTH 6 0
BBX 6 12 0 -2
BITMAP
00
08
98
90
90
90
90
90
90
60
00
00
ENDCHAR
STARTCHAR uni01B0
ENCODING 432
SWIDTH 500 0
DWIDTH 6 0
BBX 6 12 0 -2
BITMAP
00
00
00
08
98
90
90
90
90
70
00
00
ENDCHAR
STARTCHAR uni01B1
ENCODING 433
SWIDTH 500 0
DWIDTH 6 0
BBX 6 12 0 -2
BITMAP
00
00
D8
50
88
88
88
88
88
70
00
00
ENDCHAR
STARTCHAR uni01B2
ENCODING 434
SWIDTH 500 0
DWIDTH 6 0
BBX 6 12 0 -2
BITMAP
10
28
88
88
88
88
88
88
88
70
00
00
ENDCHAR
STARTCHAR uni01B3
ENCODING 435
SWIDTH 500 0
DWIDTH 6 0
BBX 6 12 0 -2
BITMAP
10
28
88
88
50
50
20
20
20
20
00
00
ENDCHAR
STARTCHAR uni01B4
ENCODING 436
SWIDTH 500 0
DWIDTH 6 0
BBX 6 12 0 -2
BITMAP
00
00
10
28
88
88
88
88
88
78
08
70
ENDCHAR
STARTCHAR uni01B8
ENCODING 440
SWIDTH 500 0
DWIDTH 6 0
BBX 6 12 0 -2
BITMAP
00
00
F8
80
40
60
80
80
88
70
00
00
ENDCHAR
STARTCHAR uni01B9
ENCODING 441
SWIDTH 500 0
DWIDTH 6 0
BBX 6 12 0 -2
BITMAP
00
00
00
00
F8
80
40
60
80
80
88
70
ENDCHAR
STARTCHAR uni01BA
ENCODING 442
SWIDTH 500 0
DWIDTH 6 0
BBX 6 12 0 -2
BITMAP
00
00
00
00
F0
10
20
20
10
10
90
68
ENDCHAR
STARTCHAR uni01BB
ENCODING 443
SWIDTH 500 0
DWIDTH 6 0
BBX 6 12 0 -2
BITMAP
00
00
60
90
90
F8
20
00
40
F0
00
00
ENDCHAR
STARTCHAR uni01BC
ENCODING 444
SWIDTH 500 0
DWIDTH 6 0
BBX 6 12 0 -2
BITMAP
00
00
F8
80
80
F0
08
08
88
70
00
00
ENDCHAR
STARTCHAR uni01BD
ENCODING 445
SWIDTH 500 0
DWIDTH 6 0
BBX 6 12 0 -2
BITMAP
00
00
00
00
F8
80
F0
08
88
70
00
00
ENDCHAR
STARTCHAR uni01BE
ENCODING 446
SWIDTH 500 0
DWIDTH 6 0
BBX 6 12 0 -2
BITMAP
00
00
00
00
00
F8
40
90
90
60
00
00
ENDCHAR
STARTCHAR uni01BF
ENCODING 447
SWIDTH 500 0
DWIDTH 6 0
BBX 6 12 0 -2
BITMAP
00
00
00
00
F0
88
90
E0
80
C0
80
80
ENDCHAR
STARTCHAR uni01C0
ENCODING 448
SWIDTH 500 0
DWIDTH 6 0
BBX 6 12 0 -2
BITMAP
00
00
20
20
20
20
20
20
20
20
00
00
ENDCHAR
STARTCHAR uni01C1
ENCODING 449
SWIDTH 500 0
DWIDTH 6 0
BBX 6 12 0 -2
BITMAP
00
00
50
50
50
50
50
50
50
50
00
00
ENDCHAR
STARTCHAR uni01C2
ENCODING 450
SWIDTH 500 0
DWIDTH 6 0
BBX 6 12 0 -2
BITMAP
00
00
20
20
F8
20
F8
20
20
20
00
00
ENDCHAR
STARTCHAR uni01C3
ENCODING 451
SWIDTH 500 0
DWIDTH 6 0
BBX 6 12 0 -2
BITMAP
00
00
20
20
20
20
20
00
20
20
00
00
ENDCHAR
STARTCHAR uni01C4
ENCODING 452
SWIDTH 500 0
DWIDTH 6 0
BBX 6 12 0 -2
BITMAP
28
10
C0
B8
A8
A8
B0
A0
A0
F8
00
00
ENDCHAR
STARTCHAR uni01C5
ENCODING 453
SWIDTH 500 0
DWIDTH 6 0
BBX 6 12 0 -2
BITMAP
00
28
D0
A0
B8
A8
B0
B0
A0
F8
00
00
ENDCHAR
STARTCHAR uni01C6
ENCODING 454
SWIDTH 500 0
DWIDTH 6 0
BBX 6 12 0 -2
BITMAP
00
28
30
20
78
A8
B0
B0
A0
78
00
00
ENDCHAR
STARTCHAR uni01C7
ENCODING 455
SWIDTH 500 0
DWIDTH 6 0
BBX 6 12 0 -2
BITMAP
00
00
B8
88
88
88
88
88
A8
F0
00
00
ENDCHAR
STARTCHAR uni01C8
ENCODING 456
SWIDTH 500 0
DWIDTH 6 0
BBX 6 12 0 -2
BITMAP
00
00
88
88
88
88
88
88
88
E8
28
10
ENDCHAR
STARTCHAR uni01C9
ENCODING 457
SWIDTH 500 0
DWIDTH 6 0
BBX 6 12 0 -2
BITMAP
00
00
C8
48
48
48
48
48
48
68
28
10
ENDCHAR
STARTCHAR uni01CA
ENCODING 458
SWIDTH 500 0
DWIDTH 6 0
BBX 6 12 0 -2
BITMAP
00
00
B8
A8
E8
E8
E8
E8
A8
B0
00
00
ENDCHAR
STARTCHAR uni01CB
ENCODING 459
SWIDTH 500 0
DWIDTH 6 0
BBX 6 12 0 -2
BITMAP
00
00
A8
A8
E8
E8
E8
E8
A8
A8
28
10
ENDCHAR
STARTCHAR uni01CC
ENCODING 460
SWIDTH 500 0
DWIDTH 6 0
BBX 6 12 0 -2
BITMAP
00
00
08
08
C8
A8
A8
A8
A8
A8
28
10
ENDCHAR
STARTCHAR uni01D5
ENCODING 469
SWIDTH 500 0
DWIDTH 6 0
BBX 6 12 0 -2
BITMAP
70
00
50
50
88
88
88
88
88
70
00
00
ENDCHAR
STARTCHAR uni01D6
ENCODING 470
SWIDTH 500 0
DWIDTH 6 0
BBX 6 12 0 -2
BITMAP
70
00
50
50
88
88
88
88
88
78
00
00
ENDCHAR
STARTCHAR uni01D7
ENCODING 471
SWIDTH 500 0
DWIDTH 6 0
BBX 6 12 0 -2
BITMAP
20
40
00
50
50
88
88
88
88
70
00
00
ENDCHAR
STARTCHAR uni01D8
ENCODING 472
SWIDTH 500 0
DWIDTH 6 0
BBX 6 12 0 -2
BITMAP
20
40
00
50
50
88
88
88
88
78
00
00
ENDCHAR
STARTCHAR uni01D9
ENCODING 473
SWIDTH 500 0
DWIDTH 6 0
BBX 6 12 0 -2
BITMAP
50
20
00
50
50
88
88
88
88
70
00
00
ENDCHAR
STARTCHAR uni01DA
ENCODING 474
SWIDTH 500 0
DWIDTH 6 0
BBX 6 12 0 -2
BITMAP
50
20
00
50
50
88
88
88
88
78
00
00
ENDCHAR
STARTCHAR uni01DB
ENCODING 475
SWIDTH 500 0
DWIDTH 6 0
BBX 6 12 0 -2
BITMAP
40
20
00
50
50
88
88
88
88
70
00
00
ENDCHAR
STARTCHAR uni01DC
ENCODING 476
SWIDTH 500 0
DWIDTH 6 0
BBX 6 12 0 -2
BITMAP
40
20
00
50
50
88
88
88
88
78
00
00
ENDCHAR
STARTCHAR uni01DD
ENCODING 477
SWIDTH 500 0
DWIDTH 6 0
BBX 6 12 0 -2
BITMAP
00
00
00
00
70
88
08
F8
88
70
00
00
ENDCHAR
STARTCHAR uni01DE
ENCODING 478
SWIDTH 500 0
DWIDTH 6 0
BBX 6 12 0 -2
BITMAP
70
00
50
50
70
88
88
F8
88
88
00
00
ENDCHAR
STARTCHAR uni01DF
ENCODING 479
SWIDTH 500 0
DWIDTH 6 0
BBX 6 12 0 -2
BITMAP
70
00
50
50
70
08
78
88
88
78
00
00
ENDCHAR
STARTCHAR uni01E0
ENCODING 480
SWIDTH 500 0
DWIDTH 6 0
BBX 6 12 0 -2
BITMAP
70
00
20
20
70
88
88
F8
88
88
00
00
ENDCHAR
STARTCHAR uni01E1
ENCODING 481
SWIDTH 500 0
DWIDTH 6 0
BBX 6 12 0 -2
BITMAP
70
00
20
20
70
08
78
88
88
78
00
00
ENDCHAR
STARTCHAR uni01F1
ENCODING 497
SWIDTH 500 0
DWIDTH 6 0
BBX 6 12 0 -2
BITMAP
00
00
F8
A8
A8
B0
B0
A0
A0
F8
00
00
ENDCHAR
STARTCHAR uni01F2
ENCODING 498
SWIDTH 500 0
DWIDTH 6 0
BBX 6 12 0 -2
BITMAP
00
00
C0
A0
B8
A8
B0
B0
A0
F8
00
00
ENDCHAR
STARTCHAR uni01F3
ENCODING 499
SWIDTH 500 0
DWIDTH 6 0
BBX 6 12 0 -2
BITMAP
00
00
20
20
78
A8
B0
B0
A0
78
00
00
ENDCHAR
STARTCHAR uni01F6
ENCODING 502
SWIDTH 500 0
DWIDTH 6 0
BBX 6 12 0 -2
BITMAP
00
00
A0
A0
A8
E8
A8
A8
A8
B8
00
00
ENDCHAR
STARTCHAR uni01F7
ENCODING 503
SWIDTH 500 0
DWIDTH 6 0
BBX 6 12 0 -2
BITMAP
00
00
F0
88
90
E0
C0
80
80
80
00
00
ENDCHAR
STARTCHAR uni01F8
ENCODING 504
SWIDTH 500 0
DWIDTH 6 0
BBX 6 12 0 -2
BITMAP
40
20
88
88
C8
A8
98
88
88
88
00
00
ENDCHAR
STARTCHAR uni01F9
ENCODING 505
SWIDTH 500 0
DWIDTH 6 0
BBX 6 12 0 -2
BITMAP
00
00
40
20
F0
88
88
88
88
88
00
00
ENDCHAR
STARTCHAR uni01FA
ENCODING 506
SWIDTH 500 0
DWIDTH 6 0
BBX 6 12 0 -2
BITMAP
08
50
A0
E0
70
88
88
F8
88
88
00
00
ENDCHAR
STARTCHAR uni01FB
ENCODING 507
SWIDTH 500 0
DWIDTH 6 0
BBX 6 12 0 -2
BITMAP
08
50
A0
E0
70
08
78
88
88
78
00
00
ENDCHAR
STARTCHAR uni0200
ENCODING 512
SWIDTH 500 0
DWIDTH 6 0
BBX 6 12 0 -2
BITMAP
90
48
70
88
88
88
F8
88
88
88
00
00
ENDCHAR
STARTCHAR uni0201
ENCODING 513
SWIDTH 500 0
DWIDTH 6 0
BBX 6 12 0 -2
BITMAP
00
00
90
48
70
08
78
88
88
78
00
00
ENDCHAR
STARTCHAR uni0202
ENCODING 514
SWIDTH 500 0
DWIDTH 6 0
BBX 6 12 0 -2
BITMAP
70
88
70
88
88
88
F8
88
88
88
00
00
ENDCHAR
STARTCHAR uni0203
ENCODING 515
SWIDTH 500 0
DWIDTH 6 0
BBX 6 12 0 -2
BITMAP
00
00
70
88
70
08
78
88
88
78
00
00
ENDCHAR
STARTCHAR uni0204
ENCODING 516
SWIDTH 500 0
DWIDTH 6 0
BBX 6 12 0 -2
BITMAP
90
48
F8
80
80
F0
80
80
80
F8
00
00
ENDCHAR
STARTCHAR uni0205
ENCODING 517
SWIDTH 500 0
DWIDTH 6 0
BBX 6 12 0 -2
BITMAP
00
00
90
48
70
88
F8
80
80
78
00
00
ENDCHAR
STARTCHAR uni0206
ENCODING 518
SWIDTH 500 0
DWIDTH 6 0
BBX 6 12 0 -2
BITMAP
70
88
F8
80
80
F0
80
80
80
F8
00
00
ENDCHAR
STARTCHAR uni0207
ENCODING 519
SWIDTH 500 0
DWIDTH 6 0
BBX 6 12 0 -2
BITMAP
00
00
70
88
70
88
F8
80
80
78
00
00
ENDCHAR
STARTCHAR uni0208
ENCODING 520
SWIDTH 500 0
DWIDTH 6 0
BBX 6 12 0 -2
BITMAP
90
48
70
20
20
20
20
20
20
70
00
00
ENDCHAR
STARTCHAR uni0209
ENCODING 521
SWIDTH 500 0
DWIDTH 6 0
BBX 6 12 0 -2
BITMAP
00
00
90
48
60
20
20
20
20
70
00
00
ENDCHAR
STARTCHAR uni020A
ENCODING 522
SWIDTH 500 0
DWIDTH 6 0
BBX 6 12 0 -2
BITMAP
70
88
70
20
20
20
20
20
20
70
00
00
ENDCHAR
STARTCHAR uni020B
ENCODING 523
SWIDTH 500 0
DWIDTH 6 0
BBX 6 12 0 -2
BITMAP
00
00
70
88
60
20
20
20
20
70
00
00
ENDCHAR
STARTCHAR uni020C
ENCODING 524
SWIDTH 500 0
DWIDTH 6 0
BBX 6 12 0 -2
BITMAP
90
48
70
88
88
88
88
88
88
70
00
00
ENDCHAR
STARTCHAR uni020D
ENCODING 525
SWIDTH 500 0
DWIDTH 6 0
BBX 6 12 0 -2
BITMAP
00
00
90
48
70
88
88
88
88
70
00
00
ENDCHAR
STARTCHAR uni020E
ENCODING 526
SWIDTH 500 0
DWIDTH 6 0
BBX 6 12 0 -2
BITMAP
70
88
70
88
88
88
88
88
88
70
00
00
ENDCHAR
STARTCHAR uni020F
ENCODING 527
SWIDTH 500 0
DWIDTH 6 0
BBX 6 12 0 -2
BITMAP
00
00
70
88
70
88
88
88
88
70
00
00
ENDCHAR
STARTCHAR uni0210
ENCODING 528
SWIDTH 500 0
DWIDTH 6 0
BBX 6 12 0 -2
BITMAP
90
48
F0
88
88
88
F0
A0
90
88
00
00
ENDCHAR
STARTCHAR uni0211
ENCODING 529
SWIDTH 500 0
DWIDTH 6 0
BBX 6 12 0 -2
BITMAP
00
00
90
48
B8
C0
80
80
80
80
00
00
ENDCHAR
STARTCHAR uni0212
ENCODING 530
SWIDTH 500 0
DWIDTH 6 0
BBX 6 12 0 -2
BITMAP
70
88
F0
88
88
88
F0
A0
90
88
00
00
ENDCHAR
STARTCHAR uni0213
ENCODING 531
SWIDTH 500 0
DWIDTH 6 0
BBX 6 12 0 -2
BITMAP
00
00
70
88
B8
C0
80
80
80
80
00
00
ENDCHAR
STARTCHAR uni0214
ENCODING 532
SWIDTH 500 0
DWIDTH 6 0
BBX 6 12 0 -2
BITMAP
90
48
88
88
88
88
88
88
88
70
00
00
ENDCHAR
STARTCHAR uni0215
ENCODING 533
SWIDTH 500 0
DWIDTH 6 0
BBX 6 12 0 -2
BITMAP
00
00
90
48
88
88
88
88
88
78
00
00
ENDCHAR
STARTCHAR uni0216
ENCODING 534
SWIDTH 500 0
DWIDTH 6 0
BBX 6 12 0 -2
BITMAP
70
88
88
88
88
88
88
88
88
70
00
00
ENDCHAR
STARTCHAR uni0217
ENCODING 535
SWIDTH 500 0
DWIDTH 6 0
BBX 6 12 0 -2
BITMAP
00
00
70
88
88
88
88
88
88
78
00
00
ENDCHAR
STARTCHAR uni021C
ENCODING 540
SWIDTH 500 0
DWIDTH 6 0
BBX 6 12 0 -2
BITMAP
00
00
70
88
08
30
08
08
88
70
00
00
ENDCHAR
STARTCHAR uni021D
ENCODING 541
SWIDTH 500 0
DWIDTH 6 0
BBX 6 12 0 -2
BITMAP
00
00
00
00
70
88
08
30
88
70
00
00
ENDCHAR
STARTCHAR uni021E
ENCODING 542
SWIDTH 500 0
DWIDTH 6 0
BBX 6 12 0 -2
BITMAP
50
20
88
88
88
F8
88
88
88
88
00
00
ENDCHAR
STARTCHAR uni021F
ENCODING 543
SWIDTH 500 0
DWIDTH 6 0
BBX 6 12 0 -2
BITMAP
50
20
80
80
F0
88
88
88
88
88
00
00
ENDCHAR
STARTCHAR uni0220
ENCODING 544
SWIDTH 500 0
DWIDTH 6 0
BBX 6 12 0 -2
BITMAP
00
00
E0
90
90
90
90
90
90
90
10
08
ENDCHAR
STARTCHAR uni0221
ENCODING 545
SWIDTH 500 0
DWIDTH 6 0
BBX 6 12 0 -2
BITMAP
00
00
10
10
70
90
90
90
90
70
28
10
ENDCHAR
STARTCHAR uni0222
ENCODING 546
SWIDTH 500 0
DWIDTH 6 0
BBX 6 12 0 -2
BITMAP
00
00
70
88
88
70
88
88
88
70
00
00
ENDCHAR
STARTCHAR uni0223
ENCODING 547
SWIDTH 500 0
DWIDTH 6 0
BBX 6 12 0 -2
BITMAP
00
00
00
00
70
88
88
70
88
70
00
00
ENDCHAR
STARTCHAR uni0224
ENCODING 548
SWIDTH 500 0
DWIDTH 6 0
BBX 6 12 0 -2
BITMAP
00
00
F8
08
10
20
40
80
80
F8
08
30
ENDCHAR
STARTCHAR uni0225
ENCODING 549
SWIDTH 500 0
DWIDTH 6 0
BBX 6 12 0 -2
BITMAP
00
00
00
00
F8
10
20
40
80
F8
08
30
ENDCHAR
STARTCHAR uni0226
ENCODING 550
SWIDTH 500 0
DWIDTH 6 0
BBX 6 12 0 -2
BITMAP
20
20
70
88
88
88
F8
88
88
88
00
00
ENDCHAR
STARTCHAR uni0227
ENCODING 551
SWIDTH 500 0
DWIDTH 6 0
BBX 6 12 0 -2
BITMAP
00
00
20
20
70
08
78
88
88
78
00
00
ENDCHAR
STARTCHAR uni0228
ENCODING 552
SWIDTH 500 0
DWIDTH 6 0
BBX 6 12 0 -2
BITMAP
00
00
F8
80
80
F0
80
80
80
F8
20
40
ENDCHAR
STARTCHAR uni0229
ENCODING 553
SWIDTH 500 0
DWIDTH 6 0
BBX 6 12 0 -2
BITMAP
00
00
00
00
70
88
F8
80
80
78
20
40
ENDCHAR
STARTCHAR uni022A
ENCODING 554
SWIDTH 500 0
DWIDTH 6 0
BBX 6 12 0 -2
BITMAP
70
00
50
50
70
88
88
88
88
70
00
00
ENDCHAR
STARTCHAR uni022B
ENCODING 555
SWIDTH 500 0
DWIDTH 6 0
BBX 6 12 0 -2
BITMAP
70
00
50
50
00
70
88
88
88
70
00
00
ENDCHAR
STARTCHAR uni022C
ENCODING 556
SWIDTH 500 0
DWIDTH 6 0
BBX 6 12 0 -2
BITMAP
70
00
50
A0
70
88
88
88
88
70
00
00
ENDCHAR
STARTCHAR uni022D
ENCODING 557
SWIDTH 500 0
DWIDTH 6 0
BBX 6 12 0 -2
BITMAP
70
00
50
A0
00
70
88
88
88
70
00
00
ENDCHAR
STARTCHAR uni022E
ENCODING 558
SWIDTH 500 0
DWIDTH 6 0
BBX 6 12 0 -2
BITMAP
20
20
70
88
88
88
88
88
88
70
00
00
ENDCHAR
STARTCHAR uni022F
ENCODING 559
SWIDTH 500 0
DWIDTH 6 0
BBX 6 12 0 -2
BITMAP
00
00
20
20
70
88
88
88
88
70
00
00
ENDCHAR
STARTCHAR uni0230
ENCODING 560
SWIDTH 500 0
DWIDTH 6 0
BBX 6 12 0 -2
BITMAP
70
00
20
20
70
88
88
88
88
70
00
00
ENDCHAR
STARTCHAR uni0231
ENCODING 561
SWIDTH 500 0
DWIDTH 6 0
BBX 6 12 0 -2
BITMAP
70
00
20
20
00
70
88
88
88
70
00
00
ENDCHAR
STARTCHAR uni0234
ENCODING 564
SWIDTH 500 0
DWIDTH 6 0
BBX 6 12 0 -2
BITMAP
00
00
60
20
20
20
20
20
20
38
14
08
ENDCHAR
STARTCHAR uni0235
ENCODING 565
SWIDTH 500 0
DWIDTH 6 0
BBX 6 12 0 -2
BITMAP
00
00
00
00
E0
90
90
90
90
90
28
10
ENDCHAR
STARTCHAR uni0236
ENCODING 566
SWIDTH 500 0
DWIDTH 6 0
BBX 6 12 0 -2
BITMAP
00
00
20
20
70
20
20
20
20
38
14
08
ENDCHAR
STARTCHAR uni0238
ENCODING 568
SWIDTH 500 0
DWIDTH 6 0
BBX 6 12 0 -2
BITMAP
00
00
20
20
70
A8
A8
A8
A8
70
00
00
ENDCHAR
STARTCHAR uni0239
ENCODING 569
SWIDTH 500 0
DWIDTH 6 0
BBX 6 12 0 -2
BITMAP
00
00
00
00
70
A8
A8
A8
A8
70
20
20
ENDCHAR
STARTCHAR uni023A
ENCODING 570
SWIDTH 500 0
DWIDTH 6 0
BBX 6 12 0 -2
BITMAP
00
00
70
88
98
A8
F8
88
88
88
00
00
ENDCHAR
STARTCHAR uni023B
ENCODING 571
SWIDTH 500 0
DWIDTH 6 0
BBX 6 12 0 -2
BITMAP
00
00
70
88
90
A0
A0
C0
88
70
00
00
ENDCHAR
STARTCHAR uni023C
ENCODING 572
SWIDTH 500 0
DWIDTH 6 0
BBX 6 12 0 -2
BITMAP
00
00
00
00
70
88
B0
C0
88
70
00
00
ENDCHAR
STARTCHAR uni023D
ENCODING 573
SWIDTH 500 0
DWIDTH 6 0
BBX 6 12 0 -2
BITMAP
00
00
80
80
80
F8
80
80
80
F0
00
00
ENDCHAR
STARTCHAR uni023E
ENCODING 574
SWIDTH 500 0
DWIDTH 6 0
BBX 6 12 0 -2
BITMAP
00
00
F8
28
30
20
60
A0
20
20
00
00
ENDCHAR
STARTCHAR uni023F
ENCODING 575
SWIDTH 500 0
DWIDTH 6 0
BBX 6 12 0 -2
BITMAP
00
00
00
00
70
80
60
10
10
E0
08
30
ENDCHAR
STARTCHAR uni0240
ENCODING 576
SWIDTH 500 0
DWIDTH 6 0
BBX 6 12 0 -2
BITMAP
00
00
00
00
F0
20
00
40
80
80
48
30
ENDCHAR
STARTCHAR uni0241
ENCODING 577
SWIDTH 500 0
DWIDTH 6 0
BBX 6 12 0 -2
BITMAP
00
00
70
88
88
10
20
20
20
20
00
00
ENDCHAR
STARTCHAR uni0242
ENCODING 578
SWIDTH 500 0
DWIDTH 6 0
BBX 6 12 0 -2
BITMAP
00
00
00
00
70
88
88
10
20
20
00
00
ENDCHAR
STARTCHAR uni0243
ENCODING 579
SWIDTH 500 0
DWIDTH 6 0
BBX 6 12 0 -2
BITMAP
00
00
E0
90
90
F8
90
90
90
E0
00
00
ENDCHAR
STARTCHAR uni0244
ENCODING 580
SWIDTH 500 0
DWIDTH 6 0
BBX 6 12 0 -2
BITMAP
00
00
90
90
90
F8
90
90
90
60
00
00
ENDCHAR
STARTCHAR uni0245
ENCODING 581
SWIDTH 500 0
DWIDTH 6 0
BBX 6 12 0 -2
BITMAP
00
00
20
20
50
50
50
88
88
88
00
00
ENDCHAR
STARTCHAR uni0246
ENCODING 582
SWIDTH 500 0
DWIDTH 6 0
BBX 6 12 0 -2
BITMAP
00
00
F8
88
90
F0
C0
80
80
F8
00
00
ENDCHAR
STARTCHAR uni0247
ENCODING 583
SWIDTH 500 0
DWIDTH 6 0
BBX 6 12 0 -2
BITMAP
00
00
00
00
78
98
F8
C0
80
78
00
00
ENDCHAR
STARTCHAR uni0248
ENCODING 584
SWIDTH 500 0
DWIDTH 6 0
BBX 6 12 0 -2
BITMAP
00
00
30
20
20
F8
20
A0
A0
40
00
00
ENDCHAR
STARTCHAR uni0249
ENCODING 585
SWIDTH 500 0
DWIDTH 6 0
BBX 6 12 0 -2
BITMAP
00
10
10
00
30
10
F8
10
10
10
50
20
ENDCHAR
STARTCHAR uni024A
ENCODING 586
SWIDTH 500 0
DWIDTH 6 0
BBX 6 12 0 -2
BITMAP
00
00
60
A0
A0
A0
A0
A0
A0
60
28
10
ENDCHAR
STARTCHAR uni024B
ENCODING 587
SWIDTH 500 0
DWIDTH 6 0
BBX 6 12 0 -2
BITMAP
00
00
00
00
60
A0
A0
A0
A0
60
28
10
ENDCHAR
STARTCHAR uni024C
ENCODING 588
SWIDTH 500 0
DWIDTH 6 0
BBX 6 12 0 -2
BITMAP
00
00
E0
90
90
F8
E0
80
A0
90
00
00
ENDCHAR
STARTCHAR uni024D
ENCODING 589
SWIDTH 500 0
DWIDTH 6 0
BBX 6 12 0 -2
BITMAP
00
00
00
00
B0
C0
F8
80
80
80
00
00
ENDCHAR
STARTCHAR uni024E
ENCODING 590
SWIDTH 500 0
DWIDTH 6 0
BBX 6 12 0 -2
BITMAP
00
00
90
90
60
F8
00
00
00
00
00
00
ENDCHAR
STARTCHAR uni024F
ENCODING 591
SWIDTH 500 0
DWIDTH 6 0
BBX 6 12 0 -2
BITMAP
00
00
00
00
90
90
90
F8
90
70
10
60
ENDCHAR
STARTCHAR uni0250
ENCODING 592
SWIDTH 500 0
DWIDTH 6 0
BBX 6 12 0 -2
BITMAP
00
00
00
00
F0
88
88
F0
80
70
00
00
ENDCHAR
STARTCHAR uni0251
ENCODING 593
SWIDTH 500 0
DWIDTH 6 0
BBX 6 12 0 -2
BITMAP
00
00
00
00
68
90
90
90
90
68
00
00
ENDCHAR
STARTCHAR uni0252
ENCODING 594
SWIDTH 500 0
DWIDTH 6 0
BBX 6 12 0 -2
BITMAP
00
00
00
00
B0
48
48
48
48
B0
00
00
ENDCHAR
STARTCHAR uni0253
ENCODING 595
SWIDTH 500 0
DWIDTH 6 0
BBX 6 12 0 -2
BITMAP
40
A0
80
80
F0
88
88
88
88
F0
00
00
ENDCHAR
STARTCHAR uni0255
ENCODING 597
SWIDTH 500 0
DWIDTH 6 0
BBX 6 12 0 -2
BITMAP
00
00
08
04
70
88
80
80
88
70
00
00
ENDCHAR
STARTCHAR uni0256
ENCODING 598
SWIDTH 500 0
DWIDTH 6 0
BBX 6 12 0 -2
BITMAP
00
00
20
20
60
A0
A0
A0
A0
60
28
10
ENDCHAR
STARTCHAR uni0257
ENCODING 599
SWIDTH 500 0
DWIDTH 6 0
BBX 6 12 0 -2
BITMAP
10
28
08
08
78
88
88
88
88
78
00
00
ENDCHAR
STARTCHAR uni025A
ENCODING 602
SWIDTH 500 0
DWIDTH 6 0
BBX 6 12 0 -2
BITMAP
00
00
10
08
78
88
08
F8
88
70
00
00
ENDCHAR
STARTCHAR uni025C
ENCODING 604
SWIDTH 500 0
DWIDTH 6 0
BBX 6 12 0 -2
BITMAP
00
00
00
00
70
88
30
08
88
70
00
00
ENDCHAR
STARTCHAR uni025D
ENCODING 605
SWIDTH 500 0
DWIDTH 6 0
BBX 6 12 0 -2
BITMAP
00
00
10
08
78
88
30
08
88
70
00
00
ENDCHAR
STARTCHAR uni025E
ENCODING 606
SWIDTH 500 0
DWIDTH 6 0
BBX 6 12 0 -2
BITMAP
00
00
00
00
70
88
F0
08
88
70
00
00
ENDCHAR
STARTCHAR uni025F
ENCODING 607
SWIDTH 500 0
DWIDTH 6 0
BBX 6 12 0 -2
BITMAP
00
00
00
00
18
08
08
FC
08
08
48
30
ENDCHAR
STARTCHAR uni0260
ENCODING 608
SWIDTH 500 0
DWIDTH 6 0
BBX 6 12 0 -2
BITMAP
00
00
10
28
78
88
88
88
88
78
08
70
ENDCHAR
STARTCHAR uni0261
ENCODING 609
SWIDTH 500 0
DWIDTH 6 0
BBX 6 12 0 -2
BITMAP
00
00
00
00
78
88
88
88
88
78
08
18
ENDCHAR
STARTCHAR uni0262
ENCODING 610
SWIDTH 500 0
DWIDTH 6 0
BBX 6 12 0 -2
BITMAP
00
00
00
00
70
88
80
B8
88
70
00
00
ENDCHAR
STARTCHAR uni0263
ENCODING 611
SWIDTH 500 0
DWIDTH 6 0
BBX 6 12 0 -2
BITMAP
00
00
00
00
88
88
50
50
20
20
50
20
ENDCHAR
STARTCHAR uni0264
ENCODING 612
SWIDTH 500 0
DWIDTH 6 0
BBX 6 12 0 -2
BITMAP
00
00
00
00
88
88
88
88
88
78
00
00
ENDCHAR
STARTCHAR uni0265
ENCODING 613
SWIDTH 500 0
DWIDTH 6 0
BBX 6 12 0 -2
BITMAP
00
00
00
00
88
88
88
88
08
08
00
00
ENDCHAR
STARTCHAR uni0266
ENCODING 614
SWIDTH 500 0
DWIDTH 6 0
BBX 6 12 0 -2
BITMAP
10
08
88
80
F0
88
88
88
88
88
00
00
ENDCHAR
STARTCHAR uni0267
ENCODING 615
SWIDTH 500 0
DWIDTH 6 0
BBX 6 12 0 -2
BITMAP
00
00
80
80
F0
88
88
88
88
88
08
38
ENDCHAR
STARTCHAR uni0268
ENCODING 616
SWIDTH 500 0
DWIDTH 6 0
BBX 6 12 0 -2
BITMAP
00
20
20
00
60
F8
20
20
20
70
00
00
ENDCHAR
STARTCHAR uni0269
ENCODING 617
SWIDTH 500 0
DWIDTH 6 0
BBX 6 12 0 -2
BITMAP
00
00
00
00
60
20
20
20
20
18
00
00
ENDCHAR
STARTCHAR uni026A
ENCODING 618
SWIDTH 500 0
DWIDTH 6 0
BBX 6 12 0 -2
BITMAP
00
00
00
00
70
20
20
20
20
70
00
00
ENDCHAR
STARTCHAR uni026B
ENCODING 619
SWIDTH 500 0
DWIDTH 6 0
BBX 6 12 0 -2
BITMAP
00
00
60
20
20
28
74
20
20
18
00
00
ENDCHAR
STARTCHAR uni026C
ENCODING 620
SWIDTH 500 0
DWIDTH 6 0
BBX 6 12 0 -2
BITMAP
00
00
60
20
20
FC
20
20
20
18
00
00
ENDCHAR
STARTCHAR uni026D
ENCODING 621
SWIDTH 500 0
DWIDTH 6 0
BBX 6 12 0 -2
BITMAP
00
00
60
20
20
20
20
20
20
18
08
10
ENDCHAR
STARTCHAR uni026E
ENCODING 622
SWIDTH 500 0
DWIDTH 6 0
BBX 6 12 0 -2
BITMAP
00
00
C0
40
5C
44
40
48
44
34
14
08
ENDCHAR
STARTCHAR uni026F
ENCODING 623
SWIDTH 500 0
DWIDTH 6 0
BBX 6 12 0 -2
BITMAP
00
00
00
00
A8
A8
A8
A8
A8
78
00
00
ENDCHAR
STARTCHAR uni0270
ENCODING 624
SWIDTH 500 0
DWIDTH 6 0
BBX 6 12 0 -2
BITMAP
00
00
00
00
A8
A8
A8
A8
A8
78
08
08
ENDCHAR
STARTCHAR uni0271
ENCODING 625
SWIDTH 500 0
DWIDTH 6 0
BBX 6 12 0 -2
BITMAP
00
00
00
00
F0
A8
A8
A8
A8
A8
08
10
ENDCHAR
STARTCHAR uni0273
ENCODING 627
SWIDTH 500 0
DWIDTH 6 0
BBX 6 12 0 -2
BITMAP
00
00
00
00
F0
88
88
88
88
88
08
10
ENDCHAR
STARTCHAR uni0274
ENCODING 628
SWIDTH 500 0
DWIDTH 6 0
BBX 6 12 0 -2
BITMAP
00
00
00
00
88
88
A8
98
88
88
00
00
ENDCHAR
STARTCHAR uni0275
ENCODING 629
SWIDTH 500 0
DWIDTH 6 0
BBX 6 12 0 -2
BITMAP
00
00
00
00
70
88
F8
88
88
70
00
00
ENDCHAR
STARTCHAR uni0276
ENCODING 630
SWIDTH 500 0
DWIDTH 6 0
BBX 6 12 0 -2
BITMAP
00
00
00
00
7C
90
9C
90
90
7C
00
00
ENDCHAR
STARTCHAR uni0277
ENCODING 631
SWIDTH 500 0
DWIDTH 6 0
BBX 6 12 0 -2
BITMAP
00
00
00
00
50
F8
A8
A8
A8
50
00
00
ENDCHAR
STARTCHAR uni0278
ENCODING 632
SWIDTH 500 0
DWIDTH 6 0
BBX 6 12 0 -2
BITMAP
00
00
00
00
90
A8
A8
A8
A8
70
20
20
ENDCHAR
STARTCHAR uni0279
ENCODING 633
SWIDTH 500 0
DWIDTH 6 0
BBX 6 12 0 -2
BITMAP
00
00
00
00
08
08
08
08
18
E8
00
00
ENDCHAR
STARTCHAR uni027A
ENCODING 634
SWIDTH 500 0
DWIDTH 6 0
BBX 6 12 0 -2
BITMAP
00
00
00
00
08
08
08
08
18
E8
08
08
ENDCHAR
STARTCHAR uni027B
ENCODING 635
SWIDTH 500 0
DWIDTH 6 0
BBX 6 12 0 -2
BITMAP
00
00
00
00
08
08
08
08
18
E8
08
10
ENDCHAR
STARTCHAR uni027C
ENCODING 636
SWIDTH 500 0
DWIDTH 6 0
BBX 6 12 0 -2
BITMAP
00
00
00
00
B8
C0
80
80
80
80
80
80
ENDCHAR
STARTCHAR uni027D
ENCODING 637
SWIDTH 500 0
DWIDTH 6 0
BBX 6 12 0 -2
BITMAP
00
00
00
00
B8
C0
80
80
80
80
80
40
ENDCHAR
STARTCHAR uni027E
ENCODING 638
SWIDTH 500 0
DWIDTH 6 0
BBX 6 12 0 -2
BITMAP
00
00
00
00
B8
C0
80
80
80
80
C0
00
ENDCHAR
STARTCHAR uni027F
ENCODING 639
SWIDTH 500 0
DWIDTH 6 0
BBX 6 12 0 -2
BITMAP
00
00
00
00
E8
18
08
08
08
08
18
00
ENDCHAR
STARTCHAR uni0280
ENCODING 640
SWIDTH 500 0
DWIDTH 6 0
BBX 6 12 0 -2
BITMAP
00
00
00
00
F0
88
F0
A0
90
88
00
00
ENDCHAR
STARTCHAR uni0281
ENCODING 641
SWIDTH 500 0
DWIDTH 6 0
BBX 6 12 0 -2
BITMAP
00
00
00
00
78
88
88
78
48
88
00
00
ENDCHAR
STARTCHAR uni0282
ENCODING 642
SWIDTH 500 0
DWIDTH 6 0
BBX 6 12 0 -2
BITMAP
00
00
00
00
78
80
70
08
08
F8
08
10
ENDCHAR
STARTCHAR uni0283
ENCODING 643
SWIDTH 500 0
DWIDTH 6 0
BBX 6 12 0 -2
BITMAP
00
00
18
28
20
20
20
20
20
60
40
00
ENDCHAR
STARTCHAR uni0284
ENCODING 644
SWIDTH 500 0
DWIDTH 6 0
BBX 6 12 0 -2
BITMAP
00
00
00
00
18
08
08
FC
08
08
48
38
ENDCHAR
STARTCHAR uni0285
ENCODING 645
SWIDTH 500 0
DWIDTH 6 0
BBX 6 12 0 -2
BITMAP
00
00
00
00
60
10
10
10
10
08
00
00
ENDCHAR
STARTCHAR uni0286
ENCODING 646
SWIDTH 500 0
DWIDTH 6 0
BBX 6 12 0 -2
BITMAP
08
04
18
28
20
20
20
20
20
60
40
00
ENDCHAR
STARTCHAR uni0287
ENCODING 647
SWIDTH 500 0
DWIDTH 6 0
BBX 6 12 0 -2
BITMAP
00
00
00
00
60
10
10
10
10
10
00
00
ENDCHAR
STARTCHAR uni0288
ENCODING 648
SWIDTH 500 0
DWIDTH 6 0
BBX 6 12 0 -2
BITMAP
00
00
20
20
70
20
20
20
20
18
14
08
ENDCHAR
STARTCHAR uni0289
ENCODING 649
SWIDTH 500 0
DWIDTH 6 0
BBX 6 12 0 -2
BITMAP
00
00
00
00
90
90
F8
90
90
70
00
00
ENDCHAR
STARTCHAR uni028A
ENCODING 650
SWIDTH 500 0
DWIDTH 6 0
BBX 6 12 0 -2
BITMAP
00
00
00
00
D8
50
88
88
88
70
00
00
ENDCHAR
STARTCHAR uni028B
ENCODING 651
SWIDTH 500 0
DWIDTH 6 0
BBX 6 12 0 -2
BITMAP
00
00
10
28
88
88
88
88
88
78
00
00
ENDCHAR
STARTCHAR uni028C
ENCODING 652
SWIDTH 500 0
DWIDTH 6 0
BBX 6 12 0 -2
BITMAP
00
00
00
00
20
20
50
50
88
88
00
00
ENDCHAR
STARTCHAR uni028D
ENCODING 653
SWIDTH 500 0
DWIDTH 6 0
BBX 6 12 0 -2
BITMAP
00
00
00
00
70
A8
A8
A8
88
88
00
00
ENDCHAR
STARTCHAR uni028E
ENCODING 654
SWIDTH 500 0
DWIDTH 6 0
BBX 6 12 0 -2
BITMAP
00
00
00
00
70
80
F0
88
88
88
88
88
ENDCHAR
STARTCHAR uni028F
ENCODING 655
SWIDTH 500 0
DWIDTH 6 0
BBX 6 12 0 -2
BITMAP
00
00
00
00
88
88
50
20
20
20
00
00
ENDCHAR
STARTCHAR uni0290
ENCODING 656
SWIDTH 500 0
DWIDTH 6 0
BBX 6 12 0 -2
BITMAP
00
00
00
00
F8
10
20
40
80
F8
08
10
ENDCHAR
STARTCHAR uni0291
ENCODING 657
SWIDTH 500 0
DWIDTH 6 0
BBX 6 12 0 -2
BITMAP
00
00
08
04
F8
10
20
40
80
F8
00
00
ENDCHAR
STARTCHAR uni0293
ENCODING 659
SWIDTH 500 0
DWIDTH 6 0
BBX 6 12 0 -2
BITMAP
00
00
08
04
F8
08
10
30
08
08
88
70
ENDCHAR
STARTCHAR uni0294
ENCODING 660
SWIDTH 500 0
DWIDTH 6 0
BBX 6 12 0 -2
BITMAP
00
00
70
88
88
10
20
00
00
00
00
00
ENDCHAR
STARTCHAR uni0295
ENCODING 661
SWIDTH 500 0
DWIDTH 6 0
BBX 6 12 0 -2
BITMAP
00
00
70
88
88
40
20
00
00
00
00
00
ENDCHAR
STARTCHAR uni0296
ENCODING 662
SWIDTH 500 0
DWIDTH 6 0
BBX 6 12 0 -2
BITMAP
00
00
20
40
88
88
70
00
00
00
00
00
ENDCHAR
STARTCHAR uni0297
ENCODING 663
SWIDTH 500 0
DWIDTH 6 0
BBX 6 12 0 -2
BITMAP
00
00
20
50
40
40
40
40
50
20
00
00
ENDCHAR
STARTCHAR uni0298
ENCODING 664
SWIDTH 500 0
DWIDTH 6 0
BBX 6 12 0 -2
BITMAP
00
00
00
00
70
88
A8
88
70
00
00
00
ENDCHAR
STARTCHAR uni0299
ENCODING 665
SWIDTH 500 0
DWIDTH 6 0
BBX 6 12 0 -2
BITMAP
00
00
00
00
F0
88
F8
88
88
F0
00
00
ENDCHAR
STARTCHAR uni029A
ENCODING 666
SWIDTH 500 0
DWIDTH 6 0
BBX 6 12 0 -2
BITMAP
00
00
00
00
70
88
78
80
88
70
00
00
ENDCHAR
STARTCHAR uni029B
ENCODING 667
SWIDTH 500 0
DWIDTH 6 0
BBX 6 12 0 -2
BITMAP
00
00
00
00
70
88
80
B8
88
78
08
10
ENDCHAR
STARTCHAR uni029C
ENCODING 668
SWIDTH 500 0
DWIDTH 6 0
BBX 6 12 0 -2
BITMAP
00
00
00
00
88
88
F8
88
88
88
00
00
ENDCHAR
STARTCHAR uni029D
ENCODING 669
SWIDTH 500 0
DWIDTH 6 0
BBX 6 12 0 -2
BITMAP
00
08
08
00
18
08
FC
08
08
08
48
30
ENDCHAR
STARTCHAR uni029E
ENCODING 670
SWIDTH 500 0
DWIDTH 6 0
BBX 6 12 0 -2
BITMAP
00
00
00
00
48
28
18
28
08
08
00
00
ENDCHAR
STARTCHAR uni029F
ENCODING 671
SWIDTH 500 0
DWIDTH 6 0
BBX 6 12 0 -2
BITMAP
00
00
00
00
80
80
80
80
80
F8
00
00
ENDCHAR
STARTCHAR uni02A0
ENCODING 672
SWIDTH 500 0
DWIDTH 6 0
BBX 6 12 0 -2
BITMAP
00
00
10
08
78
88
88
88
88
78
08
08
ENDCHAR
STARTCHAR uni02A1
ENCODING 673
SWIDTH 500 0
DWIDTH 6 0
BBX 6 12 0 -2
BITMAP
00
00
70
88
FC
10
20
00
00
00
00
00
ENDCHAR
STARTCHAR uni02A2
ENCODING 674
SWIDTH 500 0
DWIDTH 6 0
BBX 6 12 0 -2
BITMAP
00
00
38
44
FC
20
10
00
00
00
00
00
ENDCHAR
STARTCHAR uni02A3
ENCODING 675
SWIDTH 500 0
DWIDTH 6 0
BBX 6 12 0 -2
BITMAP
00
00
10
10
7C
90
98
90
90
7C
00
00
ENDCHAR
STARTCHAR uni02A4
ENCODING 676
SWIDTH 500 0
DWIDTH 6 0
BBX 6 12 0 -2
BITMAP
00
00
10
10
7C
94
90
98
94
74
14
08
ENDCHAR
STARTCHAR uni02A5
ENCODING 677
SWIDTH 500 0
DWIDTH 6 0
BBX 6 12 0 -2
BITMAP
00
00
10
14
78
90
98
90
90
78
00
00
ENDCHAR
STARTCHAR uni02A6
ENCODING 678
SWIDTH 500 0
DWIDTH 6 0
BBX 6 12 0 -2
BITMAP
00
00
40
40
EC
50
48
44
44
38
00
00
ENDCHAR
STARTCHAR uni02A7
ENCODING 679
SWIDTH 500 0
DWIDTH 6 0
BBX 6 12 0 -2
BITMAP
00
00
4C
44
E0
40
40
40
40
30
10
00
ENDCHAR
STARTCHAR uni02A8
ENCODING 680
SWIDTH 500 0
DWIDTH 6 0
BBX 6 12 0 -2
BITMAP
00
00
40
44
E8
50
50
50
50
38
00
00
ENDCHAR
STARTCHAR uni02A9
ENCODING 681
SWIDTH 500 0
DWIDTH 6 0
BBX 6 12 0 -2
BITMAP
00
00
30
40
F8
54
54
54
54
54
04
00
ENDCHAR
STARTCHAR uni02AA
ENCODING 682
SWIDTH 500 0
DWIDTH 6 0
BBX 6 12 0 -2
BITMAP
00
00
C0
40
4C
50
48
44
44
38
00
00
ENDCHAR
STARTCHAR uni02AB
ENCODING 683
SWIDTH 500 0
DWIDTH 6 0
BBX 6 12 0 -2
BITMAP
00
00
C0
40
5C
40
48
40
50
3C
00
00
ENDCHAR
STARTCHAR uni02AC
ENCODING 684
SWIDTH 500 0
DWIDTH 6 0
BBX 6 12 0 -2
BITMAP
00
00
00
00
88
A8
70
88
A8
70
00
00
ENDCHAR
STARTCHAR uni02AD
ENCODING 685
SWIDTH 500 0
DWIDTH 6 0
BBX 6 12 0 -2
BITMAP
00
00
00
00
78
40
40
08
08
78
00
00
ENDCHAR
STARTCHAR uni02AE
ENCODING 686
SWIDTH 500 0
DWIDTH 6 0
BBX 6 12 0 -2
BITMAP
00
00
00
00
88
88
88
88
08
88
80
40
ENDCHAR
STARTCHAR uni02AF
ENCODING 687
SWIDTH 500 0
DWIDTH 6 0
BBX 6 12 0 -2
BITMAP
00
00
00
00
88
88
88
88
08
88
80
E0
ENDCHAR
STARTCHAR uni02B0
ENCODING 688
SWIDTH 500 0
DWIDTH 6 0
BBX 6 12 0 -2
BITMAP
00
00
40
70
48
48
48
00
00
00
00
00
ENDCHAR
STARTCHAR uni02B1
ENCODING 689
SWIDTH 500 0
DWIDTH 6 0
BBX 6 12 0 -2
BITMAP
00
00
10
48
70
48
48
00
00
00
00
00
ENDCHAR
STARTCHAR uni02B2
ENCODING 690
SWIDTH 500 0
DWIDTH 6 0
BBX 6 12 0 -2
BITMAP
00
00
08
18
08
70
00
00
00
00
00
00
ENDCHAR
STARTCHAR uni02B3
ENCODING 691
SWIDTH 500 0
DWIDTH 6 0
BBX 6 12 0 -2
BITMAP
00
00
58
60
40
40
40
00
00
00
00
00
ENDCHAR
STARTCHAR uni02B4
ENCODING 692
SWIDTH 500 0
DWIDTH 6 0
BBX 6 12 0 -2
BITMAP
00
00
08
08
08
18
68
00
00
00
00
00
ENDCHAR
STARTCHAR uni02B5
ENCODING 693
SWIDTH 500 0
DWIDTH 6 0
BBX 6 12 0 -2
BITMAP
00
00
08
08
68
18
00
00
00
00
00
00
ENDCHAR
STARTCHAR uni02B6
ENCODING 694
SWIDTH 500 0
DWIDTH 6 0
BBX 6 12 0 -2
BITMAP
00
00
38
48
48
28
48
00
00
00
00
00
ENDCHAR
STARTCHAR uni02B7
ENCODING 695
SWIDTH 500 0
DWIDTH 6 0
BBX 6 12 0 -2
BITMAP
00
00
48
58
58
58
30
00
00
00
00
00
ENDCHAR
STARTCHAR uni02B8
ENCODING 696
SWIDTH 500 0
DWIDTH 6 0
BBX 6 12 0 -2
BITMAP
00
00
48
48
38
30
08
10
00
00
00
00
ENDCHAR
STARTCHAR uni02B9
ENCODING 697
SWIDTH 500 0
DWIDTH 6 0
BBX 6 12 0 -2
BITMAP
00
10
10
20
20
00
00
00
00
00
00
00
ENDCHAR
STARTCHAR uni02BA
ENCODING 698
SWIDTH 500 0
DWIDTH 6 0
BBX 6 12 0 -2
BITMAP
00
28
28
50
50
00
00
00
00
00
00
00
ENDCHAR
STARTCHAR uni02BE
ENCODING 702
SWIDTH 500 0
DWIDTH 6 0
BBX 6 12 0 -2
BITMAP
00
20
18
20
00
00
00
00
00
00
00
00
ENDCHAR
STARTCHAR uni02BF
ENCODING 703
SWIDTH 500 0
DWIDTH 6 0
BBX 6 12 0 -2
BITMAP
00
08
30
08
00
00
00
00
00
00
00
00
ENDCHAR
STARTCHAR uni02C0
ENCODING 704
SWIDTH 500 0
DWIDTH 6 0
BBX 6 12 0 -2
BITMAP
00
00
30
48
48
48
10
10
00
00
00
00
ENDCHAR
STARTCHAR uni02C1
ENCODING 705
SWIDTH 500 0
DWIDTH 6 0
BBX 6 12 0 -2
BITMAP
00
00
30
48
48
48
20
20
00
00
00
00
ENDCHAR
STARTCHAR uni02C2
ENCODING 706
SWIDTH 500 0
DWIDTH 6 0
BBX 6 12 0 -2
BITMAP
00
08
30
40
30
08
00
00
00
00
00
00
ENDCHAR
STARTCHAR uni02C3
ENCODING 707
SWIDTH 500 0
DWIDTH 6 0
BBX 6 12 0 -2
BITMAP
00
40
30
08
30
40
00
00
00
00
00
00
ENDCHAR
STARTCHAR uni02C4
ENCODING 708
SWIDTH 500 0
DWIDTH 6 0
BBX 6 12 0 -2
BITMAP
00
10
28
48
00
00
00
00
00
00
00
00
ENDCHAR
STARTCHAR uni02C5
ENCODING 709
SWIDTH 500 0
DWIDTH 6 0
BBX 6 12 0 -2
BITMAP
00
48
28
10
00
00
00
00
00
00
00
00
ENDCHAR
STARTCHAR uni02C8
ENCODING 712
SWIDTH 500 0
DWIDTH 6 0
BBX 6 12 0 -2
BITMAP
00
10
10
10
00
00
00
00
00
00
00
00
ENDCHAR
STARTCHAR uni02C9
ENCODING 713
SWIDTH 500 0
DWIDTH 6 0
BBX 6 12 0 -2
BITMAP
00
00
78
00
00
00
00
00
00
00
00
00
ENDCHAR
STARTCHAR uni02CA
ENCODING 714
SWIDTH 500 0
DWIDTH 6 0
BBX 6 12 0 -2
BITMAP
00
08
08
10
00
00
00
00
00
00
00
00
ENDCHAR
STARTCHAR uni02CB
ENCODING 715
SWIDTH 500 0
DWIDTH 6 0
BBX 6 12 0 -2
BITMAP
00
10
08
08
00
00
00
00
00
00
00
00
ENDCHAR
STARTCHAR uni02CC
ENCODING 716
SWIDTH 500 0
DWIDTH 6 0
BBX 6 12 0 -2
BITMAP
00
00
00
00
00
00
00
00
10
10
10
00
ENDCHAR
STARTCHAR uni02CD
ENCODING 717
SWIDTH 500 0
DWIDTH 6 0
BBX 6 12 0 -2
BITMAP
00
00
00
00
00
00
00
00
00
78
00
00
ENDCHAR
STARTCHAR uni02CE
ENCODING 718
SWIDTH 500 0
DWIDTH 6 0
BBX 6 12 0 -2
BITMAP
00
00
00
00
00
00
00
00
10
08
08
00
ENDCHAR
STARTCHAR uni02CF
ENCODING 719
SWIDTH 500 0
DWIDTH 6 0
BBX 6 12 0 -2
BITMAP
00
00
00
00
00
00
00
00
08
08
10
00
ENDCHAR
STARTCHAR uni02D0
ENCODING 720
SWIDTH 500 0
DWIDTH 6 0
BBX 6 12 0 -2
BITMAP
00
00
00
00
30
10
00
30
10
00
00
00
ENDCHAR
STARTCHAR uni02D1
ENCODING 721
SWIDTH 500 0
DWIDTH 6 0
BBX 6 12 0 -2
BITMAP
00
00
00
00
30
10
00
00
00
00
00
00
ENDCHAR
STARTCHAR uni02D2
ENCODING 722
SWIDTH 500 0
DWIDTH 6 0
BBX 6 12 0 -2
BITMAP
00
00
00
00
00
20
18
20
00
00
00
00
ENDCHAR
STARTCHAR uni02D3
ENCODING 723
SWIDTH 500 0
DWIDTH 6 0
BBX 6 12 0 -2
BITMAP
00
00
00
00
00
08
30
08
00
00
00
00
ENDCHAR
STARTCHAR uni02D4
ENCODING 724
SWIDTH 500 0
DWIDTH 6 0
BBX 6 12 0 -2
BITMAP
00
00
00
00
00
10
10
78
00
00
00
00
ENDCHAR
STARTCHAR uni02D5
ENCODING 725
SWIDTH 500 0
DWIDTH 6 0
BBX 6 12 0 -2
BITMAP
00
00
00
00
00
78
10
10
00
00
00
00
ENDCHAR
STARTCHAR uni02D6
ENCODING 726
SWIDTH 500 0
DWIDTH 6 0
BBX 6 12 0 -2
BITMAP
00
00
00
00
10
10
78
10
10
00
00
00
ENDCHAR
STARTCHAR uni02D7
ENCODING 727
SWIDTH 500 0
DWIDTH 6 0
BBX 6 12 0 -2
BITMAP
00
00
00
00
00
00
78
00
00
00
00
00
ENDCHAR
STARTCHAR uni02DA
ENCODING 730
SWIDTH 500 0
DWIDTH 6 0
BBX 6 12 0 -2
BITMAP
00
10
28
10
00
00
00
00
00
00
00
00
ENDCHAR
STARTCHAR uni02DE
ENCODING 734
SWIDTH 500 0
DWIDTH 6 0
BBX 6 12 0 -2
BITMAP
00
00
00
00
08
48
30
00
00
00
00
00
ENDCHAR
STARTCHAR uni02DF
ENCODING 735
SWIDTH 500 0
DWIDTH 6 0
BBX 6 12 0 -2
BITMAP
00
48
30
48
00
00
00
00
00
00
00
00
ENDCHAR
STARTCHAR uni02E0
ENCODING 736
SWIDTH 500 0
DWIDTH 6 0
BBX 6 12 0 -2
BITMAP
00
00
48
30
10
10
30
00
00
00
00
00
ENDCHAR
STARTCHAR uni02E1
ENCODING 737
SWIDTH 500 0
DWIDTH 6 0
BBX 6 12 0 -2
BITMAP
00
00
60
20
20
20
18
00
00
00
00
00
ENDCHAR
STARTCHAR uni02E2
ENCODING 738
SWIDTH 500 0
DWIDTH 6 0
BBX 6 12 0 -2
BITMAP
00
00
38
40
30
08
70
00
00
00
00
00
ENDCHAR
STARTCHAR uni02E3
ENCODING 739
SWIDTH 500 0
DWIDTH 6 0
BBX 6 12 0 -2
BITMAP
00
00
48
30
10
30
48
00
00
00
00
00
ENDCHAR
STARTCHAR uni02E4
ENCODING 740
SWIDTH 500 0
DWIDTH 6 0
BBX 6 12 0 -2
BITMAP
00
00
30
48
48
20
00
00
00
00
00
00
ENDCHAR
STARTCHAR uni02E5
ENCODING 741
SWIDTH 500 0
DWIDTH 6 0
BBX 6 12 0 -2
BITMAP
00
00
78
08
08
08
08
08
08
08
00
00
ENDCHAR
STARTCHAR uni02E6
ENCODING 742
SWIDTH 500 0
DWIDTH 6 0
BBX 6 12 0 -2
BITMAP
00
00
08
08
78
08
08
08
08
08
00
00
ENDCHAR
STARTCHAR uni02E7
ENCODING 743
SWIDTH 500 0
DWIDTH 6 0
BBX 6 12 0 -2
BITMAP
00
00
08
08
08
08
78
08
08
08
00
00
ENDCHAR
STARTCHAR uni02E8
ENCODING 744
SWIDTH 500 0
DWIDTH 6 0
BBX 6 12 0 -2
BITMAP
00
00
08
08
08
08
08
78
08
08
00
00
ENDCHAR
STARTCHAR uni02E9
ENCODING 745
SWIDTH 500 0
DWIDTH 6 0
BBX 6 12 0 -2
BITMAP
00
00
08
08
08
08
08
08
08
78
00
00
ENDCHAR
STARTCHAR uni02EA
ENCODING 746
SWIDTH 500 0
DWIDTH 6 0
BBX 6 12 0 -2
BITMAP
00
00
40
40
40
40
40
40
40
78
00
00
ENDCHAR
STARTCHAR uni02EB
ENCODING 747
SWIDTH 500 0
DWIDTH 6 0
BBX 6 12 0 -2
BITMAP
00
00
78
40
40
40
40
40
40
40
00
00
ENDCHAR
STARTCHAR uni02EC
ENCODING 748
SWIDTH 500 0
DWIDTH 6 0
BBX 6 12 0 -2
BITMAP
00
00
00
00
00
28
10
00
00
00
00
00
ENDCHAR
STARTCHAR uni02ED
ENCODING 749
SWIDTH 500 0
DWIDTH 6 0
BBX 6 12 0 -2
BITMAP
00
00
78
00
78
00
00
00
00
00
00
00
ENDCHAR
STARTCHAR uni02EE
ENCODING 750
SWIDTH 500 0
DWIDTH 6 0
BBX 6 12 0 -2
BITMAP
28
50
00
00
00
00
00
00
00
00
00
00
ENDCHAR
STARTCHAR uni02EF
ENCODING 751
SWIDTH 500 0
DWIDTH 6 0
BBX 6 12 0 -2
BITMAP
00
00
00
00
00
48
28
10
00
00
00
00
ENDCHAR
STARTCHAR uni02F0
ENCODING 752
SWIDTH 500 0
DWIDTH 6 0
BBX 6 12 0 -2
BITMAP
00
00
00
00
00
10
28
48
00
00
00
00
ENDCHAR
STARTCHAR uni02F1
ENCODING 753
SWIDTH 500 0
DWIDTH 6 0
BBX 6 12 0 -2
BITMAP
00
00
00
00
00
08
30
40
30
08
00
00
ENDCHAR
STARTCHAR uni02F2
ENCODING 754
SWIDTH 500 0
DWIDTH 6 0
BBX 6 12 0 -2
BITMAP
00
00
00
00
00
40
30
08
30
40
00
00
ENDCHAR
STARTCHAR uni02F3
ENCODING 755
SWIDTH 500 0
DWIDTH 6 0
BBX 6 12 0 -2
BITMAP
00
00
00
00
00
00
00
00
10
28
10
00
ENDCHAR
STARTCHAR uni02F4
ENCODING 756
SWIDTH 500 0
DWIDTH 6 0
BBX 6 12 0 -2
BITMAP
00
00
00
00
00
10
08
08
00
00
00
00
ENDCHAR
STARTCHAR uni02F5
ENCODING 757
SWIDTH 500 0
DWIDTH 6 0
BBX 6 12 0 -2
BITMAP
00
00
00
00
00
50
28
28
00
00
00
00
ENDCHAR
STARTCHAR uni02F6
ENCODING 758
SWIDTH 500 0
DWIDTH 6 0
BBX 6 12 0 -2
BITMAP
00
00
00
00
00
28
28
50
00
00
00
00
ENDCHAR
STARTCHAR uni02F7
ENCODING 759
SWIDTH 500 0
DWIDTH 6 0
BBX 6 12 0 -2
BITMAP
00
00
00
00
00
00
00
00
28
50
00
00
ENDCHAR
STARTCHAR uni02F8
ENCODING 760
SWIDTH 500 0
DWIDTH 6 0
BBX 6 12 0 -2
BITMAP
00
10
00
10
00
00
00
00
00
00
00
00
ENDCHAR
STARTCHAR uni02F9
ENCODING 761
SWIDTH 500 0
DWIDTH 6 0
BBX 6 12 0 -2
BITMAP
00
00
38
20
20
00
00
00
00
00
00
00
ENDCHAR
STARTCHAR uni02FA
ENCODING 762
SWIDTH 500 0
DWIDTH 6 0
BBX 6 12 0 -2
BITMAP
00
00
38
08
08
00
00
00
00
00
00
00
ENDCHAR
STARTCHAR uni02FB
ENCODING 763
SWIDTH 500 0
DWIDTH 6 0
BBX 6 12 0 -2
BITMAP
00
00
00
00
00
00
00
00
38
20
20
00
ENDCHAR
STARTCHAR uni02FC
ENCODING 764
SWIDTH 500 0
DWIDTH 6 0
BBX 6 12 0 -2
BITMAP
00
00
00
00
00
00
00
00
38
08
08
00
ENDCHAR
STARTCHAR uni02FD
ENCODING 765
SWIDTH 500 0
DWIDTH 6 0
BBX 6 12 0 -2
BITMAP
00
00
00
00
00
00
00
48
48
78
00
00
ENDCHAR
STARTCHAR uni02FE
ENCODING 766
SWIDTH 500 0
DWIDTH 6 0
BBX 6 12 0 -2
BITMAP
00
00
00
00
00
00
00
40
40
78
00
00
ENDCHAR
STARTCHAR uni02FF
ENCODING 767
SWIDTH 500 0
DWIDTH 6 0
BBX 6 12 0 -2
BITMAP
00
00
00
00
00
00
10
20
78
20
10
00
ENDCHAR
STARTCHAR uni1E00
ENCODING 7680
SWIDTH 500 0
DWIDTH 6 0
BBX 6 12 0 -2
BITMAP
00
00
70
88
88
F8
88
88
88
20
50
70
ENDCHAR
STARTCHAR uni1E01
ENCODING 7681
SWIDTH 500 0
DWIDTH 6 0
BBX 6 12 0 -2
BITMAP
00
00
00
00
70
08
78
88
78
20
50
70
ENDCHAR
STARTCHAR uni1E02
ENCODING 7682
SWIDTH 500 0
DWIDTH 6 0
BBX 6 12 0 -2
BITMAP
20
20
F0
88
88
F0
88
88
88
F0
00
00
ENDCHAR
STARTCHAR uni1E03
ENCODING 7683
SWIDTH 500 0
DWIDTH 6 0
BBX 6 12 0 -2
BITMAP
20
20
80
80
F0
88
88
88
88
F0
00
00
ENDCHAR
STARTCHAR uni1E04
ENCODING 7684
SWIDTH 500 0
DWIDTH 6 0
BBX 6 12 0 -2
BITMAP
00
00
F0
88
88
F0
88
88
88
F0
20
20
ENDCHAR
STARTCHAR uni1E05
ENCODING 7685
SWIDTH 500 0
DWIDTH 6 0
BBX 6 12 0 -2
BITMAP
00
00
80
80
F0
88
88
88
88
F0
20
20
ENDCHAR
STARTCHAR uni1E06
ENCODING 7686
SWIDTH 500 0
DWIDTH 6 0
BBX 6 12 0 -2
BITMAP
00
00
F0
88
88
F0
88
88
88
F0
70
00
ENDCHAR
STARTCHAR uni1E07
ENCODING 7687
SWIDTH 500 0
DWIDTH 6 0
BBX 6 12 0 -2
BITMAP
00
00
80
80
F0
88
88
88
88
F0
70
00
ENDCHAR
STARTCHAR uni1E08
ENCODING 7688
SWIDTH 500 0
DWIDTH 6 0
BBX 6 12 0 -2
BITMAP
20
40
70
88
80
80
80
80
88
70
20
40
ENDCHAR
STARTCHAR uni1E09
ENCODING 7689
SWIDTH 500 0
DWIDTH 6 0
BBX 6 12 0 -2
BITMAP
00
00
20
40
70
88
80
80
88
70
20
40
ENDCHAR
STARTCHAR uni1E0A
ENCODING 7690
SWIDTH 500 0
DWIDTH 6 0
BBX 6 12 0 -2
BITMAP
20
20
E0
90
88
88
88
88
90
E0
00
00
ENDCHAR
STARTCHAR uni1E0B
ENCODING 7691
SWIDTH 500 0
DWIDTH 6 0
BBX 6 12 0 -2
BITMAP
20
20
08
08
78
88
88
88
88
78
00
00
ENDCHAR
STARTCHAR uni1E0E
ENCODING 7694
SWIDTH 500 0
DWIDTH 6 0
BBX 6 12 0 -2
BITMAP
00
00
E0
90
88
88
88
88
90
E0
70
00
ENDCHAR
STARTCHAR uni1E0F
ENCODING 7695
SWIDTH 500 0
DWIDTH 6 0
BBX 6 12 0 -2
BITMAP
00
00
08
08
78
88
88
88
88
78
70
00
ENDCHAR
STARTCHAR uni1E10
ENCODING 7696
SWIDTH 500 0
DWIDTH 6 0
BBX 6 12 0 -2
BITMAP
00
00
E0
90
88
88
88
88
90
E0
20
40
ENDCHAR
STARTCHAR uni1E11
ENCODING 7697
SWIDTH 500 0
DWIDTH 6 0
BBX 6 12 0 -2
BITMAP
00
00
08
08
78
88
88
88
88
78
20
40
ENDCHAR
STARTCHAR uni1E12
ENCODING 7698
SWIDTH 500 0
DWIDTH 6 0
BBX 6 12 0 -2
BITMAP
00
00
E0
90
88
88
88
88
90
E0
20
50
ENDCHAR
STARTCHAR uni1E13
ENCODING 7699
SWIDTH 500 0
DWIDTH 6 0
BBX 6 12 0 -2
BITMAP
00
00
08
08
78
88
88
88
88
78
20
50
ENDCHAR
STARTCHAR uni1E14
ENCODING 7700
SWIDTH 500 0
DWIDTH 6 0
BBX 6 12 0 -2
BITMAP
40
20
00
70
F8
80
80
F0
80
F8
00
00
ENDCHAR
STARTCHAR uni1E15
ENCODING 7701
SWIDTH 500 0
DWIDTH 6 0
BBX 6 12 0 -2
BITMAP
40
20
00
70
70
88
F8
80
80
78
00
00
ENDCHAR
STARTCHAR uni1E16
ENCODING 7702
SWIDTH 500 0
DWIDTH 6 0
BBX 6 12 0 -2
BITMAP
20
40
00
70
F8
80
80
F0
80
F8
00
00
ENDCHAR
STARTCHAR uni1E17
ENCODING 7703
SWIDTH 500 0
DWIDTH 6 0
BBX 6 12 0 -2
BITMAP
20
40
00
70
70
88
F8
80
80
78
00
00
ENDCHAR
STARTCHAR uni1E18
ENCODING 7704
SWIDTH 500 0
DWIDTH 6 0
BBX 6 12 0 -2
BITMAP
00
00
F8
80
80
F0
80
80
80
F8
20
50
ENDCHAR
STARTCHAR uni1E19
ENCODING 7705
SWIDTH 500 0
DWIDTH 6 0
BBX 6 12 0 -2
BITMAP
00
00
00
00
70
88
F8
80
80
78
20
50
ENDCHAR
STARTCHAR uni1E1A
ENCODING 7706
SWIDTH 500 0
DWIDTH 6 0
BBX 6 12 0 -2
BITMAP
00
00
F8
80
80
F0
80
80
80
F8
50
A0
ENDCHAR
STARTCHAR uni1E1B
ENCODING 7707
SWIDTH 500 0
DWIDTH 6 0
BBX 6 12 0 -2
BITMAP
00
00
00
00
70
88
F8
80
80
78
50
A0
ENDCHAR
STARTCHAR uni1E1C
ENCODING 7708
SWIDTH 500 0
DWIDTH 6 0
BBX 6 12 0 -2
BITMAP
50
20
F8
80
80
F0
80
80
80
F8
20
40
ENDCHAR
STARTCHAR uni1E1D
ENCODING 7709
SWIDTH 500 0
DWIDTH 6 0
BBX 6 12 0 -2
BITMAP
00
00
50
20
70
88
F8
80
80
78
20
40
ENDCHAR
STARTCHAR uni1E1E
ENCODING 7710
SWIDTH 500 0
DWIDTH 6 0
BBX 6 12 0 -2
BITMAP
20
20
F8
80
80
F0
80
80
80
80
00
00
ENDCHAR
STARTCHAR uni1E1F
ENCODING 7711
SWIDTH 500 0
DWIDTH 6 0
BBX 6 12 0 -2
BITMAP
20
20
18
20
70
20
20
20
20
20
00
00
ENDCHAR
STARTCHAR uni1E20
ENCODING 7712
SWIDTH 500 0
DWIDTH 6 0
BBX 6 12 0 -2
BITMAP
00
70
70
88
80
80
B8
88
88
70
00
00
ENDCHAR
STARTCHAR uni1E21
ENCODING 7713
SWIDTH 500 0
DWIDTH 6 0
BBX 6 12 0 -2
BITMAP
00
00
00
70
78
88
88
88
88
78
08
70
ENDCHAR
STARTCHAR uni1E22
ENCODING 7714
SWIDTH 500 0
DWIDTH 6 0
BBX 6 12 0 -2
BITMAP
20
20
88
88
88
F8
88
88
88
88
00
00
ENDCHAR
STARTCHAR uni1E23
ENCODING 7715
SWIDTH 500 0
DWIDTH 6 0
BBX 6 12 0 -2
BITMAP
20
20
80
80
F0
88
88
88
88
88
00
00
ENDCHAR
STARTCHAR uni1E24
ENCODING 7716
SWIDTH 500 0
DWIDTH 6 0
BBX 6 12 0 -2
BITMAP
00
00
88
88
88
F8
88
88
88
88
20
20
ENDCHAR
STARTCHAR uni1E25
ENCODING 7717
SWIDTH 500 0
DWIDTH 6 0
BBX 6 12 0 -2
BITMAP
00
00
80
80
F0
88
88
88
88
88
20
20
ENDCHAR
STARTCHAR uni1E26
ENCODING 7718
SWIDTH 500 0
DWIDTH 6 0
BBX 6 12 0 -2
BITMAP
50
50
88
88
88
F8
88
88
88
88
00
00
ENDCHAR
STARTCHAR uni1E27
ENCODING 7719
SWIDTH 500 0
DWIDTH 6 0
BBX 6 12 0 -2
BITMAP
50
50
80
80
F0
88
88
88
88
88
00
00
ENDCHAR
STARTCHAR uni1E28
ENCODING 7720
SWIDTH 500 0
DWIDTH 6 0
BBX 6 12 0 -2
BITMAP
00
00
88
88
88
F8
88
88
88
88
20
40
ENDCHAR
STARTCHAR uni1E29
ENCODING 7721
SWIDTH 500 0
DWIDTH 6 0
BBX 6 12 0 -2
BITMAP
00
00
80
80
F0
88
88
88
88
88
20
40
ENDCHAR
STARTCHAR uni1E2A
ENCODING 7722
SWIDTH 500 0
DWIDTH 6 0
BBX 6 12 0 -2
BITMAP
00
00
88
88
88
F8
88
88
88
88
50
20
ENDCHAR
STARTCHAR uni1E2B
ENCODING 7723
SWIDTH 500 0
DWIDTH 6 0
BBX 6 12 0 -2
BITMAP
00
00
80
80
F0
88
88
88
88
88
50
20
ENDCHAR
STARTCHAR uni1E2C
ENCODING 7724
SWIDTH 500 0
DWIDTH 6 0
BBX 6 12 0 -2
BITMAP
00
00
70
20
20
20
20
20
20
70
50
A0
ENDCHAR
STARTCHAR uni1E2D
ENCODING 7725
SWIDTH 500 0
DWIDTH 6 0
BBX 6 12 0 -2
BITMAP
00
20
20
00
60
20
20
20
20
70
50
A0
ENDCHAR
STARTCHAR uni1E2E
ENCODING 7726
SWIDTH 500 0
DWIDTH 6 0
BBX 6 12 0 -2
BITMAP
20
40
00
50
50
70
20
20
20
70
00
00
ENDCHAR
STARTCHAR uni1E2F
ENCODING 7727
SWIDTH 500 0
DWIDTH 6 0
BBX 6 12 0 -2
BITMAP
20
40
00
50
50
60
20
20
20
70
00
00
ENDCHAR
STARTCHAR uni1E30
ENCODING 7728
SWIDTH 500 0
DWIDTH 6 0
BBX 6 12 0 -2
BITMAP
20
40
88
90
A0
C0
C0
A0
90
88
00
00
ENDCHAR
STARTCHAR uni1E31
ENCODING 7729
SWIDTH 500 0
DWIDTH 6 0
BBX 6 12 0 -2
BITMAP
20
40
40
40
48
50
60
60
50
48
00
00
ENDCHAR
STARTCHAR uni1E32
ENCODING 7730
SWIDTH 500 0
DWIDTH 6 0
BBX 6 12 0 -2
BITMAP
00
00
88
90
A0
C0
C0
A0
90
88
20
20
ENDCHAR
STARTCHAR uni1E33
ENCODING 7731
SWIDTH 500 0
DWIDTH 6 0
BBX 6 12 0 -2
BITMAP
00
00
40
40
48
50
60
60
50
48
20
20
ENDCHAR
STARTCHAR uni1E38
ENCODING 7736
SWIDTH 500 0
DWIDTH 6 0
BBX 6 12 0 -2
BITMAP
00
70
80
80
80
80
80
80
80
F8
20
20
ENDCHAR
STARTCHAR uni1E39
ENCODING 7737
SWIDTH 500 0
DWIDTH 6 0
BBX 6 12 0 -2
BITMAP
00
70
60
20
20
20
20
20
20
18
20
20
ENDCHAR
STARTCHAR uni1E3A
ENCODING 7738
SWIDTH 500 0
DWIDTH 6 0
BBX 6 12 0 -2
BITMAP
00
00
80
80
80
80
80
80
80
F8
70
00
ENDCHAR
STARTCHAR uni1E3B
ENCODING 7739
SWIDTH 500 0
DWIDTH 6 0
BBX 6 12 0 -2
BITMAP
00
00
60
20
20
20
20
20
20
18
70
00
ENDCHAR
STARTCHAR uni1E3C
ENCODING 7740
SWIDTH 500 0
DWIDTH 6 0
BBX 6 12 0 -2
BITMAP
00
00
80
80
80
80
80
80
80
F8
20
50
ENDCHAR
STARTCHAR uni1E3D
ENCODING 7741
SWIDTH 500 0
DWIDTH 6 0
BBX 6 12 0 -2
BITMAP
00
00
60
20
20
20
20
20
20
18
20
50
ENDCHAR
STARTCHAR uni1E3E
ENCODING 7742
SWIDTH 500 0
DWIDTH 6 0
BBX 6 12 0 -2
BITMAP
20
40
88
D8
A8
A8
88
88
88
88
00
00
ENDCHAR
STARTCHAR uni1E3F
ENCODING 7743
SWIDTH 500 0
DWIDTH 6 0
BBX 6 12 0 -2
BITMAP
00
00
20
40
F0
A8
A8
A8
A8
A8
00
00
ENDCHAR
STARTCHAR uni1E48
ENCODING 7752
SWIDTH 500 0
DWIDTH 6 0
BBX 6 12 0 -2
BITMAP
00
00
88
88
C8
A8
98
88
88
88
70
00
ENDCHAR
STARTCHAR uni1E49
ENCODING 7753
SWIDTH 500 0
DWIDTH 6 0
BBX 6 12 0 -2
BITMAP
00
00
00
00
F0
88
88
88
88
88
70
00
ENDCHAR
STARTCHAR uni1E4A
ENCODING 7754
SWIDTH 500 0
DWIDTH 6 0
BBX 6 12 0 -2
BITMAP
00
00
88
88
C8
A8
98
88
88
88
20
50
ENDCHAR
STARTCHAR uni1E4B
ENCODING 7755
SWIDTH 500 0
DWIDTH 6 0
BBX 6 12 0 -2
BITMAP
00
00
00
00
F0
88
88
88
88
88
20
50
ENDCHAR
STARTCHAR uni1E4C
ENCODING 7756
SWIDTH 500 0
DWIDTH 6 0
BBX 6 12 0 -2
BITMAP
20
40
00
50
A0
70
88
88
88
70
00
00
ENDCHAR
STARTCHAR uni1E4D
ENCODING 7757
SWIDTH 500 0
DWIDTH 6 0
BBX 6 12 0 -2
BITMAP
20
40
00
50
A0
00
70
88
88
70
00
00
ENDCHAR
STARTCHAR uni1E4E
ENCODING 7758
SWIDTH 500 0
DWIDTH 6 0
BBX 6 12 0 -2
BITMAP
50
50
00
50
A0
70
88
88
88
70
00
00
ENDCHAR
STARTCHAR uni1E4F
ENCODING 7759
SWIDTH 500 0
DWIDTH 6 0
BBX 6 12 0 -2
BITMAP
50
50
00
50
A0
00
70
88
88
70
00
00
ENDCHAR
STARTCHAR uni1E50
ENCODING 7760
SWIDTH 500 0
DWIDTH 6 0
BBX 6 12 0 -2
BITMAP
40
20
00
70
70
88
88
88
88
70
00
00
ENDCHAR
STARTCHAR uni1E51
ENCODING 7761
SWIDTH 500 0
DWIDTH 6 0
BBX 6 12 0 -2
BITMAP
40
20
00
70
00
70
88
88
88
70
00
00
ENDCHAR
STARTCHAR uni1E52
ENCODING 7762
SWIDTH 500 0
DWIDTH 6 0
BBX 6 12 0 -2
BITMAP
20
40
00
70
70
88
88
88
88
70
00
00
ENDCHAR
STARTCHAR uni1E53
ENCODING 7763
SWIDTH 500 0
DWIDTH 6 0
BBX 6 12 0 -2
BITMAP
20
40
00
70
00
70
88
88
88
70
00
00
ENDCHAR
STARTCHAR uni1E54
ENCODING 7764
SWIDTH 500 0
DWIDTH 6 0
BBX 6 12 0 -2
BITMAP
20
40
F0
88
88
88
F0
80
80
80
00
00
ENDCHAR
STARTCHAR uni1E55
ENCODING 7765
SWIDTH 500 0
DWIDTH 6 0
BBX 6 12 0 -2
BITMAP
00
00
20
40
F0
88
88
88
88
F0
80
80
ENDCHAR
STARTCHAR uni1E56
ENCODING 7766
SWIDTH 500 0
DWIDTH 6 0
BBX 6 12 0 -2
BITMAP
20
20
F0
88
88
88
F0
80
80
80
00
00
ENDCHAR
STARTCHAR uni1E57
ENCODING 7767
SWIDTH 500 0
DWIDTH 6 0
BBX 6 12 0 -2
BITMAP
00
00
20
20
F0
88
88
88
88
F0
80
80
ENDCHAR
STARTCHAR uni1E58
ENCODING 7768
SWIDTH 500 0
DWIDTH 6 0
BBX 6 12 0 -2
BITMAP
20
20
F0
88
88
88
F0
A0
90
88
00
00
ENDCHAR
STARTCHAR uni1E59
ENCODING 7769
SWIDTH 500 0
DWIDTH 6 0
BBX 6 12 0 -2
BITMAP
00
00
20
20
B8
C0
80
80
80
80
00
00
ENDCHAR
STARTCHAR uni1E5A
ENCODING 7770
SWIDTH 500 0
DWIDTH 6 0
BBX 6 12 0 -2
BITMAP
00
00
F0
88
88
88
F0
A0
90
88
20
20
ENDCHAR
STARTCHAR uni1E5B
ENCODING 7771
SWIDTH 500 0
DWIDTH 6 0
BBX 6 12 0 -2
BITMAP
00
00
00
00
B8
C0
80
80
80
80
20
20
ENDCHAR
STARTCHAR uni1E5C
ENCODING 7772
SWIDTH 500 0
DWIDTH 6 0
BBX 6 12 0 -2
BITMAP
00
70
F0
88
88
88
F0
A0
90
88
20
20
ENDCHAR
STARTCHAR uni1E5D
ENCODING 7773
SWIDTH 500 0
DWIDTH 6 0
BBX 6 12 0 -2
BITMAP
00
00
00
70
B8
C0
80
80
80
80
20
20
ENDCHAR
STARTCHAR uni1E5E
ENCODING 7774
SWIDTH 500 0
DWIDTH 6 0
BBX 6 12 0 -2
BITMAP
00
00
F0
88
88
88
F0
A0
90
88
70
00
ENDCHAR
STARTCHAR uni1E5F
ENCODING 7775
SWIDTH 500 0
DWIDTH 6 0
BBX 6 12 0 -2
BITMAP
00
00
00
00
B8
C0
80
80
80
80
70
00
ENDCHAR
STARTCHAR uni1E60
ENCODING 7776
SWIDTH 500 0
DWIDTH 6 0
BBX 6 12 0 -2
BITMAP
20
20
70
88
80
70
08
08
88
70
00
00
ENDCHAR
STARTCHAR uni1E61
ENCODING 7777
SWIDTH 500 0
DWIDTH 6 0
BBX 6 12 0 -2
BITMAP
00
00
20
20
78
80
70
08
08
F0
00
00
ENDCHAR
STARTCHAR uni1E62
ENCODING 7778
SWIDTH 500 0
DWIDTH 6 0
BBX 6 12 0 -2
BITMAP
00
00
70
88
80
70
08
08
88
70
20
20
ENDCHAR
STARTCHAR uni1E63
ENCODING 7779
SWIDTH 500 0
DWIDTH 6 0
BBX 6 12 0 -2
BITMAP
00
00
00
00
78
80
70
08
08
F0
20
20
ENDCHAR
STARTCHAR uni1E64
ENCODING 7780
SWIDTH 500 0
DWIDTH 6 0
BBX 6 12 0 -2
BITMAP
20
20
00
20
40
70
88
70
88
70
00
00
ENDCHAR
STARTCHAR uni1E65
ENCODING 7781
SWIDTH 500 0
DWIDTH 6 0
BBX 6 12 0 -2
BITMAP
20
20
00
20
40
78
80
70
08
F0
00
00
ENDCHAR
STARTCHAR uni1E66
ENCODING 7782
SWIDTH 500 0
DWIDTH 6 0
BBX 6 12 0 -2
BITMAP
20
20
00
50
20
70
88
70
88
70
00
00
ENDCHAR
STARTCHAR uni1E67
ENCODING 7783
SWIDTH 500 0
DWIDTH 6 0
BBX 6 12 0 -2
BITMAP
20
20
00
50
20
78
80
70
08
F0
00
00
ENDCHAR
STARTCHAR uni1E68
ENCODING 7784
SWIDTH 500 0
DWIDTH 6 0
BBX 6 12 0 -2
BITMAP
20
20
70
88
80
70
08
08
88
70
20
20
ENDCHAR
STARTCHAR uni1E69
ENCODING 7785
SWIDTH 500 0
DWIDTH 6 0
BBX 6 12 0 -2
BITMAP
00
00
20
20
78
80
70
08
08
F0
20
20
ENDCHAR
STARTCHAR uni1E6A
ENCODING 7786
SWIDTH 500 0
DWIDTH 6 0
BBX 6 12 0 -2
BITMAP
20
20
F8
20
20
20
20
20
20
20
00
00
ENDCHAR
STARTCHAR uni1E6B
ENCODING 7787
SWIDTH 500 0
DWIDTH 6 0
BBX 6 12 0 -2
BITMAP
20
20
20
20
70
20
20
20
20
18
00
00
ENDCHAR
STARTCHAR uni1E6E
ENCODING 7790
SWIDTH 500 0
DWIDTH 6 0
BBX 6 12 0 -2
BITMAP
00
00
F8
20
20
20
20
20
20
20
70
00
ENDCHAR
STARTCHAR uni1E6F
ENCODING 7791
SWIDTH 500 0
DWIDTH 6 0
BBX 6 12 0 -2
BITMAP
00
00
20
20
70
20
20
20
20
18
70
00
ENDCHAR
STARTCHAR uni1E70
ENCODING 7792
SWIDTH 500 0
DWIDTH 6 0
BBX 6 12 0 -2
BITMAP
00
00
F8
20
20
20
20
20
20
20
20
50
ENDCHAR
STARTCHAR uni1E71
ENCODING 7793
SWIDTH 500 0
DWIDTH 6 0
BBX 6 12 0 -2
BITMAP
00
00
20
20
70
20
20
20
20
18
20
50
ENDCHAR
STARTCHAR uni1E72
ENCODING 7794
SWIDTH 500 0
DWIDTH 6 0
BBX 6 12 0 -2
BITMAP
00
00
88
88
88
88
88
88
88
70
50
50
ENDCHAR
STARTCHAR uni1E73
ENCODING 7795
SWIDTH 500 0
DWIDTH 6 0
BBX 6 12 0 -2
BITMAP
00
00
00
00
88
88
88
88
88
78
50
50
ENDCHAR
STARTCHAR uni1E74
ENCODING 7796
SWIDTH 500 0
DWIDTH 6 0
BBX 6 12 0 -2
BITMAP
00
00
88
88
88
88
88
88
88
70
50
A0
ENDCHAR
STARTCHAR uni1E75
ENCODING 7797
SWIDTH 500 0
DWIDTH 6 0
BBX 6 12 0 -2
BITMAP
00
00
00
00
88
88
88
88
88
78
50
A0
ENDCHAR
STARTCHAR uni1E76
ENCODING 7798
SWIDTH 500 0
DWIDTH 6 0
BBX 6 12 0 -2
BITMAP
00
00
88
88
88
88
88
88
88
70
20
50
ENDCHAR
STARTCHAR uni1E77
ENCODING 7799
SWIDTH 500 0
DWIDTH 6 0
BBX 6 12 0 -2
BITMAP
00
00
00
00
88
88
88
88
88
78
20
50
ENDCHAR
STARTCHAR uni1E78
ENCODING 7800
SWIDTH 500 0
DWIDTH 6 0
BBX 6 12 0 -2
BITMAP
20
40
00
50
A0
88
88
88
88
70
00
00
ENDCHAR
STARTCHAR uni1E79
ENCODING 7801
SWIDTH 500 0
DWIDTH 6 0
BBX 6 12 0 -2
BITMAP
20
40
00
50
A0
88
88
88
88
78
00
00
ENDCHAR
STARTCHAR uni1E7A
ENCODING 7802
SWIDTH 500 0
DWIDTH 6 0
BBX 6 12 0 -2
BITMAP
50
50
00
70
88
88
88
88
88
70
00
00
ENDCHAR
STARTCHAR uni1E7B
ENCODING 7803
SWIDTH 500 0
DWIDTH 6 0
BBX 6 12 0 -2
BITMAP
50
50
00
70
88
88
88
88
88
78
00
00
ENDCHAR
STARTCHAR uni1E7C
ENCODING 7804
SWIDTH 500 0
DWIDTH 6 0
BBX 6 12 0 -2
BITMAP
50
A0
88
88
88
50
50
50
20
20
00
00
ENDCHAR
STARTCHAR uni1E7D
ENCODING 7805
SWIDTH 500 0
DWIDTH 6 0
BBX 6 12 0 -2
BITMAP
00
00
50
A0
88
88
50
50
20
20
00
00
ENDCHAR
STARTCHAR uni1E7E
ENCODING 7806
SWIDTH 500 0
DWIDTH 6 0
BBX 6 12 0 -2
BITMAP
00
00
88
88
88
50
50
50
20
20
20
20
ENDCHAR
STARTCHAR uni1E7F
ENCODING 7807
SWIDTH 500 0
DWIDTH 6 0
BBX 6 12 0 -2
BITMAP
00
00
00
00
88
88
50
50
20
20
20
20
ENDCHAR
STARTCHAR uni1E80
ENCODING 7808
SWIDTH 500 0
DWIDTH 6 0
BBX 6 12 0 -2
BITMAP
40
20
88
88
88
88
A8
A8
D8
88
00
00
ENDCHAR
STARTCHAR uni1E81
ENCODING 7809
SWIDTH 500 0
DWIDTH 6 0
BBX 6 12 0 -2
BITMAP
00
00
40
20
88
88
A8
A8
A8
70
00
00
ENDCHAR
STARTCHAR uni1E82
ENCODING 7810
SWIDTH 500 0
DWIDTH 6 0
BBX 6 12 0 -2
BITMAP
20
40
88
88
88
88
A8
A8
D8
88
00
00
ENDCHAR
STARTCHAR uni1E83
ENCODING 7811
SWIDTH 500 0
DWIDTH 6 0
BBX 6 12 0 -2
BITMAP
00
00
20
40
88
88
A8
A8
A8
70
00
00
ENDCHAR
STARTCHAR uni1E84
ENCODING 7812
SWIDTH 500 0
DWIDTH 6 0
BBX 6 12 0 -2
BITMAP
50
50
88
88
88
88
A8
A8
D8
88
00
00
ENDCHAR
STARTCHAR uni1E85
ENCODING 7813
SWIDTH 500 0
DWIDTH 6 0
BBX 6 12 0 -2
BITMAP
00
00
50
50
88
88
A8
A8
A8
70
00
00
ENDCHAR
STARTCHAR uni1E86
ENCODING 7814
SWIDTH 500 0
DWIDTH 6 0
BBX 6 12 0 -2
BITMAP
20
20
88
88
88
88
A8
A8
D8
88
00
00
ENDCHAR
STARTCHAR uni1E87
ENCODING 7815
SWIDTH 500 0
DWIDTH 6 0
BBX 6 12 0 -2
BITMAP
00
00
20
20
88
88
A8
A8
A8
70
00
00
ENDCHAR
STARTCHAR uni1E88
ENCODING 7816
SWIDTH 500 0
DWIDTH 6 0
BBX 6 12 0 -2
BITMAP
00
00
88
88
88
88
A8
A8
D8
88
20
20
ENDCHAR
STARTCHAR uni1E89
ENCODING 7817
SWIDTH 500 0
DWIDTH 6 0
BBX 6 12 0 -2
BITMAP
00
00
00
00
88
88
A8
A8
A8
70
20
20
ENDCHAR
STARTCHAR uni1E8A
ENCODING 7818
SWIDTH 500 0
DWIDTH 6 0
BBX 6 12 0 -2
BITMAP
20
20
88
88
50
20
20
50
88
88
00
00
ENDCHAR
STARTCHAR uni1E8B
ENCODING 7819
SWIDTH 500 0
DWIDTH 6 0
BBX 6 12 0 -2
BITMAP
00
00
20
20
88
50
20
20
50
88
00
00
ENDCHAR
STARTCHAR uni1E8C
ENCODING 7820
SWIDTH 500 0
DWIDTH 6 0
BBX 6 12 0 -2
BITMAP
50
50
88
88
50
20
20
50
88
88
00
00
ENDCHAR
STARTCHAR uni1E8D
ENCODING 7821
SWIDTH 500 0
DWIDTH 6 0
BBX 6 12 0 -2
BITMAP
00
00
50
50
88
50
20
20
50
88
00
00
ENDCHAR
STARTCHAR uni1E8E
ENCODING 7822
SWIDTH 500 0
DWIDTH 6 0
BBX 6 12 0 -2
BITMAP
20
20
88
88
50
50
20
20
20
20
00
00
ENDCHAR
STARTCHAR uni1E8F
ENCODING 7823
SWIDTH 500 0
DWIDTH 6 0
BBX 6 12 0 -2
BITMAP
00
00
20
20
88
88
88
88
88
78
08
70
ENDCHAR
STARTCHAR uni1E90
ENCODING 7824
SWIDTH 500 0
DWIDTH 6 0
BBX 6 12 0 -2
BITMAP
20
50
F8
08
10
20
40
80
80
F8
00
00
ENDCHAR
STARTCHAR uni1E91
ENCODING 7825
SWIDTH 500 0
DWIDTH 6 0
BBX 6 12 0 -2
BITMAP
00
00
20
50
F8
10
20
40
80
F8
00
00
ENDCHAR
STARTCHAR uni1E92
ENCODING 7826
SWIDTH 500 0
DWIDTH 6 0
BBX 6 12 0 -2
BITMAP
00
00
F8
08
10
20
40
80
80
F8
20
20
ENDCHAR
STARTCHAR uni1E93
ENCODING 7827
SWIDTH 500 0
DWIDTH 6 0
BBX 6 12 0 -2
BITMAP
00
00
00
00
F8
10
20
40
80
F8
20
20
ENDCHAR
STARTCHAR uni1E94
ENCODING 7828
SWIDTH 500 0
DWIDTH 6 0
BBX 6 12 0 -2
BITMAP
00
00
F8
08
10
20
40
80
80
F8
70
00
ENDCHAR
STARTCHAR uni1E95
ENCODING 7829
SWIDTH 500 0
DWIDTH 6 0
BBX 6 12 0 -2
BITMAP
00
00
00
00
F8
10
20
40
80
F8
70
00
ENDCHAR
STARTCHAR uni1E96
ENCODING 7830
SWIDTH 500 0
DWIDTH 6 0
BBX 6 12 0 -2
BITMAP
00
00
80
80
F0
88
88
88
88
88
70
00
ENDCHAR
STARTCHAR uni1E97
ENCODING 7831
SWIDTH 500 0
DWIDTH 6 0
BBX 6 12 0 -2
BITMAP
50
50
20
20
70
20
20
20
20
18
00
00
ENDCHAR
STARTCHAR uni1E98
ENCODING 7832
SWIDTH 500 0
DWIDTH 6 0
BBX 6 12 0 -2
BITMAP
00
20
50
70
88
88
A8
A8
A8
70
00
00
ENDCHAR
STARTCHAR uni1E99
ENCODING 7833
SWIDTH 500 0
DWIDTH 6 0
BBX 6 12 0 -2
BITMAP
00
20
50
70
88
88
88
88
88
78
08
70
ENDCHAR
STARTCHAR uni1E9A
ENCODING 7834
SWIDTH 500 0
DWIDTH 6 0
BBX 6 12 0 -2
BITMAP
00
00
10
08
50
20
60
A0
A0
60
00
00
ENDCHAR
STARTCHAR uni1E9B
ENCODING 7835
SWIDTH 500 0
DWIDTH 6 0
BBX 6 12 0 -2
BITMAP
10
10
18
20
20
20
20
20
20
20
00
00
ENDCHAR
STARTCHAR uni1E9C
ENCODING 7836
SWIDTH 500 0
DWIDTH 6 0
BBX 6 12 0 -2
BITMAP
00
00
18
28
28
30
30
20
20
20
00
00
ENDCHAR
STARTCHAR uni1E9D
ENCODING 7837
SWIDTH 500 0
DWIDTH 6 0
BBX 6 12 0 -2
BITMAP
00
00
18
20
7C
20
20
20
20
20
00
00
ENDCHAR
STARTCHAR uni1E9E
ENCODING 7838
SWIDTH 500 0
DWIDTH 6 0
BBX 6 12 0 -2
BITMAP
00
00
78
90
90
A0
90
88
88
B8
00
00
ENDCHAR
STARTCHAR uni1E9F
ENCODING 7839
SWIDTH 500 0
DWIDTH 6 0
BBX 6 12 0 -2
BITMAP
00
00
F0
40
20
70
88
88
88
70
00
00
ENDCHAR
STARTCHAR uni1EA0
ENCODING 7840
SWIDTH 500 0
DWIDTH 6 0
BBX 6 12 0 -2
BITMAP
00
00
70
88
88
88
F8
88
88
88
20
20
ENDCHAR
STARTCHAR uni1EA1
ENCODING 7841
SWIDTH 500 0
DWIDTH 6 0
BBX 6 12 0 -2
BITMAP
00
00
00
00
70
08
78
88
88
78
20
20
ENDCHAR
STARTCHAR uni1EA2
ENCODING 7842
SWIDTH 500 0
DWIDTH 6 0
BBX 6 12 0 -2
BITMAP
60
20
70
88
88
88
F8
88
88
88
00
00
ENDCHAR
STARTCHAR uni1EA3
ENCODING 7843
SWIDTH 500 0
DWIDTH 6 0
BBX 6 12 0 -2
BITMAP
00
00
60
20
70
08
78
88
88
78
00
00
ENDCHAR
STARTCHAR uni1EA4
ENCODING 7844
SWIDTH 500 0
DWIDTH 6 0
BBX 6 12 0 -2
BITMAP
20
40
00
20
50
70
88
F8
88
88
00
00
ENDCHAR
STARTCHAR uni1EA5
ENCODING 7845
SWIDTH 500 0
DWIDTH 6 0
BBX 6 12 0 -2
BITMAP
20
40
00
20
50
70
08
78
88
78
00
00
ENDCHAR
STARTCHAR uni1EA6
ENCODING 7846
SWIDTH 500 0
DWIDTH 6 0
BBX 6 12 0 -2
BITMAP
40
20
00
20
50
70
88
F8
88
88
00
00
ENDCHAR
STARTCHAR uni1EA7
ENCODING 7847
SWIDTH 500 0
DWIDTH 6 0
BBX 6 12 0 -2
BITMAP
40
20
00
20
50
70
08
78
88
78
00
00
ENDCHAR
STARTCHAR uni1EA8
ENCODING 7848
SWIDTH 500 0
DWIDTH 6 0
BBX 6 12 0 -2
BITMAP
60
20
00
20
50
70
88
F8
88
88
00
00
ENDCHAR
STARTCHAR uni1EA9
ENCODING 7849
SWIDTH 500 0
DWIDTH 6 0
BBX 6 12 0 -2
BITMAP
60
20
00
20
50
70
08
78
88
78
00
00
ENDCHAR
STARTCHAR uni1EAA
ENCODING 7850
SWIDTH 500 0
DWIDTH 6 0
BBX 6 12 0 -2
BITMAP
50
A0
00
20
50
70
88
F8
88
88
00
00
ENDCHAR
STARTCHAR uni1EAB
ENCODING 7851
SWIDTH 500 0
DWIDTH 6 0
BBX 6 12 0 -2
BITMAP
50
A0
00
20
50
70
08
78
88
78
00
00
ENDCHAR
STARTCHAR uni1EAC
ENCODING 7852
SWIDTH 500 0
DWIDTH 6 0
BBX 6 12 0 -2
BITMAP
20
50
70
88
88
88
F8
88
88
88
20
20
ENDCHAR
STARTCHAR uni1EAD
ENCODING 7853
SWIDTH 500 0
DWIDTH 6 0
BBX 6 12 0 -2
BITMAP
00
00
20
50
70
08
78
88
88
78
20
20
ENDCHAR
STARTCHAR uni1EAE
ENCODING 7854
SWIDTH 500 0
DWIDTH 6 0
BBX 6 12 0 -2
BITMAP
20
40
00
50
20
70
88
F8
88
88
00
00
ENDCHAR
STARTCHAR uni1EAF
ENCODING 7855
SWIDTH 500 0
DWIDTH 6 0
BBX 6 12 0 -2
BITMAP
20
40
00
50
20
70
08
78
88
78
00
00
ENDCHAR
STARTCHAR uni1EB0
ENCODING 7856
SWIDTH 500 0
DWIDTH 6 0
BBX 6 12 0 -2
BITMAP
40
20
00
50
20
70
88
F8
88
88
00
00
ENDCHAR
STARTCHAR uni1EB1
ENCODING 7857
SWIDTH 500 0
DWIDTH 6 0
BBX 6 12 0 -2
BITMAP
40
20
00
50
20
70
08
78
88
78
00
00
ENDCHAR
STARTCHAR uni1EB2
ENCODING 7858
SWIDTH 500 0
DWIDTH 6 0
BBX 6 12 0 -2
BITMAP
60
20
00
50
20
70
88
F8
88
88
00
00
ENDCHAR
STARTCHAR uni1EB3
ENCODING 7859
SWIDTH 500 0
DWIDTH 6 0
BBX 6 12 0 -2
BITMAP
60
20
00
50
20
70
08
78
88
78
00
00
ENDCHAR
STARTCHAR uni1EB4
ENCODING 7860
SWIDTH 500 0
DWIDTH 6 0
BBX 6 12 0 -2
BITMAP
50
A0
00
50
20
70
88
F8
88
88
00
00
ENDCHAR
STARTCHAR uni1EB5
ENCODING 7861
SWIDTH 500 0
DWIDTH 6 0
BBX 6 12 0 -2
BITMAP
50
A0
00
50
20
70
08
78
88
78
00
00
ENDCHAR
STARTCHAR uni1EB6
ENCODING 7862
SWIDTH 500 0
DWIDTH 6 0
BBX 6 12 0 -2
BITMAP
50
20
70
88
88
88
F8
88
88
88
20
20
ENDCHAR
STARTCHAR uni1EB7
ENCODING 7863
SWIDTH 500 0
DWIDTH 6 0
BBX 6 12 0 -2
BITMAP
00
00
50
20
70
08
78
88
88
78
20
20
ENDCHAR
STARTCHAR uni1EBA
ENCODING 7866
SWIDTH 500 0
DWIDTH 6 0
BBX 6 12 0 -2
BITMAP
60
20
F8
80
80
F0
80
80
80
F8
00
00
ENDCHAR
STARTCHAR uni1EBB
ENCODING 7867
SWIDTH 500 0
DWIDTH 6 0
BBX 6 12 0 -2
BITMAP
00
00
60
20
70
88
F8
80
80
78
00
00
ENDCHAR
STARTCHAR uni1EBE
ENCODING 7870
SWIDTH 500 0
DWIDTH 6 0
BBX 6 12 0 -2
BITMAP
20
40
00
20
50
F8
80
F0
80
F8
00
00
ENDCHAR
STARTCHAR uni1EBF
ENCODING 7871
SWIDTH 500 0
DWIDTH 6 0
BBX 6 12 0 -2
BITMAP
20
40
00
20
50
70
88
F8
80
78
00
00
ENDCHAR
STARTCHAR uni1EC0
ENCODING 7872
SWIDTH 500 0
DWIDTH 6 0
BBX 6 12 0 -2
BITMAP
40
20
00
20
50
F8
80
F0
80
F8
00
00
ENDCHAR
STARTCHAR uni1EC1
ENCODING 7873
SWIDTH 500 0
DWIDTH 6 0
BBX 6 12 0 -2
BITMAP
40
20
00
20
50
70
88
F8
80
78
00
00
ENDCHAR
STARTCHAR uni1EC2
ENCODING 7874
SWIDTH 500 0
DWIDTH 6 0
BBX 6 12 0 -2
BITMAP
60
20
00
20
50
F8
80
F0
80
F8
00
00
ENDCHAR
STARTCHAR uni1EC3
ENCODING 7875
SWIDTH 500 0
DWIDTH 6 0
BBX 6 12 0 -2
BITMAP
60
20
00
20
50
70
88
F8
80
78
00
00
ENDCHAR
STARTCHAR uni1EC4
ENCODING 7876
SWIDTH 500 0
DWIDTH 6 0
BBX 6 12 0 -2
BITMAP
50
A0
00
20
50
F8
80
F0
80
F8
00
00
ENDCHAR
STARTCHAR uni1EC5
ENCODING 7877
SWIDTH 500 0
DWIDTH 6 0
BBX 6 12 0 -2
BITMAP
50
A0
00
20
50
70
88
F8
80
78
00
00
ENDCHAR
STARTCHAR uni1EC6
ENCODING 7878
SWIDTH 500 0
DWIDTH 6 0
BBX 6 12 0 -2
BITMAP
20
50
F8
80
80
F0
80
80
80
F8
20
20
ENDCHAR
STARTCHAR uni1EC7
ENCODING 7879
SWIDTH 500 0
DWIDTH 6 0
BBX 6 12 0 -2
BITMAP
00
00
20
50
70
88
F8
80
80
78
20
20
ENDCHAR
STARTCHAR uni1EC8
ENCODING 7880
SWIDTH 500 0
DWIDTH 6 0
BBX 6 12 0 -2
BITMAP
60
20
70
20
20
20
20
20
20
70
00
00
ENDCHAR
STARTCHAR uni1EC9
ENCODING 7881
SWIDTH 500 0
DWIDTH 6 0
BBX 6 12 0 -2
BITMAP
00
00
60
20
60
20
20
20
20
70
00
00
ENDCHAR
STARTCHAR uni1ECE
ENCODING 7886
SWIDTH 500 0
DWIDTH 6 0
BBX 6 12 0 -2
BITMAP
60
20
70
88
88
88
88
88
88
70
00
00
ENDCHAR
STARTCHAR uni1ECF
ENCODING 7887
SWIDTH 500 0
DWIDTH 6 0
BBX 6 12 0 -2
BITMAP
00
00
60
20
70
88
88
88
88
70
00
00
ENDCHAR
STARTCHAR uni1ED0
ENCODING 7888
SWIDTH 500 0
DWIDTH 6 0
BBX 6 12 0 -2
BITMAP
20
40
00
20
50
70
88
88
88
70
00
00
ENDCHAR
STARTCHAR uni1ED1
ENCODING 7889
SWIDTH 500 0
DWIDTH 6 0
BBX 6 12 0 -2
BITMAP
20
40
00
20
50
00
70
88
88
70
00
00
ENDCHAR
STARTCHAR uni1ED2
ENCODING 7890
SWIDTH 500 0
DWIDTH 6 0
BBX 6 12 0 -2
BITMAP
40
20
00
20
50
70
88
88
88
70
00
00
ENDCHAR
STARTCHAR uni1ED3
ENCODING 7891
SWIDTH 500 0
DWIDTH 6 0
BBX 6 12 0 -2
BITMAP
40
20
00
20
50
00
70
88
88
70
00
00
ENDCHAR
STARTCHAR uni1ED4
ENCODING 7892
SWIDTH 500 0
DWIDTH 6 0
BBX 6 12 0 -2
BITMAP
60
20
00
20
50
70
88
88
88
70
00
00
ENDCHAR
STARTCHAR uni1ED5
ENCODING 7893
SWIDTH 500 0
DWIDTH 6 0
BBX 6 12 0 -2
BITMAP
60
20
00
20
50
00
70
88
88
70
00
00
ENDCHAR
STARTCHAR uni1ED6
ENCODING 7894
SWIDTH 500 0
DWIDTH 6 0
BBX 6 12 0 -2
BITMAP
50
A0
00
20
50
70
88
88
88
70
00
00
ENDCHAR
STARTCHAR uni1ED7
ENCODING 7895
SWIDTH 500 0
DWIDTH 6 0
BBX 6 12 0 -2
BITMAP
50
A0
00
20
50
00
70
88
88
70
00
00
ENDCHAR
STARTCHAR uni1ED8
ENCODING 7896
SWIDTH 500 0
DWIDTH 6 0
BBX 6 12 0 -2
BITMAP
20
50
70
88
88
88
88
88
88
70
20
20
ENDCHAR
STARTCHAR uni1ED9
ENCODING 7897
SWIDTH 500 0
DWIDTH 6 0
BBX 6 12 0 -2
BITMAP
00
00
20
50
70
88
88
88
88
70
20
20
ENDCHAR
STARTCHAR uni1EDA
ENCODING 7898
SWIDTH 500 0
DWIDTH 6 0
BBX 6 12 0 -2
BITMAP
40
80
08
68
90
90
90
90
90
60
00
00
ENDCHAR
STARTCHAR uni1EDB
ENCODING 7899
SWIDTH 500 0
DWIDTH 6 0
BBX 6 12 0 -2
BITMAP
00
40
80
08
68
90
90
90
90
60
00
00
ENDCHAR
STARTCHAR uni1EDC
ENCODING 7900
SWIDTH 500 0
DWIDTH 6 0
BBX 6 12 0 -2
BITMAP
80
40
08
68
90
90
90
90
90
60
00
00
ENDCHAR
STARTCHAR uni1EDD
ENCODING 7901
SWIDTH 500 0
DWIDTH 6 0
BBX 6 12 0 -2
BITMAP
00
80
40
08
68
90
90
90
90
60
00
00
ENDCHAR
STARTCHAR uni1EDE
ENCODING 7902
SWIDTH 500 0
DWIDTH 6 0
BBX 6 12 0 -2
BITMAP
C0
40
08
68
90
90
90
90
90
60
00
00
ENDCHAR
STARTCHAR uni1EDF
ENCODING 7903
SWIDTH 500 0
DWIDTH 6 0
BBX 6 12 0 -2
BITMAP
00
C0
40
08
68
90
90
90
90
60
00
00
ENDCHAR
STARTCHAR uni1EE0
ENCODING 7904
SWIDTH 500 0
DWIDTH 6 0
BBX 6 12 0 -2
BITMAP
50
A0
08
68
90
90
90
90
90
60
00
00
ENDCHAR
STARTCHAR uni1EE1
ENCODING 7905
SWIDTH 500 0
DWIDTH 6 0
BBX 6 12 0 -2
BITMAP
00
50
A0
08
68
90
90
90
90
60
00
00
ENDCHAR
STARTCHAR uni1EE2
ENCODING 7906
SWIDTH 500 0
DWIDTH 6 0
BBX 6 12 0 -2
BITMAP
00
08
68
90
90
90
90
90
90
60
40
40
ENDCHAR
STARTCHAR uni1EE3
ENCODING 7907
SWIDTH 500 0
DWIDTH 6 0
BBX 6 12 0 -2
BITMAP
00
00
00
08
68
90
90
90
90
60
40
40
ENDCHAR
STARTCHAR uni1EE6
ENCODING 7910
SWIDTH 500 0
DWIDTH 6 0
BBX 6 12 0 -2
BITMAP
60
20
88
88
88
88
88
88
88
70
00
00
ENDCHAR
STARTCHAR uni1EE7
ENCODING 7911
SWIDTH 500 0
DWIDTH 6 0
BBX 6 12 0 -2
BITMAP
00
00
60
20
88
88
88
88
88
78
00
00
ENDCHAR
STARTCHAR uni1EE8
ENCODING 7912
SWIDTH 500 0
DWIDTH 6 0
BBX 6 12 0 -2
BITMAP
40
80
08
98
90
90
90
90
90
60
00
00
ENDCHAR
STARTCHAR uni1EE9
ENCODING 7913
SWIDTH 500 0
DWIDTH 6 0
BBX 6 12 0 -2
BITMAP
00
40
80
08
98
90
90
90
90
70
00
00
ENDCHAR
STARTCHAR uni1EEA
ENCODING 7914
SWIDTH 500 0
DWIDTH 6 0
BBX 6 12 0 -2
BITMAP
80
40
08
98
90
90
90
90
90
60
00
00
ENDCHAR
STARTCHAR uni1EEB
ENCODING 7915
SWIDTH 500 0
DWIDTH 6 0
BBX 6 12 0 -2
BITMAP
00
80
40
08
98
90
90
90
90
70
00
00
ENDCHAR
STARTCHAR uni1EEC
ENCODING 7916
SWIDTH 500 0
DWIDTH 6 0
BBX 6 12 0 -2
BITMAP
C0
40
08
98
90
90
90
90
90
60
00
00
ENDCHAR
STARTCHAR uni1EED
ENCODING 7917
SWIDTH 500 0
DWIDTH 6 0
BBX 6 12 0 -2
BITMAP
00
C0
40
08
98
90
90
90
90
70
00
00
ENDCHAR
STARTCHAR uni1EEE
ENCODING 7918
SWIDTH 500 0
DWIDTH 6 0
BBX 6 12 0 -2
BITMAP
50
A0
08
98
90
90
90
90
90
60
00
00
ENDCHAR
STARTCHAR uni1EEF
ENCODING 7919
SWIDTH 500 0
DWIDTH 6 0
BBX 6 12 0 -2
BITMAP
00
50
A0
08
98
90
90
90
90
70
00
00
ENDCHAR
STARTCHAR uni1EF0
ENCODING 7920
SWIDTH 500 0
DWIDTH 6 0
BBX 6 12 0 -2
BITMAP
00
08
98
90
90
90
90
90
90
60
40
40
ENDCHAR
STARTCHAR uni1EF1
ENCODING 7921
SWIDTH 500 0
DWIDTH 6 0
BBX 6 12 0 -2
BITMAP
00
00
00
08
98
90
90
90
90
70
40
40
ENDCHAR
STARTCHAR uni1EF2
ENCODING 7922
SWIDTH 500 0
DWIDTH 6 0
BBX 6 12 0 -2
BITMAP
40
20
88
88
50
50
20
20
20
20
00
00
ENDCHAR
STARTCHAR uni1EF3
ENCODING 7923
SWIDTH 500 0
DWIDTH 6 0
BBX 6 12 0 -2
BITMAP
00
00
40
20
88
88
88
88
88
78
08
70
ENDCHAR
STARTCHAR uni1EF4
ENCODING 7924
SWIDTH 500 0
DWIDTH 6 0
BBX 6 12 0 -2
BITMAP
00
00
88
88
50
50
20
20
20
20
20
20
ENDCHAR
STARTCHAR uni1EF5
ENCODING 7925
SWIDTH 500 0
DWIDTH 6 0
BBX 6 12 0 -2
BITMAP
00
00
00
00
88
88
88
78
08
70
20
20
ENDCHAR
STARTCHAR uni1EF6
ENCODING 7926
SWIDTH 500 0
DWIDTH 6 0
BBX 6 12 0 -2
BITMAP
60
20
88
88
50
50
20
20
20
20
00
00
ENDCHAR
STARTCHAR uni1EF7
ENCODING 7927
SWIDTH 500 0
DWIDTH 6 0
BBX 6 12 0 -2
BITMAP
00
00
60
20
88
88
88
88
88
78
08
70
ENDCHAR
STARTCHAR uni1EFA
ENCODING 7930
SWIDTH 500 0
DWIDTH 6 0
BBX 6 12 0 -2
BITMAP
00
00
A0
A0
A0
A0
A0
A0
A0
F8
00
00
ENDCHAR
STARTCHAR uni1EFB
ENCODING 7931
SWIDTH 500 0
DWIDTH 6 0
BBX 6 12 0 -2
BITMAP
00
00
50
F8
50
50
50
50
50
68
00
00
ENDCHAR
STARTCHAR uni1EFC
ENCODING 7932
SWIDTH 500 0
DWIDTH 6 0
BBX 6 12 0 -2
BITMAP
00
00
60
80
80
F0
88
88
88
70
00
00
ENDCHAR
STARTCHAR uni1EFD
ENCODING 7933
SWIDTH 500 0
DWIDTH 6 0
BBX 6 12 0 -2
BITMAP
00
00
00
00
60
80
80
F0
88
70
00
00
ENDCHAR
STARTCHAR uni1EFE
ENCODING 7934
SWIDTH 500 0
DWIDTH 6 0
BBX 6 12 0 -2
BITMAP
10
28
B8
88
50
50
20
20
20
20
00
00
ENDCHAR
STARTCHAR uni1EFF
ENCODING 7935
SWIDTH 500 0
DWIDTH 6 0
BBX 6 12 0 -2
BITMAP
00
00
10
28
B8
88
88
88
88
78
08
70
ENDCHAR
STARTCHAR uni2049
ENCODING 8265
SWIDTH 500 0
DWIDTH 6 0
BBX 6 12 0 -2
BITMAP
00
98
A4
84
88
10
10
00
90
00
00
00
ENDCHAR
STARTCHAR uni20BF
ENCODING 8383
SWIDTH 500 0
DWIDTH 6 0
BBX 6 12 0 -2
BITMAP
00
50
F0
88
88
F0
88
88
88
F0
50
00
ENDCHAR
STARTCHAR uni2139
ENCODING 8505
SWIDTH 500 0
DWIDTH 6 0
BBX 6 12 0 -2
BITMAP
00
00
30
00
70
30
30
30
78
00
00
00
ENDCHAR
STARTCHAR uni2196
ENCODING 8598
SWIDTH 500 0
DWIDTH 6 0
BBX 6 12 0 -2
BITMAP
00
00
00
E0
C0
A0
10
08
00
00
00
00
ENDCHAR
STARTCHAR uni2197
ENCODING 8599
SWIDTH 500 0
DWIDTH 6 0
BBX 6 12 0 -2
BITMAP
00
00
00
38
18
28
40
80
00
00
00
00
ENDCHAR
STARTCHAR uni2198
ENCODING 8600
SWIDTH 500 0
DWIDTH 6 0
BBX 6 12 0 -2
BITMAP
00
00
00
80
40
28
18
38
00
00
00
00
ENDCHAR
STARTCHAR uni2199
ENCODING 8601
SWIDTH 500 0
DWIDTH 6 0
BBX 6 12 0 -2
BITMAP
00
00
00
08
10
A0
C0
E0
00
00
00
00
ENDCHAR
STARTCHAR uni219A
ENCODING 8602
SWIDTH 500 0
DWIDTH 6 0
BBX 6 12 0 -2
BITMAP
00
04
04
24
68
FC
68
28
10
10
00
00
ENDCHAR
STARTCHAR uni219B
ENCODING 8603
SWIDTH 500 0
DWIDTH 6 0
BBX 6 12 0 -2
BITMAP
00
20
20
30
58
FC
58
50
80
80
00
00
ENDCHAR
STARTCHAR uni219C
ENCODING 8604
SWIDTH 500 0
DWIDTH 6 0
BBX 6 12 0 -2
BITMAP
00
00
00
00
E0
D4
88
00
00
00
00
00
ENDCHAR
STARTCHAR uni219D
ENCODING 8605
SWIDTH 500 0
DWIDTH 6 0
BBX 6 12 0 -2
BITMAP
00
00
00
00
5C
AC
14
00
00
00
00
00
ENDCHAR
STARTCHAR uni219E
ENCODING 8606
SWIDTH 500 0
DWIDTH 6 0
BBX 6 12 0 -2
BITMAP
00
00
00
24
48
FC
48
24
00
00
00
00
ENDCHAR
STARTCHAR uni219F
ENCODING 8607
SWIDTH 500 0
DWIDTH 6 0
BBX 6 12 0 -2
BITMAP
00
00
20
70
A8
20
70
A8
20
20
00
00
ENDCHAR
STARTCHAR uni21A0
ENCODING 8608
SWIDTH 500 0
DWIDTH 6 0
BBX 6 12 0 -2
BITMAP
00
00
00
90
48
FC
48
90
00
00
00
00
ENDCHAR
STARTCHAR uni21A1
ENCODING 8609
SWIDTH 500 0
DWIDTH 6 0
BBX 6 12 0 -2
BITMAP
00
00
20
20
A8
70
20
A8
70
20
00
00
ENDCHAR
STARTCHAR uni21A2
ENCODING 8610
SWIDTH 500 0
DWIDTH 6 0
BBX 6 12 0 -2
BITMAP
00
00
00
00
44
FC
44
00
00
00
00
00
ENDCHAR
STARTCHAR uni21A3
ENCODING 8611
SWIDTH 500 0
DWIDTH 6 0
BBX 6 12 0 -2
BITMAP
00
00
00
00
88
FC
88
00
00
00
00
00
ENDCHAR
STARTCHAR uni21A5
ENCODING 8613
SWIDTH 500 0
DWIDTH 6 0
BBX 6 12 0 -2
BITMAP
00
00
20
70
F8
20
20
20
20
F8
00
00
ENDCHAR
STARTCHAR uni21A7
ENCODING 8615
SWIDTH 500 0
DWIDTH 6 0
BBX 6 12 0 -2
BITMAP
00
00
F8
20
20
20
20
F8
70
20
00
00
ENDCHAR
STARTCHAR uni21A9
ENCODING 8617
SWIDTH 500 0
DWIDTH 6 0
BBX 6 12 0 -2
BITMAP
00
00
30
28
48
F0
40
20
00
00
00
00
ENDCHAR
STARTCHAR uni21AA
ENCODING 8618
SWIDTH 500 0
DWIDTH 6 0
BBX 6 12 0 -2
BITMAP
00
00
30
50
48
3C
08
10
00
00
00
00
ENDCHAR
STARTCHAR uni21AB
ENCODING 8619
SWIDTH 500 0
DWIDTH 6 0
BBX 6 12 0 -2
BITMAP
00
00
00
08
14
58
F0
50
10
00
00
00
ENDCHAR
STARTCHAR uni21AC
ENCODING 8620
SWIDTH 500 0
DWIDTH 6 0
BBX 6 12 0 -2
BITMAP
00
00
00
40
A0
68
3C
28
20
00
00
00
ENDCHAR
STARTCHAR uni21AD
ENCODING 8621
SWIDTH 500 0
DWIDTH 6 0
BBX 6 12 0 -2
BITMAP
00
00
00
00
68
DC
58
00
00
00
00
00
ENDCHAR
STARTCHAR uni21AE
ENCODING 8622
SWIDTH 500 0
DWIDTH 6 0
BBX 6 12 0 -2
BITMAP
00
10
10
58
EC
FC
EC
68
40
40
00
00
ENDCHAR
STARTCHAR uni21AF
ENCODING 8623
SWIDTH 500 0
DWIDTH 6 0
BBX 6 12 0 -2
BITMAP
00
00
08
30
40
30
10
A8
70
20
00
00
ENDCHAR
STARTCHAR uni21B0
ENCODING 8624
SWIDTH 500 0
DWIDTH 6 0
BBX 6 12 0 -2
BITMAP
00
00
20
60
F8
68
28
08
08
08
00
00
ENDCHAR
STARTCHAR uni21B1
ENCODING 8625
SWIDTH 500 0
DWIDTH 6 0
BBX 6 12 0 -2
BITMAP
00
00
20
30
F8
B0
A0
80
80
80
00
00
ENDCHAR
STARTCHAR uni21B4
ENCODING 8628
SWIDTH 500 0
DWIDTH 6 0
BBX 6 12 0 -2
BITMAP
00
00
F0
10
10
10
10
10
38
10
00
00
ENDCHAR
STARTCHAR uni21B6
ENCODING 8630
SWIDTH 500 0
DWIDTH 6 0
BBX 6 12 0 -2
BITMAP
00
00
00
70
50
88
E8
40
00
00
00
00
ENDCHAR
STARTCHAR uni21B7
ENCODING 8631
SWIDTH 500 0
DWIDTH 6 0
BBX 6 12 0 -2
BITMAP
00
00
00
70
50
88
B8
10
00
00
00
00
ENDCHAR
STARTCHAR uni21B8
ENCODING 8632
SWIDTH 500 0
DWIDTH 6 0
BBX 6 12 0 -2
BITMAP
00
00
00
FC
00
C0
C0
20
10
08
00
00
ENDCHAR
STARTCHAR uni21B9
ENCODING 8633
SWIDTH 500 0
DWIDTH 6 0
BBX 6 12 0 -2
BITMAP
00
80
90
BC
90
84
24
F4
24
04
00
00
ENDCHAR
STARTCHAR uni21BA
ENCODING 8634
SWIDTH 500 0
DWIDTH 6 0
BBX 6 12 0 -2
BITMAP
00
00
3C
30
28
A4
84
84
84
78
00
00
ENDCHAR
STARTCHAR uni21BC
ENCODING 8636
SWIDTH 500 0
DWIDTH 6 0
BBX 6 12 0 -2
BITMAP
00
00
00
20
40
FC
00
00
00
00
00
00
ENDCHAR
STARTCHAR uni21BD
ENCODING 8637
SWIDTH 500 0
DWIDTH 6 0
BBX 6 12 0 -2
BITMAP
00
00
00
00
00
FC
40
20
00
00
00
00
ENDCHAR
STARTCHAR uni21BE
ENCODING 8638
SWIDTH 500 0
DWIDTH 6 0
BBX 6 12 0 -2
BITMAP
00
00
20
30
20
20
20
20
20
20
00
00
ENDCHAR
STARTCHAR uni21BF
ENCODING 8639
SWIDTH 500 0
DWIDTH 6 0
BBX 6 12 0 -2
BITMAP
00
00
20
60
20
20
20
20
20
20
00
00
ENDCHAR
STARTCHAR uni21C0
ENCODING 8640
SWIDTH 500 0
DWIDTH 6 0
BBX 6 12 0 -2
BITMAP
00
00
00
10
08
FC
00
00
00
00
00
00
ENDCHAR
STARTCHAR uni21C1
ENCODING 8641
SWIDTH 500 0
DWIDTH 6 0
BBX 6 12 0 -2
BITMAP
00
00
00
00
00
FC
08
10
00
00
00
00
ENDCHAR
STARTCHAR uni21C2
ENCODING 8642
SWIDTH 500 0
DWIDTH 6 0
BBX 6 12 0 -2
BITMAP
00
00
20
20
20
20
20
20
30
20
00
00
ENDCHAR
STARTCHAR uni21C3
ENCODING 8643
SWIDTH 500 0
DWIDTH 6 0
BBX 6 12 0 -2
BITMAP
00
00
20
20
20
20
20
20
60
20
00
00
ENDCHAR
STARTCHAR uni21C4
ENCODING 8644
SWIDTH 500 0
DWIDTH 6 0
BBX 6 12 0 -2
BITMAP
00
00
08
FC
08
00
40
FC
40
00
00
00
ENDCHAR
STARTCHAR uni21C5
ENCODING 8645
SWIDTH 500 0
DWIDTH 6 0
BBX 6 12 0 -2
BITMAP
00
00
48
E8
48
48
48
48
5C
48
00
00
ENDCHAR
STARTCHAR uni21C6
ENCODING 8646
SWIDTH 500 0
DWIDTH 6 0
BBX 6 12 0 -2
BITMAP
00
00
40
FC
40
00
08
FC
08
00
00
00
ENDCHAR
STARTCHAR uni21C7
ENCODING 8647
SWIDTH 500 0
DWIDTH 6 0
BBX 6 12 0 -2
BITMAP
00
00
40
FC
40
00
40
FC
40
00
00
00
ENDCHAR
STARTCHAR uni21C8
ENCODING 8648
SWIDTH 500 0
DWIDTH 6 0
BBX 6 12 0 -2
BITMAP
00
00
48
FC
48
48
48
48
48
48
00
00
ENDCHAR
STARTCHAR uni21C9
ENCODING 8649
SWIDTH 500 0
DWIDTH 6 0
BBX 6 12 0 -2
BITMAP
00
00
08
FC
08
00
08
FC
08
00
00
00
ENDCHAR
STARTCHAR uni21CA
ENCODING 8650
SWIDTH 500 0
DWIDTH 6 0
BBX 6 12 0 -2
BITMAP
00
00
48
48
48
48
48
48
FC
48
00
00
ENDCHAR
STARTCHAR uni21CD
ENCODING 8653
SWIDTH 500 0
DWIDTH 6 0
BBX 6 12 0 -2
BITMAP
00
04
04
24
7C
E8
7C
28
10
10
00
00
ENDCHAR
STARTCHAR uni21CE
ENCODING 8654
SWIDTH 500 0
DWIDTH 6 0
BBX 6 12 0 -2
BITMAP
00
10
10
58
FC
EC
FC
68
40
40
00
00
ENDCHAR
STARTCHAR uni21CF
ENCODING 8655
SWIDTH 500 0
DWIDTH 6 0
BBX 6 12 0 -2
BITMAP
00
20
20
30
F8
5C
F8
50
80
80
00
00
ENDCHAR
STARTCHAR uni21D6
ENCODING 8662
SWIDTH 500 0
DWIDTH 6 0
BBX 6 12 0 -2
BITMAP
00
00
00
C0
C0
A0
50
28
00
00
00
00
ENDCHAR
STARTCHAR uni21D7
ENCODING 8663
SWIDTH 500 0
DWIDTH 6 0
BBX 6 12 0 -2
BITMAP
00
00
00
38
58
A0
40
80
00
00
00
00
ENDCHAR
STARTCHAR uni21D8
ENCODING 8664
SWIDTH 500 0
DWIDTH 6 0
BBX 6 12 0 -2
BITMAP
00
00
00
A0
50
28
18
18
00
00
00
00
ENDCHAR
STARTCHAR uni21D9
ENCODING 8665
SWIDTH 500 0
DWIDTH 6 0
BBX 6 12 0 -2
BITMAP
00
00
00
08
10
28
D0
E0
00
00
00
00
ENDCHAR
STARTCHAR uni21DA
ENCODING 8666
SWIDTH 500 0
DWIDTH 6 0
BBX 6 12 0 -2
BITMAP
00
00
20
7C
40
BC
40
7C
20
00
00
00
ENDCHAR
STARTCHAR uni21DB
ENCODING 8667
SWIDTH 500 0
DWIDTH 6 0
BBX 6 12 0 -2
BITMAP
00
00
10
F8
08
F4
08
F8
10
00
00
00
ENDCHAR
STARTCHAR uni21DC
ENCODING 8668
SWIDTH 500 0
DWIDTH 6 0
BBX 6 12 0 -2
BITMAP
00
00
00
00
54
BC
68
00
00
00
00
00
ENDCHAR
STARTCHAR uni21DD
ENCODING 8669
SWIDTH 500 0
DWIDTH 6 0
BBX 6 12 0 -2
BITMAP
00
00
00
00
30
A8
50
00
00
00
00
00
ENDCHAR
STARTCHAR uni21DE
ENCODING 8670
SWIDTH 500 0
DWIDTH 6 0
BBX 6 12 0 -2
BITMAP
00
00
20
70
F8
20
70
20
70
20
00
00
ENDCHAR
STARTCHAR uni21DF
ENCODING 8671
SWIDTH 500 0
DWIDTH 6 0
BBX 6 12 0 -2
BITMAP
00
00
20
70
20
70
20
F8
70
20
00
00
ENDCHAR
STARTCHAR uni21E0
ENCODING 8672
SWIDTH 500 0
DWIDTH 6 0
BBX 6 12 0 -2
BITMAP
00
00
00
00
40
98
40
00
00
00
00
00
ENDCHAR
STARTCHAR uni21E1
ENCODING 8673
SWIDTH 500 0
DWIDTH 6 0
BBX 6 12 0 -2
BITMAP
00
00
20
70
00
20
20
00
20
20
00
00
ENDCHAR
STARTCHAR uni21E2
ENCODING 8674
SWIDTH 500 0
DWIDTH 6 0
BBX 6 12 0 -2
BITMAP
00
00
00
00
08
64
08
00
00
00
00
00
ENDCHAR
STARTCHAR uni21E3
ENCODING 8675
SWIDTH 500 0
DWIDTH 6 0
BBX 6 12 0 -2
BITMAP
00
00
20
20
00
20
20
00
70
20
00
00
ENDCHAR
STARTCHAR uni21E4
ENCODING 8676
SWIDTH 500 0
DWIDTH 6 0
BBX 6 12 0 -2
BITMAP
00
00
00
84
88
9C
88
84
00
00
00
00
ENDCHAR
STARTCHAR uni21E5
ENCODING 8677
SWIDTH 500 0
DWIDTH 6 0
BBX 6 12 0 -2
BITMAP
00
00
00
84
44
E4
44
84
00
00
00
00
ENDCHAR
STARTCHAR uni21E6
ENCODING 8678
SWIDTH 500 0
DWIDTH 6 0
BBX 6 12 0 -2
BITMAP
00
00
20
60
78
88
78
60
20
00
00
00
ENDCHAR
STARTCHAR uni21E7
ENCODING 8679
SWIDTH 500 0
DWIDTH 6 0
BBX 6 12 0 -2
BITMAP
00
30
48
84
CC
48
48
48
78
00
00
00
ENDCHAR
STARTCHAR uni21E8
ENCODING 8680
SWIDTH 500 0
DWIDTH 6 0
BBX 6 12 0 -2
BITMAP
00
00
20
30
F0
88
F0
30
20
00
00
00
ENDCHAR
STARTCHAR uni21E9
ENCODING 8681
SWIDTH 500 0
DWIDTH 6 0
BBX 6 12 0 -2
BITMAP
00
78
48
48
48
CC
84
48
30
00
00
00
ENDCHAR
STARTCHAR uni21EA
ENCODING 8682
SWIDTH 500 0
DWIDTH 6 0
BBX 6 12 0 -2
BITMAP
00
30
48
CC
48
48
78
00
00
FC
00
00
ENDCHAR
STARTCHAR uni21EB
ENCODING 8683
SWIDTH 500 0
DWIDTH 6 0
BBX 6 12 0 -2
BITMAP
00
30
48
CC
48
48
48
48
CC
FC
00
00
ENDCHAR
STARTCHAR uni21EC
ENCODING 8684
SWIDTH 500 0
DWIDTH 6 0
BBX 6 12 0 -2
BITMAP
00
30
48
CC
48
FC
48
48
CC
FC
00
00
ENDCHAR
STARTCHAR uni21ED
ENCODING 8685
SWIDTH 500 0
DWIDTH 6 0
BBX 6 12 0 -2
BITMAP
00
30
48
EC
68
68
68
68
EC
FC
00
00
ENDCHAR
STARTCHAR uni21EE
ENCODING 8686
SWIDTH 500 0
DWIDTH 6 0
BBX 6 12 0 -2
BITMAP
30
48
B4
48
CC
48
48
48
48
78
00
00
ENDCHAR
STARTCHAR uni21EF
ENCODING 8687
SWIDTH 500 0
DWIDTH 6 0
BBX 6 12 0 -2
BITMAP
30
48
B4
48
CC
48
48
48
CC
FC
00
00
ENDCHAR
STARTCHAR uni21F0
ENCODING 8688
SWIDTH 500 0
DWIDTH 6 0
BBX 6 12 0 -2
BITMAP
00
00
90
98
B8
A4
B8
98
90
00
00
00
ENDCHAR
STARTCHAR uni21F1
ENCODING 8689
SWIDTH 500 0
DWIDTH 6 0
BBX 6 12 0 -2
BITMAP
00
00
00
F0
80
B0
B0
08
00
00
00
00
ENDCHAR
STARTCHAR uni21F2
ENCODING 8690
SWIDTH 500 0
DWIDTH 6 0
BBX 6 12 0 -2
BITMAP
00
00
00
40
34
34
04
3C
00
00
00
00
ENDCHAR
STARTCHAR uni21F3
ENCODING 8691
SWIDTH 500 0
DWIDTH 6 0
BBX 6 12 0 -2
BITMAP
00
00
20
50
D8
50
50
D8
50
20
00
00
ENDCHAR
STARTCHAR uni21F4
ENCODING 8692
SWIDTH 500 0
DWIDTH 6 0
BBX 6 12 0 -2
BITMAP
00
00
00
10
28
FC
28
10
00
00
00
00
ENDCHAR
STARTCHAR uni21F5
ENCODING 8693
SWIDTH 500 0
DWIDTH 6 0
BBX 6 12 0 -2
BITMAP
00
00
48
5C
48
48
48
48
E8
48
00
00
ENDCHAR
STARTCHAR uni21F6
ENCODING 8694
SWIDTH 500 0
DWIDTH 6 0
BBX 6 12 0 -2
BITMAP
08
FC
08
00
08
FC
08
00
08
FC
08
00
ENDCHAR
STARTCHAR uni21F7
ENCODING 8695
SWIDTH 500 0
DWIDTH 6 0
BBX 6 12 0 -2
BITMAP
00
00
00
10
50
FC
50
10
00
00
00
00
ENDCHAR
STARTCHAR uni21F8
ENCODING 8696
SWIDTH 500 0
DWIDTH 6 0
BBX 6 12 0 -2
BITMAP
00
00
00
20
28
FC
28
20
00
00
00
00
ENDCHAR
STARTCHAR uni21F9
ENCODING 8697
SWIDTH 500 0
DWIDTH 6 0
BBX 6 12 0 -2
BITMAP
00
00
00
20
68
FC
68
20
00
00
00
00
ENDCHAR
STARTCHAR uni21FA
ENCODING 8698
SWIDTH 500 0
DWIDTH 6 0
BBX 6 12 0 -2
BITMAP
00
00
00
28
68
FC
68
28
00
00
00
00
ENDCHAR
STARTCHAR uni21FB
ENCODING 8699
SWIDTH 500 0
DWIDTH 6 0
BBX 6 12 0 -2
BITMAP
00
00
00
38
28
FC
28
38
00
00
00
00
ENDCHAR
STARTCHAR uni21FC
ENCODING 8700
SWIDTH 500 0
DWIDTH 6 0
BBX 6 12 0 -2
BITMAP
00
00
00
38
68
FC
68
38
00
00
00
00
ENDCHAR
STARTCHAR uni21FD
ENCODING 8701
SWIDTH 500 0
DWIDTH 6 0
BBX 6 12 0 -2
BITMAP
00
00
00
20
60
B8
60
20
00
00
00
00
ENDCHAR
STARTCHAR uni21FE
ENCODING 8702
SWIDTH 500 0
DWIDTH 6 0
BBX 6 12 0 -2
BITMAP
00
00
00
20
30
E8
30
20
00
00
00
00
ENDCHAR
STARTCHAR uni21FF
ENCODING 8703
SWIDTH 500 0
DWIDTH 6 0
BBX 6 12 0 -2
BITMAP
00
00
00
20
70
A8
70
20
00
00
00
00
ENDCHAR
STARTCHAR uni2201
ENCODING 8705
SWIDTH 500 0
DWIDTH 6 0
BBX 6 12 0 -2
BITMAP
00
78
80
80
80
80
80
80
80
40
78
00
ENDCHAR
STARTCHAR uni2202
ENCODING 8706
SWIDTH 500 0
DWIDTH 6 0
BBX 6 12 0 -2
BITMAP
00
00
60
10
08
78
88
88
90
60
00
00
ENDCHAR
STARTCHAR uni220E
ENCODING 8718
SWIDTH 500 0
DWIDTH 6 0
BBX 6 12 0 -2
BITMAP
00
00
00
00
00
00
00
70
70
70
00
00
ENDCHAR
STARTCHAR uni220F
ENCODING 8719
SWIDTH 500 0
DWIDTH 6 0
BBX 6 12 0 -2
BITMAP
00
00
F8
50
50
50
50
50
50
50
00
00
ENDCHAR
STARTCHAR uni2210
ENCODING 8720
SWIDTH 500 0
DWIDTH 6 0
BBX 6 12 0 -2
BITMAP
00
00
88
88
88
88
88
88
88
F8
00
00
ENDCHAR
STARTCHAR uni2211
ENCODING 8721
SWIDTH 500 0
DWIDTH 6 0
BBX 6 12 0 -2
BITMAP
00
00
F8
40
40
20
40
40
80
F8
00
00
ENDCHAR
STARTCHAR uni2217
ENCODING 8727
SWIDTH 500 0
DWIDTH 6 0
BBX 6 12 0 -2
BITMAP
00
00
00
00
50
20
F8
50
50
00
00
00
ENDCHAR
STARTCHAR uni2218
ENCODING 8728
SWIDTH 500 0
DWIDTH 6 0
BBX 6 12 0 -2
BITMAP
00
00
00
00
00
20
50
20
00
00
00
00
ENDCHAR
STARTCHAR uni221B
ENCODING 8731
SWIDTH 500 0
DWIDTH 6 0
BBX 6 12 0 -2
BITMAP
00
CC
48
C8
48
C8
88
48
28
18
00
00
ENDCHAR
STARTCHAR uni221C
ENCODING 8732
SWIDTH 500 0
DWIDTH 6 0
BBX 6 12 0 -2
BITMAP
00
AC
A8
E8
28
A8
88
48
28
18
00
00
ENDCHAR
STARTCHAR uni221D
ENCODING 8733
SWIDTH 500 0
DWIDTH 6 0
BBX 6 12 0 -2
BITMAP
00
00
00
00
64
98
90
98
64
00
00
00
ENDCHAR
STARTCHAR uni2220
ENCODING 8736
SWIDTH 500 0
DWIDTH 6 0
BBX 6 12 0 -2
BITMAP
00
00
00
10
20
20
40
40
F8
00
00
00
ENDCHAR
STARTCHAR uni2221
ENCODING 8737
SWIDTH 500 0
DWIDTH 6 0
BBX 6 12 0 -2
BITMAP
00
00
00
10
20
20
40
60
F8
00
00
00
ENDCHAR
STARTCHAR uni2222
ENCODING 8738
SWIDTH 500 0
DWIDTH 6 0
BBX 6 12 0 -2
BITMAP
00
00
00
10
28
48
88
48
30
10
00
00
ENDCHAR
STARTCHAR uni2223
ENCODING 8739
SWIDTH 500 0
DWIDTH 6 0
BBX 6 12 0 -2
BITMAP
00
00
00
20
20
20
20
20
20
20
00
00
ENDCHAR
STARTCHAR uni2224
ENCODING 8740
SWIDTH 500 0
DWIDTH 6 0
BBX 6 12 0 -2
BITMAP
00
00
08
28
30
30
20
20
60
60
80
00
ENDCHAR
STARTCHAR uni2226
ENCODING 8742
SWIDTH 500 0
DWIDTH 6 0
BBX 6 12 0 -2
BITMAP
00
00
58
58
50
50
70
70
50
50
80
00
ENDCHAR
STARTCHAR uni222B
ENCODING 8747
SWIDTH 500 0
DWIDTH 6 0
BBX 6 12 0 -2
BITMAP
00
18
28
20
20
20
20
20
20
60
40
00
ENDCHAR
STARTCHAR uni222C
ENCODING 8748
SWIDTH 500 0
DWIDTH 6 0
BBX 6 12 0 -2
BITMAP
00
28
50
50
50
50
50
50
50
50
A0
00
ENDCHAR
STARTCHAR uni222D
ENCODING 8749
SWIDTH 500 0
DWIDTH 6 0
BBX 6 12 0 -2
BITMAP
00
2C
54
54
54
54
54
54
54
54
A8
00
ENDCHAR
STARTCHAR uni222E
ENCODING 8750
SWIDTH 500 0
DWIDTH 6 0
BBX 6 12 0 -2
BITMAP
00
18
28
70
A8
A8
A8
70
20
60
40
00
ENDCHAR
STARTCHAR uni222F
ENCODING 8751
SWIDTH 500 0
DWIDTH 6 0
BBX 6 12 0 -2
BITMAP
00
28
50
50
70
D8
D8
D8
70
50
A0
00
ENDCHAR
STARTCHAR uni2230
ENCODING 8752
SWIDTH 500 0
DWIDTH 6 0
BBX 6 12 0 -2
BITMAP
00
2C
54
54
74
DC
DC
DC
74
54
A8
00
ENDCHAR
STARTCHAR uni2231
ENCODING 8753
SWIDTH 500 0
DWIDTH 6 0
BBX 6 12 0 -2
BITMAP
00
18
28
20
70
A8
3C
28
20
60
40
00
ENDCHAR
STARTCHAR uni2232
ENCODING 8754
SWIDTH 500 0
DWIDTH 6 0
BBX 6 12 0 -2
BITMAP
00
18
28
20
60
B8
B8
B0
60
60
40
00
ENDCHAR
STARTCHAR uni2233
ENCODING 8755
SWIDTH 500 0
DWIDTH 6 0
BBX 6 12 0 -2
BITMAP
00
18
28
20
60
B0
B8
B8
60
60
40
00
ENDCHAR
STARTCHAR uni2234
ENCODING 8756
SWIDTH 500 0
DWIDTH 6 0
BBX 6 12 0 -2
BITMAP
00
00
00
00
20
00
00
00
88
00
00
00
ENDCHAR
STARTCHAR uni2235
ENCODING 8757
SWIDTH 500 0
DWIDTH 6 0
BBX 6 12 0 -2
BITMAP
00
00
00
00
88
00
00
00
20
00
00
00
ENDCHAR
STARTCHAR uni2236
ENCODING 8758
SWIDTH 500 0
DWIDTH 6 0
BBX 6 12 0 -2
BITMAP
00
00
00
00
00
20
00
00
20
00
00
00
ENDCHAR
STARTCHAR uni2237
ENCODING 8759
SWIDTH 500 0
DWIDTH 6 0
BBX 6 12 0 -2
BITMAP
00
00
00
48
00
00
00
48
00
00
00
00
ENDCHAR
STARTCHAR uni2238
ENCODING 8760
SWIDTH 500 0
DWIDTH 6 0
BBX 6 12 0 -2
BITMAP
00
00
00
00
20
00
F8
00
00
00
00
00
ENDCHAR
STARTCHAR uni2239
ENCODING 8761
SWIDTH 500 0
DWIDTH 6 0
BBX 6 12 0 -2
BITMAP
00
00
00
00
08
00
E0
00
08
00
00
00
ENDCHAR
STARTCHAR uni223A
ENCODING 8762
SWIDTH 500 0
DWIDTH 6 0
BBX 6 12 0 -2
BITMAP
00
00
00
00
50
00
F8
00
50
00
00
00
ENDCHAR
STARTCHAR uni223B
ENCODING 8763
SWIDTH 500 0
DWIDTH 6 0
BBX 6 12 0 -2
BITMAP
00
00
00
80
00
40
A8
10
00
08
00
00
ENDCHAR
STARTCHAR uni223C
ENCODING 8764
SWIDTH 500 0
DWIDTH 6 0
BBX 6 12 0 -2
BITMAP
00
00
00
00
00
40
A8
10
00
00
00
00
ENDCHAR
STARTCHAR uni223D
ENCODING 8765
SWIDTH 500 0
DWIDTH 6 0
BBX 6 12 0 -2
BITMAP
00
00
00
00
00
10
A8
40
00
00
00
00
ENDCHAR
STARTCHAR uni223E
ENCODING 8766
SWIDTH 500 0
DWIDTH 6 0
BBX 6 12 0 -2
BITMAP
00
00
00
00
68
50
98
A0
60
00
00
00
ENDCHAR
STARTCHAR uni223F
ENCODING 8767
SWIDTH 500 0
DWIDTH 6 0
BBX 6 12 0 -2
BITMAP
00
00
00
40
40
A0
A8
28
10
10
00
00
ENDCHAR
STARTCHAR uni2240
ENCODING 8768
SWIDTH 500 0
DWIDTH 6 0
BBX 6 12 0 -2
BITMAP
00
00
00
30
40
20
20
10
10
60
00
00
ENDCHAR
STARTCHAR uni2241
ENCODING 8769
SWIDTH 500 0
DWIDTH 6 0
BBX 6 12 0 -2
BITMAP
00
00
00
00
08
50
A8
50
80
00
00
00
ENDCHAR
STARTCHAR uni2242
ENCODING 8770
SWIDTH 500 0
DWIDTH 6 0
BBX 6 12 0 -2
BITMAP
00
00
00
00
F8
00
00
60
A8
30
00
00
ENDCHAR
STARTCHAR uni2243
ENCODING 8771
SWIDTH 500 0
DWIDTH 6 0
BBX 6 12 0 -2
BITMAP
00
00
00
00
40
A8
10
00
F8
00
00
00
ENDCHAR
STARTCHAR uni2244
ENCODING 8772
SWIDTH 500 0
DWIDTH 6 0
BBX 6 12 0 -2
BITMAP
00
00
00
08
50
B8
30
40
F8
80
00
00
ENDCHAR
STARTCHAR uni2245
ENCODING 8773
SWIDTH 500 0
DWIDTH 6 0
BBX 6 12 0 -2
BITMAP
00
00
00
40
A8
10
00
F8
00
F8
00
00
ENDCHAR
STARTCHAR uni2246
ENCODING 8774
SWIDTH 500 0
DWIDTH 6 0
BBX 6 12 0 -2
BITMAP
00
00
00
40
A8
10
10
F8
20
F8
40
00
ENDCHAR
STARTCHAR uni2247
ENCODING 8775
SWIDTH 500 0
DWIDTH 6 0
BBX 6 12 0 -2
BITMAP
00
00
08
48
B8
10
20
F8
40
F8
80
00
ENDCHAR
STARTCHAR uni2249
ENCODING 8777
SWIDTH 500 0
DWIDTH 6 0
BBX 6 12 0 -2
BITMAP
00
00
00
08
78
B0
20
68
F0
80
00
00
ENDCHAR
STARTCHAR uni224A
ENCODING 8778
SWIDTH 500 0
DWIDTH 6 0
BBX 6 12 0 -2
BITMAP
00
60
A8
30
00
60
A8
30
00
00
00
F8
ENDCHAR
STARTCHAR uni224B
ENCODING 8779
SWIDTH 500 0
DWIDTH 6 0
BBX 6 12 0 -2
BITMAP
00
60
A8
30
00
60
A8
30
00
60
A8
30
ENDCHAR
STARTCHAR uni224C
ENCODING 8780
SWIDTH 500 0
DWIDTH 6 0
BBX 6 12 0 -2
BITMAP
00
00
00
10
A8
40
00
F8
00
F8
00
00
ENDCHAR
STARTCHAR uni224D
ENCODING 8781
SWIDTH 500 0
DWIDTH 6 0
BBX 6 12 0 -2
BITMAP
00
00
00
00
98
60
00
60
98
00
00
00
ENDCHAR
STARTCHAR uni224E
ENCODING 8782
SWIDTH 500 0
DWIDTH 6 0
BBX 6 12 0 -2
BITMAP
00
00
00
00
F8
00
00
00
D8
20
00
00
ENDCHAR
STARTCHAR uni224F
ENCODING 8783
SWIDTH 500 0
DWIDTH 6 0
BBX 6 12 0 -2
BITMAP
00
00
00
20
D8
00
00
00
F8
00
00
00
ENDCHAR
STARTCHAR uni2250
ENCODING 8784
SWIDTH 500 0
DWIDTH 6 0
BBX 6 12 0 -2
BITMAP
00
00
20
00
F8
00
00
F8
00
00
00
00
ENDCHAR
STARTCHAR uni2251
ENCODING 8785
SWIDTH 500 0
DWIDTH 6 0
BBX 6 12 0 -2
BITMAP
00
00
20
00
F8
00
00
F8
00
20
00
00
ENDCHAR
STARTCHAR uni2252
ENCODING 8786
SWIDTH 500 0
DWIDTH 6 0
BBX 6 12 0 -2
BITMAP
00
00
80
00
F8
00
00
F8
00
08
00
00
ENDCHAR
STARTCHAR uni2253
ENCODING 8787
SWIDTH 500 0
DWIDTH 6 0
BBX 6 12 0 -2
BITMAP
00
00
08
00
F8
00
00
F8
00
80
00
00
ENDCHAR
STARTCHAR uni2254
ENCODING 8788
SWIDTH 500 0
DWIDTH 6 0
BBX 6 12 0 -2
BITMAP
00
00
00
00
00
9C
00
9C
00
00
00
00
ENDCHAR
STARTCHAR uni2255
ENCODING 8789
SWIDTH 500 0
DWIDTH 6 0
BBX 6 12 0 -2
BITMAP
00
00
00
00
00
E4
00
E4
00
00
00
00
ENDCHAR
STARTCHAR uni2256
ENCODING 8790
SWIDTH 500 0
DWIDTH 6 0
BBX 6 12 0 -2
BITMAP
00
00
00
00
F8
50
50
50
F8
00
00
00
ENDCHAR
STARTCHAR uni2257
ENCODING 8791
SWIDTH 500 0
DWIDTH 6 0
BBX 6 12 0 -2
BITMAP
00
70
88
88
88
70
00
F8
00
F8
00
00
ENDCHAR
STARTCHAR uni2258
ENCODING 8792
SWIDTH 500 0
DWIDTH 6 0
BBX 6 12 0 -2
BITMAP
00
00
00
00
70
88
00
F8
00
F8
00
00
ENDCHAR
STARTCHAR uni2259
ENCODING 8793
SWIDTH 500 0
DWIDTH 6 0
BBX 6 12 0 -2
BITMAP
00
20
30
50
48
88
00
F8
00
F8
00
00
ENDCHAR
STARTCHAR uni225A
ENCODING 8794
SWIDTH 500 0
DWIDTH 6 0
BBX 6 12 0 -2
BITMAP
00
88
48
50
30
20
00
F8
00
F8
00
00
ENDCHAR
STARTCHAR uni225B
ENCODING 8795
SWIDTH 500 0
DWIDTH 6 0
BBX 6 12 0 -2
BITMAP
00
20
F8
70
50
88
00
F8
00
F8
00
00
ENDCHAR
STARTCHAR uni225C
ENCODING 8796
SWIDTH 500 0
DWIDTH 6 0
BBX 6 12 0 -2
BITMAP
00
20
30
50
48
F8
00
F8
00
F8
00
00
ENDCHAR
STARTCHAR uni225D
ENCODING 8797
SWIDTH 500 0
DWIDTH 6 0
BBX 6 12 0 -2
BITMAP
00
00
44
78
EC
F8
00
F8
00
F8
00
00
ENDCHAR
STARTCHAR uni225E
ENCODING 8798
SWIDTH 500 0
DWIDTH 6 0
BBX 6 12 0 -2
BITMAP
00
50
A8
A8
A8
A8
00
F8
00
F8
00
00
ENDCHAR
STARTCHAR uni225F
ENCODING 8799
SWIDTH 500 0
DWIDTH 6 0
BBX 6 12 0 -2
BITMAP
00
70
88
30
00
20
00
F8
00
F8
00
00
ENDCHAR
STARTCHAR uni2262
ENCODING 8802
SWIDTH 500 0
DWIDTH 6 0
BBX 6 12 0 -2
BITMAP
00
00
00
08
F8
10
F8
40
F8
80
00
00
ENDCHAR
STARTCHAR uni2263
ENCODING 8803
SWIDTH 500 0
DWIDTH 6 0
BBX 6 12 0 -2
BITMAP
00
00
00
F8
00
F8
00
F8
00
F8
00
00
ENDCHAR
STARTCHAR uni2266
ENCODING 8806
SWIDTH 500 0
DWIDTH 6 0
BBX 6 12 0 -2
BITMAP
00
08
10
60
80
60
18
00
F8
00
F8
00
ENDCHAR
STARTCHAR uni2267
ENCODING 8807
SWIDTH 500 0
DWIDTH 6 0
BBX 6 12 0 -2
BITMAP
00
80
40
30
08
30
C0
00
F8
00
F8
00
ENDCHAR
STARTCHAR uni2268
ENCODING 8808
SWIDTH 500 0
DWIDTH 6 0
BBX 6 12 0 -2
BITMAP
00
08
10
60
80
60
18
10
F8
20
F8
40
ENDCHAR
STARTCHAR uni2269
ENCODING 8809
SWIDTH 500 0
DWIDTH 6 0
BBX 6 12 0 -2
BITMAP
00
80
40
30
08
30
C0
10
F8
20
F8
40
ENDCHAR
STARTCHAR uni226C
ENCODING 8812
SWIDTH 500 0
DWIDTH 6 0
BBX 6 12 0 -2
BITMAP
00
50
20
20
50
50
50
50
20
20
50
00
ENDCHAR
STARTCHAR uni226D
ENCODING 8813
SWIDTH 500 0
DWIDTH 6 0
BBX 6 12 0 -2
BITMAP
00
00
00
08
98
70
20
60
D8
80
00
00
ENDCHAR
STARTCHAR uni226E
ENCODING 8814
SWIDTH 500 0
DWIDTH 6 0
BBX 6 12 0 -2
BITMAP
00
00
08
08
10
30
60
20
50
48
80
00
ENDCHAR
STARTCHAR uni226F
ENCODING 8815
SWIDTH 500 0
DWIDTH 6 0
BBX 6 12 0 -2
BITMAP
00
00
08
48
30
10
28
30
60
40
80
00
ENDCHAR
STARTCHAR uni2270
ENCODING 8816
SWIDTH 500 0
DWIDTH 6 0
BBX 6 12 0 -2
BITMAP
08
18
30
50
A0
60
20
50
40
F8
80
00
ENDCHAR
STARTCHAR uni2271
ENCODING 8817
SWIDTH 500 0
DWIDTH 6 0
BBX 6 12 0 -2
BITMAP
08
48
30
10
28
30
20
40
40
F8
80
00
ENDCHAR
STARTCHAR uni2272
ENCODING 8818
SWIDTH 500 0
DWIDTH 6 0
BBX 6 12 0 -2
BITMAP
00
08
10
60
80
60
18
00
60
A8
30
00
ENDCHAR
STARTCHAR uni2273
ENCODING 8819
SWIDTH 500 0
DWIDTH 6 0
BBX 6 12 0 -2
BITMAP
00
80
40
30
08
30
C0
00
60
A8
30
00
ENDCHAR
STARTCHAR uni2274
ENCODING 8820
SWIDTH 500 0
DWIDTH 6 0
BBX 6 12 0 -2
BITMAP
08
08
10
70
90
60
38
40
60
E8
B0
80
ENDCHAR
STARTCHAR uni2275
ENCODING 8821
SWIDTH 500 0
DWIDTH 6 0
BBX 6 12 0 -2
BITMAP
08
88
50
30
18
30
E0
40
60
E8
B0
80
ENDCHAR
STARTCHAR uni2276
ENCODING 8822
SWIDTH 500 0
DWIDTH 6 0
BBX 6 12 0 -2
BITMAP
00
18
E0
60
18
00
80
60
18
30
C0
00
ENDCHAR
STARTCHAR uni2277
ENCODING 8823
SWIDTH 500 0
DWIDTH 6 0
BBX 6 12 0 -2
BITMAP
00
C0
38
30
C0
00
08
30
C0
60
18
00
ENDCHAR
STARTCHAR uni2278
ENCODING 8824
SWIDTH 500 0
DWIDTH 6 0
BBX 6 12 0 -2
BITMAP
08
18
F0
70
18
20
A0
60
58
70
C0
80
ENDCHAR
STARTCHAR uni2279
ENCODING 8825
SWIDTH 500 0
DWIDTH 6 0
BBX 6 12 0 -2
BITMAP
08
C8
38
30
D0
20
28
70
C0
60
98
80
ENDCHAR
STARTCHAR uni227A
ENCODING 8826
SWIDTH 500 0
DWIDTH 6 0
BBX 6 12 0 -2
BITMAP
00
00
00
08
10
20
C0
60
10
08
00
00
ENDCHAR
STARTCHAR uni227B
ENCODING 8827
SWIDTH 500 0
DWIDTH 6 0
BBX 6 12 0 -2
BITMAP
00
00
00
80
40
20
18
30
40
80
00
00
ENDCHAR
STARTCHAR uni227C
ENCODING 8828
SWIDTH 500 0
DWIDTH 6 0
BBX 6 12 0 -2
BITMAP
00
08
10
20
C0
40
A0
50
28
10
08
00
ENDCHAR
STARTCHAR uni227D
ENCODING 8829
SWIDTH 500 0
DWIDTH 6 0
BBX 6 12 0 -2
BITMAP
00
80
40
20
18
10
28
50
A0
40
80
00
ENDCHAR
STARTCHAR uni227E
ENCODING 8830
SWIDTH 500 0
DWIDTH 6 0
BBX 6 12 0 -2
BITMAP
00
08
10
20
E0
10
08
00
60
A8
30
00
ENDCHAR
STARTCHAR uni227F
ENCODING 8831
SWIDTH 500 0
DWIDTH 6 0
BBX 6 12 0 -2
BITMAP
00
80
40
20
38
40
80
00
60
A8
30
00
ENDCHAR
STARTCHAR uni2280
ENCODING 8832
SWIDTH 500 0
DWIDTH 6 0
BBX 6 12 0 -2
BITMAP
00
00
08
08
10
30
E0
60
50
48
80
00
ENDCHAR
STARTCHAR uni2281
ENCODING 8833
SWIDTH 500 0
DWIDTH 6 0
BBX 6 12 0 -2
BITMAP
00
00
08
88
50
30
38
30
40
C0
80
00
ENDCHAR
STARTCHAR uni2284
ENCODING 8836
SWIDTH 500 0
DWIDTH 6 0
BBX 6 12 0 -2
BITMAP
00
00
08
78
90
A0
A0
C0
78
80
00
00
ENDCHAR
STARTCHAR uni2285
ENCODING 8837
SWIDTH 500 0
DWIDTH 6 0
BBX 6 12 0 -2
BITMAP
00
00
08
F0
18
28
28
48
F0
80
00
00
ENDCHAR
STARTCHAR uni2288
ENCODING 8840
SWIDTH 500 0
DWIDTH 6 0
BBX 6 12 0 -2
BITMAP
00
08
78
90
90
A0
A0
78
40
F8
80
00
ENDCHAR
STARTCHAR uni2289
ENCODING 8841
SWIDTH 500 0
DWIDTH 6 0
BBX 6 12 0 -2
BITMAP
00
08
F8
18
18
28
28
F0
40
F8
80
00
ENDCHAR
STARTCHAR uni228A
ENCODING 8842
SWIDTH 500 0
DWIDTH 6 0
BBX 6 12 0 -2
BITMAP
00
00
78
80
80
80
80
78
10
F8
40
00
ENDCHAR
STARTCHAR uni228B
ENCODING 8843
SWIDTH 500 0
DWIDTH 6 0
BBX 6 12 0 -2
BITMAP
00
00
F0
08
08
08
08
F0
10
F8
40
00
ENDCHAR
STARTCHAR uni228C
ENCODING 8844
SWIDTH 500 0
DWIDTH 6 0
BBX 6 12 0 -2
BITMAP
00
10
50
F0
40
00
88
88
88
88
70
00
ENDCHAR
STARTCHAR uni228D
ENCODING 8845
SWIDTH 500 0
DWIDTH 6 0
BBX 6 12 0 -2
BITMAP
00
00
00
00
00
00
88
A8
88
88
70
00
ENDCHAR
STARTCHAR uni228E
ENCODING 8846
SWIDTH 500 0
DWIDTH 6 0
BBX 6 12 0 -2
BITMAP
00
00
20
70
20
00
88
88
88
88
70
00
ENDCHAR
STARTCHAR uni228F
ENCODING 8847
SWIDTH 500 0
DWIDTH 6 0
BBX 6 12 0 -2
BITMAP
00
00
00
F8
80
80
80
80
80
F8
00
00
ENDCHAR
STARTCHAR uni2290
ENCODING 8848
SWIDTH 500 0
DWIDTH 6 0
BBX 6 12 0 -2
BITMAP
00
00
00
F8
08
08
08
08
08
F8
00
00
ENDCHAR
STARTCHAR uni2291
ENCODING 8849
SWIDTH 500 0
DWIDTH 6 0
BBX 6 12 0 -2
BITMAP
00
F8
80
80
80
80
80
F8
00
00
F8
00
ENDCHAR
STARTCHAR uni2292
ENCODING 8850
SWIDTH 500 0
DWIDTH 6 0
BBX 6 12 0 -2
BITMAP
00
F8
08
08
08
08
08
F8
00
00
F8
00
ENDCHAR
STARTCHAR uni2293
ENCODING 8851
SWIDTH 500 0
DWIDTH 6 0
BBX 6 12 0 -2
BITMAP
00
00
00
F8
88
88
88
88
88
88
00
00
ENDCHAR
STARTCHAR uni2294
ENCODING 8852
SWIDTH 500 0
DWIDTH 6 0
BBX 6 12 0 -2
BITMAP
00
00
00
88
88
88
88
88
88
F8
00
00
ENDCHAR
STARTCHAR uni2295
ENCODING 8853
SWIDTH 500 0
DWIDTH 6 0
BBX 6 12 0 -2
BITMAP
00
00
00
00
70
A8
F8
A8
70
00
00
00
ENDCHAR
STARTCHAR uni2296
ENCODING 8854
SWIDTH 500 0
DWIDTH 6 0
BBX 6 12 0 -2
BITMAP
00
00
00
00
70
88
F8
88
70
00
00
00
ENDCHAR
STARTCHAR uni2297
ENCODING 8855
SWIDTH 500 0
DWIDTH 6 0
BBX 6 12 0 -2
BITMAP
00
00
00
00
70
D8
A8
D8
70
00
00
00
ENDCHAR
STARTCHAR uni2298
ENCODING 8856
SWIDTH 500 0
DWIDTH 6 0
BBX 6 12 0 -2
BITMAP
00
00
00
00
70
98
A8
C8
70
00
00
00
ENDCHAR
STARTCHAR uni2299
ENCODING 8857
SWIDTH 500 0
DWIDTH 6 0
BBX 6 12 0 -2
BITMAP
00
00
00
00
70
88
A8
88
70
00
00
00
ENDCHAR
STARTCHAR uni229A
ENCODING 8858
SWIDTH 500 0
DWIDTH 6 0
BBX 6 12 0 -2
BITMAP
00
00
00
70
88
A8
D8
A8
88
70
00
00
ENDCHAR
STARTCHAR uni229B
ENCODING 8859
SWIDTH 500 0
DWIDTH 6 0
BBX 6 12 0 -2
BITMAP
00
00
00
20
50
F8
A8
F8
50
20
00
00
ENDCHAR
STARTCHAR uni229C
ENCODING 8860
SWIDTH 500 0
DWIDTH 6 0
BBX 6 12 0 -2
BITMAP
00
00
00
20
50
F8
88
F8
50
20
00
00
ENDCHAR
STARTCHAR uni229D
ENCODING 8861
SWIDTH 500 0
DWIDTH 6 0
BBX 6 12 0 -2
BITMAP
00
00
00
00
70
88
F8
88
70
00
00
00
ENDCHAR
STARTCHAR uni229E
ENCODING 8862
SWIDTH 500 0
DWIDTH 6 0
BBX 6 12 0 -2
BITMAP
00
00
00
00
F8
A8
F8
A8
F8
00
00
00
ENDCHAR
STARTCHAR uni229F
ENCODING 8863
SWIDTH 500 0
DWIDTH 6 0
BBX 6 12 0 -2
BITMAP
00
00
00
00
F8
88
F8
88
F8
00
00
00
ENDCHAR
STARTCHAR uni22A0
ENCODING 8864
SWIDTH 500 0
DWIDTH 6 0
BBX 6 12 0 -2
BITMAP
00
00
00
00
F8
D8
A8
D8
F8
00
00
00
ENDCHAR
STARTCHAR uni22A1
ENCODING 8865
SWIDTH 500 0
DWIDTH 6 0
BBX 6 12 0 -2
BITMAP
00
00
00
00
F8
88
A8
88
F8
00
00
00
ENDCHAR
STARTCHAR uni22A2
ENCODING 8866
SWIDTH 500 0
DWIDTH 6 0
BBX 6 12 0 -2
BITMAP
00
00
00
80
80
80
F8
80
80
80
00
00
ENDCHAR
STARTCHAR uni22A3
ENCODING 8867
SWIDTH 500 0
DWIDTH 6 0
BBX 6 12 0 -2
BITMAP
00
00
00
08
08
08
F8
08
08
08
00
00
ENDCHAR
STARTCHAR uni22A4
ENCODING 8868
SWIDTH 500 0
DWIDTH 6 0
BBX 6 12 0 -2
BITMAP
00
00
00
F8
20
20
20
20
20
20
00
00
ENDCHAR
STARTCHAR uni22A6
ENCODING 8870
SWIDTH 500 0
DWIDTH 6 0
BBX 6 12 0 -2
BITMAP
00
00
00
00
80
80
F8
80
80
00
00
00
ENDCHAR
STARTCHAR uni22A7
ENCODING 8871
SWIDTH 500 0
DWIDTH 6 0
BBX 6 12 0 -2
BITMAP
00
00
00
80
80
F8
80
F8
80
80
00
00
ENDCHAR
STARTCHAR uni22A8
ENCODING 8872
SWIDTH 500 0
DWIDTH 6 0
BBX 6 12 0 -2
BITMAP
00
00
00
80
80
F8
80
F8
80
80
00
00
ENDCHAR
STARTCHAR uni22A9
ENCODING 8873
SWIDTH 500 0
DWIDTH 6 0
BBX 6 12 0 -2
BITMAP
00
00
00
A0
A0
A0
B8
A0
A0
A0
00
00
ENDCHAR
STARTCHAR uni22AA
ENCODING 8874
SWIDTH 500 0
DWIDTH 6 0
BBX 6 12 0 -2
BITMAP
00
00
00
A8
A8
A8
AC
A8
A8
A8
00
00
ENDCHAR
STARTCHAR uni22AB
ENCODING 8875
SWIDTH 500 0
DWIDTH 6 0
BBX 6 12 0 -2
BITMAP
00
00
00
A0
A0
B8
A0
B8
A0
A0
00
00
ENDCHAR
STARTCHAR uni22AC
ENCODING 8876
SWIDTH 500 0
DWIDTH 6 0
BBX 6 12 0 -2
BITMAP
00
00
08
88
90
90
F8
A0
C0
C0
80
00
ENDCHAR
STARTCHAR uni22AD
ENCODING 8877
SWIDTH 500 0
DWIDTH 6 0
BBX 6 12 0 -2
BITMAP
00
00
08
88
90
F8
A0
F8
C0
C0
80
00
ENDCHAR
STARTCHAR uni22AE
ENCODING 8878
SWIDTH 500 0
DWIDTH 6 0
BBX 6 12 0 -2
BITMAP
00
00
08
A8
B0
B0
B8
A0
E0
E0
80
00
ENDCHAR
STARTCHAR uni22AF
ENCODING 8879
SWIDTH 500 0
DWIDTH 6 0
BBX 6 12 0 -2
BITMAP
00
00
08
A8
B0
B8
A0
B8
E0
E0
80
00
ENDCHAR
STARTCHAR uni22B0
ENCODING 8880
SWIDTH 500 0
DWIDTH 6 0
BBX 6 12 0 -2
BITMAP
00
00
00
10
28
38
C0
38
28
10
00
00
ENDCHAR
STARTCHAR uni22B1
ENCODING 8881
SWIDTH 500 0
DWIDTH 6 0
BBX 6 12 0 -2
BITMAP
00
00
00
40
A0
E0
18
E0
A0
40
00
00
ENDCHAR
STARTCHAR uni22B2
ENCODING 8882
SWIDTH 500 0
DWIDTH 6 0
BBX 6 12 0 -2
BITMAP
00
00
00
08
18
68
88
48
38
08
00
00
ENDCHAR
STARTCHAR uni22B3
ENCODING 8883
SWIDTH 500 0
DWIDTH 6 0
BBX 6 12 0 -2
BITMAP
00
00
00
80
C0
B0
88
90
E0
80
00
00
ENDCHAR
STARTCHAR uni22B4
ENCODING 8884
SWIDTH 500 0
DWIDTH 6 0
BBX 6 12 0 -2
BITMAP
00
08
18
68
88
48
38
08
00
00
F8
00
ENDCHAR
STARTCHAR uni22B5
ENCODING 8885
SWIDTH 500 0
DWIDTH 6 0
BBX 6 12 0 -2
BITMAP
00
80
C0
B0
88
90
E0
80
00
00
F8
00
ENDCHAR
STARTCHAR uni22B6
ENCODING 8886
SWIDTH 500 0
DWIDTH 6 0
BBX 6 12 0 -2
BITMAP
00
00
00
00
00
50
B8
50
00
00
00
00
ENDCHAR
STARTCHAR uni22B7
ENCODING 8887
SWIDTH 500 0
DWIDTH 6 0
BBX 6 12 0 -2
BITMAP
00
00
00
00
00
50
E8
50
00
00
00
00
ENDCHAR
STARTCHAR uni22B8
ENCODING 8888
SWIDTH 500 0
DWIDTH 6 0
BBX 6 12 0 -2
BITMAP
00
00
00
00
00
10
E8
10
00
00
00
00
ENDCHAR
STARTCHAR uni22B9
ENCODING 8889
SWIDTH 500 0
DWIDTH 6 0
BBX 6 12 0 -2
BITMAP
00
00
00
20
20
00
88
00
20
20
00
00
ENDCHAR
STARTCHAR uni22BA
ENCODING 8890
SWIDTH 500 0
DWIDTH 6 0
BBX 6 12 0 -2
BITMAP
00
00
00
00
F8
20
20
20
20
20
00
00
ENDCHAR
STARTCHAR uni22BB
ENCODING 8891
SWIDTH 500 0
DWIDTH 6 0
BBX 6 12 0 -2
BITMAP
00
88
88
50
50
50
20
20
00
00
F8
00
ENDCHAR
STARTCHAR uni22BC
ENCODING 8892
SWIDTH 500 0
DWIDTH 6 0
BBX 6 12 0 -2
BITMAP
00
F8
00
00
20
20
50
50
50
88
88
00
ENDCHAR
STARTCHAR uni22BD
ENCODING 8893
SWIDTH 500 0
DWIDTH 6 0
BBX 6 12 0 -2
BITMAP
00
F8
00
00
88
88
50
50
50
20
20
00
ENDCHAR
STARTCHAR uni22BE
ENCODING 8894
SWIDTH 500 0
DWIDTH 6 0
BBX 6 12 0 -2
BITMAP
00
00
00
80
80
80
C0
A0
F8
00
00
00
ENDCHAR
STARTCHAR uni22BF
ENCODING 8895
SWIDTH 500 0
DWIDTH 6 0
BBX 6 12 0 -2
BITMAP
00
00
00
08
18
28
28
48
F8
00
00
00
ENDCHAR
STARTCHAR uni22C0
ENCODING 8896
SWIDTH 500 0
DWIDTH 6 0
BBX 6 12 0 -2
BITMAP
00
00
20
20
50
50
50
50
88
88
00
00
ENDCHAR
STARTCHAR uni22C1
ENCODING 8897
SWIDTH 500 0
DWIDTH 6 0
BBX 6 12 0 -2
BITMAP
00
00
88
88
50
50
50
50
20
20
00
00
ENDCHAR
STARTCHAR uni22C4
ENCODING 8900
SWIDTH 500 0
DWIDTH 6 0
BBX 6 12 0 -2
BITMAP
00
00
00
00
20
50
88
50
20
00
00
00
ENDCHAR
STARTCHAR uni22C5
ENCODING 8901
SWIDTH 500 0
DWIDTH 6 0
BBX 6 12 0 -2
BITMAP
00
00
00
00
00
00
20
00
00
00
00
00
ENDCHAR
STARTCHAR uni22C6
ENCODING 8902
SWIDTH 500 0
DWIDTH 6 0
BBX 6 12 0 -2
BITMAP
00
00
00
00
20
F8
70
70
50
00
00
00
ENDCHAR
STARTCHAR uni22C7
ENCODING 8903
SWIDTH 500 0
DWIDTH 6 0
BBX 6 12 0 -2
BITMAP
00
00
20
00
88
50
20
50
88
00
20
00
ENDCHAR
STARTCHAR uni22C8
ENCODING 8904
SWIDTH 500 0
DWIDTH 6 0
BBX 6 12 0 -2
BITMAP
00
00
00
00
88
D8
A8
D8
88
00
00
00
ENDCHAR
STARTCHAR uni22C9
ENCODING 8905
SWIDTH 500 0
DWIDTH 6 0
BBX 6 12 0 -2
BITMAP
00
00
00
00
88
D0
A0
D0
88
00
00
00
ENDCHAR
STARTCHAR uni22CA
ENCODING 8906
SWIDTH 500 0
DWIDTH 6 0
BBX 6 12 0 -2
BITMAP
00
00
00
00
88
58
28
58
88
00
00
00
ENDCHAR
STARTCHAR uni22CB
ENCODING 8907
SWIDTH 500 0
DWIDTH 6 0
BBX 6 12 0 -2
BITMAP
00
00
00
00
80
40
20
50
88
00
00
00
ENDCHAR
STARTCHAR uni22CC
ENCODING 8908
SWIDTH 500 0
DWIDTH 6 0
BBX 6 12 0 -2
BITMAP
00
00
00
00
08
10
20
50
88
00
00
00
ENDCHAR
STARTCHAR uni22CD
ENCODING 8909
SWIDTH 500 0
DWIDTH 6 0
BBX 6 12 0 -2
BITMAP
00
00
00
30
A8
60
00
00
F8
00
00
00
ENDCHAR
STARTCHAR uni22CE
ENCODING 8910
SWIDTH 500 0
DWIDTH 6 0
BBX 6 12 0 -2
BITMAP
00
00
00
88
88
88
50
50
30
20
00
00
ENDCHAR
STARTCHAR uni22CF
ENCODING 8911
SWIDTH 500 0
DWIDTH 6 0
BBX 6 12 0 -2
BITMAP
00
00
00
20
30
50
50
88
88
88
00
00
ENDCHAR
STARTCHAR uni22D0
ENCODING 8912
SWIDTH 500 0
DWIDTH 6 0
BBX 6 12 0 -2
BITMAP
00
00
00
78
80
98
A0
98
40
78
00
00
ENDCHAR
STARTCHAR uni22D1
ENCODING 8913
SWIDTH 500 0
DWIDTH 6 0
BBX 6 12 0 -2
BITMAP
00
00
00
F0
08
38
08
38
10
F0
00
00
ENDCHAR
STARTCHAR uni22D2
ENCODING 8914
SWIDTH 500 0
DWIDTH 6 0
BBX 6 12 0 -2
BITMAP
00
00
00
70
88
A8
D8
D8
D8
D8
00
00
ENDCHAR
STARTCHAR uni22D3
ENCODING 8915
SWIDTH 500 0
DWIDTH 6 0
BBX 6 12 0 -2
BITMAP
00
00
00
D8
D8
D8
D8
A8
88
70
00
00
ENDCHAR
STARTCHAR uni22D4
ENCODING 8916
SWIDTH 500 0
DWIDTH 6 0
BBX 6 12 0 -2
BITMAP
00
00
00
20
20
70
A8
A8
A8
A8
00
00
ENDCHAR
STARTCHAR uni22D5
ENCODING 8917
SWIDTH 500 0
DWIDTH 6 0
BBX 6 12 0 -2
BITMAP
00
00
00
50
50
F8
50
F8
50
50
00
00
ENDCHAR
STARTCHAR uni22D6
ENCODING 8918
SWIDTH 500 0
DWIDTH 6 0
BBX 6 12 0 -2
BITMAP
00
00
00
08
10
20
50
20
10
08
00
00
ENDCHAR
STARTCHAR uni22D7
ENCODING 8919
SWIDTH 500 0
DWIDTH 6 0
BBX 6 12 0 -2
BITMAP
00
00
00
40
20
10
48
10
20
40
00
00
ENDCHAR
STARTCHAR uni22D8
ENCODING 8920
SWIDTH 500 0
DWIDTH 6 0
BBX 6 12 0 -2
BITMAP
00
00
00
00
00
54
A8
54
00
00
00
00
ENDCHAR
STARTCHAR uni22D9
ENCODING 8921
SWIDTH 500 0
DWIDTH 6 0
BBX 6 12 0 -2
BITMAP
00
00
00
00
00
A8
54
A8
00
00
00
00
ENDCHAR
STARTCHAR uni22DA
ENCODING 8922
SWIDTH 500 0
DWIDTH 6 0
BBX 6 12 0 -2
BITMAP
00
10
60
30
00
F8
00
F8
00
40
30
60
ENDCHAR
STARTCHAR uni22DB
ENCODING 8923
SWIDTH 500 0
DWIDTH 6 0
BBX 6 12 0 -2
BITMAP
00
40
30
60
00
F8
00
F8
00
10
60
30
ENDCHAR
STARTCHAR uni22DC
ENCODING 8924
SWIDTH 500 0
DWIDTH 6 0
BBX 6 12 0 -2
BITMAP
00
F8
00
00
08
10
60
80
40
30
08
00
ENDCHAR
STARTCHAR uni22DD
ENCODING 8925
SWIDTH 500 0
DWIDTH 6 0
BBX 6 12 0 -2
BITMAP
00
F8
00
00
80
40
30
08
10
60
80
00
ENDCHAR
STARTCHAR uni22DE
ENCODING 8926
SWIDTH 500 0
DWIDTH 6 0
BBX 6 12 0 -2
BITMAP
00
08
10
68
90
20
C0
40
20
10
08
00
ENDCHAR
STARTCHAR uni22DF
ENCODING 8927
SWIDTH 500 0
DWIDTH 6 0
BBX 6 12 0 -2
BITMAP
00
80
40
B0
48
20
18
10
20
40
80
00
ENDCHAR
STARTCHAR uni22E0
ENCODING 8928
SWIDTH 500 0
DWIDTH 6 0
BBX 6 12 0 -2
BITMAP
08
08
10
30
D0
60
A0
50
68
50
88
80
ENDCHAR
STARTCHAR uni22E1
ENCODING 8929
SWIDTH 500 0
DWIDTH 6 0
BBX 6 12 0 -2
BITMAP
08
88
50
30
18
30
28
50
E0
40
80
80
ENDCHAR
STARTCHAR uni22E2
ENCODING 8930
SWIDTH 500 0
DWIDTH 6 0
BBX 6 12 0 -2
BITMAP
08
F8
90
90
90
A0
A0
F8
40
40
F8
80
ENDCHAR
STARTCHAR uni22E3
ENCODING 8931
SWIDTH 500 0
DWIDTH 6 0
BBX 6 12 0 -2
BITMAP
08
F8
18
18
18
28
28
F8
40
40
F8
80
ENDCHAR
STARTCHAR uni22E4
ENCODING 8932
SWIDTH 500 0
DWIDTH 6 0
BBX 6 12 0 -2
BITMAP
00
F8
80
80
80
80
80
F8
00
10
F8
40
ENDCHAR
STARTCHAR uni22E5
ENCODING 8933
SWIDTH 500 0
DWIDTH 6 0
BBX 6 12 0 -2
BITMAP
00
F8
08
08
08
08
08
F8
00
10
F8
40
ENDCHAR
STARTCHAR uni22E6
ENCODING 8934
SWIDTH 500 0
DWIDTH 6 0
BBX 6 12 0 -2
BITMAP
00
08
10
60
80
60
18
10
70
A8
30
40
ENDCHAR
STARTCHAR uni22E7
ENCODING 8935
SWIDTH 500 0
DWIDTH 6 0
BBX 6 12 0 -2
BITMAP
00
80
40
30
08
30
C0
10
70
A8
30
40
ENDCHAR
STARTCHAR uni22E8
ENCODING 8936
SWIDTH 500 0
DWIDTH 6 0
BBX 6 12 0 -2
BITMAP
00
08
10
20
E0
10
08
10
70
A8
30
40
ENDCHAR
STARTCHAR uni22E9
ENCODING 8937
SWIDTH 500 0
DWIDTH 6 0
BBX 6 12 0 -2
BITMAP
00
80
40
20
38
40
80
10
70
A8
30
40
ENDCHAR
STARTCHAR uni22EA
ENCODING 8938
SWIDTH 500 0
DWIDTH 6 0
BBX 6 12 0 -2
BITMAP
00
00
08
08
18
78
A8
68
78
48
80
00
ENDCHAR
STARTCHAR uni22EB
ENCODING 8939
SWIDTH 500 0
DWIDTH 6 0
BBX 6 12 0 -2
BITMAP
00
00
08
88
D0
B0
A8
B0
E0
C0
80
00
ENDCHAR
STARTCHAR uni22EC
ENCODING 8940
SWIDTH 500 0
DWIDTH 6 0
BBX 6 12 0 -2
BITMAP
08
08
18
78
98
68
38
48
40
40
F8
80
ENDCHAR
STARTCHAR uni22ED
ENCODING 8941
SWIDTH 500 0
DWIDTH 6 0
BBX 6 12 0 -2
BITMAP
08
88
D0
B0
98
B0
E0
C0
40
40
F8
80
ENDCHAR
STARTCHAR uni22EE
ENCODING 8942
SWIDTH 500 0
DWIDTH 6 0
BBX 6 12 0 -2
BITMAP
00
00
00
20
00
00
20
00
00
20
00
00
ENDCHAR
STARTCHAR uni22EF
ENCODING 8943
SWIDTH 500 0
DWIDTH 6 0
BBX 6 12 0 -2
BITMAP
00
00
00
00
00
00
A8
00
00
00
00
00
ENDCHAR
STARTCHAR uni22F0
ENCODING 8944
SWIDTH 500 0
DWIDTH 6 0
BBX 6 12 0 -2
BITMAP
00
00
00
08
00
00
20
00
00
80
00
00
ENDCHAR
STARTCHAR uni22F1
ENCODING 8945
SWIDTH 500 0
DWIDTH 6 0
BBX 6 12 0 -2
BITMAP
00
00
00
80
00
00
20
00
00
08
00
00
ENDCHAR
STARTCHAR uni22F2
ENCODING 8946
SWIDTH 500 0
DWIDTH 6 0
BBX 6 12 0 -2
BITMAP
00
00
00
38
40
40
F8
40
20
38
00
00
ENDCHAR
STARTCHAR uni22F3
ENCODING 8947
SWIDTH 500 0
DWIDTH 6 0
BBX 6 12 0 -2
BITMAP
00
00
78
80
80
88
F8
88
80
40
78
00
ENDCHAR
STARTCHAR uni22F4
ENCODING 8948
SWIDTH 500 0
DWIDTH 6 0
BBX 6 12 0 -2
BITMAP
00
00
00
78
80
88
F8
88
40
78
00
00
ENDCHAR
STARTCHAR uni22F5
ENCODING 8949
SWIDTH 500 0
DWIDTH 6 0
BBX 6 12 0 -2
BITMAP
00
20
00
78
80
80
F8
80
40
78
00
00
ENDCHAR
STARTCHAR uni22F6
ENCODING 8950
SWIDTH 500 0
DWIDTH 6 0
BBX 6 12 0 -2
BITMAP
00
F8
00
00
78
80
F8
80
80
78
00
00
ENDCHAR
STARTCHAR uni22F7
ENCODING 8951
SWIDTH 500 0
DWIDTH 6 0
BBX 6 12 0 -2
BITMAP
00
F8
00
00
78
80
F8
80
78
00
00
00
ENDCHAR
STARTCHAR uni22F8
ENCODING 8952
SWIDTH 500 0
DWIDTH 6 0
BBX 6 12 0 -2
BITMAP
00
00
00
78
80
F8
80
78
00
00
F8
00
ENDCHAR
STARTCHAR uni22F9
ENCODING 8953
SWIDTH 500 0
DWIDTH 6 0
BBX 6 12 0 -2
BITMAP
00
00
00
78
80
F8
80
F8
40
78
00
00
ENDCHAR
STARTCHAR uni22FA
ENCODING 8954
SWIDTH 500 0
DWIDTH 6 0
BBX 6 12 0 -2
BITMAP
00
00
00
E0
10
10
F8
10
20
E0
00
00
ENDCHAR
STARTCHAR uni22FB
ENCODING 8955
SWIDTH 500 0
DWIDTH 6 0
BBX 6 12 0 -2
BITMAP
00
00
F0
08
08
88
F8
88
08
10
F0
00
ENDCHAR
STARTCHAR uni22FC
ENCODING 8956
SWIDTH 500 0
DWIDTH 6 0
BBX 6 12 0 -2
BITMAP
00
00
00
F0
08
88
F8
88
10
F0
00
00
ENDCHAR
STARTCHAR uni22FD
ENCODING 8957
SWIDTH 500 0
DWIDTH 6 0
BBX 6 12 0 -2
BITMAP
00
F8
00
00
F0
08
F8
08
08
F0
00
00
ENDCHAR
STARTCHAR uni22FE
ENCODING 8958
SWIDTH 500 0
DWIDTH 6 0
BBX 6 12 0 -2
BITMAP
00
F8
00
00
F0
08
F8
08
F0
00
00
00
ENDCHAR
STARTCHAR uni22FF
ENCODING 8959
SWIDTH 500 0
DWIDTH 6 0
BBX 6 12 0 -2
BITMAP
00
00
00
F8
80
80
F8
80
80
F8
00
00
ENDCHAR
STARTCHAR uni2301
ENCODING 8961
SWIDTH 500 0
DWIDTH 6 0
BBX 6 12 0 -2
BITMAP
00
00
00
00
A0
70
28
00
00
00
00
00
ENDCHAR
STARTCHAR uni2303
ENCODING 8963
SWIDTH 500 0
DWIDTH 6 0
BBX 6 12 0 -2
BITMAP
00
00
00
00
20
50
88
00
00
00
00
00
ENDCHAR
STARTCHAR uni2304
ENCODING 8964
SWIDTH 500 0
DWIDTH 6 0
BBX 6 12 0 -2
BITMAP
00
00
00
00
88
50
20
00
00
00
00
00
ENDCHAR
STARTCHAR uni2318
ENCODING 8984
SWIDTH 500 0
DWIDTH 6 0
BBX 6 12 0 -2
BITMAP
00
00
48
B4
78
30
78
B4
48
00
00
00
ENDCHAR
STARTCHAR uni231A
ENCODING 8986
SWIDTH 500 0
DWIDTH 6 0
BBX 6 12 0 -2
BITMAP
00
30
30
30
48
D4
A4
48
30
30
30
00
ENDCHAR
STARTCHAR uni231B
ENCODING 8987
SWIDTH 500 0
DWIDTH 6 0
BBX 6 12 0 -2
BITMAP
00
FC
84
78
30
30
48
B4
FC
00
00
00
ENDCHAR
STARTCHAR uni2325
ENCODING 8997
SWIDTH 500 0
DWIDTH 6 0
BBX 6 12 0 -2
BITMAP
00
00
00
DC
40
20
20
1C
00
00
00
00
ENDCHAR
STARTCHAR uni2326
ENCODING 8998
SWIDTH 500 0
DWIDTH 6 0
BBX 6 12 0 -2
BITMAP
00
00
F0
88
D4
A4
D4
88
F0
00
00
00
ENDCHAR
STARTCHAR uni2328
ENCODING 9000
SWIDTH 500 0
DWIDTH 6 0
BBX 6 12 0 -2
BITMAP
00
00
FC
AC
D4
84
FC
00
00
00
00
00
ENDCHAR
STARTCHAR uni232B
ENCODING 9003
SWIDTH 500 0
DWIDTH 6 0
BBX 6 12 0 -2
BITMAP
00
00
3C
44
AC
94
AC
44
3C
00
00
00
ENDCHAR
STARTCHAR uni238B
ENCODING 9099
SWIDTH 500 0
DWIDTH 6 0
BBX 6 12 0 -2
BITMAP
00
00
E0
C0
A8
24
14
44
38
00
00
00
ENDCHAR
STARTCHAR uni23CE
ENCODING 9166
SWIDTH 500 0
DWIDTH 6 0
BBX 6 12 0 -2
BITMAP
00
00
08
08
28
48
F8
40
20
00
00
00
ENDCHAR
STARTCHAR uni23CF
ENCODING 9167
SWIDTH 500 0
DWIDTH 6 0
BBX 6 12 0 -2
BITMAP
00
00
20
70
F8
00
F8
00
00
00
00
00
ENDCHAR
STARTCHAR uni23E9
ENCODING 9193
SWIDTH 500 0
DWIDTH 6 0
BBX 6 12 0 -2
BITMAP
00
00
00
90
D8
90
00
00
00
00
00
00
ENDCHAR
STARTCHAR uni23EA
ENCODING 9194
SWIDTH 500 0
DWIDTH 6 0
BBX 6 12 0 -2
BITMAP
00
00
00
48
D8
48
00
00
00
00
00
00
ENDCHAR
STARTCHAR uni23EB
ENCODING 9195
SWIDTH 500 0
DWIDTH 6 0
BBX 6 12 0 -2
BITMAP
00
00
20
F8
00
20
F8
00
00
00
00
00
ENDCHAR
STARTCHAR uni23EC
ENCODING 9196
SWIDTH 500 0
DWIDTH 6 0
BBX 6 12 0 -2
BITMAP
00
00
F8
20
00
F8
20
00
00
00
00
00
ENDCHAR
STARTCHAR uni23ED
ENCODING 9197
SWIDTH 500 0
DWIDTH 6 0
BBX 6 12 0 -2
BITMAP
00
00
00
A4
F4
A4
00
00
00
00
00
00
ENDCHAR
STARTCHAR uni23EE
ENCODING 9198
SWIDTH 500 0
DWIDTH 6 0
BBX 6 12 0 -2
BITMAP
00
00
00
94
BC
94
00
00
00
00
00
00
ENDCHAR
STARTCHAR uni23EF
ENCODING 9199
SWIDTH 500 0
DWIDTH 6 0
BBX 6 12 0 -2
BITMAP
00
00
94
94
D4
94
94
00
00
00
00
00
ENDCHAR
STARTCHAR uni23F0
ENCODING 9200
SWIDTH 500 0
DWIDTH 6 0
BBX 6 12 0 -2
BITMAP
00
48
FC
78
68
A4
A4
48
78
84
84
00
ENDCHAR
STARTCHAR uni23F1
ENCODING 9201
SWIDTH 500 0
DWIDTH 6 0
BBX 6 12 0 -2
BITMAP
00
3C
38
30
68
A4
E4
84
84
48
30
00
ENDCHAR
STARTCHAR uni23F2
ENCODING 9202
SWIDTH 500 0
DWIDTH 6 0
BBX 6 12 0 -2
BITMAP
00
38
30
78
BC
BC
BC
9C
8C
48
30
00
ENDCHAR
STARTCHAR uni23F3
ENCODING 9203
SWIDTH 500 0
DWIDTH 6 0
BBX 6 12 0 -2
BITMAP
00
FC
78
78
70
30
30
28
68
78
FC
00
ENDCHAR
STARTCHAR uni23F5
ENCODING 9205
SWIDTH 500 0
DWIDTH 6 0
BBX 6 12 0 -2
BITMAP
00
00
00
80
E0
F8
E0
80
00
00
00
00
ENDCHAR
STARTCHAR uni23F8
ENCODING 9208
SWIDTH 500 0
DWIDTH 6 0
BBX 6 12 0 -2
BITMAP
00
00
CC
CC
CC
CC
CC
CC
CC
00
00
00
ENDCHAR
STARTCHAR uni23F9
ENCODING 9209
SWIDTH 500 0
DWIDTH 6 0
BBX 6 12 0 -2
BITMAP
00
00
00
F8
F8
F8
F8
F8
00
00
00
00
ENDCHAR
STARTCHAR uni23FA
ENCODING 9210
SWIDTH 500 0
DWIDTH 6 0
BBX 6 12 0 -2
BITMAP
00
00
70
F8
F8
F8
70
00
00
00
00
00
ENDCHAR
STARTCHAR uni24C2
ENCODING 9410
SWIDTH 500 0
DWIDTH 6 0
BBX 6 12 0 -2
BITMAP
78
FC
AC
8C
AC
AC
AC
FC
78
00
00
00
ENDCHAR
STARTCHAR uni24D8
ENCODING 9432
SWIDTH 500 0
DWIDTH 6 0
BBX 6 12 0 -2
BITMAP
00
78
84
A4
84
A4
A4
84
78
00
00
00
ENDCHAR
STARTCHAR uni2504
ENCODING 9476
SWIDTH 500 0
DWIDTH 6 0
BBX 6 12 0 -2
BITMAP
00
00
00
00
00
A8
00
00
00
00
00
00
ENDCHAR
STARTCHAR uni2505
ENCODING 9477
SWIDTH 500 0
DWIDTH 6 0
BBX 6 12 0 -2
BITMAP
00
00
00
00
00
A8
A8
00
00
00
00
00
ENDCHAR
STARTCHAR uni2506
ENCODING 9478
SWIDTH 500 0
DWIDTH 6 0
BBX 6 12 0 -2
BITMAP
20
20
20
00
20
20
20
00
20
20
20
00
ENDCHAR
STARTCHAR uni2507
ENCODING 9479
SWIDTH 500 0
DWIDTH 6 0
BBX 6 12 0 -2
BITMAP
30
30
30
00
30
30
30
00
30
30
30
00
ENDCHAR
STARTCHAR uni254C
ENCODING 9548
SWIDTH 500 0
DWIDTH 6 0
BBX 6 12 0 -2
BITMAP
00
00
00
00
00
D8
00
00
00
00
00
00
ENDCHAR
STARTCHAR uni254D
ENCODING 9549
SWIDTH 500 0
DWIDTH 6 0
BBX 6 12 0 -2
BITMAP
00
00
00
00
00
D8
D8
00
00
00
00
00
ENDCHAR
STARTCHAR uni254E
ENCODING 9550
SWIDTH 500 0
DWIDTH 6 0
BBX 6 12 0 -2
BITMAP
20
20
20
20
20
00
20
20
20
20
20
00
ENDCHAR
STARTCHAR uni254F
ENCODING 9551
SWIDTH 500 0
DWIDTH 6 0
BBX 6 12 0 -2
BITMAP
30
30
30
30
30
00
30
30
30
30
30
00
ENDCHAR
STARTCHAR uni2594
ENCODING 9620
SWIDTH 500 0
DWIDTH 6 0
BBX 6 12 0 -2
BITMAP
FC
FC
00
00
00
00
00
00
00
00
00
00
ENDCHAR
STARTCHAR uni2595
ENCODING 9621
SWIDTH 500 0
DWIDTH 6 0
BBX 6 12 0 -2
BITMAP
04
04
04
04
04
04
04
04
04
04
04
04
ENDCHAR
STARTCHAR uni25A1
ENCODING 9633
SWIDTH 500 0
DWIDTH 6 0
BBX 6 12 0 -2
BITMAP
00
00
00
F8
88
88
88
F8
00
00
00
00
ENDCHAR
STARTCHAR uni25A2
ENCODING 9634
SWIDTH 500 0
DWIDTH 6 0
BBX 6 12 0 -2
BITMAP
00
00
00
70
88
88
88
70
00
00
00
00
ENDCHAR
STARTCHAR uni25A3
ENCODING 9635
SWIDTH 500 0
DWIDTH 6 0
BBX 6 12 0 -2
BITMAP
00
00
00
F8
88
A8
88
F8
00
00
00
00
ENDCHAR
STARTCHAR uni25A4
ENCODING 9636
SWIDTH 500 0
DWIDTH 6 0
BBX 6 12 0 -2
BITMAP
00
00
00
F8
88
F8
88
F8
00
00
00
00
ENDCHAR
STARTCHAR uni25A5
ENCODING 9637
SWIDTH 500 0
DWIDTH 6 0
BBX 6 12 0 -2
BITMAP
00
00
00
F8
D8
D8
D8
F8
00
00
00
00
ENDCHAR
STARTCHAR uni25A6
ENCODING 9638
SWIDTH 500 0
DWIDTH 6 0
BBX 6 12 0 -2
BITMAP
00
00
00
F8
A8
F8
A8
F8
00
00
00
00
ENDCHAR
STARTCHAR uni25A7
ENCODING 9639
SWIDTH 500 0
DWIDTH 6 0
BBX 6 12 0 -2
BITMAP
00
00
00
F8
C8
A8
98
F8
00
00
00
00
ENDCHAR
STARTCHAR uni25A8
ENCODING 9640
SWIDTH 500 0
DWIDTH 6 0
BBX 6 12 0 -2
BITMAP
00
00
00
F8
98
A8
C8
F8
00
00
00
00
ENDCHAR
STARTCHAR uni25A9
ENCODING 9641
SWIDTH 500 0
DWIDTH 6 0
BBX 6 12 0 -2
BITMAP
00
00
00
F8
D8
A8
D8
F8
00
00
00
00
ENDCHAR
STARTCHAR uni25AA
ENCODING 9642
SWIDTH 500 0
DWIDTH 6 0
BBX 6 12 0 -2
BITMAP
00
00
00
00
70
70
70
00
00
00
00
00
ENDCHAR
STARTCHAR uni25AB
ENCODING 9643
SWIDTH 500 0
DWIDTH 6 0
BBX 6 12 0 -2
BITMAP
00
00
00
00
70
50
70
00
00
00
00
00
ENDCHAR
STARTCHAR uni25AD
ENCODING 9645
SWIDTH 500 0
DWIDTH 6 0
BBX 6 12 0 -2
BITMAP
00
00
00
F8
88
88
F8
00
00
00
00
00
ENDCHAR
STARTCHAR uni25AF
ENCODING 9647
SWIDTH 500 0
DWIDTH 6 0
BBX 6 12 0 -2
BITMAP
00
00
70
50
50
50
50
50
50
70
00
00
ENDCHAR
STARTCHAR uni25B0
ENCODING 9648
SWIDTH 500 0
DWIDTH 6 0
BBX 6 12 0 -2
BITMAP
00
00
00
78
78
F0
F0
00
00
00
00
00
ENDCHAR
STARTCHAR uni25B1
ENCODING 9649
SWIDTH 500 0
DWIDTH 6 0
BBX 6 12 0 -2
BITMAP
00
00
00
78
48
90
F0
00
00
00
00
00
ENDCHAR
STARTCHAR uni25B3
ENCODING 9651
SWIDTH 500 0
DWIDTH 6 0
BBX 6 12 0 -2
BITMAP
00
00
00
20
50
50
88
F8
00
00
00
00
ENDCHAR
STARTCHAR uni25B4
ENCODING 9652
SWIDTH 500 0
DWIDTH 6 0
BBX 6 12 0 -2
BITMAP
00
00
00
00
20
70
F8
00
00
00
00
00
ENDCHAR
STARTCHAR uni25B5
ENCODING 9653
SWIDTH 500 0
DWIDTH 6 0
BBX 6 12 0 -2
BITMAP
00
00
00
00
20
50
F8
00
00
00
00
00
ENDCHAR
STARTCHAR uni25B7
ENCODING 9655
SWIDTH 500 0
DWIDTH 6 0
BBX 6 12 0 -2
BITMAP
00
00
80
C0
B0
88
B0
C0
80
00
00
00
ENDCHAR
STARTCHAR uni25B8
ENCODING 9656
SWIDTH 500 0
DWIDTH 6 0
BBX 6 12 0 -2
BITMAP
00
00
00
40
60
70
60
40
00
00
00
00
ENDCHAR
STARTCHAR uni25B9
ENCODING 9657
SWIDTH 500 0
DWIDTH 6 0
BBX 6 12 0 -2
BITMAP
00
00
00
40
60
50
60
40
00
00
00
00
ENDCHAR
STARTCHAR uni25BB
ENCODING 9659
SWIDTH 500 0
DWIDTH 6 0
BBX 6 12 0 -2
BITMAP
00
00
00
C0
B0
4C
58
E0
80
00
00
00
ENDCHAR
STARTCHAR uni25BD
ENCODING 9661
SWIDTH 500 0
DWIDTH 6 0
BBX 6 12 0 -2
BITMAP
00
00
00
F8
88
50
50
20
00
00
00
00
ENDCHAR
STARTCHAR uni25BE
ENCODING 9662
SWIDTH 500 0
DWIDTH 6 0
BBX 6 12 0 -2
BITMAP
00
00
00
00
F8
70
20
00
00
00
00
00
ENDCHAR
STARTCHAR uni25BF
ENCODING 9663
SWIDTH 500 0
DWIDTH 6 0
BBX 6 12 0 -2
BITMAP
00
00
00
00
F8
50
20
00
00
00
00
00
ENDCHAR
STARTCHAR uni25C1
ENCODING 9665
SWIDTH 500 0
DWIDTH 6 0
BBX 6 12 0 -2
BITMAP
00
00
08
18
68
88
68
18
08
00
00
00
ENDCHAR
STARTCHAR uni25C2
ENCODING 9666
SWIDTH 500 0
DWIDTH 6 0
BBX 6 12 0 -2
BITMAP
00
00
00
10
30
70
30
10
00
00
00
00
ENDCHAR
STARTCHAR uni25C3
ENCODING 9667
SWIDTH 500 0
DWIDTH 6 0
BBX 6 12 0 -2
BITMAP
00
00
00
10
30
50
30
10
00
00
00
00
ENDCHAR
STARTCHAR uni25C5
ENCODING 9669
SWIDTH 500 0
DWIDTH 6 0
BBX 6 12 0 -2
BITMAP
00
00
00
0C
34
C8
68
1C
04
00
00
00
ENDCHAR
STARTCHAR uni25C7
ENCODING 9671
SWIDTH 500 0
DWIDTH 6 0
BBX 6 12 0 -2
BITMAP
00
00
30
48
84
84
84
48
30
00
00
00
ENDCHAR
STARTCHAR uni25C8
ENCODING 9672
SWIDTH 500 0
DWIDTH 6 0
BBX 6 12 0 -2
BITMAP
00
00
30
48
84
B4
84
48
30
00
00
00
ENDCHAR
STARTCHAR uni25C9
ENCODING 9673
SWIDTH 500 0
DWIDTH 6 0
BBX 6 12 0 -2
BITMAP
00
00
00
78
84
B4
B4
84
78
00
00
00
ENDCHAR
STARTCHAR uni25CC
ENCODING 9676
SWIDTH 500 0
DWIDTH 6 0
BBX 6 12 0 -2
BITMAP
00
00
30
84
00
84
00
84
30
00
00
00
ENDCHAR
STARTCHAR uni25CD
ENCODING 9677
SWIDTH 500 0
DWIDTH 6 0
BBX 6 12 0 -2
BITMAP
00
00
00
78
AC
AC
AC
AC
78
00
00
00
ENDCHAR
STARTCHAR uni25CE
ENCODING 9678
SWIDTH 500 0
DWIDTH 6 0
BBX 6 12 0 -2
BITMAP
00
30
48
B4
CC
CC
B4
48
30
00
00
00
ENDCHAR
STARTCHAR uni25D0
ENCODING 9680
SWIDTH 500 0
DWIDTH 6 0
BBX 6 12 0 -2
BITMAP
00
00
00
78
E4
E4
E4
E4
78
00
00
00
ENDCHAR
STARTCHAR uni25D1
ENCODING 9681
SWIDTH 500 0
DWIDTH 6 0
BBX 6 12 0 -2
BITMAP
00
00
00
78
9C
9C
9C
9C
78
00
00
00
ENDCHAR
STARTCHAR uni25D2
ENCODING 9682
SWIDTH 500 0
DWIDTH 6 0
BBX 6 12 0 -2
BITMAP
00
00
00
78
84
84
FC
FC
78
00
00
00
ENDCHAR
STARTCHAR uni25D3
ENCODING 9683
SWIDTH 500 0
DWIDTH 6 0
BBX 6 12 0 -2
BITMAP
00
00
00
78
FC
FC
84
84
78
00
00
00
ENDCHAR
STARTCHAR uni25D4
ENCODING 9684
SWIDTH 500 0
DWIDTH 6 0
BBX 6 12 0 -2
BITMAP
00
00
00
78
9C
9C
84
84
78
00
00
00
ENDCHAR
STARTCHAR uni25D5
ENCODING 9685
SWIDTH 500 0
DWIDTH 6 0
BBX 6 12 0 -2
BITMAP
00
00
00
78
9C
9C
FC
FC
78
00
00
00
ENDCHAR
STARTCHAR uni25D6
ENCODING 9686
SWIDTH 500 0
DWIDTH 6 0
BBX 6 12 0 -2
BITMAP
00
00
00
60
E0
E0
E0
E0
60
00
00
00
ENDCHAR
STARTCHAR uni25D7
ENCODING 9687
SWIDTH 500 0
DWIDTH 6 0
BBX 6 12 0 -2
BITMAP
00
00
00
18
1C
1C
1C
1C
18
00
00
00
ENDCHAR
STARTCHAR uni25DA
ENCODING 9690
SWIDTH 500 0
DWIDTH 6 0
BBX 6 12 0 -2
BITMAP
00
00
00
FC
84
84
00
00
00
00
00
00
ENDCHAR
STARTCHAR uni25DB
ENCODING 9691
SWIDTH 500 0
DWIDTH 6 0
BBX 6 12 0 -2
BITMAP
00
00
00
00
00
00
84
84
FC
00
00
00
ENDCHAR
STARTCHAR uni25DC
ENCODING 9692
SWIDTH 500 0
DWIDTH 6 0
BBX 6 12 0 -2
BITMAP
00
00
00
60
80
80
00
00
00
00
00
00
ENDCHAR
STARTCHAR uni25DD
ENCODING 9693
SWIDTH 500 0
DWIDTH 6 0
BBX 6 12 0 -2
BITMAP
00
00
00
18
04
04
00
00
00
00
00
00
ENDCHAR
STARTCHAR uni25DE
ENCODING 9694
SWIDTH 500 0
DWIDTH 6 0
BBX 6 12 0 -2
BITMAP
00
00
00
00
00
00
04
04
18
00
00
00
ENDCHAR
STARTCHAR uni25DF
ENCODING 9695
SWIDTH 500 0
DWIDTH 6 0
BBX 6 12 0 -2
BITMAP
00
00
00
00
00
00
80
80
60
00
00
00
ENDCHAR
STARTCHAR uni25E0
ENCODING 9696
SWIDTH 500 0
DWIDTH 6 0
BBX 6 12 0 -2
BITMAP
00
00
00
78
84
84
00
00
00
00
00
00
ENDCHAR
STARTCHAR uni25E1
ENCODING 9697
SWIDTH 500 0
DWIDTH 6 0
BBX 6 12 0 -2
BITMAP
00
00
00
00
00
00
84
84
78
00
00
00
ENDCHAR
STARTCHAR uni25E2
ENCODING 9698
SWIDTH 500 0
DWIDTH 6 0
BBX 6 12 0 -2
BITMAP
00
00
00
08
18
38
78
F8
00
00
00
00
ENDCHAR
STARTCHAR uni25E3
ENCODING 9699
SWIDTH 500 0
DWIDTH 6 0
BBX 6 12 0 -2
BITMAP
00
00
00
80
C0
E0
F0
F8
00
00
00
00
ENDCHAR
STARTCHAR uni25E4
ENCODING 9700
SWIDTH 500 0
DWIDTH 6 0
BBX 6 12 0 -2
BITMAP
00
00
00
F8
F0
E0
C0
80
00
00
00
00
ENDCHAR
STARTCHAR uni25E5
ENCODING 9701
SWIDTH 500 0
DWIDTH 6 0
BBX 6 12 0 -2
BITMAP
00
00
00
F8
78
38
18
08
00
00
00
00
ENDCHAR
STARTCHAR uni25E6
ENCODING 9702
SWIDTH 500 0
DWIDTH 6 0
BBX 6 12 0 -2
BITMAP
00
00
00
00
20
50
20
00
00
00
00
00
ENDCHAR
STARTCHAR uni25E7
ENCODING 9703
SWIDTH 500 0
DWIDTH 6 0
BBX 6 12 0 -2
BITMAP
00
00
00
F8
E8
E8
E8
F8
00
00
00
00
ENDCHAR
STARTCHAR uni25E8
ENCODING 9704
SWIDTH 500 0
DWIDTH 6 0
BBX 6 12 0 -2
BITMAP
00
00
00
F8
B8
B8
B8
F8
00
00
00
00
ENDCHAR
STARTCHAR uni25E9
ENCODING 9705
SWIDTH 500 0
DWIDTH 6 0
BBX 6 12 0 -2
BITMAP
00
00
00
F8
F8
E8
C8
F8
00
00
00
00
ENDCHAR
STARTCHAR uni25EA
ENCODING 9706
SWIDTH 500 0
DWIDTH 6 0
BBX 6 12 0 -2
BITMAP
00
00
00
F8
98
B8
F8
F8
00
00
00
00
ENDCHAR
STARTCHAR uni25EB
ENCODING 9707
SWIDTH 500 0
DWIDTH 6 0
BBX 6 12 0 -2
BITMAP
00
00
00
F8
A8
A8
A8
F8
00
00
00
00
ENDCHAR
STARTCHAR uni25EC
ENCODING 9708
SWIDTH 500 0
DWIDTH 6 0
BBX 6 12 0 -2
BITMAP
00
00
00
20
50
88
A8
88
F8
00
00
00
ENDCHAR
STARTCHAR uni25ED
ENCODING 9709
SWIDTH 500 0
DWIDTH 6 0
BBX 6 12 0 -2
BITMAP
00
00
00
20
70
70
E8
F8
00
00
00
00
ENDCHAR
STARTCHAR uni25EE
ENCODING 9710
SWIDTH 500 0
DWIDTH 6 0
BBX 6 12 0 -2
BITMAP
00
00
00
20
70
70
B8
F8
00
00
00
00
ENDCHAR
STARTCHAR uni25EF
ENCODING 9711
SWIDTH 500 0
DWIDTH 6 0
BBX 6 12 0 -2
BITMAP
00
00
00
78
84
84
84
84
78
00
00
00
ENDCHAR
STARTCHAR uni25F0
ENCODING 9712
SWIDTH 500 0
DWIDTH 6 0
BBX 6 12 0 -2
BITMAP
00
00
00
F8
A8
E8
88
F8
00
00
00
00
ENDCHAR
STARTCHAR uni25F1
ENCODING 9713
SWIDTH 500 0
DWIDTH 6 0
BBX 6 12 0 -2
BITMAP
00
00
00
F8
88
E8
A8
F8
00
00
00
00
ENDCHAR
STARTCHAR uni25F2
ENCODING 9714
SWIDTH 500 0
DWIDTH 6 0
BBX 6 12 0 -2
BITMAP
00
00
00
F8
88
B8
A8
F8
00
00
00
00
ENDCHAR
STARTCHAR uni25F3
ENCODING 9715
SWIDTH 500 0
DWIDTH 6 0
BBX 6 12 0 -2
BITMAP
00
00
00
F8
A8
B8
88
F8
00
00
00
00
ENDCHAR
STARTCHAR uni25F4
ENCODING 9716
SWIDTH 500 0
DWIDTH 6 0
BBX 6 12 0 -2
BITMAP
00
00
00
78
A4
E4
84
84
78
00
00
00
ENDCHAR
STARTCHAR uni25F5
ENCODING 9717
SWIDTH 500 0
DWIDTH 6 0
BBX 6 12 0 -2
BITMAP
00
00
00
78
84
E4
A4
A4
78
00
00
00
ENDCHAR
STARTCHAR uni25F6
ENCODING 9718
SWIDTH 500 0
DWIDTH 6 0
BBX 6 12 0 -2
BITMAP
00
00
00
78
84
BC
A4
A4
78
00
00
00
ENDCHAR
STARTCHAR uni25F7
ENCODING 9719
SWIDTH 500 0
DWIDTH 6 0
BBX 6 12 0 -2
BITMAP
00
00
00
78
A4
BC
84
84
78
00
00
00
ENDCHAR
STARTCHAR uni25F8
ENCODING 9720
SWIDTH 500 0
DWIDTH 6 0
BBX 6 12 0 -2
BITMAP
00
00
00
F8
90
A0
C0
80
00
00
00
00
ENDCHAR
STARTCHAR uni25F9
ENCODING 9721
SWIDTH 500 0
DWIDTH 6 0
BBX 6 12 0 -2
BITMAP
00
00
00
F8
48
28
18
08
00
00
00
00
ENDCHAR
STARTCHAR uni25FA
ENCODING 9722
SWIDTH 500 0
DWIDTH 6 0
BBX 6 12 0 -2
BITMAP
00
00
00
80
C0
A0
90
F8
00
00
00
00
ENDCHAR
STARTCHAR uni25FB
ENCODING 9723
SWIDTH 500 0
DWIDTH 6 0
BBX 6 12 0 -2
BITMAP
00
00
F8
88
88
88
F8
00
00
00
00
00
ENDCHAR
STARTCHAR uni25FC
ENCODING 9724
SWIDTH 500 0
DWIDTH 6 0
BBX 6 12 0 -2
BITMAP
00
00
F8
F8
F8
F8
F8
00
00
00
00
00
ENDCHAR
STARTCHAR uni25FD
ENCODING 9725
SWIDTH 500 0
DWIDTH 6 0
BBX 6 12 0 -2
BITMAP
00
00
00
78
48
48
78
00
00
00
00
00
ENDCHAR
STARTCHAR uni25FE
ENCODING 9726
SWIDTH 500 0
DWIDTH 6 0
BBX 6 12 0 -2
BITMAP
00
00
00
78
78
78
78
00
00
00
00
00
ENDCHAR
STARTCHAR uni25FF
ENCODING 9727
SWIDTH 500 0
DWIDTH 6 0
BBX 6 12 0 -2
BITMAP
00
00
00
08
18
28
48
F8
00
00
00
00
ENDCHAR
STARTCHAR uni2600
ENCODING 9728
SWIDTH 500 0
DWIDTH 6 0
BBX 6 12 0 -2
BITMAP
00
20
68
78
78
FC
78
78
68
20
00
00
ENDCHAR
STARTCHAR uni2601
ENCODING 9729
SWIDTH 500 0
DWIDTH 6 0
BBX 6 12 0 -2
BITMAP
00
00
00
00
00
30
48
84
78
00
00
00
ENDCHAR
STARTCHAR uni2602
ENCODING 9730
SWIDTH 500 0
DWIDTH 6 0
BBX 6 12 0 -2
BITMAP
00
20
30
78
7C
B4
20
20
20
60
20
00
ENDCHAR
STARTCHAR uni2603
ENCODING 9731
SWIDTH 500 0
DWIDTH 6 0
BBX 6 12 0 -2
BITMAP
00
34
B0
78
78
BC
58
48
BC
88
70
00
ENDCHAR
STARTCHAR uni2604
ENCODING 9732
SWIDTH 500 0
DWIDTH 6 0
BBX 6 12 0 -2
BITMAP
00
0C
0C
3C
38
38
78
68
90
90
60
00
ENDCHAR
STARTCHAR uni2605
ENCODING 9733
SWIDTH 500 0
DWIDTH 6 0
BBX 6 12 0 -2
BITMAP
00
00
30
30
FC
78
78
CC
84
00
00
00
ENDCHAR
STARTCHAR uni2606
ENCODING 9734
SWIDTH 500 0
DWIDTH 6 0
BBX 6 12 0 -2
BITMAP
00
00
30
30
FC
48
48
CC
84
00
00
00
ENDCHAR
STARTCHAR uni260E
ENCODING 9742
SWIDTH 500 0
DWIDTH 6 0
BBX 6 12 0 -2
BITMAP
00
70
88
88
70
A8
88
F8
00
00
00
00
ENDCHAR
STARTCHAR uni2610
ENCODING 9744
SWIDTH 500 0
DWIDTH 6 0
BBX 6 12 0 -2
BITMAP
00
FC
84
84
84
84
84
84
FC
00
00
00
ENDCHAR
STARTCHAR uni2611
ENCODING 9745
SWIDTH 500 0
DWIDTH 6 0
BBX 6 12 0 -2
BITMAP
00
FC
84
8C
D4
B4
A4
84
FC
00
00
00
ENDCHAR
STARTCHAR uni2612
ENCODING 9746
SWIDTH 500 0
DWIDTH 6 0
BBX 6 12 0 -2
BITMAP
00
FC
84
CC
B4
B4
CC
84
FC
00
00
00
ENDCHAR
STARTCHAR uni2614
ENCODING 9748
SWIDTH 500 0
DWIDTH 6 0
BBX 6 12 0 -2
BITMAP
00
48
A8
30
28
78
B4
20
20
60
60
00
ENDCHAR
STARTCHAR uni2615
ENCODING 9749
SWIDTH 500 0
DWIDTH 6 0
BBX 6 12 0 -2
BITMAP
00
60
60
50
F8
FC
8C
8C
8C
88
70
00
ENDCHAR
STARTCHAR uni2618
ENCODING 9752
SWIDTH 500 0
DWIDTH 6 0
BBX 6 12 0 -2
BITMAP
00
30
30
30
B4
FC
FC
58
10
10
20
00
ENDCHAR
STARTCHAR uni261D
ENCODING 9757
SWIDTH 500 0
DWIDTH 6 0
BBX 6 12 0 -2
BITMAP
00
30
30
30
30
F8
A8
98
78
48
78
00
ENDCHAR
STARTCHAR uni2620
ENCODING 9760
SWIDTH 500 0
DWIDTH 6 0
BBX 6 12 0 -2
BITMAP
00
78
FC
B4
FC
68
78
58
CC
30
CC
00
ENDCHAR
STARTCHAR uni2622
ENCODING 9762
SWIDTH 500 0
DWIDTH 6 0
BBX 6 12 0 -2
BITMAP
00
88
D8
00
20
00
70
20
00
00
00
00
ENDCHAR
STARTCHAR uni2623
ENCODING 9763
SWIDTH 500 0
DWIDTH 6 0
BBX 6 12 0 -2
BITMAP
00
48
48
30
CC
B4
30
48
00
00
00
00
ENDCHAR
STARTCHAR uni2626
ENCODING 9766
SWIDTH 500 0
DWIDTH 6 0
BBX 6 12 0 -2
BITMAP
20
70
20
F8
20
20
60
30
20
20
00
00
ENDCHAR
STARTCHAR uni262A
ENCODING 9770
SWIDTH 500 0
DWIDTH 6 0
BBX 6 12 0 -2
BITMAP
00
30
40
90
A8
90
40
30
00
00
00
00
ENDCHAR
STARTCHAR uni262E
ENCODING 9774
SWIDTH 500 0
DWIDTH 6 0
BBX 6 12 0 -2
BITMAP
00
78
94
94
94
BC
D4
94
78
00
00
00
ENDCHAR
STARTCHAR uni262F
ENCODING 9775
SWIDTH 500 0
DWIDTH 6 0
BBX 6 12 0 -2
BITMAP
00
70
A8
98
D8
C8
A8
70
00
00
00
00
ENDCHAR
STARTCHAR uni2638
ENCODING 9784
SWIDTH 500 0
DWIDTH 6 0
BBX 6 12 0 -2
BITMAP
00
00
A8
70
D8
70
A8
00
00
00
00
00
ENDCHAR
STARTCHAR uni2639
ENCODING 9785
SWIDTH 500 0
DWIDTH 6 0
BBX 6 12 0 -2
BITMAP
00
30
78
84
48
84
B4
AC
CC
48
30
00
ENDCHAR
STARTCHAR uni2648
ENCODING 9800
SWIDTH 500 0
DWIDTH 6 0
BBX 6 12 0 -2
BITMAP
00
50
A8
A8
20
20
20
20
00
00
00
00
ENDCHAR
STARTCHAR uni2649
ENCODING 9801
SWIDTH 500 0
DWIDTH 6 0
BBX 6 12 0 -2
BITMAP
00
88
88
50
70
88
88
88
70
00
00
00
ENDCHAR
STARTCHAR uni264A
ENCODING 9802
SWIDTH 500 0
DWIDTH 6 0
BBX 6 12 0 -2
BITMAP
00
F8
50
50
50
50
50
F8
00
00
00
00
ENDCHAR
STARTCHAR uni264B
ENCODING 9803
SWIDTH 500 0
DWIDTH 6 0
BBX 6 12 0 -2
BITMAP
00
78
A0
40
00
10
28
F0
00
00
00
00
ENDCHAR
STARTCHAR uni264C
ENCODING 9804
SWIDTH 500 0
DWIDTH 6 0
BBX 6 12 0 -2
BITMAP
60
90
90
50
D0
B0
D0
10
08
00
00
00
ENDCHAR
STARTCHAR uni264D
ENCODING 9805
SWIDTH 500 0
DWIDTH 6 0
BBX 6 12 0 -2
BITMAP
00
A8
FC
A8
A8
AC
A8
08
10
00
00
00
ENDCHAR
STARTCHAR uni264E
ENCODING 9806
SWIDTH 500 0
DWIDTH 6 0
BBX 6 12 0 -2
BITMAP
00
00
70
50
50
D8
00
F8
00
00
00
00
ENDCHAR
STARTCHAR uni264F
ENCODING 9807
SWIDTH 500 0
DWIDTH 6 0
BBX 6 12 0 -2
BITMAP
00
A8
FC
A8
A8
A8
AC
0C
08
00
00
00
ENDCHAR
STARTCHAR uni2650
ENCODING 9808
SWIDTH 500 0
DWIDTH 6 0
BBX 6 12 0 -2
BITMAP
00
38
18
28
A0
60
30
40
80
00
00
00
ENDCHAR
STARTCHAR uni2651
ENCODING 9809
SWIDTH 500 0
DWIDTH 6 0
BBX 6 12 0 -2
BITMAP
00
B0
A8
68
48
0C
14
2C
40
00
00
00
ENDCHAR
STARTCHAR uni2652
ENCODING 9810
SWIDTH 500 0
DWIDTH 6 0
BBX 6 12 0 -2
BITMAP
00
00
54
A8
00
54
A8
00
00
00
00
00
ENDCHAR
STARTCHAR uni2653
ENCODING 9811
SWIDTH 500 0
DWIDTH 6 0
BBX 6 12 0 -2
BITMAP
00
88
50
50
F8
50
50
88
00
00
00
00
ENDCHAR
STARTCHAR uni265F
ENCODING 9823
SWIDTH 500 0
DWIDTH 6 0
BBX 6 12 0 -2
BITMAP
00
70
70
20
70
20
70
F8
F8
00
00
00
ENDCHAR
STARTCHAR uni2668
ENCODING 9832
SWIDTH 500 0
DWIDTH 6 0
BBX 6 12 0 -2
BITMAP
00
68
A8
A8
58
58
68
78
84
FC
78
00
ENDCHAR
STARTCHAR uni266C
ENCODING 9836
SWIDTH 500 0
DWIDTH 6 0
BBX 6 12 0 -2
BITMAP
00
3C
24
3C
24
24
2C
6C
E0
C0
00
00
ENDCHAR
STARTCHAR uni267B
ENCODING 9851
SWIDTH 500 0
DWIDTH 6 0
BBX 6 12 0 -2
BITMAP
00
00
30
50
88
DC
70
20
00
00
00
00
ENDCHAR
STARTCHAR uni267E
ENCODING 9854
SWIDTH 500 0
DWIDTH 6 0
BBX 6 12 0 -2
BITMAP
00
00
00
48
B4
B4
48
00
00
00
00
00
ENDCHAR
STARTCHAR uni267F
ENCODING 9855
SWIDTH 500 0
DWIDTH 6 0
BBX 6 12 0 -2
BITMAP
00
20
00
30
60
A0
B8
88
70
00
00
00
ENDCHAR
STARTCHAR uni2692
ENCODING 9874
SWIDTH 500 0
DWIDTH 6 0
BBX 6 12 0 -2
BITMAP
00
58
E0
70
20
50
50
88
00
00
00
00
ENDCHAR
STARTCHAR uni2693
ENCODING 9875
SWIDTH 500 0
DWIDTH 6 0
BBX 6 12 0 -2
BITMAP
20
50
20
70
20
A8
A8
70
20
00
00
00
ENDCHAR
STARTCHAR uni2694
ENCODING 9876
SWIDTH 500 0
DWIDTH 6 0
BBX 6 12 0 -2
BITMAP
88
88
50
70
20
50
E8
50
88
00
00
00
ENDCHAR
STARTCHAR uni2695
ENCODING 9877
SWIDTH 500 0
DWIDTH 6 0
BBX 6 12 0 -2
BITMAP
20
78
A0
60
30
28
70
40
20
00
00
00
ENDCHAR
STARTCHAR uni2696
ENCODING 9878
SWIDTH 500 0
DWIDTH 6 0
BBX 6 12 0 -2
BITMAP
00
20
F8
A8
A8
D8
20
20
70
00
00
00
ENDCHAR
STARTCHAR uni2697
ENCODING 9879
SWIDTH 500 0
DWIDTH 6 0
BBX 6 12 0 -2
BITMAP
00
30
48
48
68
98
98
F8
78
00
00
00
ENDCHAR
STARTCHAR uni2699
ENCODING 9881
SWIDTH 500 0
DWIDTH 6 0
BBX 6 12 0 -2
BITMAP
00
00
30
B4
78
CC
78
B4
30
00
00
00
ENDCHAR
STARTCHAR uni269B
ENCODING 9883
SWIDTH 500 0
DWIDTH 6 0
BBX 6 12 0 -2
BITMAP
00
20
50
D8
A8
D8
50
20
00
00
00
00
ENDCHAR
STARTCHAR uni269C
ENCODING 9884
SWIDTH 500 0
DWIDTH 6 0
BBX 6 12 0 -2
BITMAP
00
20
70
A8
A8
70
F8
70
A8
00
00
00
ENDCHAR
STARTCHAR uni26A0
ENCODING 9888
SWIDTH 500 0
DWIDTH 6 0
BBX 6 12 0 -2
BITMAP
00
30
48
48
B4
B4
84
B4
84
FC
00
00
ENDCHAR
STARTCHAR uni26A1
ENCODING 9889
SWIDTH 500 0
DWIDTH 6 0
BBX 6 12 0 -2
BITMAP
00
18
38
70
F8
30
60
40
80
00
00
00
ENDCHAR
STARTCHAR uni26A7
ENCODING 9895
SWIDTH 500 0
DWIDTH 6 0
BBX 6 12 0 -2
BITMAP
CC
B4
58
30
48
48
30
20
70
20
00
00
ENDCHAR
STARTCHAR uni26AA
ENCODING 9898
SWIDTH 500 0
DWIDTH 6 0
BBX 6 12 0 -2
BITMAP
00
00
70
88
88
88
70
00
00
00
00
00
ENDCHAR
STARTCHAR uni26AB
ENCODING 9899
SWIDTH 500 0
DWIDTH 6 0
BBX 6 12 0 -2
BITMAP
00
00
70
F8
F8
F8
70
00
00
00
00
00
ENDCHAR
STARTCHAR uni26B0
ENCODING 9904
SWIDTH 500 0
DWIDTH 6 0
BBX 6 12 0 -2
BITMAP
00
70
50
A8
F8
A8
A8
B0
50
50
70
00
ENDCHAR
STARTCHAR uni26B1
ENCODING 9905
SWIDTH 500 0
DWIDTH 6 0
BBX 6 12 0 -2
BITMAP
00
20
70
50
50
88
88
88
50
20
70
00
ENDCHAR
STARTCHAR uni26BD
ENCODING 9917
SWIDTH 500 0
DWIDTH 6 0
BBX 6 12 0 -2
BITMAP
00
00
70
D8
A8
D8
70
00
00
00
00
00
ENDCHAR
STARTCHAR uni26BE
ENCODING 9918
SWIDTH 500 0
DWIDTH 6 0
BBX 6 12 0 -2
BITMAP
00
00
70
C8
A8
98
70
00
00
00
00
00
ENDCHAR
STARTCHAR uni26C4
ENCODING 9924
SWIDTH 500 0
DWIDTH 6 0
BBX 6 12 0 -2
BITMAP
00
30
30
78
78
BC
58
48
B8
88
70
00
ENDCHAR
STARTCHAR uni26C5
ENCODING 9925
SWIDTH 500 0
DWIDTH 6 0
BBX 6 12 0 -2
BITMAP
00
20
70
50
D8
6C
44
7C
00
00
00
00
ENDCHAR
STARTCHAR uni26C8
ENCODING 9928
SWIDTH 500 0
DWIDTH 6 0
BBX 6 12 0 -2
BITMAP
00
00
00
00
30
48
A4
78
F8
B8
20
00
ENDCHAR
STARTCHAR uni26CE
ENCODING 9934
SWIDTH 500 0
DWIDTH 6 0
BBX 6 12 0 -2
BITMAP
00
48
48
E8
5C
48
48
30
00
00
00
00
ENDCHAR
STARTCHAR uni26CF
ENCODING 9935
SWIDTH 500 0
DWIDTH 6 0
BBX 6 12 0 -2
BITMAP
00
70
A8
20
20
40
40
40
80
00
00
00
ENDCHAR
STARTCHAR uni26D1
ENCODING 9937
SWIDTH 500 0
DWIDTH 6 0
BBX 6 12 0 -2
BITMAP
00
00
00
20
70
F8
A8
F8
00
00
00
00
ENDCHAR
STARTCHAR uni26D3
ENCODING 9939
SWIDTH 500 0
DWIDTH 6 0
BBX 6 12 0 -2
BITMAP
00
48
B4
B4
48
B4
B4
48
00
00
00
00
ENDCHAR
STARTCHAR uni26D4
ENCODING 9940
SWIDTH 500 0
DWIDTH 6 0
BBX 6 12 0 -2
BITMAP
00
00
70
F8
88
F8
70
00
00
00
00
00
ENDCHAR
STARTCHAR uni26E9
ENCODING 9961
SWIDTH 500 0
DWIDTH 6 0
BBX 6 12 0 -2
BITMAP
00
84
78
FC
68
FC
48
48
48
48
48
00
ENDCHAR
STARTCHAR uni26EA
ENCODING 9962
SWIDTH 500 0
DWIDTH 6 0
BBX 6 12 0 -2
BITMAP
00
20
70
20
20
58
FC
84
B4
B4
FC
00
ENDCHAR
STARTCHAR uni26F0
ENCODING 9968
SWIDTH 500 0
DWIDTH 6 0
BBX 6 12 0 -2
BITMAP
00
10
10
10
28
68
78
58
AC
FC
00
00
ENDCHAR
STARTCHAR uni26F1
ENCODING 9969
SWIDTH 500 0
DWIDTH 6 0
BBX 6 12 0 -2
BITMAP
00
20
30
78
7C
B4
20
20
20
60
FC
00
ENDCHAR
STARTCHAR uni26F2
ENCODING 9970
SWIDTH 500 0
DWIDTH 6 0
BBX 6 12 0 -2
BITMAP
00
20
30
68
68
FC
50
78
FC
88
78
00
ENDCHAR
STARTCHAR uni26F3
ENCODING 9971
SWIDTH 500 0
DWIDTH 6 0
BBX 6 12 0 -2
BITMAP
00
20
30
38
20
20
70
A8
70
00
00
00
ENDCHAR
STARTCHAR uni26F4
ENCODING 9972
SWIDTH 500 0
DWIDTH 6 0
BBX 6 12 0 -2
BITMAP
00
20
70
50
F8
88
70
00
A8
00
00
00
ENDCHAR
STARTCHAR uni26F5
ENCODING 9973
SWIDTH 500 0
DWIDTH 6 0
BBX 6 12 0 -2
BITMAP
20
60
A0
E8
38
20
F8
70
00
A8
00
00
ENDCHAR
STARTCHAR uni26F7
ENCODING 9975
SWIDTH 500 0
DWIDTH 6 0
BBX 6 12 0 -2
BITMAP
00
30
30
A0
A8
F8
58
58
7C
DC
E0
00
ENDCHAR
STARTCHAR uni26F8
ENCODING 9976
SWIDTH 500 0
DWIDTH 6 0
BBX 6 12 0 -2
BITMAP
00
60
60
50
78
78
00
F8
00
00
00
00
ENDCHAR
STARTCHAR uni26F9
ENCODING 9977
SWIDTH 500 0
DWIDTH 6 0
BBX 6 12 0 -2
BITMAP
00
60
60
40
40
F0
D0
78
B8
A0
90
00
ENDCHAR
STARTCHAR uni26FA
ENCODING 9978
SWIDTH 500 0
DWIDTH 6 0
BBX 6 12 0 -2
BITMAP
00
20
20
30
50
50
48
68
A8
F4
FC
00
ENDCHAR
STARTCHAR uni26FD
ENCODING 9981
SWIDTH 500 0
DWIDTH 6 0
BBX 6 12 0 -2
BITMAP
00
F0
90
98
E8
A8
B8
A0
F0
00
00
00
ENDCHAR
STARTCHAR uni2700
ENCODING 9984
SWIDTH 500 0
DWIDTH 6 0
BBX 6 12 0 -2
BITMAP
00
00
40
B8
78
78
70
B8
50
00
00
00
ENDCHAR
STARTCHAR uni2701
ENCODING 9985
SWIDTH 500 0
DWIDTH 6 0
BBX 6 12 0 -2
BITMAP
00
00
40
A0
78
30
70
A8
40
00
00
00
ENDCHAR
STARTCHAR uni2702
ENCODING 9986
SWIDTH 500 0
DWIDTH 6 0
BBX 6 12 0 -2
BITMAP
00
00
88
50
50
20
20
50
A8
A8
50
00
ENDCHAR
STARTCHAR uni2703
ENCODING 9987
SWIDTH 500 0
DWIDTH 6 0
BBX 6 12 0 -2
BITMAP
00
00
40
A8
70
30
78
A0
40
00
00
00
ENDCHAR
STARTCHAR uni2704
ENCODING 9988
SWIDTH 500 0
DWIDTH 6 0
BBX 6 12 0 -2
BITMAP
00
00
40
A8
70
10
70
A8
40
00
00
00
ENDCHAR
STARTCHAR uni2705
ENCODING 9989
SWIDTH 500 0
DWIDTH 6 0
BBX 6 12 0 -2
BITMAP
00
00
FC
F4
EC
BC
DC
FC
00
00
00
00
ENDCHAR
STARTCHAR uni2706
ENCODING 9990
SWIDTH 500 0
DWIDTH 6 0
BBX 6 12 0 -2
BITMAP
00
00
20
70
B8
F8
E8
70
20
00
00
00
ENDCHAR
STARTCHAR uni2707
ENCODING 9991
SWIDTH 500 0
DWIDTH 6 0
BBX 6 12 0 -2
BITMAP
00
00
20
70
A8
F8
F8
50
20
00
00
00
ENDCHAR
STARTCHAR uni2708
ENCODING 9992
SWIDTH 500 0
DWIDTH 6 0
BBX 6 12 0 -2
BITMAP
00
20
20
20
70
F8
20
20
70
00
00
00
ENDCHAR
STARTCHAR uni2709
ENCODING 9993
SWIDTH 500 0
DWIDTH 6 0
BBX 6 12 0 -2
BITMAP
00
00
00
00
F8
D8
A8
88
F8
00
00
00
ENDCHAR
STARTCHAR uni270A
ENCODING 9994
SWIDTH 500 0
DWIDTH 6 0
BBX 6 12 0 -2
BITMAP
00
30
48
44
84
E4
94
F4
78
48
78
00
ENDCHAR
STARTCHAR uni270B
ENCODING 9995
SWIDTH 500 0
DWIDTH 6 0
BBX 6 12 0 -2
BITMAP
00
10
54
54
54
DC
84
B4
58
48
78
00
ENDCHAR
STARTCHAR uni270C
ENCODING 9996
SWIDTH 500 0
DWIDTH 6 0
BBX 6 12 0 -2
BITMAP
00
58
58
78
70
70
B8
54
78
48
78
00
ENDCHAR
STARTCHAR uni270D
ENCODING 9997
SWIDTH 500 0
DWIDTH 6 0
BBX 6 12 0 -2
BITMAP
00
04
04
28
38
38
58
78
B4
74
4C
00
ENDCHAR
STARTCHAR uni270E
ENCODING 9998
SWIDTH 500 0
DWIDTH 6 0
BBX 6 12 0 -2
BITMAP
00
00
40
E0
E0
B0
B0
68
18
00
00
00
ENDCHAR
STARTCHAR uni270F
ENCODING 9999
SWIDTH 500 0
DWIDTH 6 0
BBX 6 12 0 -2
BITMAP
00
20
38
68
50
50
60
A0
C0
C0
80
00
ENDCHAR
STARTCHAR uni2710
ENCODING 10000
SWIDTH 500 0
DWIDTH 6 0
BBX 6 12 0 -2
BITMAP
00
00
18
68
B0
B0
E0
E0
40
00
00
00
ENDCHAR
STARTCHAR uni2711
ENCODING 10001
SWIDTH 500 0
DWIDTH 6 0
BBX 6 12 0 -2
BITMAP
00
00
20
30
D0
B8
D0
50
20
00
00
00
ENDCHAR
STARTCHAR uni2712
ENCODING 10002
SWIDTH 500 0
DWIDTH 6 0
BBX 6 12 0 -2
BITMAP
00
20
00
50
50
D8
D8
D8
70
70
00
00
ENDCHAR
STARTCHAR uni2715
ENCODING 10005
SWIDTH 500 0
DWIDTH 6 0
BBX 6 12 0 -2
BITMAP
00
00
88
50
50
20
50
50
88
00
00
00
ENDCHAR
STARTCHAR uni2716
ENCODING 10006
SWIDTH 500 0
DWIDTH 6 0
BBX 6 12 0 -2
BITMAP
00
00
00
D8
70
20
70
D8
00
00
00
00
ENDCHAR
STARTCHAR uni2719
ENCODING 10009
SWIDTH 500 0
DWIDTH 6 0
BBX 6 12 0 -2
BITMAP
00
00
70
50
88
88
88
50
70
00
00
00
ENDCHAR
STARTCHAR uni271A
ENCODING 10010
SWIDTH 500 0
DWIDTH 6 0
BBX 6 12 0 -2
BITMAP
00
00
70
70
F8
F8
F8
70
70
00
00
00
ENDCHAR
STARTCHAR uni271B
ENCODING 10011
SWIDTH 500 0
DWIDTH 6 0
BBX 6 12 0 -2
BITMAP
00
00
20
20
20
D8
20
20
20
00
00
00
ENDCHAR
STARTCHAR uni271C
ENCODING 10012
SWIDTH 500 0
DWIDTH 6 0
BBX 6 12 0 -2
BITMAP
00
00
60
60
98
98
60
60
60
00
00
00
ENDCHAR
STARTCHAR uni271D
ENCODING 10013
SWIDTH 500 0
DWIDTH 6 0
BBX 6 12 0 -2
BITMAP
00
20
20
F8
20
20
20
20
00
00
00
00
ENDCHAR
STARTCHAR uni271E
ENCODING 10014
SWIDTH 500 0
DWIDTH 6 0
BBX 6 12 0 -2
BITMAP
00
00
70
88
88
88
50
58
78
00
00
00
ENDCHAR
STARTCHAR uni271F
ENCODING 10015
SWIDTH 500 0
DWIDTH 6 0
BBX 6 12 0 -2
BITMAP
00
00
70
88
88
88
50
50
70
00
00
00
ENDCHAR
STARTCHAR uni2720
ENCODING 10016
SWIDTH 500 0
DWIDTH 6 0
BBX 6 12 0 -2
BITMAP
00
00
70
A8
A8
F8
A8
A8
70
00
00
00
ENDCHAR
STARTCHAR uni2721
ENCODING 10017
SWIDTH 500 0
DWIDTH 6 0
BBX 6 12 0 -2
BITMAP
00
20
F8
50
88
50
F8
20
00
00
00
00
ENDCHAR
STARTCHAR uni2722
ENCODING 10018
SWIDTH 500 0
DWIDTH 6 0
BBX 6 12 0 -2
BITMAP
00
00
20
70
F8
F8
F8
70
20
00
00
00
ENDCHAR
STARTCHAR uni2723
ENCODING 10019
SWIDTH 500 0
DWIDTH 6 0
BBX 6 12 0 -2
BITMAP
00
00
00
20
20
F8
20
20
00
00
00
00
ENDCHAR
STARTCHAR uni2724
ENCODING 10020
SWIDTH 500 0
DWIDTH 6 0
BBX 6 12 0 -2
BITMAP
00
00
20
70
F8
F8
F8
70
20
00
00
00
ENDCHAR
STARTCHAR uni2725
ENCODING 10021
SWIDTH 500 0
DWIDTH 6 0
BBX 6 12 0 -2
BITMAP
00
00
00
20
20
F8
20
20
00
00
00
00
ENDCHAR
STARTCHAR uni2726
ENCODING 10022
SWIDTH 500 0
DWIDTH 6 0
BBX 6 12 0 -2
BITMAP
00
00
20
20
70
F8
70
20
20
00
00
00
ENDCHAR
STARTCHAR uni2727
ENCODING 10023
SWIDTH 500 0
DWIDTH 6 0
BBX 6 12 0 -2
BITMAP
00
00
20
20
50
88
50
20
20
00
00
00
ENDCHAR
STARTCHAR uni2728
ENCODING 10024
SWIDTH 500 0
DWIDTH 6 0
BBX 6 12 0 -2
BITMAP
00
08
1C
08
40
40
E0
40
48
1C
08
00
ENDCHAR
STARTCHAR uni2729
ENCODING 10025
SWIDTH 500 0
DWIDTH 6 0
BBX 6 12 0 -2
BITMAP
00
00
20
30
D8
50
70
50
00
00
00
00
ENDCHAR
STARTCHAR uni272A
ENCODING 10026
SWIDTH 500 0
DWIDTH 6 0
BBX 6 12 0 -2
BITMAP
00
00
20
50
88
D8
D8
20
20
00
00
00
ENDCHAR
STARTCHAR uni272B
ENCODING 10027
SWIDTH 500 0
DWIDTH 6 0
BBX 6 12 0 -2
BITMAP
00
00
20
20
D8
00
50
50
00
00
00
00
ENDCHAR
STARTCHAR uni272C
ENCODING 10028
SWIDTH 500 0
DWIDTH 6 0
BBX 6 12 0 -2
BITMAP
00
00
20
30
D8
70
70
50
00
00
00
00
ENDCHAR
STARTCHAR uni272D
ENCODING 10029
SWIDTH 500 0
DWIDTH 6 0
BBX 6 12 0 -2
BITMAP
00
00
20
30
D8
50
70
50
00
00
00
00
ENDCHAR
STARTCHAR uni272E
ENCODING 10030
SWIDTH 500 0
DWIDTH 6 0
BBX 6 12 0 -2
BITMAP
00
00
20
30
D8
50
70
50
00
00
00
00
ENDCHAR
STARTCHAR uni272F
ENCODING 10031
SWIDTH 500 0
DWIDTH 6 0
BBX 6 12 0 -2
BITMAP
00
00
20
30
F8
70
70
50
00
00
00
00
ENDCHAR
STARTCHAR uni2730
ENCODING 10032
SWIDTH 500 0
DWIDTH 6 0
BBX 6 12 0 -2
BITMAP
00
00
20
30
F0
78
70
70
30
00
00
00
ENDCHAR
STARTCHAR uni2731
ENCODING 10033
SWIDTH 500 0
DWIDTH 6 0
BBX 6 12 0 -2
BITMAP
00
00
20
A0
68
30
E8
20
20
00
00
00
ENDCHAR
STARTCHAR uni2732
ENCODING 10034
SWIDTH 500 0
DWIDTH 6 0
BBX 6 12 0 -2
BITMAP
00
00
20
A0
08
00
88
20
20
00
00
00
ENDCHAR
STARTCHAR uni2733
ENCODING 10035
SWIDTH 500 0
DWIDTH 6 0
BBX 6 12 0 -2
BITMAP
00
00
A8
70
F8
70
A8
00
00
00
00
00
ENDCHAR
STARTCHAR uni2734
ENCODING 10036
SWIDTH 500 0
DWIDTH 6 0
BBX 6 12 0 -2
BITMAP
00
00
20
B4
78
FC
B4
20
00
00
00
00
ENDCHAR
STARTCHAR uni2735
ENCODING 10037
SWIDTH 500 0
DWIDTH 6 0
BBX 6 12 0 -2
BITMAP
00
00
20
70
70
F8
70
70
20
00
00
00
ENDCHAR
STARTCHAR uni2736
ENCODING 10038
SWIDTH 500 0
DWIDTH 6 0
BBX 6 12 0 -2
BITMAP
00
00
20
A0
78
70
F8
20
20
00
00
00
ENDCHAR
STARTCHAR uni2737
ENCODING 10039
SWIDTH 500 0
DWIDTH 6 0
BBX 6 12 0 -2
BITMAP
00
00
20
70
70
F8
70
70
20
00
00
00
ENDCHAR
STARTCHAR uni2738
ENCODING 10040
SWIDTH 500 0
DWIDTH 6 0
BBX 6 12 0 -2
BITMAP
00
00
20
70
70
F8
70
70
20
00
00
00
ENDCHAR
STARTCHAR uni2739
ENCODING 10041
SWIDTH 500 0
DWIDTH 6 0
BBX 6 12 0 -2
BITMAP
00
00
70
F0
78
F8
F8
70
70
00
00
00
ENDCHAR
STARTCHAR uni273A
ENCODING 10042
SWIDTH 500 0
DWIDTH 6 0
BBX 6 12 0 -2
BITMAP
00
00
70
70
F8
F8
A8
70
70
00
00
00
ENDCHAR
STARTCHAR uni273B
ENCODING 10043
SWIDTH 500 0
DWIDTH 6 0
BBX 6 12 0 -2
BITMAP
00
00
20
F0
F8
70
F8
70
20
00
00
00
ENDCHAR
STARTCHAR uni273C
ENCODING 10044
SWIDTH 500 0
DWIDTH 6 0
BBX 6 12 0 -2
BITMAP
00
00
20
F0
D8
00
D8
70
20
00
00
00
ENDCHAR
STARTCHAR uni273D
ENCODING 10045
SWIDTH 500 0
DWIDTH 6 0
BBX 6 12 0 -2
BITMAP
00
00
20
F0
F8
70
F8
70
20
00
00
00
ENDCHAR
STARTCHAR uni273E
ENCODING 10046
SWIDTH 500 0
DWIDTH 6 0
BBX 6 12 0 -2
BITMAP
00
00
20
70
A8
70
F8
50
20
00
00
00
ENDCHAR
STARTCHAR uni273F
ENCODING 10047
SWIDTH 500 0
DWIDTH 6 0
BBX 6 12 0 -2
BITMAP
00
00
20
70
F8
50
50
F8
50
00
00
00
ENDCHAR
STARTCHAR uni2740
ENCODING 10048
SWIDTH 500 0
DWIDTH 6 0
BBX 6 12 0 -2
BITMAP
00
00
20
50
A8
70
50
A8
50
00
00
00
ENDCHAR
STARTCHAR uni2741
ENCODING 10049
SWIDTH 500 0
DWIDTH 6 0
BBX 6 12 0 -2
BITMAP
00
00
70
A8
D8
50
D8
A8
70
00
00
00
ENDCHAR
STARTCHAR uni2742
ENCODING 10050
SWIDTH 500 0
DWIDTH 6 0
BBX 6 12 0 -2
BITMAP
00
00
20
50
88
88
88
50
20
00
00
00
ENDCHAR
STARTCHAR uni2743
ENCODING 10051
SWIDTH 500 0
DWIDTH 6 0
BBX 6 12 0 -2
BITMAP
00
00
20
B0
F8
70
F8
60
20
00
00
00
ENDCHAR
STARTCHAR uni2744
ENCODING 10052
SWIDTH 500 0
DWIDTH 6 0
BBX 6 12 0 -2
BITMAP
00
20
20
A4
68
70
20
78
94
10
10
00
ENDCHAR
STARTCHAR uni2745
ENCODING 10053
SWIDTH 500 0
DWIDTH 6 0
BBX 6 12 0 -2
BITMAP
00
00
20
F0
78
F8
F8
70
20
00
00
00
ENDCHAR
STARTCHAR uni2746
ENCODING 10054
SWIDTH 500 0
DWIDTH 6 0
BBX 6 12 0 -2
BITMAP
00
00
20
F0
78
A8
F8
70
20
00
00
00
ENDCHAR
STARTCHAR uni2747
ENCODING 10055
SWIDTH 500 0
DWIDTH 6 0
BBX 6 12 0 -2
BITMAP
00
00
A8
00
88
00
A8
00
00
00
00
00
ENDCHAR
STARTCHAR uni2748
ENCODING 10056
SWIDTH 500 0
DWIDTH 6 0
BBX 6 12 0 -2
BITMAP
00
00
20
F0
F8
70
F8
70
20
00
00
00
ENDCHAR
STARTCHAR uni2749
ENCODING 10057
SWIDTH 500 0
DWIDTH 6 0
BBX 6 12 0 -2
BITMAP
00
00
00
20
70
20
70
20
00
00
00
00
ENDCHAR
STARTCHAR uni274A
ENCODING 10058
SWIDTH 500 0
DWIDTH 6 0
BBX 6 12 0 -2
BITMAP
00
00
20
70
70
F8
70
70
20
00
00
00
ENDCHAR
STARTCHAR uni274B
ENCODING 10059
SWIDTH 500 0
DWIDTH 6 0
BBX 6 12 0 -2
BITMAP
00
00
20
70
70
F8
70
70
20
00
00
00
ENDCHAR
STARTCHAR uni274C
ENCODING 10060
SWIDTH 500 0
DWIDTH 6 0
BBX 6 12 0 -2
BITMAP
00
00
D8
70
20
70
D8
00
00
00
00
00
ENDCHAR
STARTCHAR uni274D
ENCODING 10061
SWIDTH 500 0
DWIDTH 6 0
BBX 6 12 0 -2
BITMAP
00
00
70
98
98
98
98
98
70
00
00
00
ENDCHAR
STARTCHAR uni274E
ENCODING 10062
SWIDTH 500 0
DWIDTH 6 0
BBX 6 12 0 -2
BITMAP
00
00
F8
A8
D8
A8
F8
00
00
00
00
00
ENDCHAR
STARTCHAR uni274F
ENCODING 10063
SWIDTH 500 0
DWIDTH 6 0
BBX 6 12 0 -2
BITMAP
00
00
F0
98
98
98
98
F8
78
00
00
00
ENDCHAR
STARTCHAR uni2750
ENCODING 10064
SWIDTH 500 0
DWIDTH 6 0
BBX 6 12 0 -2
BITMAP
00
00
78
F8
98
98
98
98
F0
00
00
00
ENDCHAR
STARTCHAR uni2751
ENCODING 10065
SWIDTH 500 0
DWIDTH 6 0
BBX 6 12 0 -2
BITMAP
00
00
F0
98
98
98
98
F8
78
00
00
00
ENDCHAR
STARTCHAR uni2752
ENCODING 10066
SWIDTH 500 0
DWIDTH 6 0
BBX 6 12 0 -2
BITMAP
00
00
78
F8
98
98
98
98
F0
00
00
00
ENDCHAR
STARTCHAR uni2753
ENCODING 10067
SWIDTH 500 0
DWIDTH 6 0
BBX 6 12 0 -2
BITMAP
00
70
D8
18
30
60
60
00
60
00
00
00
ENDCHAR
STARTCHAR uni2754
ENCODING 10068
SWIDTH 500 0
DWIDTH 6 0
BBX 6 12 0 -2
BITMAP
00
70
88
48
10
20
20
00
20
00
00
00
ENDCHAR
STARTCHAR uni2755
ENCODING 10069
SWIDTH 500 0
DWIDTH 6 0
BBX 6 12 0 -2
BITMAP
70
50
50
50
50
70
00
70
50
70
00
00
ENDCHAR
STARTCHAR uni2756
ENCODING 10070
SWIDTH 500 0
DWIDTH 6 0
BBX 6 12 0 -2
BITMAP
00
00
70
20
88
D8
88
20
70
00
00
00
ENDCHAR
STARTCHAR uni2757
ENCODING 10071
SWIDTH 500 0
DWIDTH 6 0
BBX 6 12 0 -2
BITMAP
00
30
30
30
30
30
00
30
30
00
00
00
ENDCHAR
STARTCHAR uni2758
ENCODING 10072
SWIDTH 500 0
DWIDTH 6 0
BBX 6 12 0 -2
BITMAP
00
00
20
20
20
20
20
20
20
00
00
00
ENDCHAR
STARTCHAR uni2759
ENCODING 10073
SWIDTH 500 0
DWIDTH 6 0
BBX 6 12 0 -2
BITMAP
00
00
60
60
60
60
60
60
60
00
00
00
ENDCHAR
STARTCHAR uni275A
ENCODING 10074
SWIDTH 500 0
DWIDTH 6 0
BBX 6 12 0 -2
BITMAP
00
00
70
70
70
70
70
70
70
00
00
00
ENDCHAR
STARTCHAR uni275B
ENCODING 10075
SWIDTH 500 0
DWIDTH 6 0
BBX 6 12 0 -2
BITMAP
00
20
20
60
60
00
00
00
00
00
00
00
ENDCHAR
STARTCHAR uni275C
ENCODING 10076
SWIDTH 500 0
DWIDTH 6 0
BBX 6 12 0 -2
BITMAP
00
60
60
40
40
00
00
00
00
00
00
00
ENDCHAR
STARTCHAR uni275D
ENCODING 10077
SWIDTH 500 0
DWIDTH 6 0
BBX 6 12 0 -2
BITMAP
00
48
48
D8
D8
00
00
00
00
00
00
00
ENDCHAR
STARTCHAR uni275E
ENCODING 10078
SWIDTH 500 0
DWIDTH 6 0
BBX 6 12 0 -2
BITMAP
00
D8
D8
90
90
00
00
00
00
00
00
00
ENDCHAR
STARTCHAR uni275F
ENCODING 10079
SWIDTH 500 0
DWIDTH 6 0
BBX 6 12 0 -2
BITMAP
00
00
00
00
00
60
60
40
40
00
00
00
ENDCHAR
STARTCHAR uni2760
ENCODING 10080
SWIDTH 500 0
DWIDTH 6 0
BBX 6 12 0 -2
BITMAP
00
00
00
00
00
D8
D8
90
90
00
00
00
ENDCHAR
STARTCHAR uni2761
ENCODING 10081
SWIDTH 500 0
DWIDTH 6 0
BBX 6 12 0 -2
BITMAP
00
00
F8
F8
F8
78
18
90
60
00
00
00
ENDCHAR
STARTCHAR uni2762
ENCODING 10082
SWIDTH 500 0
DWIDTH 6 0
BBX 6 12 0 -2
BITMAP
00
00
70
F8
70
70
20
70
20
00
00
00
ENDCHAR
STARTCHAR uni2763
ENCODING 10083
SWIDTH 500 0
DWIDTH 6 0
BBX 6 12 0 -2
BITMAP
00
78
FC
FC
FC
70
20
00
30
30
00
00
ENDCHAR
STARTCHAR uni2764
ENCODING 10084
SWIDTH 500 0
DWIDTH 6 0
BBX 6 12 0 -2
BITMAP
00
00
50
A8
F8
A8
F8
70
20
00
00
00
ENDCHAR
STARTCHAR uni2765
ENCODING 10085
SWIDTH 500 0
DWIDTH 6 0
BBX 6 12 0 -2
BITMAP
00
00
30
78
78
F0
70
18
08
00
00
00
ENDCHAR
STARTCHAR uni2766
ENCODING 10086
SWIDTH 500 0
DWIDTH 6 0
BBX 6 12 0 -2
BITMAP
00
00
00
F8
F8
F8
F8
20
00
00
00
00
ENDCHAR
STARTCHAR uni2767
ENCODING 10087
SWIDTH 500 0
DWIDTH 6 0
BBX 6 12 0 -2
BITMAP
00
00
00
F0
F0
F8
F0
F0
00
00
00
00
ENDCHAR
STARTCHAR uni2768
ENCODING 10088
SWIDTH 500 0
DWIDTH 6 0
BBX 6 12 0 -2
BITMAP
00
00
10
20
40
40
40
20
10
00
00
00
ENDCHAR
STARTCHAR uni2769
ENCODING 10089
SWIDTH 500 0
DWIDTH 6 0
BBX 6 12 0 -2
BITMAP
00
00
40
20
10
10
10
20
40
00
00
00
ENDCHAR
STARTCHAR uni276A
ENCODING 10090
SWIDTH 500 0
DWIDTH 6 0
BBX 6 12 0 -2
BITMAP
00
00
10
20
40
40
40
20
10
00
00
00
ENDCHAR
STARTCHAR uni276B
ENCODING 10091
SWIDTH 500 0
DWIDTH 6 0
BBX 6 12 0 -2
BITMAP
00
00
40
20
10
10
10
20
40
00
00
00
ENDCHAR
STARTCHAR uni276C
ENCODING 10092
SWIDTH 500 0
DWIDTH 6 0
BBX 6 12 0 -2
BITMAP
00
00
10
20
20
40
20
20
10
00
00
00
ENDCHAR
STARTCHAR uni276D
ENCODING 10093
SWIDTH 500 0
DWIDTH 6 0
BBX 6 12 0 -2
BITMAP
00
00
40
20
20
10
20
20
40
00
00
00
ENDCHAR
STARTCHAR uni276E
ENCODING 10094
SWIDTH 500 0
DWIDTH 6 0
BBX 6 12 0 -2
BITMAP
00
00
18
30
30
60
30
30
18
00
00
00
ENDCHAR
STARTCHAR uni276F
ENCODING 10095
SWIDTH 500 0
DWIDTH 6 0
BBX 6 12 0 -2
BITMAP
00
00
60
30
30
18
30
30
60
00
00
00
ENDCHAR
STARTCHAR uni2770
ENCODING 10096
SWIDTH 500 0
DWIDTH 6 0
BBX 6 12 0 -2
BITMAP
00
00
38
30
70
20
70
30
38
00
00
00
ENDCHAR
STARTCHAR uni2771
ENCODING 10097
SWIDTH 500 0
DWIDTH 6 0
BBX 6 12 0 -2
BITMAP
00
00
E0
60
70
20
70
60
E0
00
00
00
ENDCHAR
STARTCHAR uni2772
ENCODING 10098
SWIDTH 500 0
DWIDTH 6 0
BBX 6 12 0 -2
BITMAP
00
00
10
60
40
40
40
40
30
00
00
00
ENDCHAR
STARTCHAR uni2773
ENCODING 10099
SWIDTH 500 0
DWIDTH 6 0
BBX 6 12 0 -2
BITMAP
00
00
40
30
10
10
10
10
60
00
00
00
ENDCHAR
STARTCHAR uni2774
ENCODING 10100
SWIDTH 500 0
DWIDTH 6 0
BBX 6 12 0 -2
BITMAP
00
00
18
20
20
C0
60
20
18
00
00
00
ENDCHAR
STARTCHAR uni2775
ENCODING 10101
SWIDTH 500 0
DWIDTH 6 0
BBX 6 12 0 -2
BITMAP
00
00
C0
20
20
18
30
20
C0
00
00
00
ENDCHAR
STARTCHAR uni2776
ENCODING 10102
SWIDTH 500 0
DWIDTH 6 0
BBX 6 12 0 -2
BITMAP
00
20
70
D8
98
D8
D8
88
70
20
00
00
ENDCHAR
STARTCHAR uni2777
ENCODING 10103
SWIDTH 500 0
DWIDTH 6 0
BBX 6 12 0 -2
BITMAP
00
20
70
98
E8
D8
B8
88
70
20
00
00
ENDCHAR
STARTCHAR uni2778
ENCODING 10104
SWIDTH 500 0
DWIDTH 6 0
BBX 6 12 0 -2
BITMAP
00
20
70
98
E8
D8
E8
98
70
20
00
00
ENDCHAR
STARTCHAR uni2779
ENCODING 10105
SWIDTH 500 0
DWIDTH 6 0
BBX 6 12 0 -2
BITMAP
00
20
70
A8
A8
88
E8
E8
70
20
00
00
ENDCHAR
STARTCHAR uni277A
ENCODING 10106
SWIDTH 500 0
DWIDTH 6 0
BBX 6 12 0 -2
BITMAP
00
20
70
88
B8
98
E8
98
70
20
00
00
ENDCHAR
STARTCHAR uni277B
ENCODING 10107
SWIDTH 500 0
DWIDTH 6 0
BBX 6 12 0 -2
BITMAP
00
20
70
C8
B8
88
A8
88
70
20
00
00
ENDCHAR
STARTCHAR uni277C
ENCODING 10108
SWIDTH 500 0
DWIDTH 6 0
BBX 6 12 0 -2
BITMAP
00
20
70
88
E8
D8
D8
D8
70
20
00
00
ENDCHAR
STARTCHAR uni277D
ENCODING 10109
SWIDTH 500 0
DWIDTH 6 0
BBX 6 12 0 -2
BITMAP
00
20
70
88
A8
88
A8
88
70
20
00
00
ENDCHAR
STARTCHAR uni277E
ENCODING 10110
SWIDTH 500 0
DWIDTH 6 0
BBX 6 12 0 -2
BITMAP
00
20
70
88
A8
88
E8
98
70
20
00
00
ENDCHAR
STARTCHAR uni277F
ENCODING 10111
SWIDTH 500 0
DWIDTH 6 0
BBX 6 12 0 -2
BITMAP
00
20
70
58
28
28
28
58
70
20
00
00
ENDCHAR
STARTCHAR uni2780
ENCODING 10112
SWIDTH 500 0
DWIDTH 6 0
BBX 6 12 0 -2
BITMAP
00
20
50
A8
E8
A8
A8
A8
50
20
00
00
ENDCHAR
STARTCHAR uni2781
ENCODING 10113
SWIDTH 500 0
DWIDTH 6 0
BBX 6 12 0 -2
BITMAP
00
20
50
E8
98
A8
C8
F8
50
20
00
00
ENDCHAR
STARTCHAR uni2782
ENCODING 10114
SWIDTH 500 0
DWIDTH 6 0
BBX 6 12 0 -2
BITMAP
00
20
50
E8
98
A8
98
E8
50
20
00
00
ENDCHAR
STARTCHAR uni2783
ENCODING 10115
SWIDTH 500 0
DWIDTH 6 0
BBX 6 12 0 -2
BITMAP
00
20
50
D8
D8
F8
98
98
50
20
00
00
ENDCHAR
STARTCHAR uni2784
ENCODING 10116
SWIDTH 500 0
DWIDTH 6 0
BBX 6 12 0 -2
BITMAP
00
20
50
F8
C8
E8
98
E8
50
20
00
00
ENDCHAR
STARTCHAR uni2785
ENCODING 10117
SWIDTH 500 0
DWIDTH 6 0
BBX 6 12 0 -2
BITMAP
00
20
50
B8
C8
F8
D8
F8
50
20
00
00
ENDCHAR
STARTCHAR uni2786
ENCODING 10118
SWIDTH 500 0
DWIDTH 6 0
BBX 6 12 0 -2
BITMAP
00
20
50
F8
98
A8
A8
A8
50
20
00
00
ENDCHAR
STARTCHAR uni2787
ENCODING 10119
SWIDTH 500 0
DWIDTH 6 0
BBX 6 12 0 -2
BITMAP
00
20
50
F8
D8
F8
D8
F8
50
20
00
00
ENDCHAR
STARTCHAR uni2788
ENCODING 10120
SWIDTH 500 0
DWIDTH 6 0
BBX 6 12 0 -2
BITMAP
00
20
50
F8
D8
F8
98
E8
50
20
00
00
ENDCHAR
STARTCHAR uni2789
ENCODING 10121
SWIDTH 500 0
DWIDTH 6 0
BBX 6 12 0 -2
BITMAP
00
20
50
A8
D8
D8
D8
A8
50
20
00
00
ENDCHAR
STARTCHAR uni278A
ENCODING 10122
SWIDTH 500 0
DWIDTH 6 0
BBX 6 12 0 -2
BITMAP
00
20
70
D8
98
D8
D8
D8
70
20
00
00
ENDCHAR
STARTCHAR uni278B
ENCODING 10123
SWIDTH 500 0
DWIDTH 6 0
BBX 6 12 0 -2
BITMAP
00
20
70
98
E8
D8
B8
88
70
20
00
00
ENDCHAR
STARTCHAR uni278C
ENCODING 10124
SWIDTH 500 0
DWIDTH 6 0
BBX 6 12 0 -2
BITMAP
00
20
70
98
E8
D8
E8
98
70
20
00
00
ENDCHAR
STARTCHAR uni278D
ENCODING 10125
SWIDTH 500 0
DWIDTH 6 0
BBX 6 12 0 -2
BITMAP
00
20
70
A8
A8
88
E8
E8
70
20
00
00
ENDCHAR
STARTCHAR uni278E
ENCODING 10126
SWIDTH 500 0
DWIDTH 6 0
BBX 6 12 0 -2
BITMAP
00
20
70
88
B8
98
E8
98
70
20
00
00
ENDCHAR
STARTCHAR uni278F
ENCODING 10127
SWIDTH 500 0
DWIDTH 6 0
BBX 6 12 0 -2
BITMAP
00
20
70
C8
B8
88
A8
88
70
20
00
00
ENDCHAR
STARTCHAR uni2790
ENCODING 10128
SWIDTH 500 0
DWIDTH 6 0
BBX 6 12 0 -2
BITMAP
00
20
70
88
E8
D8
D8
D8
70
20
00
00
ENDCHAR
STARTCHAR uni2791
ENCODING 10129
SWIDTH 500 0
DWIDTH 6 0
BBX 6 12 0 -2
BITMAP
00
20
70
88
A8
88
A8
88
70
20
00
00
ENDCHAR
STARTCHAR uni2792
ENCODING 10130
SWIDTH 500 0
DWIDTH 6 0
BBX 6 12 0 -2
BITMAP
00
20
70
88
A8
88
E8
98
70
20
00
00
ENDCHAR
STARTCHAR uni2793
ENCODING 10131
SWIDTH 500 0
DWIDTH 6 0
BBX 6 12 0 -2
BITMAP
00
20
70
58
28
28
28
58
70
20
00
00
ENDCHAR
STARTCHAR uni2794
ENCODING 10132
SWIDTH 500 0
DWIDTH 6 0
BBX 6 12 0 -2
BITMAP
00
00
40
60
F0
F8
F0
60
40
00
00
00
ENDCHAR
STARTCHAR uni2795
ENCODING 10133
SWIDTH 500 0
DWIDTH 6 0
BBX 6 12 0 -2
BITMAP
00
00
30
30
FC
FC
30
30
00
00
00
00
ENDCHAR
STARTCHAR uni2796
ENCODING 10134
SWIDTH 500 0
DWIDTH 6 0
BBX 6 12 0 -2
BITMAP
00
00
00
00
F8
F8
00
00
00
00
00
00
ENDCHAR
STARTCHAR uni2797
ENCODING 10135
SWIDTH 500 0
DWIDTH 6 0
BBX 6 12 0 -2
BITMAP
00
20
00
00
F8
F8
00
00
20
00
00
00
ENDCHAR
STARTCHAR uni2798
ENCODING 10136
SWIDTH 500 0
DWIDTH 6 0
BBX 6 12 0 -2
BITMAP
00
00
40
E0
60
78
38
18
38
00
00
00
ENDCHAR
STARTCHAR uni2799
ENCODING 10137
SWIDTH 500 0
DWIDTH 6 0
BBX 6 12 0 -2
BITMAP
00
00
20
30
F0
F8
F0
30
20
00
00
00
ENDCHAR
STARTCHAR uni279A
ENCODING 10138
SWIDTH 500 0
DWIDTH 6 0
BBX 6 12 0 -2
BITMAP
00
00
38
18
38
78
60
E0
40
00
00
00
ENDCHAR
STARTCHAR uni279B
ENCODING 10139
SWIDTH 500 0
DWIDTH 6 0
BBX 6 12 0 -2
BITMAP
00
00
20
30
28
E8
98
F0
20
00
00
00
ENDCHAR
STARTCHAR uni279C
ENCODING 10140
SWIDTH 500 0
DWIDTH 6 0
BBX 6 12 0 -2
BITMAP
00
00
20
30
78
F8
78
30
20
00
00
00
ENDCHAR
STARTCHAR uni279D
ENCODING 10141
SWIDTH 500 0
DWIDTH 6 0
BBX 6 12 0 -2
BITMAP
00
00
20
30
30
F8
30
30
20
00
00
00
ENDCHAR
STARTCHAR uni279E
ENCODING 10142
SWIDTH 500 0
DWIDTH 6 0
BBX 6 12 0 -2
BITMAP
00
00
20
30
F0
F8
30
30
20
00
00
00
ENDCHAR
STARTCHAR uni279F
ENCODING 10143
SWIDTH 500 0
DWIDTH 6 0
BBX 6 12 0 -2
BITMAP
00
00
20
30
30
B8
30
30
20
00
00
00
ENDCHAR
STARTCHAR uni27A0
ENCODING 10144
SWIDTH 500 0
DWIDTH 6 0
BBX 6 12 0 -2
BITMAP
00
00
20
30
B0
B8
B0
30
20
00
00
00
ENDCHAR
STARTCHAR uni27A1
ENCODING 10145
SWIDTH 500 0
DWIDTH 6 0
BBX 6 12 0 -2
BITMAP
00
00
10
18
FC
FC
18
10
00
00
00
00
ENDCHAR
STARTCHAR uni27A2
ENCODING 10146
SWIDTH 500 0
DWIDTH 6 0
BBX 6 12 0 -2
BITMAP
00
00
80
C0
70
78
70
E0
80
00
00
00
ENDCHAR
STARTCHAR uni27A3
ENCODING 10147
SWIDTH 500 0
DWIDTH 6 0
BBX 6 12 0 -2
BITMAP
00
00
80
C0
70
78
50
E0
80
00
00
00
ENDCHAR
STARTCHAR uni27A4
ENCODING 10148
SWIDTH 500 0
DWIDTH 6 0
BBX 6 12 0 -2
BITMAP
00
00
80
C0
70
78
70
C0
80
00
00
00
ENDCHAR
STARTCHAR uni27A5
ENCODING 10149
SWIDTH 500 0
DWIDTH 6 0
BBX 6 12 0 -2
BITMAP
00
00
C0
E0
F0
F8
70
20
00
00
00
00
ENDCHAR
STARTCHAR uni27A6
ENCODING 10150
SWIDTH 500 0
DWIDTH 6 0
BBX 6 12 0 -2
BITMAP
00
00
00
20
70
F8
F0
E0
C0
00
00
00
ENDCHAR
STARTCHAR uni27A7
ENCODING 10151
SWIDTH 500 0
DWIDTH 6 0
BBX 6 12 0 -2
BITMAP
00
00
40
60
F0
F8
70
60
40
00
00
00
ENDCHAR
STARTCHAR uni27A8
ENCODING 10152
SWIDTH 500 0
DWIDTH 6 0
BBX 6 12 0 -2
BITMAP
00
00
20
20
E0
F8
E0
20
20
00
00
00
ENDCHAR
STARTCHAR uni27A9
ENCODING 10153
SWIDTH 500 0
DWIDTH 6 0
BBX 6 12 0 -2
BITMAP
00
00
40
F0
98
F0
40
00
00
00
00
00
ENDCHAR
STARTCHAR uni27AA
ENCODING 10154
SWIDTH 500 0
DWIDTH 6 0
BBX 6 12 0 -2
BITMAP
00
00
60
F0
C8
F0
60
00
00
00
00
00
ENDCHAR
STARTCHAR uni27AB
ENCODING 10155
SWIDTH 500 0
DWIDTH 6 0
BBX 6 12 0 -2
BITMAP
00
00
C0
A0
D0
60
38
20
00
00
00
00
ENDCHAR
STARTCHAR uni27AC
ENCODING 10156
SWIDTH 500 0
DWIDTH 6 0
BBX 6 12 0 -2
BITMAP
00
00
60
F0
C0
F8
60
00
00
00
00
00
ENDCHAR
STARTCHAR uni27AD
ENCODING 10157
SWIDTH 500 0
DWIDTH 6 0
BBX 6 12 0 -2
BITMAP
00
00
40
E0
90
E8
70
20
00
00
00
00
ENDCHAR
STARTCHAR uni27AE
ENCODING 10158
SWIDTH 500 0
DWIDTH 6 0
BBX 6 12 0 -2
BITMAP
00
00
20
70
E8
90
E0
40
00
00
00
00
ENDCHAR
STARTCHAR uni27AF
ENCODING 10159
SWIDTH 500 0
DWIDTH 6 0
BBX 6 12 0 -2
BITMAP
00
00
40
E0
10
28
30
20
00
00
00
00
ENDCHAR
STARTCHAR uni27B0
ENCODING 10160
SWIDTH 500 0
DWIDTH 6 0
BBX 6 12 0 -2
BITMAP
00
00
00
F8
50
50
20
00
00
00
00
00
ENDCHAR
STARTCHAR uni27B1
ENCODING 10161
SWIDTH 500 0
DWIDTH 6 0
BBX 6 12 0 -2
BITMAP
00
00
20
70
28
10
20
40
00
00
00
00
ENDCHAR
STARTCHAR uni27B2
ENCODING 10162
SWIDTH 500 0
DWIDTH 6 0
BBX 6 12 0 -2
BITMAP
00
00
00
70
B8
88
B8
70
00
00
00
00
ENDCHAR
STARTCHAR uni27B3
ENCODING 10163
SWIDTH 500 0
DWIDTH 6 0
BBX 6 12 0 -2
BITMAP
00
00
00
A0
70
F8
70
A0
00
00
00
00
ENDCHAR
STARTCHAR uni27B4
ENCODING 10164
SWIDTH 500 0
DWIDTH 6 0
BBX 6 12 0 -2
BITMAP
00
00
80
E0
70
68
38
18
38
00
00
00
ENDCHAR
STARTCHAR uni27B5
ENCODING 10165
SWIDTH 500 0
DWIDTH 6 0
BBX 6 12 0 -2
BITMAP
00
00
C0
60
70
F8
70
60
C0
00
00
00
ENDCHAR
STARTCHAR uni27B6
ENCODING 10166
SWIDTH 500 0
DWIDTH 6 0
BBX 6 12 0 -2
BITMAP
00
00
38
18
38
68
70
E0
80
00
00
00
ENDCHAR
STARTCHAR uni27B7
ENCODING 10167
SWIDTH 500 0
DWIDTH 6 0
BBX 6 12 0 -2
BITMAP
00
00
E0
F0
F0
78
78
38
38
00
00
00
ENDCHAR
STARTCHAR uni27B8
ENCODING 10168
SWIDTH 500 0
DWIDTH 6 0
BBX 6 12 0 -2
BITMAP
00
00
C0
60
70
F8
F8
60
C0
00
00
00
ENDCHAR
STARTCHAR uni27B9
ENCODING 10169
SWIDTH 500 0
DWIDTH 6 0
BBX 6 12 0 -2
BITMAP
00
00
38
38
78
78
F0
F0
E0
00
00
00
ENDCHAR
STARTCHAR uni27BA
ENCODING 10170
SWIDTH 500 0
DWIDTH 6 0
BBX 6 12 0 -2
BITMAP
00
00
00
60
20
F8
20
60
00
00
00
00
ENDCHAR
STARTCHAR uni27BB
ENCODING 10171
SWIDTH 500 0
DWIDTH 6 0
BBX 6 12 0 -2
BITMAP
00
00
00
60
F0
F8
F0
60
00
00
00
00
ENDCHAR
STARTCHAR uni27BC
ENCODING 10172
SWIDTH 500 0
DWIDTH 6 0
BBX 6 12 0 -2
BITMAP
00
00
00
E0
70
F8
70
E0
00
00
00
00
ENDCHAR
STARTCHAR uni27BD
ENCODING 10173
SWIDTH 500 0
DWIDTH 6 0
BBX 6 12 0 -2
BITMAP
00
00
00
E0
70
F8
F8
E0
00
00
00
00
ENDCHAR
STARTCHAR uni27BE
ENCODING 10174
SWIDTH 500 0
DWIDTH 6 0
BBX 6 12 0 -2
BITMAP
00
00
20
F0
10
E8
10
F0
20
00
00
00
ENDCHAR
STARTCHAR uni27BF
ENCODING 10175
SWIDTH 500 0
DWIDTH 6 0
BBX 6 12 0 -2
BITMAP
00
00
00
FC
B4
B4
48
00
00
00
00
00
ENDCHAR
STARTCHAR uni27F0
ENCODING 10224
SWIDTH 500 0
DWIDTH 6 0
BBX 6 12 0 -2
BITMAP
00
00
20
78
B4
B4
B4
B4
B4
B4
00
00
ENDCHAR
STARTCHAR uni27F1
ENCODING 10225
SWIDTH 500 0
DWIDTH 6 0
BBX 6 12 0 -2
BITMAP
00
00
B4
B4
B4
B4
B4
B4
78
20
00
00
ENDCHAR
STARTCHAR uni27F2
ENCODING 10226
SWIDTH 500 0
DWIDTH 6 0
BBX 6 12 0 -2
BITMAP
00
00
00
70
D8
A8
D8
30
00
00
00
00
ENDCHAR
STARTCHAR uni27F3
ENCODING 10227
SWIDTH 500 0
DWIDTH 6 0
BBX 6 12 0 -2
BITMAP
00
00
00
70
D8
A8
D8
60
00
00
00
00
ENDCHAR
STARTCHAR uni27F4
ENCODING 10228
SWIDTH 500 0
DWIDTH 6 0
BBX 6 12 0 -2
BITMAP
00
00
00
10
38
FC
38
10
00
00
00
00
ENDCHAR
STARTCHAR uni27F5
ENCODING 10229
SWIDTH 500 0
DWIDTH 6 0
BBX 6 12 0 -2
BITMAP
00
00
00
00
40
FC
40
00
00
00
00
00
ENDCHAR
STARTCHAR uni27F6
ENCODING 10230
SWIDTH 500 0
DWIDTH 6 0
BBX 6 12 0 -2
BITMAP
00
00
00
00
08
FC
08
00
00
00
00
00
ENDCHAR
STARTCHAR uni27F7
ENCODING 10231
SWIDTH 500 0
DWIDTH 6 0
BBX 6 12 0 -2
BITMAP
00
00
00
00
48
FC
48
00
00
00
00
00
ENDCHAR
STARTCHAR uni27F8
ENCODING 10232
SWIDTH 500 0
DWIDTH 6 0
BBX 6 12 0 -2
BITMAP
00
00
00
20
78
E0
78
20
00
00
00
00
ENDCHAR
STARTCHAR uni27F9
ENCODING 10233
SWIDTH 500 0
DWIDTH 6 0
BBX 6 12 0 -2
BITMAP
00
00
00
20
F0
38
F0
20
00
00
00
00
ENDCHAR
STARTCHAR uni27FA
ENCODING 10234
SWIDTH 500 0
DWIDTH 6 0
BBX 6 12 0 -2
BITMAP
00
00
00
50
F8
D8
F8
50
00
00
00
00
ENDCHAR
STARTCHAR uni27FB
ENCODING 10235
SWIDTH 500 0
DWIDTH 6 0
BBX 6 12 0 -2
BITMAP
00
00
00
04
44
FC
44
04
00
00
00
00
ENDCHAR
STARTCHAR uni27FC
ENCODING 10236
SWIDTH 500 0
DWIDTH 6 0
BBX 6 12 0 -2
BITMAP
00
00
00
80
88
FC
88
80
00
00
00
00
ENDCHAR
STARTCHAR uni27FD
ENCODING 10237
SWIDTH 500 0
DWIDTH 6 0
BBX 6 12 0 -2
BITMAP
00
00
00
28
78
E8
78
28
00
00
00
00
ENDCHAR
STARTCHAR uni27FE
ENCODING 10238
SWIDTH 500 0
DWIDTH 6 0
BBX 6 12 0 -2
BITMAP
00
00
00
A0
F0
B8
F0
A0
00
00
00
00
ENDCHAR
STARTCHAR uni27FF
ENCODING 10239
SWIDTH 500 0
DWIDTH 6 0
BBX 6 12 0 -2
BITMAP
00
00
00
00
A8
54
08
00
00
00
00
00
ENDCHAR
STARTCHAR uni2900
ENCODING 10496
SWIDTH 500 0
DWIDTH 6 0
BBX 6 12 0 -2
BITMAP
00
00
00
40
68
FC
68
40
00
00
00
00
ENDCHAR
STARTCHAR uni2901
ENCODING 10497
SWIDTH 500 0
DWIDTH 6 0
BBX 6 12 0 -2
BITMAP
00
00
00
50
78
FC
78
50
00
00
00
00
ENDCHAR
STARTCHAR uni2902
ENCODING 10498
SWIDTH 500 0
DWIDTH 6 0
BBX 6 12 0 -2
BITMAP
00
00
20
20
7C
A0
7C
20
20
00
00
00
ENDCHAR
STARTCHAR uni2903
ENCODING 10499
SWIDTH 500 0
DWIDTH 6 0
BBX 6 12 0 -2
BITMAP
00
00
20
30
F8
24
F8
30
20
00
00
00
ENDCHAR
STARTCHAR uni2904
ENCODING 10500
SWIDTH 500 0
DWIDTH 6 0
BBX 6 12 0 -2
BITMAP
00
00
20
30
78
A4
78
30
20
00
00
00
ENDCHAR
STARTCHAR uni2905
ENCODING 10501
SWIDTH 500 0
DWIDTH 6 0
BBX 6 12 0 -2
BITMAP
00
00
00
80
A8
FC
A8
80
00
00
00
00
ENDCHAR
STARTCHAR uni2906
ENCODING 10502
SWIDTH 500 0
DWIDTH 6 0
BBX 6 12 0 -2
BITMAP
00
00
00
24
7C
84
7C
24
00
00
00
00
ENDCHAR
STARTCHAR uni2907
ENCODING 10503
SWIDTH 500 0
DWIDTH 6 0
BBX 6 12 0 -2
BITMAP
00
00
00
90
F8
84
F8
90
00
00
00
00
ENDCHAR
STARTCHAR uni2908
ENCODING 10504
SWIDTH 500 0
DWIDTH 6 0
BBX 6 12 0 -2
BITMAP
00
00
20
20
70
20
20
F8
70
20
00
00
ENDCHAR
STARTCHAR uni2909
ENCODING 10505
SWIDTH 500 0
DWIDTH 6 0
BBX 6 12 0 -2
BITMAP
00
00
20
70
F8
20
20
70
20
20
00
00
ENDCHAR
STARTCHAR uni290A
ENCODING 10506
SWIDTH 500 0
DWIDTH 6 0
BBX 6 12 0 -2
BITMAP
00
00
20
70
A8
A8
A8
A8
A8
A8
00
00
ENDCHAR
STARTCHAR uni290B
ENCODING 10507
SWIDTH 500 0
DWIDTH 6 0
BBX 6 12 0 -2
BITMAP
00
00
A8
A8
A8
A8
A8
A8
70
20
00
00
ENDCHAR
STARTCHAR uni290C
ENCODING 10508
SWIDTH 500 0
DWIDTH 6 0
BBX 6 12 0 -2
BITMAP
00
00
00
00
40
EC
40
00
00
00
00
00
ENDCHAR
STARTCHAR uni290D
ENCODING 10509
SWIDTH 500 0
DWIDTH 6 0
BBX 6 12 0 -2
BITMAP
00
00
00
00
08
DC
08
00
00
00
00
00
ENDCHAR
STARTCHAR uni290E
ENCODING 10510
SWIDTH 500 0
DWIDTH 6 0
BBX 6 12 0 -2
BITMAP
00
00
00
00
40
D4
40
00
00
00
00
00
ENDCHAR
STARTCHAR uni290F
ENCODING 10511
SWIDTH 500 0
DWIDTH 6 0
BBX 6 12 0 -2
BITMAP
00
00
00
00
08
AC
08
00
00
00
00
00
ENDCHAR
STARTCHAR uni2910
ENCODING 10512
SWIDTH 500 0
DWIDTH 6 0
BBX 6 12 0 -2
BITMAP
00
00
00
00
28
BC
28
00
00
00
00
00
ENDCHAR
STARTCHAR uni2911
ENCODING 10513
SWIDTH 500 0
DWIDTH 6 0
BBX 6 12 0 -2
BITMAP
00
00
00
10
08
A4
08
10
00
00
00
00
ENDCHAR
STARTCHAR uni2912
ENCODING 10514
SWIDTH 500 0
DWIDTH 6 0
BBX 6 12 0 -2
BITMAP
F8
00
20
70
20
20
20
20
20
20
00
00
ENDCHAR
STARTCHAR uni2913
ENCODING 10515
SWIDTH 500 0
DWIDTH 6 0
BBX 6 12 0 -2
BITMAP
00
00
20
20
20
20
20
20
70
20
00
F8
ENDCHAR
STARTCHAR uni2914
ENCODING 10516
SWIDTH 500 0
DWIDTH 6 0
BBX 6 12 0 -2
BITMAP
00
00
00
40
C8
FC
C8
40
00
00
00
00
ENDCHAR
STARTCHAR uni2915
ENCODING 10517
SWIDTH 500 0
DWIDTH 6 0
BBX 6 12 0 -2
BITMAP
00
00
00
50
D8
FC
D8
50
00
00
00
00
ENDCHAR
STARTCHAR uni2916
ENCODING 10518
SWIDTH 500 0
DWIDTH 6 0
BBX 6 12 0 -2
BITMAP
00
00
00
00
A8
FC
A8
00
00
00
00
00
ENDCHAR
STARTCHAR uni2917
ENCODING 10519
SWIDTH 500 0
DWIDTH 6 0
BBX 6 12 0 -2
BITMAP
00
00
00
40
E8
FC
E8
40
00
00
00
00
ENDCHAR
STARTCHAR uni2918
ENCODING 10520
SWIDTH 500 0
DWIDTH 6 0
BBX 6 12 0 -2
BITMAP
00
00
00
50
F8
FC
F8
50
00
00
00
00
ENDCHAR
STARTCHAR uni2919
ENCODING 10521
SWIDTH 500 0
DWIDTH 6 0
BBX 6 12 0 -2
BITMAP
00
00
00
00
04
FC
04
00
00
00
00
00
ENDCHAR
STARTCHAR uni291A
ENCODING 10522
SWIDTH 500 0
DWIDTH 6 0
BBX 6 12 0 -2
BITMAP
00
00
00
00
80
FC
80
00
00
00
00
00
ENDCHAR
STARTCHAR uni291B
ENCODING 10523
SWIDTH 500 0
DWIDTH 6 0
BBX 6 12 0 -2
BITMAP
00
00
00
00
14
FC
14
00
00
00
00
00
ENDCHAR
STARTCHAR uni291C
ENCODING 10524
SWIDTH 500 0
DWIDTH 6 0
BBX 6 12 0 -2
BITMAP
00
00
00
00
A0
FC
A0
00
00
00
00
00
ENDCHAR
STARTCHAR uni291D
ENCODING 10525
SWIDTH 500 0
DWIDTH 6 0
BBX 6 12 0 -2
BITMAP
00
00
00
40
50
FC
50
40
00
00
00
00
ENDCHAR
STARTCHAR uni291E
ENCODING 10526
SWIDTH 500 0
DWIDTH 6 0
BBX 6 12 0 -2
BITMAP
00
00
00
08
28
FC
28
08
00
00
00
00
ENDCHAR
STARTCHAR uni291F
ENCODING 10527
SWIDTH 500 0
DWIDTH 6 0
BBX 6 12 0 -2
BITMAP
00
00
00
44
54
FC
54
44
00
00
00
00
ENDCHAR
STARTCHAR uni2920
ENCODING 10528
SWIDTH 500 0
DWIDTH 6 0
BBX 6 12 0 -2
BITMAP
00
00
00
88
A8
FC
A8
88
00
00
00
00
ENDCHAR
STARTCHAR uni2921
ENCODING 10529
SWIDTH 500 0
DWIDTH 6 0
BBX 6 12 0 -2
BITMAP
00
00
00
C0
C0
20
18
18
00
00
00
00
ENDCHAR
STARTCHAR uni2922
ENCODING 10530
SWIDTH 500 0
DWIDTH 6 0
BBX 6 12 0 -2
BITMAP
00
00
00
18
18
20
C0
C0
00
00
00
00
ENDCHAR
STARTCHAR uni2923
ENCODING 10531
SWIDTH 500 0
DWIDTH 6 0
BBX 6 12 0 -2
BITMAP
00
00
00
C0
C0
20
30
28
10
00
00
00
ENDCHAR
STARTCHAR uni2924
ENCODING 10532
SWIDTH 500 0
DWIDTH 6 0
BBX 6 12 0 -2
BITMAP
00
00
00
18
18
20
60
A0
40
00
00
00
ENDCHAR
STARTCHAR uni2925
ENCODING 10533
SWIDTH 500 0
DWIDTH 6 0
BBX 6 12 0 -2
BITMAP
00
00
40
A0
60
20
18
18
00
00
00
00
ENDCHAR
STARTCHAR uni2926
ENCODING 10534
SWIDTH 500 0
DWIDTH 6 0
BBX 6 12 0 -2
BITMAP
00
00
10
28
30
20
C0
C0
00
00
00
00
ENDCHAR
STARTCHAR uni2927
ENCODING 10535
SWIDTH 500 0
DWIDTH 6 0
BBX 6 12 0 -2
BITMAP
00
00
00
D8
D8
20
50
88
00
00
00
00
ENDCHAR
STARTCHAR uni2928
ENCODING 10536
SWIDTH 500 0
DWIDTH 6 0
BBX 6 12 0 -2
BITMAP
00
00
00
98
58
20
58
98
00
00
00
00
ENDCHAR
STARTCHAR uni2929
ENCODING 10537
SWIDTH 500 0
DWIDTH 6 0
BBX 6 12 0 -2
BITMAP
00
00
00
88
50
20
D8
D8
00
00
00
00
ENDCHAR
STARTCHAR uni292A
ENCODING 10538
SWIDTH 500 0
DWIDTH 6 0
BBX 6 12 0 -2
BITMAP
00
00
00
C8
D0
20
D0
C8
00
00
00
00
ENDCHAR
STARTCHAR uni292B
ENCODING 10539
SWIDTH 500 0
DWIDTH 6 0
BBX 6 12 0 -2
BITMAP
00
00
00
88
10
20
40
88
00
00
00
00
ENDCHAR
STARTCHAR uni292C
ENCODING 10540
SWIDTH 500 0
DWIDTH 6 0
BBX 6 12 0 -2
BITMAP
00
00
00
88
40
20
10
88
00
00
00
00
ENDCHAR
STARTCHAR uni292D
ENCODING 10541
SWIDTH 500 0
DWIDTH 6 0
BBX 6 12 0 -2
BITMAP
00
00
00
98
48
20
18
98
00
00
00
00
ENDCHAR
STARTCHAR uni292E
ENCODING 10542
SWIDTH 500 0
DWIDTH 6 0
BBX 6 12 0 -2
BITMAP
00
00
00
98
18
20
48
98
00
00
00
00
ENDCHAR
STARTCHAR uni292F
ENCODING 10543
SWIDTH 500 0
DWIDTH 6 0
BBX 6 12 0 -2
BITMAP
00
00
00
98
48
20
10
88
00
00
00
00
ENDCHAR
STARTCHAR uni2930
ENCODING 10544
SWIDTH 500 0
DWIDTH 6 0
BBX 6 12 0 -2
BITMAP
00
00
00
88
10
20
48
98
00
00
00
00
ENDCHAR
STARTCHAR uni2931
ENCODING 10545
SWIDTH 500 0
DWIDTH 6 0
BBX 6 12 0 -2
BITMAP
00
00
00
D8
98
20
40
88
00
00
00
00
ENDCHAR
STARTCHAR uni2932
ENCODING 10546
SWIDTH 500 0
DWIDTH 6 0
BBX 6 12 0 -2
BITMAP
00
00
00
D8
C8
20
10
88
00
00
00
00
ENDCHAR
STARTCHAR uni2933
ENCODING 10547
SWIDTH 500 0
DWIDTH 6 0
BBX 6 12 0 -2
BITMAP
00
00
00
00
48
AC
18
00
00
00
00
00
ENDCHAR
STARTCHAR uni2934
ENCODING 10548
SWIDTH 500 0
DWIDTH 6 0
BBX 6 12 0 -2
BITMAP
00
00
00
10
38
10
10
20
C0
00
00
00
ENDCHAR
STARTCHAR uni2935
ENCODING 10549
SWIDTH 500 0
DWIDTH 6 0
BBX 6 12 0 -2
BITMAP
00
00
00
C0
20
10
10
38
10
00
00
00
ENDCHAR
STARTCHAR uni2936
ENCODING 10550
SWIDTH 500 0
DWIDTH 6 0
BBX 6 12 0 -2
BITMAP
00
00
08
08
08
08
08
50
E0
40
00
00
ENDCHAR
STARTCHAR uni2937
ENCODING 10551
SWIDTH 500 0
DWIDTH 6 0
BBX 6 12 0 -2
BITMAP
00
00
80
80
80
80
80
50
38
10
00
00
ENDCHAR
STARTCHAR uni2938
ENCODING 10552
SWIDTH 500 0
DWIDTH 6 0
BBX 6 12 0 -2
BITMAP
00
00
20
10
08
08
08
10
30
30
00
00
ENDCHAR
STARTCHAR uni2939
ENCODING 10553
SWIDTH 500 0
DWIDTH 6 0
BBX 6 12 0 -2
BITMAP
00
00
20
40
80
80
80
40
60
60
00
00
ENDCHAR
STARTCHAR uni293A
ENCODING 10554
SWIDTH 500 0
DWIDTH 6 0
BBX 6 12 0 -2
BITMAP
00
00
00
70
D8
88
C0
00
00
00
00
00
ENDCHAR
STARTCHAR uni293B
ENCODING 10555
SWIDTH 500 0
DWIDTH 6 0
BBX 6 12 0 -2
BITMAP
00
00
00
00
18
88
D8
70
00
00
00
00
ENDCHAR
STARTCHAR uni293C
ENCODING 10556
SWIDTH 500 0
DWIDTH 6 0
BBX 6 12 0 -2
BITMAP
00
00
00
70
D8
88
18
00
70
00
00
00
ENDCHAR
STARTCHAR uni293D
ENCODING 10557
SWIDTH 500 0
DWIDTH 6 0
BBX 6 12 0 -2
BITMAP
00
00
00
70
D8
88
C0
20
70
20
00
00
ENDCHAR
STARTCHAR uni293E
ENCODING 10558
SWIDTH 500 0
DWIDTH 6 0
BBX 6 12 0 -2
BITMAP
00
00
10
08
08
08
C8
88
50
70
00
00
ENDCHAR
STARTCHAR uni293F
ENCODING 10559
SWIDTH 500 0
DWIDTH 6 0
BBX 6 12 0 -2
BITMAP
00
00
40
80
80
80
98
88
50
70
00
00
ENDCHAR
STARTCHAR uni2940
ENCODING 10560
SWIDTH 500 0
DWIDTH 6 0
BBX 6 12 0 -2
BITMAP
00
00
10
70
98
88
88
70
00
00
00
00
ENDCHAR
STARTCHAR uni2941
ENCODING 10561
SWIDTH 500 0
DWIDTH 6 0
BBX 6 12 0 -2
BITMAP
00
00
40
70
C8
88
88
70
00
00
00
00
ENDCHAR
STARTCHAR uni2942
ENCODING 10562
SWIDTH 500 0
DWIDTH 6 0
BBX 6 12 0 -2
BITMAP
00
00
08
FC
08
00
40
F0
40
00
00
00
ENDCHAR
STARTCHAR uni2943
ENCODING 10563
SWIDTH 500 0
DWIDTH 6 0
BBX 6 12 0 -2
BITMAP
00
00
40
FC
40
00
08
3C
08
00
00
00
ENDCHAR
STARTCHAR uni2944
ENCODING 10564
SWIDTH 500 0
DWIDTH 6 0
BBX 6 12 0 -2
BITMAP
00
00
08
3C
08
00
40
FC
40
00
00
00
ENDCHAR
STARTCHAR uni2945
ENCODING 10565
SWIDTH 500 0
DWIDTH 6 0
BBX 6 12 0 -2
BITMAP
00
00
08
FC
08
00
20
70
20
00
00
00
ENDCHAR
STARTCHAR uni2946
ENCODING 10566
SWIDTH 500 0
DWIDTH 6 0
BBX 6 12 0 -2
BITMAP
00
00
40
FC
40
00
10
38
10
00
00
00
ENDCHAR
STARTCHAR uni2947
ENCODING 10567
SWIDTH 500 0
DWIDTH 6 0
BBX 6 12 0 -2
BITMAP
00
00
00
88
58
FC
58
88
00
00
00
00
ENDCHAR
STARTCHAR uni2948
ENCODING 10568
SWIDTH 500 0
DWIDTH 6 0
BBX 6 12 0 -2
BITMAP
00
00
00
10
68
FC
68
10
00
00
00
00
ENDCHAR
STARTCHAR uni2949
ENCODING 10569
SWIDTH 500 0
DWIDTH 6 0
BBX 6 12 0 -2
BITMAP
00
00
20
70
20
70
20
20
50
20
00
00
ENDCHAR
STARTCHAR uni294A
ENCODING 10570
SWIDTH 500 0
DWIDTH 6 0
BBX 6 12 0 -2
BITMAP
00
00
00
20
40
FC
08
10
00
00
00
00
ENDCHAR
STARTCHAR uni294B
ENCODING 10571
SWIDTH 500 0
DWIDTH 6 0
BBX 6 12 0 -2
BITMAP
00
00
00
10
08
FC
40
20
00
00
00
00
ENDCHAR
STARTCHAR uni294C
ENCODING 10572
SWIDTH 500 0
DWIDTH 6 0
BBX 6 12 0 -2
BITMAP
00
00
20
30
20
20
20
20
60
20
00
00
ENDCHAR
STARTCHAR uni294D
ENCODING 10573
SWIDTH 500 0
DWIDTH 6 0
BBX 6 12 0 -2
BITMAP
00
00
20
60
20
20
20
20
30
20
00
00
ENDCHAR
STARTCHAR uni294E
ENCODING 10574
SWIDTH 500 0
DWIDTH 6 0
BBX 6 12 0 -2
BITMAP
00
00
00
00
48
FC
00
00
00
00
00
00
ENDCHAR
STARTCHAR uni294F
ENCODING 10575
SWIDTH 500 0
DWIDTH 6 0
BBX 6 12 0 -2
BITMAP
00
00
20
30
20
20
20
20
30
20
00
00
ENDCHAR
STARTCHAR uni2950
ENCODING 10576
SWIDTH 500 0
DWIDTH 6 0
BBX 6 12 0 -2
BITMAP
00
00
00
00
00
FC
48
00
00
00
00
00
ENDCHAR
STARTCHAR uni2951
ENCODING 10577
SWIDTH 500 0
DWIDTH 6 0
BBX 6 12 0 -2
BITMAP
00
00
20
60
20
20
20
20
60
20
00
00
ENDCHAR
STARTCHAR uni2952
ENCODING 10578
SWIDTH 500 0
DWIDTH 6 0
BBX 6 12 0 -2
BITMAP
00
00
00
80
90
BC
80
80
00
00
00
00
ENDCHAR
STARTCHAR uni2953
ENCODING 10579
SWIDTH 500 0
DWIDTH 6 0
BBX 6 12 0 -2
BITMAP
00
00
00
04
24
F4
04
04
00
00
00
00
ENDCHAR
STARTCHAR uni2954
ENCODING 10580
SWIDTH 500 0
DWIDTH 6 0
BBX 6 12 0 -2
BITMAP
00
00
F8
00
20
30
20
20
20
20
00
00
ENDCHAR
STARTCHAR uni2955
ENCODING 10581
SWIDTH 500 0
DWIDTH 6 0
BBX 6 12 0 -2
BITMAP
00
00
20
20
20
20
30
20
00
F8
00
00
ENDCHAR
STARTCHAR uni2956
ENCODING 10582
SWIDTH 500 0
DWIDTH 6 0
BBX 6 12 0 -2
BITMAP
00
00
00
80
80
BC
90
80
00
00
00
00
ENDCHAR
STARTCHAR uni2957
ENCODING 10583
SWIDTH 500 0
DWIDTH 6 0
BBX 6 12 0 -2
BITMAP
00
00
00
04
04
F4
24
04
00
00
00
00
ENDCHAR
STARTCHAR uni2958
ENCODING 10584
SWIDTH 500 0
DWIDTH 6 0
BBX 6 12 0 -2
BITMAP
00
00
F8
00
20
60
20
20
20
20
00
00
ENDCHAR
STARTCHAR uni2959
ENCODING 10585
SWIDTH 500 0
DWIDTH 6 0
BBX 6 12 0 -2
BITMAP
00
00
20
20
20
20
60
20
00
F8
00
00
ENDCHAR
STARTCHAR uni295A
ENCODING 10586
SWIDTH 500 0
DWIDTH 6 0
BBX 6 12 0 -2
BITMAP
00
00
00
04
44
FC
04
04
00
00
00
00
ENDCHAR
STARTCHAR uni295B
ENCODING 10587
SWIDTH 500 0
DWIDTH 6 0
BBX 6 12 0 -2
BITMAP
00
00
00
80
88
FC
80
80
00
00
00
00
ENDCHAR
STARTCHAR uni295C
ENCODING 10588
SWIDTH 500 0
DWIDTH 6 0
BBX 6 12 0 -2
BITMAP
00
00
20
30
20
20
20
20
20
F8
00
00
ENDCHAR
STARTCHAR uni295D
ENCODING 10589
SWIDTH 500 0
DWIDTH 6 0
BBX 6 12 0 -2
BITMAP
00
00
F8
20
20
20
20
20
30
20
00
00
ENDCHAR
STARTCHAR uni295E
ENCODING 10590
SWIDTH 500 0
DWIDTH 6 0
BBX 6 12 0 -2
BITMAP
00
00
00
04
04
FC
44
04
00
00
00
00
ENDCHAR
STARTCHAR uni295F
ENCODING 10591
SWIDTH 500 0
DWIDTH 6 0
BBX 6 12 0 -2
BITMAP
00
00
00
80
80
FC
88
80
00
00
00
00
ENDCHAR
STARTCHAR uni2960
ENCODING 10592
SWIDTH 500 0
DWIDTH 6 0
BBX 6 12 0 -2
BITMAP
00
00
20
60
20
20
20
20
20
F8
00
00
ENDCHAR
STARTCHAR uni2961
ENCODING 10593
SWIDTH 500 0
DWIDTH 6 0
BBX 6 12 0 -2
BITMAP
00
00
F8
20
20
20
20
20
60
20
00
00
ENDCHAR
STARTCHAR uni2962
ENCODING 10594
SWIDTH 500 0
DWIDTH 6 0
BBX 6 12 0 -2
BITMAP
00
00
40
FC
00
00
00
FC
40
00
00
00
ENDCHAR
STARTCHAR uni2963
ENCODING 10595
SWIDTH 500 0
DWIDTH 6 0
BBX 6 12 0 -2
BITMAP
00
00
48
CC
48
48
48
48
48
48
00
00
ENDCHAR
STARTCHAR uni2964
ENCODING 10596
SWIDTH 500 0
DWIDTH 6 0
BBX 6 12 0 -2
BITMAP
00
00
08
FC
00
00
00
FC
08
00
00
00
ENDCHAR
STARTCHAR uni2965
ENCODING 10597
SWIDTH 500 0
DWIDTH 6 0
BBX 6 12 0 -2
BITMAP
00
00
48
48
48
48
48
48
CC
48
00
00
ENDCHAR
STARTCHAR uni2966
ENCODING 10598
SWIDTH 500 0
DWIDTH 6 0
BBX 6 12 0 -2
BITMAP
00
00
40
FC
00
00
08
FC
00
00
00
00
ENDCHAR
STARTCHAR uni2967
ENCODING 10599
SWIDTH 500 0
DWIDTH 6 0
BBX 6 12 0 -2
BITMAP
00
00
00
FC
40
00
00
FC
08
00
00
00
ENDCHAR
STARTCHAR uni2968
ENCODING 10600
SWIDTH 500 0
DWIDTH 6 0
BBX 6 12 0 -2
BITMAP
00
00
08
FC
00
00
40
FC
00
00
00
00
ENDCHAR
STARTCHAR uni2969
ENCODING 10601
SWIDTH 500 0
DWIDTH 6 0
BBX 6 12 0 -2
BITMAP
00
00
00
FC
08
00
00
FC
40
00
00
00
ENDCHAR
STARTCHAR uni296A
ENCODING 10602
SWIDTH 500 0
DWIDTH 6 0
BBX 6 12 0 -2
BITMAP
00
00
40
FC
00
00
00
FC
00
00
00
00
ENDCHAR
STARTCHAR uni296B
ENCODING 10603
SWIDTH 500 0
DWIDTH 6 0
BBX 6 12 0 -2
BITMAP
00
00
00
FC
00
00
00
FC
40
00
00
00
ENDCHAR
STARTCHAR uni296C
ENCODING 10604
SWIDTH 500 0
DWIDTH 6 0
BBX 6 12 0 -2
BITMAP
00
00
08
FC
00
00
00
FC
00
00
00
00
ENDCHAR
STARTCHAR uni296D
ENCODING 10605
SWIDTH 500 0
DWIDTH 6 0
BBX 6 12 0 -2
BITMAP
00
00
00
FC
00
00
00
FC
08
00
00
00
ENDCHAR
STARTCHAR uni296E
ENCODING 10606
SWIDTH 500 0
DWIDTH 6 0
BBX 6 12 0 -2
BITMAP
00
00
48
C8
48
48
48
48
4C
48
00
00
ENDCHAR
STARTCHAR uni296F
ENCODING 10607
SWIDTH 500 0
DWIDTH 6 0
BBX 6 12 0 -2
BITMAP
00
00
48
4C
48
48
48
48
C8
48
00
00
ENDCHAR
STARTCHAR uni2970
ENCODING 10608
SWIDTH 500 0
DWIDTH 6 0
BBX 6 12 0 -2
BITMAP
00
00
00
F0
08
04
08
F0
00
00
00
00
ENDCHAR
STARTCHAR uni2971
ENCODING 10609
SWIDTH 500 0
DWIDTH 6 0
BBX 6 12 0 -2
BITMAP
00
00
F0
00
F0
00
08
FC
08
00
00
00
ENDCHAR
STARTCHAR uni2972
ENCODING 10610
SWIDTH 500 0
DWIDTH 6 0
BBX 6 12 0 -2
BITMAP
00
00
40
A4
18
00
08
FC
08
00
00
00
ENDCHAR
STARTCHAR uni2973
ENCODING 10611
SWIDTH 500 0
DWIDTH 6 0
BBX 6 12 0 -2
BITMAP
00
00
40
FC
40
00
40
A4
18
00
00
00
ENDCHAR
STARTCHAR uni2974
ENCODING 10612
SWIDTH 500 0
DWIDTH 6 0
BBX 6 12 0 -2
BITMAP
00
00
08
FC
08
00
40
A4
18
00
00
00
ENDCHAR
STARTCHAR uni2975
ENCODING 10613
SWIDTH 500 0
DWIDTH 6 0
BBX 6 12 0 -2
BITMAP
00
00
08
FC
08
40
A4
18
40
A4
18
00
ENDCHAR
STARTCHAR uni2976
ENCODING 10614
SWIDTH 500 0
DWIDTH 6 0
BBX 6 12 0 -2
BITMAP
00
08
30
40
30
08
40
FC
40
00
00
00
ENDCHAR
STARTCHAR uni2977
ENCODING 10615
SWIDTH 500 0
DWIDTH 6 0
BBX 6 12 0 -2
BITMAP
00
00
00
08
70
FC
70
08
00
00
00
00
ENDCHAR
STARTCHAR uni2978
ENCODING 10616
SWIDTH 500 0
DWIDTH 6 0
BBX 6 12 0 -2
BITMAP
00
40
30
08
30
40
08
FC
08
00
00
00
ENDCHAR
STARTCHAR uni2979
ENCODING 10617
SWIDTH 500 0
DWIDTH 6 0
BBX 6 12 0 -2
BITMAP
00
38
40
40
40
38
08
FC
08
00
00
00
ENDCHAR
STARTCHAR uni297A
ENCODING 10618
SWIDTH 500 0
DWIDTH 6 0
BBX 6 12 0 -2
BITMAP
00
00
00
38
40
FC
40
38
00
00
00
00
ENDCHAR
STARTCHAR uni297B
ENCODING 10619
SWIDTH 500 0
DWIDTH 6 0
BBX 6 12 0 -2
BITMAP
00
70
08
08
08
70
40
FC
40
00
00
00
ENDCHAR
STARTCHAR uni297C
ENCODING 10620
SWIDTH 500 0
DWIDTH 6 0
BBX 6 12 0 -2
BITMAP
00
00
00
60
80
7C
80
60
00
00
00
00
ENDCHAR
STARTCHAR uni297D
ENCODING 10621
SWIDTH 500 0
DWIDTH 6 0
BBX 6 12 0 -2
BITMAP
00
00
00
18
04
F8
04
18
00
00
00
00
ENDCHAR
STARTCHAR uni297E
ENCODING 10622
SWIDTH 500 0
DWIDTH 6 0
BBX 6 12 0 -2
BITMAP
00
00
50
A8
A8
20
20
20
20
20
00
00
ENDCHAR
STARTCHAR uni297F
ENCODING 10623
SWIDTH 500 0
DWIDTH 6 0
BBX 6 12 0 -2
BITMAP
00
00
20
20
20
20
20
A8
A8
50
00
00
ENDCHAR
STARTCHAR uni2B05
ENCODING 11013
SWIDTH 500 0
DWIDTH 6 0
BBX 6 12 0 -2
BITMAP
00
00
20
60
FC
FC
60
20
00
00
00
00
ENDCHAR
STARTCHAR uni2B06
ENCODING 11014
SWIDTH 500 0
DWIDTH 6 0
BBX 6 12 0 -2
BITMAP
00
30
78
FC
30
30
30
30
00
00
00
00
ENDCHAR
STARTCHAR uni2B07
ENCODING 11015
SWIDTH 500 0
DWIDTH 6 0
BBX 6 12 0 -2
BITMAP
00
30
30
30
30
FC
78
30
00
00
00
00
ENDCHAR
STARTCHAR uni2B1B
ENCODING 11035
SWIDTH 500 0
DWIDTH 6 0
BBX 6 12 0 -2
BITMAP
00
00
FC
FC
FC
FC
FC
FC
00
00
00
00
ENDCHAR
STARTCHAR uni2B1C
ENCODING 11036
SWIDTH 500 0
DWIDTH 6 0
BBX 6 12 0 -2
BITMAP
00
00
FC
84
84
84
84
FC
00
00
00
00
ENDCHAR
STARTCHAR uni2B4D
ENCODING 11085
SWIDTH 500 0
DWIDTH 6 0
BBX 6 12 0 -2
BITMAP
00
00
08
30
40
30
10
F8
70
20
00
00
ENDCHAR
STARTCHAR uni2B50
ENCODING 11088
SWIDTH 500 0
DWIDTH 6 0
BBX 6 12 0 -2
BITMAP
00
00
00
00
20
FC
78
78
48
00
00
00
ENDCHAR
STARTCHAR uni2B55
ENCODING 11093
SWIDTH 500 0
DWIDTH 6 0
BBX 6 12 0 -2
BITMAP
00
00
70
88
88
88
70
00
00
00
00
00
ENDCHAR
STARTCHAR uni2C60
ENCODING 11360
SWIDTH 500 0
DWIDTH 6 0
BBX 6 12 0 -2
BITMAP
00
00
80
80
F8
80
F8
80
80
F8
00
00
ENDCHAR
STARTCHAR uni2C61
ENCODING 11361
SWIDTH 500 0
DWIDTH 6 0
BBX 6 12 0 -2
BITMAP
00
00
60
20
F8
20
F8
20
20
18
00
00
ENDCHAR
STARTCHAR uni2C62
ENCODING 11362
SWIDTH 500 0
DWIDTH 6 0
BBX 6 12 0 -2
BITMAP
00
00
80
80
80
D0
A0
80
80
F8
00
00
ENDCHAR
STARTCHAR uni2C63
ENCODING 11363
SWIDTH 500 0
DWIDTH 6 0
BBX 6 12 0 -2
BITMAP
00
00
F0
88
88
F8
F0
80
80
80
00
00
ENDCHAR
STARTCHAR uni2C64
ENCODING 11364
SWIDTH 500 0
DWIDTH 6 0
BBX 6 12 0 -2
BITMAP
00
00
F0
88
88
88
F0
A0
90
88
80
60
ENDCHAR
STARTCHAR uni2C65
ENCODING 11365
SWIDTH 500 0
DWIDTH 6 0
BBX 6 12 0 -2
BITMAP
00
00
00
00
78
18
78
C8
88
78
00
00
ENDCHAR
STARTCHAR uni2C66
ENCODING 11366
SWIDTH 500 0
DWIDTH 6 0
BBX 6 12 0 -2
BITMAP
00
00
20
28
70
30
20
60
20
18
00
00
ENDCHAR
STARTCHAR uni2C67
ENCODING 11367
SWIDTH 500 0
DWIDTH 6 0
BBX 6 12 0 -2
BITMAP
00
00
88
88
88
F8
88
88
88
88
08
08
ENDCHAR
STARTCHAR uni2C68
ENCODING 11368
SWIDTH 500 0
DWIDTH 6 0
BBX 6 12 0 -2
BITMAP
00
00
80
80
F0
88
88
88
88
88
08
08
ENDCHAR
STARTCHAR uni2C69
ENCODING 11369
SWIDTH 500 0
DWIDTH 6 0
BBX 6 12 0 -2
BITMAP
00
00
88
90
A0
C0
C0
A0
90
88
08
08
ENDCHAR
STARTCHAR uni2C6A
ENCODING 11370
SWIDTH 500 0
DWIDTH 6 0
BBX 6 12 0 -2
BITMAP
00
00
40
40
48
50
60
60
50
48
08
08
ENDCHAR
STARTCHAR uni2C6B
ENCODING 11371
SWIDTH 500 0
DWIDTH 6 0
BBX 6 12 0 -2
BITMAP
00
00
F8
08
10
20
40
80
80
F8
08
08
ENDCHAR
STARTCHAR uni2C6C
ENCODING 11372
SWIDTH 500 0
DWIDTH 6 0
BBX 6 12 0 -2
BITMAP
00
00
00
00
F8
10
20
40
80
F8
08
08
ENDCHAR
STARTCHAR uni2C6D
ENCODING 11373
SWIDTH 500 0
DWIDTH 6 0
BBX 6 12 0 -2
BITMAP
00
00
38
48
88
88
88
88
48
38
00
00
ENDCHAR
STARTCHAR uni2C6E
ENCODING 11374
SWIDTH 500 0
DWIDTH 6 0
BBX 6 12 0 -2
BITMAP
00
00
88
D8
A8
A8
88
88
88
88
08
30
ENDCHAR
STARTCHAR uni2C6F
ENCODING 11375
SWIDTH 500 0
DWIDTH 6 0
BBX 6 12 0 -2
BITMAP
00
00
88
88
88
F8
88
88
88
70
00
00
ENDCHAR
STARTCHAR uni2C70
ENCODING 11376
SWIDTH 500 0
DWIDTH 6 0
BBX 6 12 0 -2
BITMAP
00
00
80
F0
88
88
88
88
90
E0
00
00
ENDCHAR
STARTCHAR uni2C71
ENCODING 11377
SWIDTH 500 0
DWIDTH 6 0
BBX 6 12 0 -2
BITMAP
00
00
00
00
98
98
60
60
20
20
00
00
ENDCHAR
STARTCHAR uni2C72
ENCODING 11378
SWIDTH 500 0
DWIDTH 6 0
BBX 6 12 0 -2
BITMAP
00
00
98
98
90
90
B0
B0
F0
90
00
00
ENDCHAR
STARTCHAR uni2C73
ENCODING 11379
SWIDTH 500 0
DWIDTH 6 0
BBX 6 12 0 -2
BITMAP
00
00
00
00
98
98
B0
B0
B0
60
00
00
ENDCHAR
STARTCHAR uni2C74
ENCODING 11380
SWIDTH 500 0
DWIDTH 6 0
BBX 6 12 0 -2
BITMAP
00
00
40
A0
C8
48
30
30
10
10
00
00
ENDCHAR
STARTCHAR uni2C75
ENCODING 11381
SWIDTH 500 0
DWIDTH 6 0
BBX 6 12 0 -2
BITMAP
00
00
80
80
88
F8
88
80
80
80
00
00
ENDCHAR
STARTCHAR uni2C76
ENCODING 11382
SWIDTH 500 0
DWIDTH 6 0
BBX 6 12 0 -2
BITMAP
00
00
80
80
80
88
F8
88
80
80
00
00
ENDCHAR
STARTCHAR uni2C77
ENCODING 11383
SWIDTH 500 0
DWIDTH 6 0
BBX 6 12 0 -2
BITMAP
00
00
00
00
70
A8
A8
A8
A8
70
00
00
ENDCHAR
STARTCHAR uni2C78
ENCODING 11384
SWIDTH 500 0
DWIDTH 6 0
BBX 6 12 0 -2
BITMAP
00
00
00
00
70
88
F8
80
88
78
00
00
ENDCHAR
STARTCHAR uni2C79
ENCODING 11385
SWIDTH 500 0
DWIDTH 6 0
BBX 6 12 0 -2
BITMAP
00
00
00
00
E8
18
08
08
08
08
18
00
ENDCHAR
STARTCHAR uni2C7A
ENCODING 11386
SWIDTH 500 0
DWIDTH 6 0
BBX 6 12 0 -2
BITMAP
00
00
00
00
70
88
A8
D8
A8
70
00
00
ENDCHAR
STARTCHAR uni2C7B
ENCODING 11387
SWIDTH 500 0
DWIDTH 6 0
BBX 6 12 0 -2
BITMAP
00
00
00
00
F8
08
78
08
08
F8
00
00
ENDCHAR
STARTCHAR uni2C7C
ENCODING 11388
SWIDTH 500 0
DWIDTH 6 0
BBX 6 12 0 -2
BITMAP
00
00
00
00
00
00
00
10
00
10
50
20
ENDCHAR
STARTCHAR uni2C7D
ENCODING 11389
SWIDTH 500 0
DWIDTH 6 0
BBX 6 12 0 -2
BITMAP
00
00
48
48
30
20
20
00
00
00
00
00
ENDCHAR
STARTCHAR uni2C7E
ENCODING 11390
SWIDTH 500 0
DWIDTH 6 0
BBX 6 12 0 -2
BITMAP
00
00
60
90
80
60
10
10
90
60
08
30
ENDCHAR
STARTCHAR uni2C7F
ENCODING 11391
SWIDTH 500 0
DWIDTH 6 0
BBX 6 12 0 -2
BITMAP
00
00
F0
10
20
00
40
80
80
80
48
30
ENDCHAR
STARTCHAR uni3030
ENCODING 12336
SWIDTH 500 0
DWIDTH 6 0
BBX 6 12 0 -2
BITMAP
00
00
00
60
94
08
00
00
00
00
00
00
ENDCHAR
STARTCHAR uni303D
ENCODING 12349
SWIDTH 500 0
DWIDTH 6 0
BBX 6 12 0 -2
BITMAP
00
00
50
A8
08
04
04
00
00
00
00
00
ENDCHAR
STARTCHAR uni3297
ENCODING 12951
SWIDTH 500 0
DWIDTH 6 0
BBX 6 12 0 -2
BITMAP
40
1C
D4
5C
D4
54
64
4C
54
00
00
00
ENDCHAR
STARTCHAR uni3299
ENCODING 12953
SWIDTH 500 0
DWIDTH 6 0
BBX 6 12 0 -2
BITMAP
68
44
E8
5C
F4
54
B4
6C
48
00
00
00
ENDCHAR
STARTCHAR uniA720
ENCODING 42784
SWIDTH 500 0
DWIDTH 6 0
BBX 6 12 0 -2
BITMAP
00
00
70
20
20
00
00
00
00
00
00
00
ENDCHAR
STARTCHAR uniA721
ENCODING 42785
SWIDTH 500 0
DWIDTH 6 0
BBX 6 12 0 -2
BITMAP
00
00
00
00
00
00
70
20
20
00
00
00
ENDCHAR
STARTCHAR uniA722
ENCODING 42786
SWIDTH 500 0
DWIDTH 6 0
BBX 6 12 0 -2
BITMAP
00
00
70
88
08
38
08
08
88
70
00
00
ENDCHAR
STARTCHAR uniA723
ENCODING 42787
SWIDTH 500 0
DWIDTH 6 0
BBX 6 12 0 -2
BITMAP
00
00
00
00
70
88
38
08
88
70
00
00
ENDCHAR
STARTCHAR uniA724
ENCODING 42788
SWIDTH 500 0
DWIDTH 6 0
BBX 6 12 0 -2
BITMAP
00
00
70
88
80
80
80
80
88
70
00
00
ENDCHAR
STARTCHAR uniA725
ENCODING 42789
SWIDTH 500 0
DWIDTH 6 0
BBX 6 12 0 -2
BITMAP
00
00
00
00
70
88
80
80
88
70
00
00
ENDCHAR
STARTCHAR uniA726
ENCODING 42790
SWIDTH 500 0
DWIDTH 6 0
BBX 6 12 0 -2
BITMAP
00
00
88
88
88
F8
88
88
88
88
08
08
ENDCHAR
STARTCHAR uniA727
ENCODING 42791
SWIDTH 500 0
DWIDTH 6 0
BBX 6 12 0 -2
BITMAP
00
00
80
80
F0
88
88
88
88
88
08
08
ENDCHAR
STARTCHAR uniA728
ENCODING 42792
SWIDTH 500 0
DWIDTH 6 0
BBX 6 12 0 -2
BITMAP
00
00
FC
04
00
08
00
10
10
1C
00
00
ENDCHAR
STARTCHAR uniA729
ENCODING 42793
SWIDTH 500 0
DWIDTH 6 0
BBX 6 12 0 -2
BITMAP
00
00
40
40
FC
40
48
40
50
3C
00
00
ENDCHAR
STARTCHAR uniA72A
ENCODING 42794
SWIDTH 500 0
DWIDTH 6 0
BBX 6 12 0 -2
BITMAP
00
00
70
88
88
60
80
88
88
70
00
00
ENDCHAR
STARTCHAR uniA72B
ENCODING 42795
SWIDTH 500 0
DWIDTH 6 0
BBX 6 12 0 -2
BITMAP
00
00
00
00
70
88
60
80
88
70
00
00
ENDCHAR
STARTCHAR uniA72C
ENCODING 42796
SWIDTH 500 0
DWIDTH 6 0
BBX 6 12 0 -2
BITMAP
00
00
08
18
28
48
88
F8
08
08
08
10
ENDCHAR
STARTCHAR uniA72D
ENCODING 42797
SWIDTH 500 0
DWIDTH 6 0
BBX 6 12 0 -2
BITMAP
00
00
00
00
08
18
48
88
08
08
08
10
ENDCHAR
STARTCHAR uniA72E
ENCODING 42798
SWIDTH 500 0
DWIDTH 6 0
BBX 6 12 0 -2
BITMAP
00
00
08
18
28
48
88
F8
08
08
08
18
ENDCHAR
STARTCHAR uniA72F
ENCODING 42799
SWIDTH 500 0
DWIDTH 6 0
BBX 6 12 0 -2
BITMAP
00
00
00
00
08
18
48
88
08
08
08
18
ENDCHAR
STARTCHAR uniA730
ENCODING 42800
SWIDTH 500 0
DWIDTH 6 0
BBX 6 12 0 -2
BITMAP
00
00
00
00
F8
80
F0
80
80
80
00
00
ENDCHAR
STARTCHAR uniA731
ENCODING 42801
SWIDTH 500 0
DWIDTH 6 0
BBX 6 12 0 -2
BITMAP
00
00
00
00
70
88
70
08
88
70
00
00
ENDCHAR
STARTCHAR uniA732
ENCODING 42802
SWIDTH 500 0
DWIDTH 6 0
BBX 6 12 0 -2
BITMAP
00
00
68
94
94
94
FC
94
94
94
00
00
ENDCHAR
STARTCHAR uniA733
ENCODING 42803
SWIDTH 500 0
DWIDTH 6 0
BBX 6 12 0 -2
BITMAP
00
00
00
00
68
14
7C
94
94
7C
00
00
ENDCHAR
STARTCHAR uniA734
ENCODING 42804
SWIDTH 500 0
DWIDTH 6 0
BBX 6 12 0 -2
BITMAP
00
00
68
94
94
94
F4
94
94
98
00
00
ENDCHAR
STARTCHAR uniA735
ENCODING 42805
SWIDTH 500 0
DWIDTH 6 0
BBX 6 12 0 -2
BITMAP
00
00
00
00
68
14
74
94
94
78
00
00
ENDCHAR
STARTCHAR uniA736
ENCODING 42806
SWIDTH 500 0
DWIDTH 6 0
BBX 6 12 0 -2
BITMAP
00
00
74
94
94
94
F4
94
94
98
00
00
ENDCHAR
STARTCHAR uniA737
ENCODING 42807
SWIDTH 500 0
DWIDTH 6 0
BBX 6 12 0 -2
BITMAP
00
00
00
00
74
14
74
94
94
7C
00
00
ENDCHAR
STARTCHAR uniA738
ENCODING 42808
SWIDTH 500 0
DWIDTH 6 0
BBX 6 12 0 -2
BITMAP
00
00
74
94
94
90
F0
90
98
98
00
00
ENDCHAR
STARTCHAR uniA739
ENCODING 42809
SWIDTH 500 0
DWIDTH 6 0
BBX 6 12 0 -2
BITMAP
00
00
00
00
74
14
70
90
98
78
00
00
ENDCHAR
STARTCHAR uniA73A
ENCODING 42810
SWIDTH 500 0
DWIDTH 6 0
BBX 6 12 0 -2
BITMAP
00
00
74
94
94
FC
F0
90
98
98
00
00
ENDCHAR
STARTCHAR uniA73B
ENCODING 42811
SWIDTH 500 0
DWIDTH 6 0
BBX 6 12 0 -2
BITMAP
00
00
00
00
74
14
FC
90
98
78
00
00
ENDCHAR
STARTCHAR uniA73C
ENCODING 42812
SWIDTH 500 0
DWIDTH 6 0
BBX 6 12 0 -2
BITMAP
00
00
74
94
90
90
F8
98
98
98
00
00
ENDCHAR
STARTCHAR uniA73D
ENCODING 42813
SWIDTH 500 0
DWIDTH 6 0
BBX 6 12 0 -2
BITMAP
00
00
00
00
74
14
74
94
94
7C
04
08
ENDCHAR
STARTCHAR uniA73E
ENCODING 42814
SWIDTH 500 0
DWIDTH 6 0
BBX 6 12 0 -2
BITMAP
00
00
70
88
08
28
08
08
88
70
00
00
ENDCHAR
STARTCHAR uniA73F
ENCODING 42815
SWIDTH 500 0
DWIDTH 6 0
BBX 6 12 0 -2
BITMAP
00
00
00
00
70
88
28
08
88
70
00
00
ENDCHAR
STARTCHAR uniA740
ENCODING 42816
SWIDTH 500 0
DWIDTH 6 0
BBX 6 12 0 -2
BITMAP
00
00
88
90
A0
FC
C0
A0
90
88
00
00
ENDCHAR
STARTCHAR uniA741
ENCODING 42817
SWIDTH 500 0
DWIDTH 6 0
BBX 6 12 0 -2
BITMAP
00
00
40
40
48
FC
60
60
50
48
00
00
ENDCHAR
STARTCHAR uniA742
ENCODING 42818
SWIDTH 500 0
DWIDTH 6 0
BBX 6 12 0 -2
BITMAP
00
00
88
90
A0
F8
C0
A0
90
88
00
00
ENDCHAR
STARTCHAR uniA743
ENCODING 42819
SWIDTH 500 0
DWIDTH 6 0
BBX 6 12 0 -2
BITMAP
00
00
40
40
48
78
60
60
50
48
00
00
ENDCHAR
STARTCHAR uniA744
ENCODING 42820
SWIDTH 500 0
DWIDTH 6 0
BBX 6 12 0 -2
BITMAP
00
00
88
F8
A0
F8
C0
A0
90
88
00
00
ENDCHAR
STARTCHAR uniA745
ENCODING 42821
SWIDTH 500 0
DWIDTH 6 0
BBX 6 12 0 -2
BITMAP
00
00
40
78
48
78
60
60
50
48
00
00
ENDCHAR
STARTCHAR uniA746
ENCODING 42822
SWIDTH 500 0
DWIDTH 6 0
BBX 6 12 0 -2
BITMAP
00
00
80
80
80
40
40
40
40
7C
00
00
ENDCHAR
STARTCHAR uniA747
ENCODING 42823
SWIDTH 500 0
DWIDTH 6 0
BBX 6 12 0 -2
BITMAP
00
00
60
20
20
20
10
10
10
0C
00
00
ENDCHAR
STARTCHAR uniA748
ENCODING 42824
SWIDTH 500 0
DWIDTH 6 0
BBX 6 12 0 -2
BITMAP
00
00
80
80
FC
80
80
80
80
F8
00
00
ENDCHAR
STARTCHAR uniA749
ENCODING 42825
SWIDTH 500 0
DWIDTH 6 0
BBX 6 12 0 -2
BITMAP
00
00
60
20
FC
20
20
20
20
18
00
00
ENDCHAR
STARTCHAR uniA74A
ENCODING 42826
SWIDTH 500 0
DWIDTH 6 0
BBX 6 12 0 -2
BITMAP
00
00
70
88
88
FC
88
88
88
70
00
00
ENDCHAR
STARTCHAR uniA74B
ENCODING 42827
SWIDTH 500 0
DWIDTH 6 0
BBX 6 12 0 -2
BITMAP
00
00
00
00
70
88
FC
88
88
70
00
00
ENDCHAR
STARTCHAR uniA74C
ENCODING 42828
SWIDTH 500 0
DWIDTH 6 0
BBX 6 12 0 -2
BITMAP
00
00
70
98
98
88
88
88
88
70
00
00
ENDCHAR
STARTCHAR uniA74D
ENCODING 42829
SWIDTH 500 0
DWIDTH 6 0
BBX 6 12 0 -2
BITMAP
00
00
00
00
70
98
98
88
88
70
00
00
ENDCHAR
STARTCHAR uniA74E
ENCODING 42830
SWIDTH 500 0
DWIDTH 6 0
BBX 6 12 0 -2
BITMAP
00
00
68
94
94
94
94
94
94
68
00
00
ENDCHAR
STARTCHAR uniA74F
ENCODING 42831
SWIDTH 500 0
DWIDTH 6 0
BBX 6 12 0 -2
BITMAP
00
00
00
00
68
94
94
94
94
68
00
00
ENDCHAR
STARTCHAR uniA750
ENCODING 42832
SWIDTH 500 0
DWIDTH 6 0
BBX 6 12 0 -2
BITMAP
00
00
F0
88
88
88
F0
80
80
80
C0
80
ENDCHAR
STARTCHAR uniA751
ENCODING 42833
SWIDTH 500 0
DWIDTH 6 0
BBX 6 12 0 -2
BITMAP
00
00
00
00
F0
88
88
88
88
F0
80
C0
ENDCHAR
STARTCHAR uniA752
ENCODING 42834
SWIDTH 500 0
DWIDTH 6 0
BBX 6 12 0 -2
BITMAP
08
04
F0
88
88
88
F0
80
80
80
00
00
ENDCHAR
STARTCHAR uniA753
ENCODING 42835
SWIDTH 500 0
DWIDTH 6 0
BBX 6 12 0 -2
BITMAP
00
00
08
04
F0
88
88
88
88
F0
80
80
ENDCHAR
STARTCHAR uniA754
ENCODING 42836
SWIDTH 500 0
DWIDTH 6 0
BBX 6 12 0 -2
BITMAP
00
00
F0
88
88
88
F0
80
80
88
08
10
ENDCHAR
STARTCHAR uniA755
ENCODING 42837
SWIDTH 500 0
DWIDTH 6 0
BBX 6 12 0 -2
BITMAP
00
00
00
00
F0
88
88
88
88
F0
80
90
ENDCHAR
STARTCHAR uniA756
ENCODING 42838
SWIDTH 500 0
DWIDTH 6 0
BBX 6 12 0 -2
BITMAP
00
00
70
88
88
88
88
88
A8
70
08
1C
ENDCHAR
STARTCHAR uniA757
ENCODING 42839
SWIDTH 500 0
DWIDTH 6 0
BBX 6 12 0 -2
BITMAP
00
00
00
00
78
88
88
88
88
78
08
1C
ENDCHAR
STARTCHAR uniA758
ENCODING 42840
SWIDTH 500 0
DWIDTH 6 0
BBX 6 12 0 -2
BITMAP
00
00
70
88
88
88
B8
C8
A8
70
08
00
ENDCHAR
STARTCHAR uniA759
ENCODING 42841
SWIDTH 500 0
DWIDTH 6 0
BBX 6 12 0 -2
BITMAP
00
00
00
00
78
88
88
B8
C8
78
08
08
ENDCHAR
STARTCHAR uniA75A
ENCODING 42842
SWIDTH 500 0
DWIDTH 6 0
BBX 6 12 0 -2
BITMAP
00
00
70
88
88
08
10
28
48
C8
08
00
ENDCHAR
STARTCHAR uniA75B
ENCODING 42843
SWIDTH 500 0
DWIDTH 6 0
BBX 6 12 0 -2
BITMAP
00
00
00
00
70
88
08
18
48
C8
08
00
ENDCHAR
STARTCHAR uniA75C
ENCODING 42844
SWIDTH 500 0
DWIDTH 6 0
BBX 6 12 0 -2
BITMAP
00
00
70
88
88
08
FC
28
48
C8
08
00
ENDCHAR
STARTCHAR uniA75D
ENCODING 42845
SWIDTH 500 0
DWIDTH 6 0
BBX 6 12 0 -2
BITMAP
00
00
00
00
70
88
08
FC
48
C8
08
00
ENDCHAR
STARTCHAR uniA75E
ENCODING 42846
SWIDTH 500 0
DWIDTH 6 0
BBX 6 12 0 -2
BITMAP
00
00
88
88
88
78
D0
50
20
20
00
00
ENDCHAR
STARTCHAR uniA75F
ENCODING 42847
SWIDTH 500 0
DWIDTH 6 0
BBX 6 12 0 -2
BITMAP
00
00
00
00
88
88
78
D0
20
20
00
00
ENDCHAR
STARTCHAR uniA760
ENCODING 42848
SWIDTH 500 0
DWIDTH 6 0
BBX 6 12 0 -2
BITMAP
00
00
94
94
90
60
68
68
08
08
00
00
ENDCHAR
STARTCHAR uniA761
ENCODING 42849
SWIDTH 500 0
DWIDTH 6 0
BBX 6 12 0 -2
BITMAP
00
00
00
00
94
94
74
74
14
0C
04
08
ENDCHAR
STARTCHAR uniA762
ENCODING 42850
SWIDTH 500 0
DWIDTH 6 0
BBX 6 12 0 -2
BITMAP
00
00
F8
08
10
30
08
08
88
70
00
00
ENDCHAR
STARTCHAR uniA763
ENCODING 42851
SWIDTH 500 0
DWIDTH 6 0
BBX 6 12 0 -2
BITMAP
00
00
00
00
F8
08
10
30
08
08
88
70
ENDCHAR
STARTCHAR uniA764
ENCODING 42852
SWIDTH 500 0
DWIDTH 6 0
BBX 6 12 0 -2
BITMAP
00
00
80
F0
88
FC
88
F0
80
80
00
00
ENDCHAR
STARTCHAR uniA765
ENCODING 42853
SWIDTH 500 0
DWIDTH 6 0
BBX 6 12 0 -2
BITMAP
00
00
80
80
F0
88
FC
88
88
F0
80
80
ENDCHAR
STARTCHAR uniA766
ENCODING 42854
SWIDTH 500 0
DWIDTH 6 0
BBX 6 12 0 -2
BITMAP
00
00
80
F0
88
88
88
F0
80
80
C0
80
ENDCHAR
STARTCHAR uniA767
ENCODING 42855
SWIDTH 500 0
DWIDTH 6 0
BBX 6 12 0 -2
BITMAP
00
00
80
80
F0
88
88
88
88
F0
80
C0
ENDCHAR
STARTCHAR uniA768
ENCODING 42856
SWIDTH 500 0
DWIDTH 6 0
BBX 6 12 0 -2
BITMAP
00
00
88
88
88
D0
D0
D0
A0
A0
00
00
ENDCHAR
STARTCHAR uniA769
ENCODING 42857
SWIDTH 500 0
DWIDTH 6 0
BBX 6 12 0 -2
BITMAP
00
00
00
00
88
88
D0
D0
A0
A0
00
00
ENDCHAR
STARTCHAR uniA76A
ENCODING 42858
SWIDTH 500 0
DWIDTH 6 0
BBX 6 12 0 -2
BITMAP
08
04
70
88
08
30
08
08
88
70
00
00
ENDCHAR
STARTCHAR uniA76B
ENCODING 42859
SWIDTH 500 0
DWIDTH 6 0
BBX 6 12 0 -2
BITMAP
00
00
00
00
08
70
08
30
08
70
00
00
ENDCHAR
STARTCHAR uniA76C
ENCODING 42860
SWIDTH 500 0
DWIDTH 6 0
BBX 6 12 0 -2
BITMAP
00
00
80
80
80
F0
88
88
88
F0
80
80
ENDCHAR
STARTCHAR uniA76D
ENCODING 42861
SWIDTH 500 0
DWIDTH 6 0
BBX 6 12 0 -2
BITMAP
80
80
80
80
F0
88
88
88
88
F0
80
80
ENDCHAR
STARTCHAR uniA76E
ENCODING 42862
SWIDTH 500 0
DWIDTH 6 0
BBX 6 12 0 -2
BITMAP
00
00
70
88
88
88
78
08
08
70
00
00
ENDCHAR
STARTCHAR uniA76F
ENCODING 42863
SWIDTH 500 0
DWIDTH 6 0
BBX 6 12 0 -2
BITMAP
00
00
00
00
70
88
88
78
08
70
00
00
ENDCHAR
STARTCHAR uniA770
ENCODING 42864
SWIDTH 500 0
DWIDTH 6 0
BBX 6 12 0 -2
BITMAP
00
00
70
88
08
70
00
00
00
00
00
00
ENDCHAR
STARTCHAR uniA771
ENCODING 42865
SWIDTH 500 0
DWIDTH 6 0
BBX 6 12 0 -2
BITMAP
00
00
08
08
78
88
88
88
88
7C
04
00
ENDCHAR
STARTCHAR uniA772
ENCODING 42866
SWIDTH 500 0
DWIDTH 6 0
BBX 6 12 0 -2
BITMAP
00
00
60
20
20
20
20
20
20
1C
04
00
ENDCHAR
STARTCHAR uniA773
ENCODING 42867
SWIDTH 500 0
DWIDTH 6 0
BBX 6 12 0 -2
BITMAP
00
00
00
00
F0
A8
A8
A8
A8
BC
04
00
ENDCHAR
STARTCHAR uniA774
ENCODING 42868
SWIDTH 500 0
DWIDTH 6 0
BBX 6 12 0 -2
BITMAP
00
00
00
00
F0
88
88
88
88
9C
04
00
ENDCHAR
STARTCHAR uniA775
ENCODING 42869
SWIDTH 500 0
DWIDTH 6 0
BBX 6 12 0 -2
BITMAP
00
00
00
00
B8
C0
80
80
80
9C
04
00
ENDCHAR
STARTCHAR uniA776
ENCODING 42870
SWIDTH 500 0
DWIDTH 6 0
BBX 6 12 0 -2
BITMAP
00
00
00
00
F0
88
FC
F0
90
88
00
00
ENDCHAR
STARTCHAR uniA777
ENCODING 42871
SWIDTH 500 0
DWIDTH 6 0
BBX 6 12 0 -2
BITMAP
00
00
20
20
70
20
20
20
20
1C
04
00
ENDCHAR
STARTCHAR uniA778
ENCODING 42872
SWIDTH 500 0
DWIDTH 6 0
BBX 6 12 0 -2
BITMAP
00
00
00
00
88
88
88
88
88
7C
04
00
ENDCHAR
STARTCHAR uniA779
ENCODING 42873
SWIDTH 500 0
DWIDTH 6 0
BBX 6 12 0 -2
BITMAP
00
00
E0
90
88
E8
88
88
90
E0
00
00
ENDCHAR
STARTCHAR uniA77A
ENCODING 42874
SWIDTH 500 0
DWIDTH 6 0
BBX 6 12 0 -2
BITMAP
00
A0
40
A0
70
88
88
88
88
70
00
00
ENDCHAR
STARTCHAR uniA77B
ENCODING 42875
SWIDTH 500 0
DWIDTH 6 0
BBX 6 12 0 -2
BITMAP
08
04
F8
80
80
F0
80
80
80
80
00
00
ENDCHAR
STARTCHAR uniA77C
ENCODING 42876
SWIDTH 500 0
DWIDTH 6 0
BBX 6 12 0 -2
BITMAP
08
04
18
20
70
20
20
20
20
20
00
00
ENDCHAR
STARTCHAR uniA77D
ENCODING 42877
SWIDTH 500 0
DWIDTH 6 0
BBX 6 12 0 -2
BITMAP
00
00
70
88
80
80
B8
88
88
F0
80
40
ENDCHAR
STARTCHAR uniA77E
ENCODING 42878
SWIDTH 500 0
DWIDTH 6 0
BBX 6 12 0 -2
BITMAP
00
00
10
08
78
88
88
E8
08
08
88
70
ENDCHAR
STARTCHAR uniA77F
ENCODING 42879
SWIDTH 500 0
DWIDTH 6 0
BBX 6 12 0 -2
BITMAP
00
00
00
00
78
88
88
88
88
78
08
70
ENDCHAR
STARTCHAR uniA780
ENCODING 42880
SWIDTH 500 0
DWIDTH 6 0
BBX 6 12 0 -2
BITMAP
00
00
F8
08
08
08
08
08
08
08
00
00
ENDCHAR
STARTCHAR uniA781
ENCODING 42881
SWIDTH 500 0
DWIDTH 6 0
BBX 6 12 0 -2
BITMAP
00
00
60
10
10
10
10
10
10
18
00
00
ENDCHAR
STARTCHAR uniA782
ENCODING 42882
SWIDTH 500 0
DWIDTH 6 0
BBX 6 12 0 -2
BITMAP
00
00
F0
88
88
88
88
88
88
88
80
80
ENDCHAR
STARTCHAR uniA783
ENCODING 42883
SWIDTH 500 0
DWIDTH 6 0
BBX 6 12 0 -2
BITMAP
00
00
00
00
F0
88
88
88
88
88
80
80
ENDCHAR
STARTCHAR uniA784
ENCODING 42884
SWIDTH 500 0
DWIDTH 6 0
BBX 6 12 0 -2
BITMAP
00
00
B8
C0
C0
80
80
80
80
80
00
00
ENDCHAR
STARTCHAR uniA785
ENCODING 42885
SWIDTH 500 0
DWIDTH 6 0
BBX 6 12 0 -2
BITMAP
00
00
00
00
B8
C0
80
80
80
80
00
00
ENDCHAR
STARTCHAR uniA786
ENCODING 42886
SWIDTH 500 0
DWIDTH 6 0
BBX 6 12 0 -2
BITMAP
08
04
70
88
FC
80
80
80
88
70
00
00
ENDCHAR
STARTCHAR uniA787
ENCODING 42887
SWIDTH 500 0
DWIDTH 6 0
BBX 6 12 0 -2
BITMAP
00
00
08
04
70
FC
80
80
88
70
00
00
ENDCHAR
STARTCHAR uniA788
ENCODING 42888
SWIDTH 500 0
DWIDTH 6 0
BBX 6 12 0 -2
BITMAP
00
00
00
00
00
00
10
28
00
00
00
00
ENDCHAR
STARTCHAR uniA789
ENCODING 42889
SWIDTH 500 0
DWIDTH 6 0
BBX 6 12 0 -2
BITMAP
00
00
00
00
10
00
00
10
00
00
00
00
ENDCHAR
STARTCHAR uniA78A
ENCODING 42890
SWIDTH 500 0
DWIDTH 6 0
BBX 6 12 0 -2
BITMAP
00
00
00
00
00
38
00
38
00
00
00
00
ENDCHAR
STARTCHAR uniA78B
ENCODING 42891
SWIDTH 500 0
DWIDTH 6 0
BBX 6 12 0 -2
BITMAP
00
00
30
10
10
10
10
10
10
10
00
00
ENDCHAR
STARTCHAR uniA78C
ENCODING 42892
SWIDTH 500 0
DWIDTH 6 0
BBX 6 12 0 -2
BITMAP
00
00
00
00
30
10
10
10
10
10
00
00
ENDCHAR
STARTCHAR uniA78D
ENCODING 42893
SWIDTH 500 0
DWIDTH 6 0
BBX 6 12 0 -2
BITMAP
00
00
88
88
88
88
F8
88
88
88
00
00
ENDCHAR
STARTCHAR uniA78E
ENCODING 42894
SWIDTH 500 0
DWIDTH 6 0
BBX 6 12 0 -2
BITMAP
00
00
60
20
20
20
FC
20
20
18
08
10
ENDCHAR
STARTCHAR uniA78F
ENCODING 42895
SWIDTH 500 0
DWIDTH 6 0
BBX 6 12 0 -2
BITMAP
00
00
00
00
00
00
10
00
00
00
00
00
ENDCHAR
STARTCHAR uniA790
ENCODING 42896
SWIDTH 500 0
DWIDTH 6 0
BBX 6 12 0 -2
BITMAP
00
00
88
88
C8
A8
98
88
88
88
08
08
ENDCHAR
STARTCHAR uniA791
ENCODING 42897
SWIDTH 500 0
DWIDTH 6 0
BBX 6 12 0 -2
BITMAP
00
00
00
00
F0
88
88
88
88
88
08
08
ENDCHAR
STARTCHAR uniA792
ENCODING 42898
SWIDTH 500 0
DWIDTH 6 0
BBX 6 12 0 -2
BITMAP
00
00
70
88
80
FC
80
80
88
70
00
00
ENDCHAR
STARTCHAR uniA793
ENCODING 42899
SWIDTH 500 0
DWIDTH 6 0
BBX 6 12 0 -2
BITMAP
00
00
00
00
70
88
FC
80
88
70
00
00
ENDCHAR
STARTCHAR uniA794
ENCODING 42900
SWIDTH 500 0
DWIDTH 6 0
BBX 6 12 0 -2
BITMAP
00
00
00
00
70
88
80
80
88
78
08
10
ENDCHAR
STARTCHAR uniA795
ENCODING 42901
SWIDTH 500 0
DWIDTH 6 0
BBX 6 12 0 -2
BITMAP
00
00
80
80
F0
88
88
88
88
88
08
10
ENDCHAR
STARTCHAR uniA796
ENCODING 42902
SWIDTH 500 0
DWIDTH 6 0
BBX 6 12 0 -2
BITMAP
08
04
F0
88
88
F0
88
88
88
F0
00
00
ENDCHAR
STARTCHAR uniA797
ENCODING 42903
SWIDTH 500 0
DWIDTH 6 0
BBX 6 12 0 -2
BITMAP
80
80
80
80
F0
88
88
88
88
F0
00
00
ENDCHAR
STARTCHAR uniA798
ENCODING 42904
SWIDTH 500 0
DWIDTH 6 0
BBX 6 12 0 -2
BITMAP
00
00
F8
80
80
FC
80
80
80
80
00
00
ENDCHAR
STARTCHAR uniA799
ENCODING 42905
SWIDTH 500 0
DWIDTH 6 0
BBX 6 12 0 -2
BITMAP
00
00
18
20
70
FC
20
20
20
20
00
00
ENDCHAR
STARTCHAR uniA79A
ENCODING 42906
SWIDTH 500 0
DWIDTH 6 0
BBX 6 12 0 -2
BITMAP
00
00
7C
90
90
FC
90
90
90
9C
00
00
ENDCHAR
STARTCHAR uniA79B
ENCODING 42907
SWIDTH 500 0
DWIDTH 6 0
BBX 6 12 0 -2
BITMAP
00
00
00
00
70
28
68
B0
A0
78
00
00
ENDCHAR
STARTCHAR uniA79C
ENCODING 42908
SWIDTH 500 0
DWIDTH 6 0
BBX 6 12 0 -2
BITMAP
00
00
7C
90
90
9C
90
90
90
7C
00
00
ENDCHAR
STARTCHAR uniA79D
ENCODING 42909
SWIDTH 500 0
DWIDTH 6 0
BBX 6 12 0 -2
BITMAP
00
00
00
00
70
A8
A8
B0
A0
78
00
00
ENDCHAR
STARTCHAR uniA79E
ENCODING 42910
SWIDTH 500 0
DWIDTH 6 0
BBX 6 12 0 -2
BITMAP
00
00
9C
90
90
98
90
90
90
7C
00
00
ENDCHAR
STARTCHAR uniA79F
ENCODING 42911
SWIDTH 500 0
DWIDTH 6 0
BBX 6 12 0 -2
BITMAP
00
00
00
00
98
94
9C
90
90
7C
00
00
ENDCHAR
STARTCHAR uniA7A0
ENCODING 42912
SWIDTH 500 0
DWIDTH 6 0
BBX 6 12 0 -2
BITMAP
00
00
70
88
80
E0
B8
88
88
70
00
00
ENDCHAR
STARTCHAR uniA7A1
ENCODING 42913
SWIDTH 500 0
DWIDTH 6 0
BBX 6 12 0 -2
BITMAP
00
00
00
00
78
88
88
E8
98
78
08
70
ENDCHAR
STARTCHAR uniA7A2
ENCODING 42914
SWIDTH 500 0
DWIDTH 6 0
BBX 6 12 0 -2
BITMAP
00
00
88
90
A0
E0
D8
A0
90
88
00
00
ENDCHAR
STARTCHAR uniA7A3
ENCODING 42915
SWIDTH 500 0
DWIDTH 6 0
BBX 6 12 0 -2
BITMAP
00
00
40
40
48
70
68
60
50
48
00
00
ENDCHAR
STARTCHAR uniA7A4
ENCODING 42916
SWIDTH 500 0
DWIDTH 6 0
BBX 6 12 0 -2
BITMAP
00
00
88
88
C8
E8
98
88
88
88
00
00
ENDCHAR
STARTCHAR uniA7A5
ENCODING 42917
SWIDTH 500 0
DWIDTH 6 0
BBX 6 12 0 -2
BITMAP
00
00
00
00
F0
88
E8
98
88
88
00
00
ENDCHAR
STARTCHAR uniA7A6
ENCODING 42918
SWIDTH 500 0
DWIDTH 6 0
BBX 6 12 0 -2
BITMAP
00
00
F0
88
88
E8
F8
A0
90
88
00
00
ENDCHAR
STARTCHAR uniA7A7
ENCODING 42919
SWIDTH 500 0
DWIDTH 6 0
BBX 6 12 0 -2
BITMAP
00
00
00
00
B8
C0
E0
98
80
80
00
00
ENDCHAR
STARTCHAR uniA7A8
ENCODING 42920
SWIDTH 500 0
DWIDTH 6 0
BBX 6 12 0 -2
BITMAP
00
00
70
88
80
F0
18
08
88
70
00
00
ENDCHAR
STARTCHAR uniA7A9
ENCODING 42921
SWIDTH 500 0
DWIDTH 6 0
BBX 6 12 0 -2
BITMAP
00
00
00
00
78
80
F0
18
08
F0
00
00
ENDCHAR
STARTCHAR uniA7AA
ENCODING 42922
SWIDTH 500 0
DWIDTH 6 0
BBX 6 12 0 -2
BITMAP
10
08
88
88
88
F8
88
88
88
88
00
00
ENDCHAR
STARTCHAR uniA7AB
ENCODING 42923
SWIDTH 500 0
DWIDTH 6 0
BBX 6 12 0 -2
BITMAP
00
00
70
88
08
30
08
08
88
70
00
00
ENDCHAR
STARTCHAR uniA7AC
ENCODING 42924
SWIDTH 500 0
DWIDTH 6 0
BBX 6 12 0 -2
BITMAP
00
00
78
88
88
88
88
78
08
18
00
00
ENDCHAR
STARTCHAR uniA7AD
ENCODING 42925
SWIDTH 500 0
DWIDTH 6 0
BBX 6 12 0 -2
BITMAP
00
00
80
80
80
FC
80
80
80
F8
00
00
ENDCHAR
STARTCHAR uniA7AE
ENCODING 42926
SWIDTH 500 0
DWIDTH 6 0
BBX 6 12 0 -2
BITMAP
00
00
70
20
20
20
20
20
20
70
00
00
ENDCHAR
STARTCHAR uniA7AF
ENCODING 42927
SWIDTH 500 0
DWIDTH 6 0
BBX 6 12 0 -2
BITMAP
00
00
00
00
70
88
88
88
88
78
04
00
ENDCHAR
STARTCHAR uniA7B0
ENCODING 42928
SWIDTH 500 0
DWIDTH 6 0
BBX 6 12 0 -2
BITMAP
00
00
88
48
28
18
18
28
48
88
00
00
ENDCHAR
STARTCHAR uniA7B1
ENCODING 42929
SWIDTH 500 0
DWIDTH 6 0
BBX 6 12 0 -2
BITMAP
00
00
20
20
20
20
20
20
20
F8
00
00
ENDCHAR
STARTCHAR uniA7B2
ENCODING 42930
SWIDTH 500 0
DWIDTH 6 0
BBX 6 12 0 -2
BITMAP
00
00
38
10
10
FC
10
90
90
60
00
00
ENDCHAR
STARTCHAR uniA7B3
ENCODING 42931
SWIDTH 500 0
DWIDTH 6 0
BBX 6 12 0 -2
BITMAP
00
00
88
88
50
20
20
50
88
88
00
00
ENDCHAR
STARTCHAR uniA7B4
ENCODING 42932
SWIDTH 500 0
DWIDTH 6 0
BBX 6 12 0 -2
BITMAP
00
00
F0
88
88
F0
88
88
88
F0
00
00
ENDCHAR
STARTCHAR uniA7B5
ENCODING 42933
SWIDTH 500 0
DWIDTH 6 0
BBX 6 12 0 -2
BITMAP
00
00
E0
90
90
F0
88
88
88
F0
80
80
ENDCHAR
STARTCHAR uniA7B6
ENCODING 42934
SWIDTH 500 0
DWIDTH 6 0
BBX 6 12 0 -2
BITMAP
00
00
70
88
88
88
88
88
50
D8
00
00
ENDCHAR
STARTCHAR uniA7B7
ENCODING 42935
SWIDTH 500 0
DWIDTH 6 0
BBX 6 12 0 -2
BITMAP
00
00
00
00
50
88
A8
A8
A8
50
00
00
ENDCHAR
STARTCHAR uniA7B8
ENCODING 42936
SWIDTH 500 0
DWIDTH 6 0
BBX 6 12 0 -2
BITMAP
00
00
88
88
88
FC
88
88
88
70
00
00
ENDCHAR
STARTCHAR uniA7B9
ENCODING 42937
SWIDTH 500 0
DWIDTH 6 0
BBX 6 12 0 -2
BITMAP
00
00
00
00
88
88
FC
88
88
78
00
00
ENDCHAR
STARTCHAR uniA7BA
ENCODING 42938
SWIDTH 500 0
DWIDTH 6 0
BBX 6 12 0 -2
BITMAP
C0
40
B8
44
44
44
7C
44
44
44
00
00
ENDCHAR
STARTCHAR uniA7BB
ENCODING 42939
SWIDTH 500 0
DWIDTH 6 0
BBX 6 12 0 -2
BITMAP
00
00
C0
40
B8
04
3C
44
44
3C
00
00
ENDCHAR
STARTCHAR uniA7BC
ENCODING 42940
SWIDTH 500 0
DWIDTH 6 0
BBX 6 12 0 -2
BITMAP
C0
40
F0
20
20
20
20
20
20
70
00
00
ENDCHAR
STARTCHAR uniA7BD
ENCODING 42941
SWIDTH 500 0
DWIDTH 6 0
BBX 6 12 0 -2
BITMAP
C0
60
A0
00
60
20
20
20
20
70
00
00
ENDCHAR
STARTCHAR uniA7BE
ENCODING 42942
SWIDTH 500 0
DWIDTH 6 0
BBX 6 12 0 -2
BITMAP
C0
40
C4
44
44
44
44
44
44
38
00
00
ENDCHAR
STARTCHAR uniA7BF
ENCODING 42943
SWIDTH 500 0
DWIDTH 6 0
BBX 6 12 0 -2
BITMAP
00
00
C0
40
C4
44
44
44
44
3C
00
00
ENDCHAR
STARTCHAR uniA7C0
ENCODING 42944
SWIDTH 500 0
DWIDTH 6 0
BBX 6 12 0 -2
BITMAP
00
20
70
A8
A8
A8
A8
A8
A8
70
00
00
ENDCHAR
STARTCHAR uniA7C1
ENCODING 42945
SWIDTH 500 0
DWIDTH 6 0
BBX 6 12 0 -2
BITMAP
00
00
00
20
70
A8
A8
A8
A8
70
00
00
ENDCHAR
STARTCHAR uniA7C2
ENCODING 42946
SWIDTH 500 0
DWIDTH 6 0
BBX 6 12 0 -2
BITMAP
00
00
90
90
98
94
98
94
F4
98
00
00
ENDCHAR
STARTCHAR uniA7C3
ENCODING 42947
SWIDTH 500 0
DWIDTH 6 0
BBX 6 12 0 -2
BITMAP
00
00
00
00
98
94
98
94
94
68
00
00
ENDCHAR
STARTCHAR uniA7C4
ENCODING 42948
SWIDTH 500 0
DWIDTH 6 0
BBX 6 12 0 -2
BITMAP
00
00
70
88
80
80
80
80
88
78
08
10
ENDCHAR
STARTCHAR uniA7C5
ENCODING 42949
SWIDTH 500 0
DWIDTH 6 0
BBX 6 12 0 -2
BITMAP
10
08
78
88
80
70
08
08
88
70
00
00
ENDCHAR
STARTCHAR uniA7C6
ENCODING 42950
SWIDTH 500 0
DWIDTH 6 0
BBX 6 12 0 -2
BITMAP
00
00
F8
08
10
20
40
80
80
F8
08
10
ENDCHAR
STARTCHAR uniA7C7
ENCODING 42951
SWIDTH 500 0
DWIDTH 6 0
BBX 6 12 0 -2
BITMAP
00
00
E0
90
88
F8
88
88
90
E0
00
00
ENDCHAR
STARTCHAR uniA7C8
ENCODING 42952
SWIDTH 500 0
DWIDTH 6 0
BBX 6 12 0 -2
BITMAP
00
00
08
08
78
F8
88
88
88
78
00
00
ENDCHAR
STARTCHAR uniA7C9
ENCODING 42953
SWIDTH 500 0
DWIDTH 6 0
BBX 6 12 0 -2
BITMAP
00
00
70
88
80
F8
08
08
88
70
00
00
ENDCHAR
STARTCHAR uniA7CA
ENCODING 42954
SWIDTH 500 0
DWIDTH 6 0
BBX 6 12 0 -2
BITMAP
00
00
00
00
78
80
F8
08
08
F0
00
00
ENDCHAR
STARTCHAR uniA7CB
ENCODING 42955
SWIDTH 500 0
DWIDTH 6 0
BBX 6 12 0 -2
BITMAP
00
00
88
88
88
88
88
88
88
78
00
00
ENDCHAR
STARTCHAR uniA7CC
ENCODING 42956
SWIDTH 500 0
DWIDTH 6 0
BBX 6 12 0 -2
BITMAP
00
00
70
88
80
78
C8
08
88
70
00
00
ENDCHAR
STARTCHAR uniA7CD
ENCODING 42957
SWIDTH 500 0
DWIDTH 6 0
BBX 6 12 0 -2
BITMAP
00
00
00
00
78
80
78
C8
08
F0
00
00
ENDCHAR
STARTCHAR uniA7CE
ENCODING 42958
SWIDTH 500 0
DWIDTH 6 0
BBX 6 12 0 -2
BITMAP
00
00
70
88
88
88
88
40
40
20
00
00
ENDCHAR
STARTCHAR uniA7CF
ENCODING 42959
SWIDTH 500 0
DWIDTH 6 0
BBX 6 12 0 -2
BITMAP
00
00
70
88
88
40
20
00
00
00
00
00
ENDCHAR
STARTCHAR uniA7D0
ENCODING 42960
SWIDTH 500 0
DWIDTH 6 0
BBX 6 12 0 -2
BITMAP
70
00
70
88
80
80
B8
88
88
F0
80
40
ENDCHAR
STARTCHAR uniA7D1
ENCODING 42961
SWIDTH 500 0
DWIDTH 6 0
BBX 6 12 0 -2
BITMAP
00
00
70
00
78
88
88
88
88
78
08
70
ENDCHAR
STARTCHAR uniA7D2
ENCODING 42962
SWIDTH 500 0
DWIDTH 6 0
BBX 6 12 0 -2
BITMAP
00
00
90
F8
94
94
94
F8
90
90
00
00
ENDCHAR
STARTCHAR uniA7D3
ENCODING 42963
SWIDTH 500 0
DWIDTH 6 0
BBX 6 12 0 -2
BITMAP
00
00
90
90
F8
94
94
94
94
F8
90
90
ENDCHAR
STARTCHAR uniA7D4
ENCODING 42964
SWIDTH 500 0
DWIDTH 6 0
BBX 6 12 0 -2
BITMAP
00
00
F8
94
B0
D8
D0
90
90
90
00
00
ENDCHAR
STARTCHAR uniA7D5
ENCODING 42965
SWIDTH 500 0
DWIDTH 6 0
BBX 6 12 0 -2
BITMAP
00
00
00
00
F8
94
B0
D8
90
D0
90
90
ENDCHAR
STARTCHAR uniA7D6
ENCODING 42966
SWIDTH 500 0
DWIDTH 6 0
BBX 6 12 0 -2
BITMAP
00
00
E0
90
90
F0
88
88
C8
B0
00
00
ENDCHAR
STARTCHAR uniA7D7
ENCODING 42967
SWIDTH 500 0
DWIDTH 6 0
BBX 6 12 0 -2
BITMAP
00
00
00
00
E0
90
F0
88
C8
B0
00
00
ENDCHAR
STARTCHAR uniA7D8
ENCODING 42968
SWIDTH 500 0
DWIDTH 6 0
BBX 6 12 0 -2
BITMAP
00
00
F0
40
20
70
88
88
88
70
00
00
ENDCHAR
STARTCHAR uniA7D9
ENCODING 42969
SWIDTH 500 0
DWIDTH 6 0
BBX 6 12 0 -2
BITMAP
00
00
00
00
F0
40
70
88
88
70
00
00
ENDCHAR
STARTCHAR uniA7DA
ENCODING 42970
SWIDTH 500 0
DWIDTH 6 0
BBX 6 12 0 -2
BITMAP
00
00
20
20
50
50
88
88
88
88
00
00
ENDCHAR
STARTCHAR uniA7DB
ENCODING 42971
SWIDTH 500 0
DWIDTH 6 0
BBX 6 12 0 -2
BITMAP
00
00
40
40
20
20
50
50
88
88
00
00
ENDCHAR
STARTCHAR uniA7DC
ENCODING 42972
SWIDTH 500 0
DWIDTH 6 0
BBX 6 12 0 -2
BITMAP
00
00
20
20
F8
20
50
50
88
88
00
00
ENDCHAR
STARTCHAR uniA7DD
ENCODING 42973
SWIDTH 500 0
DWIDTH 6 0
BBX 6 12 0 -2
BITMAP
00
00
50
F8
F8
A8
A8
A8
A8
50
00
00
ENDCHAR
STARTCHAR uniA7E2
ENCODING 42978
SWIDTH 500 0
DWIDTH 6 0
BBX 6 12 0 -2
BITMAP
00
00
F8
80
80
80
80
80
80
80
00
00
ENDCHAR
STARTCHAR uniA7F1
ENCODING 42993
SWIDTH 500 0
DWIDTH 6 0
BBX 6 12 0 -2
BITMAP
00
00
70
80
08
70
00
00
00
00
00
00
ENDCHAR
STARTCHAR uniA7F2
ENCODING 42994
SWIDTH 500 0
DWIDTH 6 0
BBX 6 12 0 -2
BITMAP
00
00
70
80
80
70
00
00
00
00
00
00
ENDCHAR
STARTCHAR uniA7F3
ENCODING 42995
SWIDTH 500 0
DWIDTH 6 0
BBX 6 12 0 -2
BITMAP
00
00
F8
E0
80
80
00
00
00
00
00
00
ENDCHAR
STARTCHAR uniA7F4
ENCODING 42996
SWIDTH 500 0
DWIDTH 6 0
BBX 6 12 0 -2
BITMAP
00
00
70
88
88
78
04
00
00
00
00
00
ENDCHAR
STARTCHAR uniA7F5
ENCODING 42997
SWIDTH 500 0
DWIDTH 6 0
BBX 6 12 0 -2
BITMAP
00
00
08
08
08
F8
08
08
08
08
00
00
ENDCHAR
STARTCHAR uniA7F6
ENCODING 42998
SWIDTH 500 0
DWIDTH 6 0
BBX 6 12 0 -2
BITMAP
00
00
00
00
08
08
F8
08
08
08
00
00
ENDCHAR
STARTCHAR uniA7F7
ENCODING 42999
SWIDTH 500 0
DWIDTH 6 0
BBX 6 12 0 -2
BITMAP
00
00
00
00
00
48
78
48
00
00
00
00
ENDCHAR
STARTCHAR uniA7F8
ENCODING 43000
SWIDTH 500 0
DWIDTH 6 0
BBX 6 12 0 -2
BITMAP
00
00
88
FC
88
88
00
00
00
00
00
00
ENDCHAR
STARTCHAR uniA7F9
ENCODING 43001
SWIDTH 500 0
DWIDTH 6 0
BBX 6 12 0 -2
BITMAP
00
00
70
A8
B0
78
00
00
00
00
00
00
ENDCHAR
STARTCHAR uniA7FA
ENCODING 43002
SWIDTH 500 0
DWIDTH 6 0
BBX 6 12 0 -2
BITMAP
00
00
00
00
88
88
88
A8
D8
88
00
00
ENDCHAR
STARTCHAR uniA7FB
ENCODING 43003
SWIDTH 500 0
DWIDTH 6 0
BBX 6 12 0 -2
BITMAP
00
00
F8
08
08
78
08
08
08
08
00
00
ENDCHAR
STARTCHAR uniA7FC
ENCODING 43004
SWIDTH 500 0
DWIDTH 6 0
BBX 6 12 0 -2
BITMAP
00
00
78
88
88
88
78
08
08
08
00
00
ENDCHAR
STARTCHAR uniA7FD
ENCODING 43005
SWIDTH 500 0
DWIDTH 6 0
BBX 6 12 0 -2
BITMAP
00
00
88
88
88
88
A8
A8
D8
88
00
00
ENDCHAR
STARTCHAR uniA7FE
ENCODING 43006
SWIDTH 500 0
DWIDTH 6 0
BBX 6 12 0 -2
BITMAP
00
00
70
20
20
20
20
20
20
70
10
10
ENDCHAR
STARTCHAR uniA7FF
ENCODING 43007
SWIDTH 500 0
DWIDTH 6 0
BBX 6 12 0 -2
BITMAP
00
00
88
D8
A8
A8
88
88
88
88
08
10
ENDCHAR
STARTCHAR uniE0B4
ENCODING 57524
SWIDTH 500 0
DWIDTH 6 0
BBX 6 12 0 -2
BITMAP
C0
F0
F8
F8
FC
FC
FC
FC
F8
F8
F0
C0
ENDCHAR
STARTCHAR uniE0B5
ENCODING 57525
SWIDTH 500 0
DWIDTH 6 0
BBX 6 12 0 -2
BITMAP
40
10
08
08
04
04
04
04
08
08
10
40
ENDCHAR
STARTCHAR uniE0B6
ENCODING 57526
SWIDTH 500 0
DWIDTH 6 0
BBX 6 12 0 -2
BITMAP
0C
3C
7C
7C
FC
FC
FC
FC
7C
7C
3C
0C
ENDCHAR
STARTCHAR uniE0B7
ENCODING 57527
SWIDTH 500 0
DWIDTH 6 0
BBX 6 12 0 -2
BITMAP
08
20
40
40
80
80
80
80
40
40
20
08
ENDCHAR
STARTCHAR uniE0B8
ENCODING 57528
SWIDTH 500 0
DWIDTH 6 0
BBX 6 12 0 -2
BITMAP
80
80
80
C0
C0
E0
E0
F0
F0
F8
F8
FC
ENDCHAR
STARTCHAR uniE0B9
ENCODING 57529
SWIDTH 500 0
DWIDTH 6 0
BBX 6 12 0 -2
BITMAP
80
80
40
40
20
20
10
10
08
08
04
04
ENDCHAR
STARTCHAR uniE0BA
ENCODING 57530
SWIDTH 500 0
DWIDTH 6 0
BBX 6 12 0 -2
BITMAP
04
04
04
0C
0C
1C
1C
3C
3C
7C
7C
FC
ENDCHAR
STARTCHAR uniE0BB
ENCODING 57531
SWIDTH 500 0
DWIDTH 6 0
BBX 6 12 0 -2
BITMAP
04
04
08
08
10
10
20
20
40
40
80
80
ENDCHAR
STARTCHAR uniE0BC
ENCODING 57532
SWIDTH 500 0
DWIDTH 6 0
BBX 6 12 0 -2
BITMAP
FC
FC
FC
F8
F8
F0
F0
E0
E0
C0
C0
80
ENDCHAR
STARTCHAR uniE0BD
ENCODING 57533
SWIDTH 500 0
DWIDTH 6 0
BBX 6 12 0 -2
BITMAP
04
04
08
08
10
10
20
20
40
40
80
80
ENDCHAR
STARTCHAR uniE0BE
ENCODING 57534
SWIDTH 500 0
DWIDTH 6 0
BBX 6 12 0 -2
BITMAP
FC
FC
FC
7C
7C
3C
3C
1C
1C
0C
0C
04
ENDCHAR
STARTCHAR uniE0BF
ENCODING 57535
SWIDTH 500 0
DWIDTH 6 0
BBX 6 12 0 -2
BITMAP
80
80
40
40
20
20
10
10
08
08
04
04
ENDCHAR
STARTCHAR uni1F004
ENCODING 126980
SWIDTH 500 0
DWIDTH 6 0
BBX 6 12 0 -2
BITMAP
00
20
20
F8
A8
A8
F8
20
20
00
00
00
ENDCHAR
STARTCHAR uni1F0CF
ENCODING 127183
SWIDTH 500 0
DWIDTH 6 0
BBX 6 12 0 -2
BITMAP
00
F8
D8
A8
F8
A8
88
F8
00
00
00
00
ENDCHAR
STARTCHAR uni1F170
ENCODING 127344
SWIDTH 500 0
DWIDTH 6 0
BBX 6 12 0 -2
BITMAP
00
00
20
50
70
50
50
00
00
00
00
00
ENDCHAR
STARTCHAR uni1F171
ENCODING 127345
SWIDTH 500 0
DWIDTH 6 0
BBX 6 12 0 -2
BITMAP
00
00
60
50
60
50
60
00
00
00
00
00
ENDCHAR
STARTCHAR uni1F17E
ENCODING 127358
SWIDTH 500 0
DWIDTH 6 0
BBX 6 12 0 -2
BITMAP
00
00
20
50
50
50
20
00
00
00
00
00
ENDCHAR
STARTCHAR uni1F17F
ENCODING 127359
SWIDTH 500 0
DWIDTH 6 0
BBX 6 12 0 -2
BITMAP
00
00
60
50
60
40
40
00
00
00
00
00
ENDCHAR
STARTCHAR uni1F18E
ENCODING 127374
SWIDTH 500 0
DWIDTH 6 0
BBX 6 12 0 -2
BITMAP
00
00
58
B4
F8
B4
B8
00
00
00
00
00
ENDCHAR
STARTCHAR uni1F191
ENCODING 127377
SWIDTH 500 0
DWIDTH 6 0
BBX 6 12 0 -2
BITMAP
00
00
70
90
90
90
7C
00
00
00
00
00
ENDCHAR
STARTCHAR uni1F192
ENCODING 127378
SWIDTH 500 0
DWIDTH 6 0
BBX 6 12 0 -2
BITMAP
68
94
94
94
68
00
50
B0
B0
B0
5C
00
ENDCHAR
STARTCHAR uni1F193
ENCODING 127379
SWIDTH 500 0
DWIDTH 6 0
BBX 6 12 0 -2
BITMAP
F8
94
D8
94
94
00
FC
90
D8
90
FC
00
ENDCHAR
STARTCHAR uni1F194
ENCODING 127380
SWIDTH 500 0
DWIDTH 6 0
BBX 6 12 0 -2
BITMAP
00
00
F8
54
54
54
F8
00
00
00
00
00
ENDCHAR
STARTCHAR uni1F195
ENCODING 127381
SWIDTH 500 0
DWIDTH 6 0
BBX 6 12 0 -2
BITMAP
48
68
58
00
70
60
70
00
A8
A8
50
00
ENDCHAR
STARTCHAR uni1F196
ENCODING 127382
SWIDTH 500 0
DWIDTH 6 0
BBX 6 12 0 -2
BITMAP
48
68
58
48
48
00
30
40
50
50
30
00
ENDCHAR
STARTCHAR uni1F197
ENCODING 127383
SWIDTH 500 0
DWIDTH 6 0
BBX 6 12 0 -2
BITMAP
00
00
54
B4
B8
B4
54
00
00
00
00
00
ENDCHAR
STARTCHAR uni1F198
ENCODING 127384
SWIDTH 500 0
DWIDTH 6 0
BBX 6 12 0 -2
BITMAP
68
94
54
34
C8
00
30
40
20
10
60
00
ENDCHAR
STARTCHAR uni1F199
ENCODING 127385
SWIDTH 500 0
DWIDTH 6 0
BBX 6 12 0 -2
BITMAP
B8
B4
B8
B0
F0
00
20
20
20
00
20
00
ENDCHAR
STARTCHAR uni1F19A
ENCODING 127386
SWIDTH 500 0
DWIDTH 6 0
BBX 6 12 0 -2
BITMAP
00
00
AC
B0
A8
A4
58
00
00
00
00
00
ENDCHAR
STARTCHAR uni1F201
ENCODING 127489
SWIDTH 500 0
DWIDTH 6 0
BBX 6 12 0 -2
BITMAP
F8
08
08
F8
00
F8
08
08
F8
00
00
00
ENDCHAR
STARTCHAR uni1F202
ENCODING 127490
SWIDTH 500 0
DWIDTH 6 0
BBX 6 12 0 -2
BITMAP
00
50
50
F8
50
10
10
20
40
00
00
00
ENDCHAR
STARTCHAR uni1F21A
ENCODING 127514
SWIDTH 500 0
DWIDTH 6 0
BBX 6 12 0 -2
BITMAP
00
40
FC
AC
FC
AC
FC
00
AC
00
00
00
ENDCHAR
STARTCHAR uni1F22F
ENCODING 127535
SWIDTH 500 0
DWIDTH 6 0
BBX 6 12 0 -2
BITMAP
50
5C
D0
5C
40
FC
54
5C
54
DC
00
00
ENDCHAR
STARTCHAR uni1F232
ENCODING 127538
SWIDTH 500 0
DWIDTH 6 0
BBX 6 12 0 -2
BITMAP
48
FC
B4
48
00
78
00
FC
20
A4
00
00
ENDCHAR
STARTCHAR uni1F233
ENCODING 127539
SWIDTH 500 0
DWIDTH 6 0
BBX 6 12 0 -2
BITMAP
20
FC
84
30
48
00
78
20
20
FC
00
00
ENDCHAR
STARTCHAR uni1F234
ENCODING 127540
SWIDTH 500 0
DWIDTH 6 0
BBX 6 12 0 -2
BITMAP
20
50
88
00
70
00
F8
88
88
F8
00
00
ENDCHAR
STARTCHAR uni1F235
ENCODING 127541
SWIDTH 500 0
DWIDTH 6 0
BBX 6 12 0 -2
BITMAP
94
3C
94
00
3C
2C
BC
AC
BC
00
00
00
ENDCHAR
STARTCHAR uni1F236
ENCODING 127542
SWIDTH 500 0
DWIDTH 6 0
BBX 6 12 0 -2
BITMAP
20
F8
40
B8
28
38
28
38
28
00
00
00
ENDCHAR
STARTCHAR uni1F237
ENCODING 127543
SWIDTH 500 0
DWIDTH 6 0
BBX 6 12 0 -2
BITMAP
78
48
48
78
48
78
48
88
98
00
00
00
ENDCHAR
STARTCHAR uni1F238
ENCODING 127544
SWIDTH 500 0
DWIDTH 6 0
BBX 6 12 0 -2
BITMAP
20
20
F8
A8
F8
A8
F8
20
20
00
00
00
ENDCHAR
STARTCHAR uni1F239
ENCODING 127545
SWIDTH 500 0
DWIDTH 6 0
BBX 6 12 0 -2
BITMAP
44
F4
94
6C
EC
4C
EC
A4
EC
00
00
00
ENDCHAR
STARTCHAR uni1F23A
ENCODING 127546
SWIDTH 500 0
DWIDTH 6 0
BBX 6 12 0 -2
BITMAP
A8
00
F8
88
70
50
70
F8
88
F8
00
00
ENDCHAR
STARTCHAR uni1F250
ENCODING 127568
SWIDTH 500 0
DWIDTH 6 0
BBX 6 12 0 -2
BITMAP
5C
94
1C
40
9C
5C
48
54
44
4C
00
00
ENDCHAR
STARTCHAR uni1F251
ENCODING 127569
SWIDTH 500 0
DWIDTH 6 0
BBX 6 12 0 -2
BITMAP
F8
08
08
E8
A8
A8
E8
08
18
00
00
00
ENDCHAR
STARTCHAR uni1F300
ENCODING 127744
SWIDTH 500 0
DWIDTH 6 0
BBX 6 12 0 -2
BITMAP
00
00
78
84
B4
A4
8C
40
38
00
00
00
ENDCHAR
STARTCHAR uni1F301
ENCODING 127745
SWIDTH 500 0
DWIDTH 6 0
BBX 6 12 0 -2
BITMAP
00
00
00
60
78
00
FC
00
FC
00
FC
00
ENDCHAR
STARTCHAR uni1F302
ENCODING 127746
SWIDTH 500 0
DWIDTH 6 0
BBX 6 12 0 -2
BITMAP
00
10
10
30
28
68
68
E8
30
30
30
00
ENDCHAR
STARTCHAR uni1F303
ENCODING 127747
SWIDTH 500 0
DWIDTH 6 0
BBX 6 12 0 -2
BITMAP
00
48
00
24
00
60
78
FC
B4
84
FC
00
ENDCHAR
STARTCHAR uni1F304
ENCODING 127748
SWIDTH 500 0
DWIDTH 6 0
BBX 6 12 0 -2
BITMAP
00
20
64
78
4C
FC
50
58
68
A4
FC
00
ENDCHAR
STARTCHAR uni1F305
ENCODING 127749
SWIDTH 500 0
DWIDTH 6 0
BBX 6 12 0 -2
BITMAP
00
00
64
78
48
CC
FC
30
30
00
78
00
ENDCHAR
STARTCHAR uni1F306
ENCODING 127750
SWIDTH 500 0
DWIDTH 6 0
BBX 6 12 0 -2
BITMAP
00
6C
60
9C
90
F0
78
FC
B4
84
FC
00
ENDCHAR
STARTCHAR uni1F307
ENCODING 127751
SWIDTH 500 0
DWIDTH 6 0
BBX 6 12 0 -2
BITMAP
00
00
00
00
30
48
4C
FC
CC
FC
FC
00
ENDCHAR
STARTCHAR uni1F308
ENCODING 127752
SWIDTH 500 0
DWIDTH 6 0
BBX 6 12 0 -2
BITMAP
00
30
48
78
78
B4
B4
B4
B4
B4
B4
00
ENDCHAR
STARTCHAR uni1F309
ENCODING 127753
SWIDTH 500 0
DWIDTH 6 0
BBX 6 12 0 -2
BITMAP
00
90
00
04
48
48
FC
FC
FC
48
FC
00
ENDCHAR
STARTCHAR uni1F30A
ENCODING 127754
SWIDTH 500 0
DWIDTH 6 0
BBX 6 12 0 -2
BITMAP
00
20
30
48
78
A8
D0
D0
E8
DC
FC
00
ENDCHAR
STARTCHAR uni1F30B
ENCODING 127755
SWIDTH 500 0
DWIDTH 6 0
BBX 6 12 0 -2
BITMAP
00
28
54
BC
38
30
30
68
58
64
FC
00
ENDCHAR
STARTCHAR uni1F30C
ENCODING 127756
SWIDTH 500 0
DWIDTH 6 0
BBX 6 12 0 -2
BITMAP
00
84
18
0C
30
10
70
20
C0
60
84
00
ENDCHAR
STARTCHAR uni1F30D
ENCODING 127757
SWIDTH 500 0
DWIDTH 6 0
BBX 6 12 0 -2
BITMAP
00
00
30
68
FC
FC
B4
68
30
00
00
00
ENDCHAR
STARTCHAR uni1F30E
ENCODING 127758
SWIDTH 500 0
DWIDTH 6 0
BBX 6 12 0 -2
BITMAP
00
00
30
78
E4
B4
9C
58
30
00
00
00
ENDCHAR
STARTCHAR uni1F30F
ENCODING 127759
SWIDTH 500 0
DWIDTH 6 0
BBX 6 12 0 -2
BITMAP
00
00
30
78
FC
BC
9C
58
30
00
00
00
ENDCHAR
STARTCHAR uni1F310
ENCODING 127760
SWIDTH 500 0
DWIDTH 6 0
BBX 6 12 0 -2
BITMAP
00
00
30
48
CC
FC
CC
48
30
00
00
00
ENDCHAR
STARTCHAR uni1F311
ENCODING 127761
SWIDTH 500 0
DWIDTH 6 0
BBX 6 12 0 -2
BITMAP
00
00
30
78
DC
FC
FC
78
30
00
00
00
ENDCHAR
STARTCHAR uni1F312
ENCODING 127762
SWIDTH 500 0
DWIDTH 6 0
BBX 6 12 0 -2
BITMAP
00
00
30
78
F4
F4
F4
78
30
00
00
00
ENDCHAR
STARTCHAR uni1F313
ENCODING 127763
SWIDTH 500 0
DWIDTH 6 0
BBX 6 12 0 -2
BITMAP
00
00
30
68
E4
E4
E4
68
30
00
00
00
ENDCHAR
STARTCHAR uni1F314
ENCODING 127764
SWIDTH 500 0
DWIDTH 6 0
BBX 6 12 0 -2
BITMAP
00
00
30
48
C4
C4
C4
48
30
00
00
00
ENDCHAR
STARTCHAR uni1F315
ENCODING 127765
SWIDTH 500 0
DWIDTH 6 0
BBX 6 12 0 -2
BITMAP
00
00
30
48
A4
84
84
48
30
00
00
00
ENDCHAR
STARTCHAR uni1F316
ENCODING 127766
SWIDTH 500 0
DWIDTH 6 0
BBX 6 12 0 -2
BITMAP
00
00
30
48
8C
8C
8C
48
30
00
00
00
ENDCHAR
STARTCHAR uni1F317
ENCODING 127767
SWIDTH 500 0
DWIDTH 6 0
BBX 6 12 0 -2
BITMAP
00
00
30
58
9C
9C
9C
58
30
00
00
00
ENDCHAR
STARTCHAR uni1F318
ENCODING 127768
SWIDTH 500 0
DWIDTH 6 0
BBX 6 12 0 -2
BITMAP
00
00
30
78
BC
BC
BC
78
30
00
00
00
ENDCHAR
STARTCHAR uni1F319
ENCODING 127769
SWIDTH 500 0
DWIDTH 6 0
BBX 6 12 0 -2
BITMAP
00
08
30
20
60
60
E0
7C
78
38
00
00
ENDCHAR
STARTCHAR uni1F31A
ENCODING 127770
SWIDTH 500 0
DWIDTH 6 0
BBX 6 12 0 -2
BITMAP
00
00
30
78
B4
FC
A4
58
30
00
00
00
ENDCHAR
STARTCHAR uni1F31B
ENCODING 127771
SWIDTH 500 0
DWIDTH 6 0
BBX 6 12 0 -2
BITMAP
00
08
30
60
E0
A0
90
A0
60
50
38
00
ENDCHAR
STARTCHAR uni1F31C
ENCODING 127772
SWIDTH 500 0
DWIDTH 6 0
BBX 6 12 0 -2
BITMAP
00
40
30
18
18
14
24
14
18
28
70
00
ENDCHAR
STARTCHAR uni1F31D
ENCODING 127773
SWIDTH 500 0
DWIDTH 6 0
BBX 6 12 0 -2
BITMAP
00
00
30
48
CC
84
DC
68
30
00
00
00
ENDCHAR
STARTCHAR uni1F31E
ENCODING 127774
SWIDTH 500 0
DWIDTH 6 0
BBX 6 12 0 -2
BITMAP
00
20
84
30
48
CC
84
B4
48
30
84
00
ENDCHAR
STARTCHAR uni1F31F
ENCODING 127775
SWIDTH 500 0
DWIDTH 6 0
BBX 6 12 0 -2
BITMAP
00
84
00
00
20
78
30
30
48
00
84
00
ENDCHAR
STARTCHAR uni1F320
ENCODING 127776
SWIDTH 500 0
DWIDTH 6 0
BBX 6 12 0 -2
BITMAP
00
08
14
18
28
30
50
20
F8
70
70
50
ENDCHAR
STARTCHAR uni1F321
ENCODING 127777
SWIDTH 500 0
DWIDTH 6 0
BBX 6 12 0 -2
BITMAP
00
30
30
3C
30
30
58
58
58
48
30
00
ENDCHAR
STARTCHAR uni1F324
ENCODING 127780
SWIDTH 500 0
DWIDTH 6 0
BBX 6 12 0 -2
BITMAP
00
20
70
50
D8
78
24
3C
00
00
00
00
ENDCHAR
STARTCHAR uni1F325
ENCODING 127781
SWIDTH 500 0
DWIDTH 6 0
BBX 6 12 0 -2
BITMAP
00
20
70
50
F8
48
84
78
00
00
00
00
ENDCHAR
STARTCHAR uni1F326
ENCODING 127782
SWIDTH 500 0
DWIDTH 6 0
BBX 6 12 0 -2
BITMAP
00
20
70
50
F8
48
84
78
A8
A8
20
00
ENDCHAR
STARTCHAR uni1F327
ENCODING 127783
SWIDTH 500 0
DWIDTH 6 0
BBX 6 12 0 -2
BITMAP
00
00
00
00
30
48
84
78
A8
A8
20
00
ENDCHAR
STARTCHAR uni1F328
ENCODING 127784
SWIDTH 500 0
DWIDTH 6 0
BBX 6 12 0 -2
BITMAP
00
00
00
00
30
48
84
78
48
20
00
00
ENDCHAR
STARTCHAR uni1F329
ENCODING 127785
SWIDTH 500 0
DWIDTH 6 0
BBX 6 12 0 -2
BITMAP
00
00
00
00
30
48
A4
78
70
30
20
00
ENDCHAR
STARTCHAR uni1F32A
ENCODING 127786
SWIDTH 500 0
DWIDTH 6 0
BBX 6 12 0 -2
BITMAP
00
FC
08
F8
08
78
10
70
10
30
20
00
ENDCHAR
STARTCHAR uni1F32B
ENCODING 127787
SWIDTH 500 0
DWIDTH 6 0
BBX 6 12 0 -2
BITMAP
00
00
F8
00
00
7C
00
00
F8
00
00
00
ENDCHAR
STARTCHAR uni1F32C
ENCODING 127788
SWIDTH 500 0
DWIDTH 6 0
BBX 6 12 0 -2
BITMAP
00
20
60
A8
E4
78
F8
64
78
64
28
00
ENDCHAR
STARTCHAR uni1F32D
ENCODING 127789
SWIDTH 500 0
DWIDTH 6 0
BBX 6 12 0 -2
BITMAP
00
30
30
58
EC
EC
DC
EC
58
30
30
00
ENDCHAR
STARTCHAR uni1F32E
ENCODING 127790
SWIDTH 500 0
DWIDTH 6 0
BBX 6 12 0 -2
BITMAP
00
00
30
78
F8
FC
84
CC
58
30
00
00
ENDCHAR
STARTCHAR uni1F32F
ENCODING 127791
SWIDTH 500 0
DWIDTH 6 0
BBX 6 12 0 -2
BITMAP
00
38
34
7C
6C
54
94
E8
D8
50
30
00
ENDCHAR
STARTCHAR uni1F330
ENCODING 127792
SWIDTH 500 0
DWIDTH 6 0
BBX 6 12 0 -2
BITMAP
00
20
30
48
44
44
F4
8C
88
78
00
00
ENDCHAR
STARTCHAR uni1F331
ENCODING 127793
SWIDTH 500 0
DWIDTH 6 0
BBX 6 12 0 -2
BITMAP
00
0C
1C
DC
FC
F8
60
20
20
20
78
00
ENDCHAR
STARTCHAR uni1F332
ENCODING 127794
SWIDTH 500 0
DWIDTH 6 0
BBX 6 12 0 -2
BITMAP
00
20
30
78
78
FC
78
FC
FC
30
30
00
ENDCHAR
STARTCHAR uni1F333
ENCODING 127795
SWIDTH 500 0
DWIDTH 6 0
BBX 6 12 0 -2
BITMAP
00
20
58
44
84
84
84
78
30
30
30
00
ENDCHAR
STARTCHAR uni1F334
ENCODING 127796
SWIDTH 500 0
DWIDTH 6 0
BBX 6 12 0 -2
BITMAP
00
68
F4
FC
F4
B4
30
30
30
30
30
00
ENDCHAR
STARTCHAR uni1F335
ENCODING 127797
SWIDTH 500 0
DWIDTH 6 0
BBX 6 12 0 -2
BITMAP
00
10
14
54
54
74
1C
10
10
10
10
00
ENDCHAR
STARTCHAR uni1F336
ENCODING 127798
SWIDTH 500 0
DWIDTH 6 0
BBX 6 12 0 -2
BITMAP
00
30
10
18
2C
34
28
28
28
50
E0
00
ENDCHAR
STARTCHAR uni1F337
ENCODING 127799
SWIDTH 500 0
DWIDTH 6 0
BBX 6 12 0 -2
BITMAP
00
10
9C
EC
B4
B4
5C
BC
68
78
30
00
ENDCHAR
STARTCHAR uni1F338
ENCODING 127800
SWIDTH 500 0
DWIDTH 6 0
BBX 6 12 0 -2
BITMAP
00
00
00
30
48
84
68
48
30
00
00
00
ENDCHAR
STARTCHAR uni1F339
ENCODING 127801
SWIDTH 500 0
DWIDTH 6 0
BBX 6 12 0 -2
BITMAP
00
50
6C
FC
B4
74
48
30
3C
3C
38
00
ENDCHAR
STARTCHAR uni1F33A
ENCODING 127802
SWIDTH 500 0
DWIDTH 6 0
BBX 6 12 0 -2
BITMAP
00
00
00
30
78
B4
FC
7C
7C
04
00
00
ENDCHAR
STARTCHAR uni1F33B
ENCODING 127803
SWIDTH 500 0
DWIDTH 6 0
BBX 6 12 0 -2
BITMAP
00
68
FC
78
DC
FC
78
D0
F0
70
10
00
ENDCHAR
STARTCHAR uni1F33C
ENCODING 127804
SWIDTH 500 0
DWIDTH 6 0
BBX 6 12 0 -2
BITMAP
00
00
00
30
78
FC
FC
78
30
00
00
00
ENDCHAR
STARTCHAR uni1F33D
ENCODING 127805
SWIDTH 500 0
DWIDTH 6 0
BBX 6 12 0 -2
BITMAP
00
30
78
48
B4
B4
CC
48
48
30
00
00
ENDCHAR
STARTCHAR uni1F33E
ENCODING 127806
SWIDTH 500 0
DWIDTH 6 0
BBX 6 12 0 -2
BITMAP
00
10
28
3C
54
28
AC
B0
70
60
20
00
ENDCHAR
STARTCHAR uni1F33F
ENCODING 127807
SWIDTH 500 0
DWIDTH 6 0
BBX 6 12 0 -2
BITMAP
00
1C
3C
F8
FC
7C
F8
FC
7C
38
20
00
ENDCHAR
STARTCHAR uni1F340
ENCODING 127808
SWIDTH 500 0
DWIDTH 6 0
BBX 6 12 0 -2
BITMAP
00
B4
FC
FC
58
10
B4
FC
58
08
08
00
ENDCHAR
STARTCHAR uni1F341
ENCODING 127809
SWIDTH 500 0
DWIDTH 6 0
BBX 6 12 0 -2
BITMAP
00
20
30
78
FC
F8
78
FC
70
30
20
00
ENDCHAR
STARTCHAR uni1F342
ENCODING 127810
SWIDTH 500 0
DWIDTH 6 0
BBX 6 12 0 -2
BITMAP
00
C0
A0
D0
B0
68
5C
2C
3C
34
38
00
ENDCHAR
STARTCHAR uni1F343
ENCODING 127811
SWIDTH 500 0
DWIDTH 6 0
BBX 6 12 0 -2
BITMAP
00
3C
2C
54
A8
A8
F0
F0
08
38
F0
00
ENDCHAR
STARTCHAR uni1F344
ENCODING 127812
SWIDTH 500 0
DWIDTH 6 0
BBX 6 12 0 -2
BITMAP
00
60
68
BC
F4
FC
FC
30
30
30
30
00
ENDCHAR
STARTCHAR uni1F345
ENCODING 127813
SWIDTH 500 0
DWIDTH 6 0
BBX 6 12 0 -2
BITMAP
00
20
30
78
78
D4
84
84
84
48
30
00
ENDCHAR
STARTCHAR uni1F346
ENCODING 127814
SWIDTH 500 0
DWIDTH 6 0
BBX 6 12 0 -2
BITMAP
00
08
18
1C
38
58
C4
C4
C4
84
78
00
ENDCHAR
STARTCHAR uni1F347
ENCODING 127815
SWIDTH 500 0
DWIDTH 6 0
BBX 6 12 0 -2
BITMAP
00
18
F0
78
B4
78
58
38
30
30
30
00
ENDCHAR
STARTCHAR uni1F348
ENCODING 127816
SWIDTH 500 0
DWIDTH 6 0
BBX 6 12 0 -2
BITMAP
00
10
30
78
F4
D4
BC
EC
DC
78
30
00
ENDCHAR
STARTCHAR uni1F349
ENCODING 127817
SWIDTH 500 0
DWIDTH 6 0
BBX 6 12 0 -2
BITMAP
00
20
30
70
48
78
84
A4
F8
78
00
00
ENDCHAR
STARTCHAR uni1F34A
ENCODING 127818
SWIDTH 500 0
DWIDTH 6 0
BBX 6 12 0 -2
BITMAP
00
1C
18
30
68
84
84
84
84
48
30
00
ENDCHAR
STARTCHAR uni1F34B
ENCODING 127819
SWIDTH 500 0
DWIDTH 6 0
BBX 6 12 0 -2
BITMAP
00
08
38
34
64
48
88
90
50
60
00
00
ENDCHAR
STARTCHAR uni1F34C
ENCODING 127820
SWIDTH 500 0
DWIDTH 6 0
BBX 6 12 0 -2
BITMAP
00
40
60
40
E0
F8
68
5C
6C
3C
08
00
ENDCHAR
STARTCHAR uni1F34D
ENCODING 127821
SWIDTH 500 0
DWIDTH 6 0
BBX 6 12 0 -2
BITMAP
00
68
78
38
78
FC
DC
FC
BC
58
30
00
ENDCHAR
STARTCHAR uni1F34E
ENCODING 127822
SWIDTH 500 0
DWIDTH 6 0
BBX 6 12 0 -2
BITMAP
00
18
58
F8
A8
D4
AC
D4
6C
78
30
00
ENDCHAR
STARTCHAR uni1F34F
ENCODING 127823
SWIDTH 500 0
DWIDTH 6 0
BBX 6 12 0 -2
BITMAP
00
18
58
A8
A8
84
AC
84
6C
68
30
00
ENDCHAR
STARTCHAR uni1F350
ENCODING 127824
SWIDTH 500 0
DWIDTH 6 0
BBX 6 12 0 -2
BITMAP
00
70
30
28
28
30
48
84
84
C8
30
00
ENDCHAR
STARTCHAR uni1F351
ENCODING 127825
SWIDTH 500 0
DWIDTH 6 0
BBX 6 12 0 -2
BITMAP
00
1C
58
B8
A8
A4
A4
64
54
38
20
00
ENDCHAR
STARTCHAR uni1F352
ENCODING 127826
SWIDTH 500 0
DWIDTH 6 0
BBX 6 12 0 -2
BITMAP
00
50
70
30
28
48
48
B4
B4
B4
48
00
ENDCHAR
STARTCHAR uni1F353
ENCODING 127827
SWIDTH 500 0
DWIDTH 6 0
BBX 6 12 0 -2
BITMAP
00
20
78
7C
F8
DC
84
74
58
30
30
00
ENDCHAR
STARTCHAR uni1F354
ENCODING 127828
SWIDTH 500 0
DWIDTH 6 0
BBX 6 12 0 -2
BITMAP
00
30
48
FC
00
A8
FC
48
00
84
78
00
ENDCHAR
STARTCHAR uni1F355
ENCODING 127829
SWIDTH 500 0
DWIDTH 6 0
BBX 6 12 0 -2
BITMAP
00
78
F4
8C
FC
78
78
70
70
20
20
00
ENDCHAR
STARTCHAR uni1F356
ENCODING 127830
SWIDTH 500 0
DWIDTH 6 0
BBX 6 12 0 -2
BITMAP
00
E0
E0
E0
70
A8
E8
48
2C
1C
1C
00
ENDCHAR
STARTCHAR uni1F357
ENCODING 127831
SWIDTH 500 0
DWIDTH 6 0
BBX 6 12 0 -2
BITMAP
00
40
B0
E8
88
48
38
18
1C
1C
18
00
ENDCHAR
STARTCHAR uni1F358
ENCODING 127832
SWIDTH 500 0
DWIDTH 6 0
BBX 6 12 0 -2
BITMAP
00
30
48
D4
84
DC
F4
F4
BC
78
30
00
ENDCHAR
STARTCHAR uni1F359
ENCODING 127833
SWIDTH 500 0
DWIDTH 6 0
BBX 6 12 0 -2
BITMAP
00
30
28
48
48
84
84
B4
B4
B4
78
00
ENDCHAR
STARTCHAR uni1F35A
ENCODING 127834
SWIDTH 500 0
DWIDTH 6 0
BBX 6 12 0 -2
BITMAP
00
00
10
28
68
54
FC
84
84
78
38
00
ENDCHAR
STARTCHAR uni1F35B
ENCODING 127835
SWIDTH 500 0
DWIDTH 6 0
BBX 6 12 0 -2
BITMAP
00
00
30
78
FC
EC
BC
E4
FC
58
30
00
ENDCHAR
STARTCHAR uni1F35C
ENCODING 127836
SWIDTH 500 0
DWIDTH 6 0
BBX 6 12 0 -2
BITMAP
00
50
50
50
78
FC
FC
84
88
78
38
00
ENDCHAR
STARTCHAR uni1F35D
ENCODING 127837
SWIDTH 500 0
DWIDTH 6 0
BBX 6 12 0 -2
BITMAP
00
0C
18
18
10
38
78
78
FC
84
78
00
ENDCHAR
STARTCHAR uni1F35E
ENCODING 127838
SWIDTH 500 0
DWIDTH 6 0
BBX 6 12 0 -2
BITMAP
00
70
B8
CC
CC
CC
4C
4C
4C
4C
7C
00
ENDCHAR
STARTCHAR uni1F35F
ENCODING 127839
SWIDTH 500 0
DWIDTH 6 0
BBX 6 12 0 -2
BITMAP
00
20
A0
A8
A8
FC
CC
CC
78
48
78
00
ENDCHAR
STARTCHAR uni1F360
ENCODING 127840
SWIDTH 500 0
DWIDTH 6 0
BBX 6 12 0 -2
BITMAP
00
60
B0
B0
B0
E8
44
24
24
28
18
00
ENDCHAR
STARTCHAR uni1F361
ENCODING 127841
SWIDTH 500 0
DWIDTH 6 0
BBX 6 12 0 -2
BITMAP
20
50
20
20
50
20
20
50
20
20
20
00
ENDCHAR
STARTCHAR uni1F362
ENCODING 127842
SWIDTH 500 0
DWIDTH 6 0
BBX 6 12 0 -2
BITMAP
00
20
30
78
30
48
48
78
48
78
20
00
ENDCHAR
STARTCHAR uni1F363
ENCODING 127843
SWIDTH 500 0
DWIDTH 6 0
BBX 6 12 0 -2
BITMAP
00
00
38
74
6C
BC
F4
9C
84
68
10
00
ENDCHAR
STARTCHAR uni1F364
ENCODING 127844
SWIDTH 500 0
DWIDTH 6 0
BBX 6 12 0 -2
BITMAP
00
60
B0
F8
C8
68
34
3C
1C
1C
14
00
ENDCHAR
STARTCHAR uni1F365
ENCODING 127845
SWIDTH 500 0
DWIDTH 6 0
BBX 6 12 0 -2
BITMAP
00
00
78
84
B4
A4
B4
84
78
00
00
00
ENDCHAR
STARTCHAR uni1F366
ENCODING 127846
SWIDTH 500 0
DWIDTH 6 0
BBX 6 12 0 -2
BITMAP
00
10
30
38
78
38
58
78
28
30
10
00
ENDCHAR
STARTCHAR uni1F367
ENCODING 127847
SWIDTH 500 0
DWIDTH 6 0
BBX 6 12 0 -2
BITMAP
00
10
30
38
68
C8
FC
88
48
70
78
00
ENDCHAR
STARTCHAR uni1F368
ENCODING 127848
SWIDTH 500 0
DWIDTH 6 0
BBX 6 12 0 -2
BITMAP
00
0C
6C
98
AC
A4
FC
88
48
30
78
00
ENDCHAR
STARTCHAR uni1F369
ENCODING 127849
SWIDTH 500 0
DWIDTH 6 0
BBX 6 12 0 -2
BITMAP
00
30
58
C4
BC
FC
F4
84
48
30
00
00
ENDCHAR
STARTCHAR uni1F36A
ENCODING 127850
SWIDTH 500 0
DWIDTH 6 0
BBX 6 12 0 -2
BITMAP
00
70
48
D4
84
8C
A4
A4
48
38
00
00
ENDCHAR
STARTCHAR uni1F36B
ENCODING 127851
SWIDTH 500 0
DWIDTH 6 0
BBX 6 12 0 -2
BITMAP
00
78
68
78
68
F8
A8
BC
E8
B8
78
00
ENDCHAR
STARTCHAR uni1F36C
ENCODING 127852
SWIDTH 500 0
DWIDTH 6 0
BBX 6 12 0 -2
BITMAP
00
40
E0
F0
C8
48
68
6C
3C
1C
08
00
ENDCHAR
STARTCHAR uni1F36D
ENCODING 127853
SWIDTH 500 0
DWIDTH 6 0
BBX 6 12 0 -2
BITMAP
00
30
68
94
A4
48
30
20
20
20
20
00
ENDCHAR
STARTCHAR uni1F36E
ENCODING 127854
SWIDTH 500 0
DWIDTH 6 0
BBX 6 12 0 -2
BITMAP
00
00
30
78
78
48
48
48
BC
78
00
00
ENDCHAR
STARTCHAR uni1F36F
ENCODING 127855
SWIDTH 500 0
DWIDTH 6 0
BBX 6 12 0 -2
BITMAP
00
08
1C
14
2C
78
78
B8
A8
84
78
00
ENDCHAR
STARTCHAR uni1F370
ENCODING 127856
SWIDTH 500 0
DWIDTH 6 0
BBX 6 12 0 -2
BITMAP
00
30
30
78
88
C4
FC
BC
FC
EC
30
00
ENDCHAR
STARTCHAR uni1F371
ENCODING 127857
SWIDTH 500 0
DWIDTH 6 0
BBX 6 12 0 -2
BITMAP
00
FC
84
B4
84
FC
A4
94
A4
84
FC
00
ENDCHAR
STARTCHAR uni1F372
ENCODING 127858
SWIDTH 500 0
DWIDTH 6 0
BBX 6 12 0 -2
BITMAP
00
50
50
50
78
FC
84
8C
CC
48
78
00
ENDCHAR
STARTCHAR uni1F373
ENCODING 127859
SWIDTH 500 0
DWIDTH 6 0
BBX 6 12 0 -2
BITMAP
00
04
08
38
48
FC
FC
FC
BC
58
30
00
ENDCHAR
STARTCHAR uni1F374
ENCODING 127860
SWIDTH 500 0
DWIDTH 6 0
BBX 6 12 0 -2
BITMAP
00
A4
A4
AC
EC
4C
4C
4C
44
44
44
00
ENDCHAR
STARTCHAR uni1F375
ENCODING 127861
SWIDTH 500 0
DWIDTH 6 0
BBX 6 12 0 -2
BITMAP
00
30
50
30
00
FC
FC
88
48
B4
78
00
ENDCHAR
STARTCHAR uni1F376
ENCODING 127862
SWIDTH 500 0
DWIDTH 6 0
BBX 6 12 0 -2
BITMAP
00
38
38
28
18
28
24
E4
E4
A4
F8
00
ENDCHAR
STARTCHAR uni1F377
ENCODING 127863
SWIDTH 500 0
DWIDTH 6 0
BBX 6 12 0 -2
BITMAP
00
78
48
88
F8
48
78
20
20
20
78
00
ENDCHAR
STARTCHAR uni1F378
ENCODING 127864
SWIDTH 500 0
DWIDTH 6 0
BBX 6 12 0 -2
BITMAP
00
60
FC
7C
58
28
30
30
20
20
78
00
ENDCHAR
STARTCHAR uni1F379
ENCODING 127865
SWIDTH 500 0
DWIDTH 6 0
BBX 6 12 0 -2
BITMAP
00
4C
68
F8
30
F8
F8
48
30
30
78
00
ENDCHAR
STARTCHAR uni1F37A
ENCODING 127866
SWIDTH 500 0
DWIDTH 6 0
BBX 6 12 0 -2
BITMAP
00
00
60
90
98
FC
8C
8C
8C
88
70
00
ENDCHAR
STARTCHAR uni1F37B
ENCODING 127867
SWIDTH 500 0
DWIDTH 6 0
BBX 6 12 0 -2
BITMAP
00
40
A8
F4
BC
B4
B4
B4
B4
F4
1C
00
ENDCHAR
STARTCHAR uni1F37C
ENCODING 127868
SWIDTH 500 0
DWIDTH 6 0
BBX 6 12 0 -2
BITMAP
00
30
30
78
78
48
58
58
58
48
78
00
ENDCHAR
STARTCHAR uni1F37D
ENCODING 127869
SWIDTH 500 0
DWIDTH 6 0
BBX 6 12 0 -2
BITMAP
00
A4
A4
E4
44
04
64
94
94
94
64
00
ENDCHAR
STARTCHAR uni1F37E
ENCODING 127870
SWIDTH 500 0
DWIDTH 6 0
BBX 6 12 0 -2
BITMAP
00
28
38
18
1C
70
70
D0
B0
E0
60
00
ENDCHAR
STARTCHAR uni1F37F
ENCODING 127871
SWIDTH 500 0
DWIDTH 6 0
BBX 6 12 0 -2
BITMAP
00
70
58
CC
84
FC
EC
EC
68
68
78
00
ENDCHAR
STARTCHAR uni1F380
ENCODING 127872
SWIDTH 500 0
DWIDTH 6 0
BBX 6 12 0 -2
BITMAP
00
88
D8
A8
70
50
88
D8
00
00
00
00
ENDCHAR
STARTCHAR uni1F381
ENCODING 127873
SWIDTH 500 0
DWIDTH 6 0
BBX 6 12 0 -2
BITMAP
00
50
A8
70
F8
A8
F8
A8
F8
00
00
00
ENDCHAR
STARTCHAR uni1F382
ENCODING 127874
SWIDTH 500 0
DWIDTH 6 0
BBX 6 12 0 -2
BITMAP
00
20
00
20
20
78
84
FC
84
78
00
00
ENDCHAR
STARTCHAR uni1F383
ENCODING 127875
SWIDTH 500 0
DWIDTH 6 0
BBX 6 12 0 -2
BITMAP
10
20
70
F8
A8
F8
A8
50
70
00
00
00
ENDCHAR
STARTCHAR uni1F384
ENCODING 127876
SWIDTH 500 0
DWIDTH 6 0
BBX 6 12 0 -2
BITMAP
00
20
70
20
70
58
F8
D8
20
00
00
00
ENDCHAR
STARTCHAR uni1F385
ENCODING 127877
SWIDTH 500 0
DWIDTH 6 0
BBX 6 12 0 -2
BITMAP
10
78
7C
FC
FC
68
FC
84
58
20
8C
20
ENDCHAR
STARTCHAR uni1F386
ENCODING 127878
SWIDTH 500 0
DWIDTH 6 0
BBX 6 12 0 -2
BITMAP
00
A8
70
D8
70
A8
00
50
88
00
00
00
ENDCHAR
STARTCHAR uni1F387
ENCODING 127879
SWIDTH 500 0
DWIDTH 6 0
BBX 6 12 0 -2
BITMAP
A8
70
D8
70
A8
20
20
40
40
00
00
00
ENDCHAR
STARTCHAR uni1F388
ENCODING 127880
SWIDTH 500 0
DWIDTH 6 0
BBX 6 12 0 -2
BITMAP
70
88
88
88
70
20
20
40
20
00
00
00
ENDCHAR
STARTCHAR uni1F389
ENCODING 127881
SWIDTH 500 0
DWIDTH 6 0
BBX 6 12 0 -2
BITMAP
00
10
80
0C
20
50
68
58
B0
E0
80
00
ENDCHAR
STARTCHAR uni1F38A
ENCODING 127882
SWIDTH 500 0
DWIDTH 6 0
BBX 6 12 0 -2
BITMAP
00
70
A8
F8
50
50
A8
20
50
00
00
00
ENDCHAR
STARTCHAR uni1F38B
ENCODING 127883
SWIDTH 500 0
DWIDTH 6 0
BBX 6 12 0 -2
BITMAP
60
28
E8
A8
E0
38
68
20
20
00
00
00
ENDCHAR
STARTCHAR uni1F38C
ENCODING 127884
SWIDTH 500 0
DWIDTH 6 0
BBX 6 12 0 -2
BITMAP
00
EC
B4
FC
48
30
30
48
84
00
00
00
ENDCHAR
STARTCHAR uni1F38D
ENCODING 127885
SWIDTH 500 0
DWIDTH 6 0
BBX 6 12 0 -2
BITMAP
00
20
20
28
A8
A8
A8
F8
F8
00
00
00
ENDCHAR
STARTCHAR uni1F38E
ENCODING 127886
SWIDTH 500 0
DWIDTH 6 0
BBX 6 12 0 -2
BITMAP
00
40
50
50
F8
B8
D8
F8
F8
00
00
00
ENDCHAR
STARTCHAR uni1F38F
ENCODING 127887
SWIDTH 500 0
DWIDTH 6 0
BBX 6 12 0 -2
BITMAP
80
F8
D8
E8
80
F8
D8
E8
80
00
00
00
ENDCHAR
STARTCHAR uni1F390
ENCODING 127888
SWIDTH 500 0
DWIDTH 6 0
BBX 6 12 0 -2
BITMAP
20
70
88
88
F8
20
60
50
70
00
00
00
ENDCHAR
STARTCHAR uni1F391
ENCODING 127889
SWIDTH 500 0
DWIDTH 6 0
BBX 6 12 0 -2
BITMAP
00
18
58
A0
68
58
40
58
50
00
00
00
ENDCHAR
STARTCHAR uni1F392
ENCODING 127890
SWIDTH 500 0
DWIDTH 6 0
BBX 6 12 0 -2
BITMAP
00
70
50
70
88
F8
F8
D8
F8
F8
00
00
ENDCHAR
STARTCHAR uni1F393
ENCODING 127891
SWIDTH 500 0
DWIDTH 6 0
BBX 6 12 0 -2
BITMAP
00
00
20
50
88
58
78
58
28
00
00
00
ENDCHAR
STARTCHAR uni1F396
ENCODING 127894
SWIDTH 500 0
DWIDTH 6 0
BBX 6 12 0 -2
BITMAP
00
70
50
70
20
A8
70
20
50
00
00
00
ENDCHAR
STARTCHAR uni1F397
ENCODING 127895
SWIDTH 500 0
DWIDTH 6 0
BBX 6 12 0 -2
BITMAP
00
70
50
50
20
20
50
50
88
00
00
00
ENDCHAR
STARTCHAR uni1F399
ENCODING 127897
SWIDTH 500 0
DWIDTH 6 0
BBX 6 12 0 -2
BITMAP
00
20
50
70
F8
D8
F8
68
70
20
70
00
ENDCHAR
STARTCHAR uni1F39A
ENCODING 127898
SWIDTH 500 0
DWIDTH 6 0
BBX 6 12 0 -2
BITMAP
00
00
A8
E8
F8
F8
B8
A8
A8
A8
A8
00
ENDCHAR
STARTCHAR uni1F39B
ENCODING 127899
SWIDTH 500 0
DWIDTH 6 0
BBX 6 12 0 -2
BITMAP
00
00
F8
A8
F8
88
A8
88
F8
00
00
00
ENDCHAR
STARTCHAR uni1F39E
ENCODING 127902
SWIDTH 500 0
DWIDTH 6 0
BBX 6 12 0 -2
BITMAP
00
F8
50
D8
70
50
D8
70
50
D8
70
00
ENDCHAR
STARTCHAR uni1F39F
ENCODING 127903
SWIDTH 500 0
DWIDTH 6 0
BBX 6 12 0 -2
BITMAP
00
38
E8
A8
D8
68
A0
E0
00
00
00
00
ENDCHAR
STARTCHAR uni1F3A0
ENCODING 127904
SWIDTH 500 0
DWIDTH 6 0
BBX 6 12 0 -2
BITMAP
00
20
58
FC
18
FC
C8
F0
7C
70
78
00
ENDCHAR
STARTCHAR uni1F3A1
ENCODING 127905
SWIDTH 500 0
DWIDTH 6 0
BBX 6 12 0 -2
BITMAP
00
30
68
FC
A4
68
30
50
50
48
FC
00
ENDCHAR
STARTCHAR uni1F3A2
ENCODING 127906
SWIDTH 500 0
DWIDTH 6 0
BBX 6 12 0 -2
BITMAP
00
00
18
24
24
64
E4
F8
F4
5C
54
00
ENDCHAR
STARTCHAR uni1F3A3
ENCODING 127907
SWIDTH 500 0
DWIDTH 6 0
BBX 6 12 0 -2
BITMAP
00
30
48
48
48
88
98
B8
90
00
00
00
ENDCHAR
STARTCHAR uni1F3A4
ENCODING 127908
SWIDTH 500 0
DWIDTH 6 0
BBX 6 12 0 -2
BITMAP
00
30
48
68
58
30
30
50
60
A0
C0
00
ENDCHAR
STARTCHAR uni1F3A5
ENCODING 127909
SWIDTH 500 0
DWIDTH 6 0
BBX 6 12 0 -2
BITMAP
00
00
50
A8
58
F8
98
98
F8
60
B0
00
ENDCHAR
STARTCHAR uni1F3A6
ENCODING 127910
SWIDTH 500 0
DWIDTH 6 0
BBX 6 12 0 -2
BITMAP
FC
84
CC
84
CC
84
CC
84
FC
00
00
00
ENDCHAR
STARTCHAR uni1F3A7
ENCODING 127911
SWIDTH 500 0
DWIDTH 6 0
BBX 6 12 0 -2
BITMAP
00
20
50
88
88
D8
D8
D8
D8
D8
00
00
ENDCHAR
STARTCHAR uni1F3A8
ENCODING 127912
SWIDTH 500 0
DWIDTH 6 0
BBX 6 12 0 -2
BITMAP
00
70
D8
A8
98
A0
88
70
00
00
00
00
ENDCHAR
STARTCHAR uni1F3A9
ENCODING 127913
SWIDTH 500 0
DWIDTH 6 0
BBX 6 12 0 -2
BITMAP
00
00
70
50
50
50
70
50
F8
F8
00
00
ENDCHAR
STARTCHAR uni1F3AA
ENCODING 127914
SWIDTH 500 0
DWIDTH 6 0
BBX 6 12 0 -2
BITMAP
20
38
20
50
48
FC
84
84
B4
B4
FC
00
ENDCHAR
STARTCHAR uni1F3AB
ENCODING 127915
SWIDTH 500 0
DWIDTH 6 0
BBX 6 12 0 -2
BITMAP
00
F8
88
A8
70
A8
88
F8
00
00
00
00
ENDCHAR
STARTCHAR uni1F3AC
ENCODING 127916
SWIDTH 500 0
DWIDTH 6 0
BBX 6 12 0 -2
BITMAP
00
18
78
E8
F0
F8
88
F8
E8
88
F8
00
ENDCHAR
STARTCHAR uni1F3AD
ENCODING 127917
SWIDTH 500 0
DWIDTH 6 0
BBX 6 12 0 -2
BITMAP
00
E0
A0
E0
E8
68
38
28
38
00
00
00
ENDCHAR
STARTCHAR uni1F3AE
ENCODING 127918
SWIDTH 500 0
DWIDTH 6 0
BBX 6 12 0 -2
BITMAP
00
00
20
10
70
A8
D8
88
00
00
00
00
ENDCHAR
STARTCHAR uni1F3AF
ENCODING 127919
SWIDTH 500 0
DWIDTH 6 0
BBX 6 12 0 -2
BITMAP
00
00
08
70
A8
D8
A8
70
00
00
00
00
ENDCHAR
STARTCHAR uni1F3B0
ENCODING 127920
SWIDTH 500 0
DWIDTH 6 0
BBX 6 12 0 -2
BITMAP
00
F0
B8
E8
A8
E8
B0
F0
00
00
00
00
ENDCHAR
STARTCHAR uni1F3B1
ENCODING 127921
SWIDTH 500 0
DWIDTH 6 0
BBX 6 12 0 -2
BITMAP
00
70
88
A8
88
A8
88
70
00
00
00
00
ENDCHAR
STARTCHAR uni1F3B2
ENCODING 127922
SWIDTH 500 0
DWIDTH 6 0
BBX 6 12 0 -2
BITMAP
00
00
30
C8
B8
C8
D8
78
00
00
00
00
ENDCHAR
STARTCHAR uni1F3B3
ENCODING 127923
SWIDTH 500 0
DWIDTH 6 0
BBX 6 12 0 -2
BITMAP
00
40
40
40
60
D8
D8
F8
58
00
00
00
ENDCHAR
STARTCHAR uni1F3B4
ENCODING 127924
SWIDTH 500 0
DWIDTH 6 0
BBX 6 12 0 -2
BITMAP
00
F8
98
88
A8
D8
A8
F8
00
00
00
00
ENDCHAR
STARTCHAR uni1F3B5
ENCODING 127925
SWIDTH 500 0
DWIDTH 6 0
BBX 6 12 0 -2
BITMAP
00
00
20
30
38
28
20
60
E0
E0
40
00
ENDCHAR
STARTCHAR uni1F3B6
ENCODING 127926
SWIDTH 500 0
DWIDTH 6 0
BBX 6 12 0 -2
BITMAP
00
00
00
30
50
50
50
70
F0
C0
C0
00
ENDCHAR
STARTCHAR uni1F3B7
ENCODING 127927
SWIDTH 500 0
DWIDTH 6 0
BBX 6 12 0 -2
BITMAP
00
40
A0
F0
30
38
F8
B0
A0
60
00
00
ENDCHAR
STARTCHAR uni1F3B8
ENCODING 127928
SWIDTH 500 0
DWIDTH 6 0
BBX 6 12 0 -2
BITMAP
00
38
10
10
30
60
70
60
F0
F0
70
00
ENDCHAR
STARTCHAR uni1F3B9
ENCODING 127929
SWIDTH 500 0
DWIDTH 6 0
BBX 6 12 0 -2
BITMAP
00
00
F8
D8
D8
D8
A8
A8
A8
F8
00
00
ENDCHAR
STARTCHAR uni1F3BA
ENCODING 127930
SWIDTH 500 0
DWIDTH 6 0
BBX 6 12 0 -2
BITMAP
00
00
00
08
68
F8
28
F8
E8
00
00
00
ENDCHAR
STARTCHAR uni1F3BB
ENCODING 127931
SWIDTH 500 0
DWIDTH 6 0
BBX 6 12 0 -2
BITMAP
00
38
10
18
38
70
70
F0
90
F0
70
00
ENDCHAR
STARTCHAR uni1F3BC
ENCODING 127932
SWIDTH 500 0
DWIDTH 6 0
BBX 6 12 0 -2
BITMAP
10
28
F8
20
F8
50
F8
90
F8
20
F8
40
ENDCHAR
STARTCHAR uni1F3BD
ENCODING 127933
SWIDTH 500 0
DWIDTH 6 0
BBX 6 12 0 -2
BITMAP
00
50
50
D8
88
70
50
70
00
00
00
00
ENDCHAR
STARTCHAR uni1F3BE
ENCODING 127934
SWIDTH 500 0
DWIDTH 6 0
BBX 6 12 0 -2
BITMAP
00
60
90
F0
90
60
48
40
80
00
00
00
ENDCHAR
STARTCHAR uni1F3BF
ENCODING 127935
SWIDTH 500 0
DWIDTH 6 0
BBX 6 12 0 -2
BITMAP
00
50
50
F8
50
F8
50
50
70
00
00
00
ENDCHAR
STARTCHAR uni1F3C0
ENCODING 127936
SWIDTH 500 0
DWIDTH 6 0
BBX 6 12 0 -2
BITMAP
00
00
70
A8
F8
A8
70
00
00
00
00
00
ENDCHAR
STARTCHAR uni1F3C1
ENCODING 127937
SWIDTH 500 0
DWIDTH 6 0
BBX 6 12 0 -2
BITMAP
00
FC
AC
D4
AC
FC
80
80
80
00
00
00
ENDCHAR
STARTCHAR uni1F3C2
ENCODING 127938
SWIDTH 500 0
DWIDTH 6 0
BBX 6 12 0 -2
BITMAP
00
30
34
88
70
20
30
48
F0
FC
1C
00
ENDCHAR
STARTCHAR uni1F3C3
ENCODING 127939
SWIDTH 500 0
DWIDTH 6 0
BBX 6 12 0 -2
BITMAP
00
30
30
10
74
68
20
D0
48
10
10
00
ENDCHAR
STARTCHAR uni1F3C4
ENCODING 127940
SWIDTH 500 0
DWIDTH 6 0
BBX 6 12 0 -2
BITMAP
00
30
30
00
FC
20
20
50
FC
CC
30
CC
ENDCHAR
STARTCHAR uni1F3C5
ENCODING 127941
SWIDTH 500 0
DWIDTH 6 0
BBX 6 12 0 -2
BITMAP
00
88
50
20
70
88
88
88
70
00
00
00
ENDCHAR
STARTCHAR uni1F3C6
ENCODING 127942
SWIDTH 500 0
DWIDTH 6 0
BBX 6 12 0 -2
BITMAP
00
70
D8
A8
70
20
20
70
F8
00
00
00
ENDCHAR
STARTCHAR uni1F3C7
ENCODING 127943
SWIDTH 500 0
DWIDTH 6 0
BBX 6 12 0 -2
BITMAP
00
60
60
20
7C
5C
BC
E8
78
78
CC
00
ENDCHAR
STARTCHAR uni1F3C8
ENCODING 127944
SWIDTH 500 0
DWIDTH 6 0
BBX 6 12 0 -2
BITMAP
20
50
70
A8
F8
A8
70
50
20
00
00
00
ENDCHAR
STARTCHAR uni1F3C9
ENCODING 127945
SWIDTH 500 0
DWIDTH 6 0
BBX 6 12 0 -2
BITMAP
00
20
50
D8
A8
A8
D8
50
20
00
00
00
ENDCHAR
STARTCHAR uni1F3CA
ENCODING 127946
SWIDTH 500 0
DWIDTH 6 0
BBX 6 12 0 -2
BITMAP
00
00
00
08
14
D0
F0
0C
00
CC
FC
30
ENDCHAR
STARTCHAR uni1F3CB
ENCODING 127947
SWIDTH 500 0
DWIDTH 6 0
BBX 6 12 0 -2
BITMAP
84
84
FC
EC
EC
48
30
30
48
48
48
00
ENDCHAR
STARTCHAR uni1F3CC
ENCODING 127948
SWIDTH 500 0
DWIDTH 6 0
BBX 6 12 0 -2
BITMAP
00
60
60
00
20
70
70
58
58
9C
98
00
ENDCHAR
STARTCHAR uni1F3CD
ENCODING 127949
SWIDTH 500 0
DWIDTH 6 0
BBX 6 12 0 -2
BITMAP
00
00
18
10
70
B0
A8
D8
00
00
00
00
ENDCHAR
STARTCHAR uni1F3CE
ENCODING 127950
SWIDTH 500 0
DWIDTH 6 0
BBX 6 12 0 -2
BITMAP
00
00
C0
10
F0
F8
50
00
00
00
00
00
ENDCHAR
STARTCHAR uni1F3CF
ENCODING 127951
SWIDTH 500 0
DWIDTH 6 0
BBX 6 12 0 -2
BITMAP
00
10
20
20
60
E0
C0
C8
00
00
00
00
ENDCHAR
STARTCHAR uni1F3D0
ENCODING 127952
SWIDTH 500 0
DWIDTH 6 0
BBX 6 12 0 -2
BITMAP
00
00
70
A8
C8
B8
70
00
00
00
00
00
ENDCHAR
STARTCHAR uni1F3D1
ENCODING 127953
SWIDTH 500 0
DWIDTH 6 0
BBX 6 12 0 -2
BITMAP
00
08
10
10
20
20
40
88
C0
00
00
00
ENDCHAR
STARTCHAR uni1F3D2
ENCODING 127954
SWIDTH 500 0
DWIDTH 6 0
BBX 6 12 0 -2
BITMAP
00
08
10
10
20
20
40
40
40
20
0C
00
ENDCHAR
STARTCHAR uni1F3D3
ENCODING 127955
SWIDTH 500 0
DWIDTH 6 0
BBX 6 12 0 -2
BITMAP
00
60
F0
F0
60
40
48
80
00
00
00
00
ENDCHAR
STARTCHAR uni1F3D4
ENCODING 127956
SWIDTH 500 0
DWIDTH 6 0
BBX 6 12 0 -2
BITMAP
00
10
10
10
38
68
78
58
AC
FC
00
00
ENDCHAR
STARTCHAR uni1F3D5
ENCODING 127957
SWIDTH 500 0
DWIDTH 6 0
BBX 6 12 0 -2
BITMAP
00
08
1C
08
1C
08
28
30
68
68
FC
00
ENDCHAR
STARTCHAR uni1F3D6
ENCODING 127958
SWIDTH 500 0
DWIDTH 6 0
BBX 6 12 0 -2
BITMAP
00
20
70
68
F8
2C
A4
68
60
98
04
00
ENDCHAR
STARTCHAR uni1F3D7
ENCODING 127959
SWIDTH 500 0
DWIDTH 6 0
BBX 6 12 0 -2
BITMAP
00
60
FC
FC
48
58
48
FC
FC
B4
FC
00
ENDCHAR
STARTCHAR uni1F3D8
ENCODING 127960
SWIDTH 500 0
DWIDTH 6 0
BBX 6 12 0 -2
BITMAP
00
10
18
24
24
3C
50
88
C8
98
F8
00
ENDCHAR
STARTCHAR uni1F3D9
ENCODING 127961
SWIDTH 500 0
DWIDTH 6 0
BBX 6 12 0 -2
BITMAP
00
60
78
F8
BC
84
84
84
84
84
FC
00
ENDCHAR
STARTCHAR uni1F3DA
ENCODING 127962
SWIDTH 500 0
DWIDTH 6 0
BBX 6 12 0 -2
BITMAP
00
00
20
70
68
DC
68
78
78
DC
F8
00
ENDCHAR
STARTCHAR uni1F3DB
ENCODING 127963
SWIDTH 500 0
DWIDTH 6 0
BBX 6 12 0 -2
BITMAP
00
20
58
FC
FC
A4
A4
A4
A4
FC
FC
00
ENDCHAR
STARTCHAR uni1F3DC
ENCODING 127964
SWIDTH 500 0
DWIDTH 6 0
BBX 6 12 0 -2
BITMAP
00
0C
2C
6C
60
40
40
70
88
78
84
00
ENDCHAR
STARTCHAR uni1F3DD
ENCODING 127965
SWIDTH 500 0
DWIDTH 6 0
BBX 6 12 0 -2
BITMAP
00
28
70
7C
58
58
10
20
78
84
FC
00
ENDCHAR
STARTCHAR uni1F3DE
ENCODING 127966
SWIDTH 500 0
DWIDTH 6 0
BBX 6 12 0 -2
BITMAP
00
08
38
74
64
FC
68
F0
F8
E8
68
00
ENDCHAR
STARTCHAR uni1F3DF
ENCODING 127967
SWIDTH 500 0
DWIDTH 6 0
BBX 6 12 0 -2
BITMAP
00
CC
84
B4
EC
A4
A4
EC
B4
48
30
00
ENDCHAR
STARTCHAR uni1F3E0
ENCODING 127968
SWIDTH 500 0
DWIDTH 6 0
BBX 6 12 0 -2
BITMAP
00
00
20
50
48
FC
88
E8
F8
98
F8
00
ENDCHAR
STARTCHAR uni1F3E1
ENCODING 127969
SWIDTH 500 0
DWIDTH 6 0
BBX 6 12 0 -2
BITMAP
00
08
14
14
28
58
FC
C8
88
98
F8
00
ENDCHAR
STARTCHAR uni1F3E2
ENCODING 127970
SWIDTH 500 0
DWIDTH 6 0
BBX 6 12 0 -2
BITMAP
00
38
C4
84
CC
84
CC
84
CC
A4
FC
00
ENDCHAR
STARTCHAR uni1F3E3
ENCODING 127971
SWIDTH 500 0
DWIDTH 6 0
BBX 6 12 0 -2
BITMAP
00
78
00
78
20
00
FC
CC
84
B4
FC
00
ENDCHAR
STARTCHAR uni1F3E4
ENCODING 127972
SWIDTH 500 0
DWIDTH 6 0
BBX 6 12 0 -2
BITMAP
00
FC
DC
A4
FC
00
FC
CC
84
B4
FC
00
ENDCHAR
STARTCHAR uni1F3E5
ENCODING 127973
SWIDTH 500 0
DWIDTH 6 0
BBX 6 12 0 -2
BITMAP
00
20
70
20
20
00
FC
CC
84
B4
FC
00
ENDCHAR
STARTCHAR uni1F3E6
ENCODING 127974
SWIDTH 500 0
DWIDTH 6 0
BBX 6 12 0 -2
BITMAP
00
20
58
FC
FC
84
B4
E4
A4
FC
FC
00
ENDCHAR
STARTCHAR uni1F3E7
ENCODING 127975
SWIDTH 500 0
DWIDTH 6 0
BBX 6 12 0 -2
BITMAP
5C
A8
E8
A8
A8
00
88
D8
A8
A8
88
00
ENDCHAR
STARTCHAR uni1F3E8
ENCODING 127976
SWIDTH 500 0
DWIDTH 6 0
BBX 6 12 0 -2
BITMAP
50
50
70
50
50
00
FC
CC
84
B4
FC
00
ENDCHAR
STARTCHAR uni1F3E9
ENCODING 127977
SWIDTH 500 0
DWIDTH 6 0
BBX 6 12 0 -2
BITMAP
78
FC
FC
70
20
00
FC
CC
84
B4
FC
00
ENDCHAR
STARTCHAR uni1F3EA
ENCODING 127978
SWIDTH 500 0
DWIDTH 6 0
BBX 6 12 0 -2
BITMAP
00
00
78
6C
EC
FC
FC
BC
FC
9C
FC
00
ENDCHAR
STARTCHAR uni1F3EB
ENCODING 127979
SWIDTH 500 0
DWIDTH 6 0
BBX 6 12 0 -2
BITMAP
00
20
30
78
FC
B4
CC
84
A4
B4
FC
00
ENDCHAR
STARTCHAR uni1F3EC
ENCODING 127980
SWIDTH 500 0
DWIDTH 6 0
BBX 6 12 0 -2
BITMAP
00
78
78
00
FC
D4
84
D4
FC
A4
FC
00
ENDCHAR
STARTCHAR uni1F3ED
ENCODING 127981
SWIDTH 500 0
DWIDTH 6 0
BBX 6 12 0 -2
BITMAP
00
18
58
58
58
5C
74
C4
CC
84
FC
00
ENDCHAR
STARTCHAR uni1F3EE
ENCODING 127982
SWIDTH 500 0
DWIDTH 6 0
BBX 6 12 0 -2
BITMAP
00
70
30
50
F8
88
F8
88
F8
20
70
00
ENDCHAR
STARTCHAR uni1F3EF
ENCODING 127983
SWIDTH 500 0
DWIDTH 6 0
BBX 6 12 0 -2
BITMAP
00
20
30
68
78
68
78
58
84
FC
78
00
ENDCHAR
STARTCHAR uni1F3F0
ENCODING 127984
SWIDTH 500 0
DWIDTH 6 0
BBX 6 12 0 -2
BITMAP
00
00
30
30
FC
CC
CC
CC
FC
B4
FC
00
ENDCHAR
STARTCHAR uni1F3F3
ENCODING 127987
SWIDTH 500 0
DWIDTH 6 0
BBX 6 12 0 -2
BITMAP
00
78
88
88
88
F8
80
80
80
00
00
00
ENDCHAR
STARTCHAR uni1F3F4
ENCODING 127988
SWIDTH 500 0
DWIDTH 6 0
BBX 6 12 0 -2
BITMAP
00
78
F8
F8
F8
F8
80
80
80
00
00
00
ENDCHAR
STARTCHAR uni1F3F5
ENCODING 127989
SWIDTH 500 0
DWIDTH 6 0
BBX 6 12 0 -2
BITMAP
00
00
00
68
78
AC
DC
78
68
00
00
00
ENDCHAR
STARTCHAR uni1F3F7
ENCODING 127991
SWIDTH 500 0
DWIDTH 6 0
BBX 6 12 0 -2
BITMAP
00
00
38
38
48
48
90
90
60
20
00
00
ENDCHAR
STARTCHAR uni1F3F8
ENCODING 127992
SWIDTH 500 0
DWIDTH 6 0
BBX 6 12 0 -2
BITMAP
00
60
90
F0
90
60
58
58
90
00
00
00
ENDCHAR
STARTCHAR uni1F3F9
ENCODING 127993
SWIDTH 500 0
DWIDTH 6 0
BBX 6 12 0 -2
BITMAP
00
40
60
50
F8
50
60
40
00
00
00
00
ENDCHAR
STARTCHAR uni1F3FA
ENCODING 127994
SWIDTH 500 0
DWIDTH 6 0
BBX 6 12 0 -2
BITMAP
00
38
30
78
CC
CC
CC
48
48
68
78
00
ENDCHAR
STARTCHAR uni1F400
ENCODING 128000
SWIDTH 500 0
DWIDTH 6 0
BBX 6 12 0 -2
BITMAP
00
40
80
B8
D8
D8
C4
6C
5C
20
00
00
ENDCHAR
STARTCHAR uni1F401
ENCODING 128001
SWIDTH 500 0
DWIDTH 6 0
BBX 6 12 0 -2
BITMAP
00
00
18
18
B8
DC
D4
5C
78
60
00
00
ENDCHAR
STARTCHAR uni1F402
ENCODING 128002
SWIDTH 500 0
DWIDTH 6 0
BBX 6 12 0 -2
BITMAP
00
14
14
1C
1C
FC
9C
D0
F8
D8
48
00
ENDCHAR
STARTCHAR uni1F403
ENCODING 128003
SWIDTH 500 0
DWIDTH 6 0
BBX 6 12 0 -2
BITMAP
00
24
24
24
1C
F0
0C
FC
F8
D8
48
00
ENDCHAR
STARTCHAR uni1F404
ENCODING 128004
SWIDTH 500 0
DWIDTH 6 0
BBX 6 12 0 -2
BITMAP
00
00
18
18
18
FC
FC
D8
F8
F8
48
00
ENDCHAR
STARTCHAR uni1F405
ENCODING 128005
SWIDTH 500 0
DWIDTH 6 0
BBX 6 12 0 -2
BITMAP
00
C0
94
9C
F4
AC
A8
78
48
D8
00
00
ENDCHAR
STARTCHAR uni1F406
ENCODING 128006
SWIDTH 500 0
DWIDTH 6 0
BBX 6 12 0 -2
BITMAP
00
C0
94
9C
F4
8C
A8
78
48
D8
00
00
ENDCHAR
STARTCHAR uni1F407
ENCODING 128007
SWIDTH 500 0
DWIDTH 6 0
BBX 6 12 0 -2
BITMAP
00
18
1C
1C
1C
3C
48
C8
C8
F8
F8
00
ENDCHAR
STARTCHAR uni1F408
ENCODING 128008
SWIDTH 500 0
DWIDTH 6 0
BBX 6 12 0 -2
BITMAP
00
10
18
98
D8
EC
BC
F8
F8
78
30
00
ENDCHAR
STARTCHAR uni1F409
ENCODING 128009
SWIDTH 500 0
DWIDTH 6 0
BBX 6 12 0 -2
BITMAP
00
28
9C
D4
BC
90
70
98
A8
68
24
00
ENDCHAR
STARTCHAR uni1F40A
ENCODING 128010
SWIDTH 500 0
DWIDTH 6 0
BBX 6 12 0 -2
BITMAP
00
00
00
38
7C
7C
50
F0
D8
00
00
00
ENDCHAR
STARTCHAR uni1F40B
ENCODING 128011
SWIDTH 500 0
DWIDTH 6 0
BBX 6 12 0 -2
BITMAP
00
00
A0
D8
EC
C4
FC
34
38
20
00
00
ENDCHAR
STARTCHAR uni1F40C
ENCODING 128012
SWIDTH 500 0
DWIDTH 6 0
BBX 6 12 0 -2
BITMAP
00
00
00
2C
5C
F8
FC
A8
F8
8C
78
00
ENDCHAR
STARTCHAR uni1F40D
ENCODING 128013
SWIDTH 500 0
DWIDTH 6 0
BBX 6 12 0 -2
BITMAP
00
20
78
38
60
40
F0
48
F8
78
30
00
ENDCHAR
STARTCHAR uni1F40E
ENCODING 128014
SWIDTH 500 0
DWIDTH 6 0
BBX 6 12 0 -2
BITMAP
00
18
18
18
18
FC
98
C8
F8
D8
48
00
ENDCHAR
STARTCHAR uni1F40F
ENCODING 128015
SWIDTH 500 0
DWIDTH 6 0
BBX 6 12 0 -2
BITMAP
00
00
18
78
BC
9C
9C
EC
F8
D8
48
00
ENDCHAR
STARTCHAR uni1F410
ENCODING 128016
SWIDTH 500 0
DWIDTH 6 0
BBX 6 12 0 -2
BITMAP
00
10
30
08
98
EC
8C
78
48
D8
48
00
ENDCHAR
STARTCHAR uni1F411
ENCODING 128017
SWIDTH 500 0
DWIDTH 6 0
BBX 6 12 0 -2
BITMAP
00
00
00
68
BC
9C
9C
EC
F8
D8
48
00
ENDCHAR
STARTCHAR uni1F412
ENCODING 128018
SWIDTH 500 0
DWIDTH 6 0
BBX 6 12 0 -2
BITMAP
00
00
10
38
38
D8
EC
F8
F8
68
64
00
ENDCHAR
STARTCHAR uni1F413
ENCODING 128019
SWIDTH 500 0
DWIDTH 6 0
BBX 6 12 0 -2
BITMAP
00
18
D8
F8
D8
BC
F8
78
70
30
78
00
ENDCHAR
STARTCHAR uni1F414
ENCODING 128020
SWIDTH 500 0
DWIDTH 6 0
BBX 6 12 0 -2
BITMAP
00
00
18
18
18
BC
F8
F8
70
30
78
00
ENDCHAR
STARTCHAR uni1F415
ENCODING 128021
SWIDTH 500 0
DWIDTH 6 0
BBX 6 12 0 -2
BITMAP
00
00
98
9C
D4
BC
50
78
D8
48
00
00
ENDCHAR
STARTCHAR uni1F416
ENCODING 128022
SWIDTH 500 0
DWIDTH 6 0
BBX 6 12 0 -2
BITMAP
00
00
00
D0
F8
DC
9C
9C
78
D8
48
00
ENDCHAR
STARTCHAR uni1F417
ENCODING 128023
SWIDTH 500 0
DWIDTH 6 0
BBX 6 12 0 -2
BITMAP
00
00
00
60
F0
98
8C
4C
7C
D8
48
00
ENDCHAR
STARTCHAR uni1F418
ENCODING 128024
SWIDTH 500 0
DWIDTH 6 0
BBX 6 12 0 -2
BITMAP
00
00
00
78
98
AC
AC
DC
FC
D8
48
00
ENDCHAR
STARTCHAR uni1F419
ENCODING 128025
SWIDTH 500 0
DWIDTH 6 0
BBX 6 12 0 -2
BITMAP
00
30
48
48
78
78
B8
C8
CC
78
30
00
ENDCHAR
STARTCHAR uni1F41A
ENCODING 128026
SWIDTH 500 0
DWIDTH 6 0
BBX 6 12 0 -2
BITMAP
00
00
30
48
B4
A4
B8
84
48
30
00
00
ENDCHAR
STARTCHAR uni1F41B
ENCODING 128027
SWIDTH 500 0
DWIDTH 6 0
BBX 6 12 0 -2
BITMAP
00
00
00
1C
6C
6C
FC
7C
40
00
00
00
ENDCHAR
STARTCHAR uni1F41C
ENCODING 128028
SWIDTH 500 0
DWIDTH 6 0
BBX 6 12 0 -2
BITMAP
00
CC
78
78
FC
30
78
B4
48
48
B4
00
ENDCHAR
STARTCHAR uni1F41D
ENCODING 128029
SWIDTH 500 0
DWIDTH 6 0
BBX 6 12 0 -2
BITMAP
00
48
30
48
B4
B4
78
30
48
78
30
00
ENDCHAR
STARTCHAR uni1F41E
ENCODING 128030
SWIDTH 500 0
DWIDTH 6 0
BBX 6 12 0 -2
BITMAP
00
48
30
78
FC
68
68
EC
68
78
B4
00
ENDCHAR
STARTCHAR uni1F41F
ENCODING 128031
SWIDTH 500 0
DWIDTH 6 0
BBX 6 12 0 -2
BITMAP
00
00
20
B0
D8
98
D8
B8
10
00
00
00
ENDCHAR
STARTCHAR uni1F420
ENCODING 128032
SWIDTH 500 0
DWIDTH 6 0
BBX 6 12 0 -2
BITMAP
00
00
20
B8
F8
BC
F8
B8
30
00
00
00
ENDCHAR
STARTCHAR uni1F421
ENCODING 128033
SWIDTH 500 0
DWIDTH 6 0
BBX 6 12 0 -2
BITMAP
00
00
10
FC
E8
EC
DC
FC
10
00
00
00
ENDCHAR
STARTCHAR uni1F422
ENCODING 128034
SWIDTH 500 0
DWIDTH 6 0
BBX 6 12 0 -2
BITMAP
00
00
00
70
F8
DC
FC
F8
D8
00
00
00
ENDCHAR
STARTCHAR uni1F423
ENCODING 128035
SWIDTH 500 0
DWIDTH 6 0
BBX 6 12 0 -2
BITMAP
00
30
78
48
B4
78
B4
CC
84
84
78
00
ENDCHAR
STARTCHAR uni1F424
ENCODING 128036
SWIDTH 500 0
DWIDTH 6 0
BBX 6 12 0 -2
BITMAP
00
00
10
18
3C
A8
F8
E8
78
30
78
00
ENDCHAR
STARTCHAR uni1F425
ENCODING 128037
SWIDTH 500 0
DWIDTH 6 0
BBX 6 12 0 -2
BITMAP
00
30
78
48
B4
78
48
48
30
48
CC
00
ENDCHAR
STARTCHAR uni1F426
ENCODING 128038
SWIDTH 500 0
DWIDTH 6 0
BBX 6 12 0 -2
BITMAP
00
00
00
18
18
EC
E8
F8
30
30
78
00
ENDCHAR
STARTCHAR uni1F427
ENCODING 128039
SWIDTH 500 0
DWIDTH 6 0
BBX 6 12 0 -2
BITMAP
00
30
78
48
78
CC
CC
CC
48
78
CC
00
ENDCHAR
STARTCHAR uni1F428
ENCODING 128040
SWIDTH 500 0
DWIDTH 6 0
BBX 6 12 0 -2
BITMAP
00
00
CC
CC
78
84
CC
B4
78
30
00
00
ENDCHAR
STARTCHAR uni1F429
ENCODING 128041
SWIDTH 500 0
DWIDTH 6 0
BBX 6 12 0 -2
BITMAP
00
C0
D8
DC
DC
BC
B8
78
D8
D8
00
00
ENDCHAR
STARTCHAR uni1F42A
ENCODING 128042
SWIDTH 500 0
DWIDTH 6 0
BBX 6 12 0 -2
BITMAP
00
08
08
2C
6C
78
88
88
F8
D8
48
00
ENDCHAR
STARTCHAR uni1F42B
ENCODING 128043
SWIDTH 500 0
DWIDTH 6 0
BBX 6 12 0 -2
BITMAP
00
08
08
0C
7C
78
88
88
F8
D8
48
00
ENDCHAR
STARTCHAR uni1F42C
ENCODING 128044
SWIDTH 500 0
DWIDTH 6 0
BBX 6 12 0 -2
BITMAP
00
20
30
30
28
78
7C
DC
D0
C0
80
00
ENDCHAR
STARTCHAR uni1F42D
ENCODING 128045
SWIDTH 500 0
DWIDTH 6 0
BBX 6 12 0 -2
BITMAP
00
48
B4
F4
D4
68
48
FC
70
20
00
00
ENDCHAR
STARTCHAR uni1F42E
ENCODING 128046
SWIDTH 500 0
DWIDTH 6 0
BBX 6 12 0 -2
BITMAP
00
84
B4
EC
EC
58
78
CC
84
78
00
00
ENDCHAR
STARTCHAR uni1F42F
ENCODING 128047
SWIDTH 500 0
DWIDTH 6 0
BBX 6 12 0 -2
BITMAP
00
48
B4
EC
B4
CC
FC
FC
78
30
00
00
ENDCHAR
STARTCHAR uni1F430
ENCODING 128048
SWIDTH 500 0
DWIDTH 6 0
BBX 6 12 0 -2
BITMAP
00
48
48
48
78
84
CC
B4
48
30
00
00
ENDCHAR
STARTCHAR uni1F431
ENCODING 128049
SWIDTH 500 0
DWIDTH 6 0
BBX 6 12 0 -2
BITMAP
00
84
FC
84
84
FC
FC
B8
68
10
00
00
ENDCHAR
STARTCHAR uni1F432
ENCODING 128050
SWIDTH 500 0
DWIDTH 6 0
BBX 6 12 0 -2
BITMAP
00
20
B0
EC
58
68
C4
8C
FC
7C
04
00
ENDCHAR
STARTCHAR uni1F433
ENCODING 128051
SWIDTH 500 0
DWIDTH 6 0
BBX 6 12 0 -2
BITMAP
00
18
34
10
58
EC
E4
FC
38
10
00
00
ENDCHAR
STARTCHAR uni1F434
ENCODING 128052
SWIDTH 500 0
DWIDTH 6 0
BBX 6 12 0 -2
BITMAP
00
60
60
70
50
F0
68
DC
7C
4C
C0
00
ENDCHAR
STARTCHAR uni1F435
ENCODING 128053
SWIDTH 500 0
DWIDTH 6 0
BBX 6 12 0 -2
BITMAP
00
30
30
FC
EC
FC
FC
48
78
70
00
00
ENDCHAR
STARTCHAR uni1F436
ENCODING 128054
SWIDTH 500 0
DWIDTH 6 0
BBX 6 12 0 -2
BITMAP
00
48
FC
FC
FC
CC
FC
68
30
30
00
00
ENDCHAR
STARTCHAR uni1F437
ENCODING 128055
SWIDTH 500 0
DWIDTH 6 0
BBX 6 12 0 -2
BITMAP
00
8C
F4
84
CC
84
B4
78
78
30
00
00
ENDCHAR
STARTCHAR uni1F438
ENCODING 128056
SWIDTH 500 0
DWIDTH 6 0
BBX 6 12 0 -2
BITMAP
00
00
48
B4
78
84
CC
B4
78
00
00
00
ENDCHAR
STARTCHAR uni1F439
ENCODING 128057
SWIDTH 500 0
DWIDTH 6 0
BBX 6 12 0 -2
BITMAP
00
48
FC
48
48
6C
EC
FC
FC
78
00
00
ENDCHAR
STARTCHAR uni1F43A
ENCODING 128058
SWIDTH 500 0
DWIDTH 6 0
BBX 6 12 0 -2
BITMAP
00
8C
F4
84
CC
AC
FC
B8
70
10
00
00
ENDCHAR
STARTCHAR uni1F43B
ENCODING 128059
SWIDTH 500 0
DWIDTH 6 0
BBX 6 12 0 -2
BITMAP
00
48
FC
CC
84
CC
B4
B4
78
30
00
00
ENDCHAR
STARTCHAR uni1F43C
ENCODING 128060
SWIDTH 500 0
DWIDTH 6 0
BBX 6 12 0 -2
BITMAP
00
48
FC
CC
FC
B4
FC
B4
78
30
00
00
ENDCHAR
STARTCHAR uni1F43D
ENCODING 128061
SWIDTH 500 0
DWIDTH 6 0
BBX 6 12 0 -2
BITMAP
00
00
00
00
78
AC
AC
78
00
00
00
00
ENDCHAR
STARTCHAR uni1F43E
ENCODING 128062
SWIDTH 500 0
DWIDTH 6 0
BBX 6 12 0 -2
BITMAP
00
08
1C
08
1C
14
40
E0
40
E0
A0
00
ENDCHAR
STARTCHAR uni1F43F
ENCODING 128063
SWIDTH 500 0
DWIDTH 6 0
BBX 6 12 0 -2
BITMAP
00
20
70
70
F8
EC
FC
E0
6C
2C
18
00
ENDCHAR
STARTCHAR uni1F440
ENCODING 128064
SWIDTH 500 0
DWIDTH 6 0
BBX 6 12 0 -2
BITMAP
00
00
00
6C
B4
B4
B4
6C
00
00
00
00
ENDCHAR
STARTCHAR uni1F441
ENCODING 128065
SWIDTH 500 0
DWIDTH 6 0
BBX 6 12 0 -2
BITMAP
00
00
00
30
68
A4
68
30
00
00
00
00
ENDCHAR
STARTCHAR uni1F442
ENCODING 128066
SWIDTH 500 0
DWIDTH 6 0
BBX 6 12 0 -2
BITMAP
00
70
A8
B4
8C
B8
68
68
50
50
30
00
ENDCHAR
STARTCHAR uni1F443
ENCODING 128067
SWIDTH 500 0
DWIDTH 6 0
BBX 6 12 0 -2
BITMAP
00
30
30
30
30
50
48
84
FC
78
20
00
ENDCHAR
STARTCHAR uni1F444
ENCODING 128068
SWIDTH 500 0
DWIDTH 6 0
BBX 6 12 0 -2
BITMAP
00
00
00
70
68
FC
68
10
00
00
00
00
ENDCHAR
STARTCHAR uni1F445
ENCODING 128069
SWIDTH 500 0
DWIDTH 6 0
BBX 6 12 0 -2
BITMAP
00
00
78
FC
EC
68
68
68
68
48
30
00
ENDCHAR
STARTCHAR uni1F446
ENCODING 128070
SWIDTH 500 0
DWIDTH 6 0
BBX 6 12 0 -2
BITMAP
00
60
60
60
60
78
98
98
58
48
78
00
ENDCHAR
STARTCHAR uni1F447
ENCODING 128071
SWIDTH 500 0
DWIDTH 6 0
BBX 6 12 0 -2
BITMAP
00
78
48
58
98
98
78
60
60
60
60
00
ENDCHAR
STARTCHAR uni1F448
ENCODING 128072
SWIDTH 500 0
DWIDTH 6 0
BBX 6 12 0 -2
BITMAP
00
00
00
F8
FC
34
34
3C
18
00
00
00
ENDCHAR
STARTCHAR uni1F449
ENCODING 128073
SWIDTH 500 0
DWIDTH 6 0
BBX 6 12 0 -2
BITMAP
00
00
00
7C
FC
B0
B0
F0
60
00
00
00
ENDCHAR
STARTCHAR uni1F44A
ENCODING 128074
SWIDTH 500 0
DWIDTH 6 0
BBX 6 12 0 -2
BITMAP
00
00
34
7C
EC
EC
FC
68
78
00
00
00
ENDCHAR
STARTCHAR uni1F44B
ENCODING 128075
SWIDTH 500 0
DWIDTH 6 0
BBX 6 12 0 -2
BITMAP
00
10
B0
F8
78
C8
C8
4C
4C
4C
78
00
ENDCHAR
STARTCHAR uni1F44C
ENCODING 128076
SWIDTH 500 0
DWIDTH 6 0
BBX 6 12 0 -2
BITMAP
00
10
18
1C
3C
7C
AC
BC
68
28
38
00
ENDCHAR
STARTCHAR uni1F44D
ENCODING 128077
SWIDTH 500 0
DWIDTH 6 0
BBX 6 12 0 -2
BITMAP
00
30
30
30
30
DC
DC
C4
DC
F8
C0
00
ENDCHAR
STARTCHAR uni1F44E
ENCODING 128078
SWIDTH 500 0
DWIDTH 6 0
BBX 6 12 0 -2
BITMAP
00
C0
F8
DC
C4
DC
DC
30
30
30
30
00
ENDCHAR
STARTCHAR uni1F44F
ENCODING 128079
SWIDTH 500 0
DWIDTH 6 0
BBX 6 12 0 -2
BITMAP
00
04
94
7C
70
50
98
B8
A8
CC
48
00
ENDCHAR
STARTCHAR uni1F450
ENCODING 128080
SWIDTH 500 0
DWIDTH 6 0
BBX 6 12 0 -2
BITMAP
00
00
A8
A8
EC
AC
A8
48
48
00
00
00
ENDCHAR
STARTCHAR uni1F451
ENCODING 128081
SWIDTH 500 0
DWIDTH 6 0
BBX 6 12 0 -2
BITMAP
00
00
20
A8
D8
D8
88
F8
88
F8
00
00
ENDCHAR
STARTCHAR uni1F452
ENCODING 128082
SWIDTH 500 0
DWIDTH 6 0
BBX 6 12 0 -2
BITMAP
00
00
00
70
50
50
70
88
F8
00
00
00
ENDCHAR
STARTCHAR uni1F453
ENCODING 128083
SWIDTH 500 0
DWIDTH 6 0
BBX 6 12 0 -2
BITMAP
00
00
00
88
88
F8
A8
50
00
00
00
00
ENDCHAR
STARTCHAR uni1F454
ENCODING 128084
SWIDTH 500 0
DWIDTH 6 0
BBX 6 12 0 -2
BITMAP
00
00
50
20
70
20
20
20
70
70
20
00
ENDCHAR
STARTCHAR uni1F455
ENCODING 128085
SWIDTH 500 0
DWIDTH 6 0
BBX 6 12 0 -2
BITMAP
00
00
20
70
88
50
50
50
50
70
00
00
ENDCHAR
STARTCHAR uni1F456
ENCODING 128086
SWIDTH 500 0
DWIDTH 6 0
BBX 6 12 0 -2
BITMAP
00
F8
88
F8
A8
A8
A8
A8
A8
D8
00
00
ENDCHAR
STARTCHAR uni1F457
ENCODING 128087
SWIDTH 500 0
DWIDTH 6 0
BBX 6 12 0 -2
BITMAP
00
00
70
70
50
20
70
50
50
88
F8
00
ENDCHAR
STARTCHAR uni1F458
ENCODING 128088
SWIDTH 500 0
DWIDTH 6 0
BBX 6 12 0 -2
BITMAP
00
00
50
70
A8
D8
70
70
88
88
F8
00
ENDCHAR
STARTCHAR uni1F459
ENCODING 128089
SWIDTH 500 0
DWIDTH 6 0
BBX 6 12 0 -2
BITMAP
00
00
88
48
70
F8
00
F8
50
50
20
00
ENDCHAR
STARTCHAR uni1F45A
ENCODING 128090
SWIDTH 500 0
DWIDTH 6 0
BBX 6 12 0 -2
BITMAP
00
00
50
A8
88
D8
50
50
50
70
00
00
ENDCHAR
STARTCHAR uni1F45B
ENCODING 128091
SWIDTH 500 0
DWIDTH 6 0
BBX 6 12 0 -2
BITMAP
00
00
00
20
70
50
90
88
88
70
00
00
ENDCHAR
STARTCHAR uni1F45C
ENCODING 128092
SWIDTH 500 0
DWIDTH 6 0
BBX 6 12 0 -2
BITMAP
00
00
70
50
70
70
50
88
88
F8
00
00
ENDCHAR
STARTCHAR uni1F45D
ENCODING 128093
SWIDTH 500 0
DWIDTH 6 0
BBX 6 12 0 -2
BITMAP
00
00
00
00
00
F8
D8
A8
88
F8
00
00
ENDCHAR
STARTCHAR uni1F45E
ENCODING 128094
SWIDTH 500 0
DWIDTH 6 0
BBX 6 12 0 -2
BITMAP
00
00
00
00
00
00
C0
F0
88
F8
F8
00
ENDCHAR
STARTCHAR uni1F45F
ENCODING 128095
SWIDTH 500 0
DWIDTH 6 0
BBX 6 12 0 -2
BITMAP
00
00
00
00
00
00
C0
B0
F8
F8
F8
00
ENDCHAR
STARTCHAR uni1F460
ENCODING 128096
SWIDTH 500 0
DWIDTH 6 0
BBX 6 12 0 -2
BITMAP
00
00
00
00
80
C0
D0
E8
C8
F8
C0
00
ENDCHAR
STARTCHAR uni1F461
ENCODING 128097
SWIDTH 500 0
DWIDTH 6 0
BBX 6 12 0 -2
BITMAP
00
00
00
00
00
80
D0
F0
B8
F8
00
00
ENDCHAR
STARTCHAR uni1F462
ENCODING 128098
SWIDTH 500 0
DWIDTH 6 0
BBX 6 12 0 -2
BITMAP
00
00
E0
E0
A0
A0
A0
90
88
F8
80
00
ENDCHAR
STARTCHAR uni1F463
ENCODING 128099
SWIDTH 500 0
DWIDTH 6 0
BBX 6 12 0 -2
BITMAP
00
18
0C
1C
DC
6C
EC
EC
E0
E0
40
00
ENDCHAR
STARTCHAR uni1F464
ENCODING 128100
SWIDTH 500 0
DWIDTH 6 0
BBX 6 12 0 -2
BITMAP
00
30
30
30
30
30
78
78
FC
FC
FC
00
ENDCHAR
STARTCHAR uni1F465
ENCODING 128101
SWIDTH 500 0
DWIDTH 6 0
BBX 6 12 0 -2
BITMAP
00
18
18
38
78
28
3C
74
FC
FC
F8
00
ENDCHAR
STARTCHAR uni1F466
ENCODING 128102
SWIDTH 500 0
DWIDTH 6 0
BBX 6 12 0 -2
BITMAP
00
20
30
78
FC
68
DC
78
30
38
FC
00
ENDCHAR
STARTCHAR uni1F467
ENCODING 128103
SWIDTH 500 0
DWIDTH 6 0
BBX 6 12 0 -2
BITMAP
00
00
00
78
FC
68
DC
FC
78
78
FC
00
ENDCHAR
STARTCHAR uni1F468
ENCODING 128104
SWIDTH 500 0
DWIDTH 6 0
BBX 6 12 0 -2
BITMAP
00
00
00
78
FC
68
DC
78
30
00
AC
20
ENDCHAR
STARTCHAR uni1F469
ENCODING 128105
SWIDTH 500 0
DWIDTH 6 0
BBX 6 12 0 -2
BITMAP
00
00
00
78
FC
68
DC
FC
FC
FC
FC
00
ENDCHAR
STARTCHAR uni1F46A
ENCODING 128106
SWIDTH 500 0
DWIDTH 6 0
BBX 6 12 0 -2
BITMAP
00
CC
CC
48
48
CC
B4
B4
CC
B4
00
00
ENDCHAR
STARTCHAR uni1F46B
ENCODING 128107
SWIDTH 500 0
DWIDTH 6 0
BBX 6 12 0 -2
BITMAP
00
CC
CC
C8
EC
58
E8
E8
AC
AC
00
00
ENDCHAR
STARTCHAR uni1F46C
ENCODING 128108
SWIDTH 500 0
DWIDTH 6 0
BBX 6 12 0 -2
BITMAP
00
CC
CC
48
EC
58
48
48
AC
AC
00
00
ENDCHAR
STARTCHAR uni1F46D
ENCODING 128109
SWIDTH 500 0
DWIDTH 6 0
BBX 6 12 0 -2
BITMAP
00
CC
CC
CC
EC
58
FC
FC
AC
AC
00
00
ENDCHAR
STARTCHAR uni1F46E
ENCODING 128110
SWIDTH 500 0
DWIDTH 6 0
BBX 6 12 0 -2
BITMAP
78
DC
78
F8
FC
68
DC
78
30
00
AC
20
ENDCHAR
STARTCHAR uni1F46F
ENCODING 128111
SWIDTH 500 0
DWIDTH 6 0
BBX 6 12 0 -2
BITMAP
00
78
D8
D8
48
48
FC
78
48
78
78
00
ENDCHAR
STARTCHAR uni1F470
ENCODING 128112
SWIDTH 500 0
DWIDTH 6 0
BBX 6 12 0 -2
BITMAP
00
78
84
B4
CC
B4
94
B4
84
48
00
00
ENDCHAR
STARTCHAR uni1F471
ENCODING 128113
SWIDTH 500 0
DWIDTH 6 0
BBX 6 12 0 -2
BITMAP
00
00
20
78
CC
48
DC
78
30
38
FC
00
ENDCHAR
STARTCHAR uni1F472
ENCODING 128114
SWIDTH 500 0
DWIDTH 6 0
BBX 6 12 0 -2
BITMAP
30
48
84
FC
FC
68
DC
78
30
38
FC
00
ENDCHAR
STARTCHAR uni1F473
ENCODING 128115
SWIDTH 500 0
DWIDTH 6 0
BBX 6 12 0 -2
BITMAP
78
9C
F4
F4
FC
68
DC
78
30
38
FC
00
ENDCHAR
STARTCHAR uni1F474
ENCODING 128116
SWIDTH 500 0
DWIDTH 6 0
BBX 6 12 0 -2
BITMAP
00
00
00
78
84
48
DC
78
30
00
AC
20
ENDCHAR
STARTCHAR uni1F475
ENCODING 128117
SWIDTH 500 0
DWIDTH 6 0
BBX 6 12 0 -2
BITMAP
00
0C
0C
7C
FC
78
DC
78
30
30
FC
00
ENDCHAR
STARTCHAR uni1F476
ENCODING 128118
SWIDTH 500 0
DWIDTH 6 0
BBX 6 12 0 -2
BITMAP
00
20
38
78
84
48
FC
78
28
38
FC
00
ENDCHAR
STARTCHAR uni1F477
ENCODING 128119
SWIDTH 500 0
DWIDTH 6 0
BBX 6 12 0 -2
BITMAP
30
68
68
FC
FC
68
DC
78
30
30
FC
00
ENDCHAR
STARTCHAR uni1F478
ENCODING 128120
SWIDTH 500 0
DWIDTH 6 0
BBX 6 12 0 -2
BITMAP
20
B4
CC
78
FC
68
DC
FC
FC
FC
FC
00
ENDCHAR
STARTCHAR uni1F479
ENCODING 128121
SWIDTH 500 0
DWIDTH 6 0
BBX 6 12 0 -2
BITMAP
00
00
84
FC
8C
F4
B4
84
CC
78
78
00
ENDCHAR
STARTCHAR uni1F47A
ENCODING 128122
SWIDTH 500 0
DWIDTH 6 0
BBX 6 12 0 -2
BITMAP
00
00
78
48
F8
A8
BC
88
78
70
10
00
ENDCHAR
STARTCHAR uni1F47B
ENCODING 128123
SWIDTH 500 0
DWIDTH 6 0
BBX 6 12 0 -2
BITMAP
00
30
78
78
30
78
CC
48
78
F8
98
00
ENDCHAR
STARTCHAR uni1F47C
ENCODING 128124
SWIDTH 500 0
DWIDTH 6 0
BBX 6 12 0 -2
BITMAP
FC
FC
38
78
84
48
DC
F8
B4
78
FC
00
ENDCHAR
STARTCHAR uni1F47D
ENCODING 128125
SWIDTH 500 0
DWIDTH 6 0
BBX 6 12 0 -2
BITMAP
00
78
78
B4
CC
78
78
08
30
10
00
00
ENDCHAR
STARTCHAR uni1F47E
ENCODING 128126
SWIDTH 500 0
DWIDTH 6 0
BBX 6 12 0 -2
BITMAP
00
00
48
28
78
84
84
FC
FC
48
C8
00
ENDCHAR
STARTCHAR uni1F47F
ENCODING 128127
SWIDTH 500 0
DWIDTH 6 0
BBX 6 12 0 -2
BITMAP
84
FC
CC
FC
48
84
B4
CC
84
48
30
00
ENDCHAR
STARTCHAR uni1F480
ENCODING 128128
SWIDTH 500 0
DWIDTH 6 0
BBX 6 12 0 -2
BITMAP
00
30
78
B4
FC
EC
78
78
78
58
00
00
ENDCHAR
STARTCHAR uni1F481
ENCODING 128129
SWIDTH 500 0
DWIDTH 6 0
BBX 6 12 0 -2
BITMAP
00
00
60
60
0C
38
78
F0
68
48
78
00
ENDCHAR
STARTCHAR uni1F482
ENCODING 128130
SWIDTH 500 0
DWIDTH 6 0
BBX 6 12 0 -2
BITMAP
30
78
FC
FC
FC
FC
68
DC
78
00
AC
20
ENDCHAR
STARTCHAR uni1F483
ENCODING 128131
SWIDTH 500 0
DWIDTH 6 0
BBX 6 12 0 -2
BITMAP
00
60
60
60
34
38
30
70
70
D0
08
00
ENDCHAR
STARTCHAR uni1F484
ENCODING 128132
SWIDTH 500 0
DWIDTH 6 0
BBX 6 12 0 -2
BITMAP
00
30
30
50
50
50
70
50
70
50
70
00
ENDCHAR
STARTCHAR uni1F485
ENCODING 128133
SWIDTH 500 0
DWIDTH 6 0
BBX 6 12 0 -2
BITMAP
0C
0C
0C
08
70
F0
F0
F0
90
90
F0
00
ENDCHAR
STARTCHAR uni1F486
ENCODING 128134
SWIDTH 500 0
DWIDTH 6 0
BBX 6 12 0 -2
BITMAP
84
84
84
84
FC
FC
EC
DC
78
38
FC
00
ENDCHAR
STARTCHAR uni1F487
ENCODING 128135
SWIDTH 500 0
DWIDTH 6 0
BBX 6 12 0 -2
BITMAP
C4
D8
F0
FC
78
FC
68
DC
78
38
FC
00
ENDCHAR
STARTCHAR uni1F488
ENCODING 128136
SWIDTH 500 0
DWIDTH 6 0
BBX 6 12 0 -2
BITMAP
00
30
48
78
68
48
58
68
78
48
30
00
ENDCHAR
STARTCHAR uni1F489
ENCODING 128137
SWIDTH 500 0
DWIDTH 6 0
BBX 6 12 0 -2
BITMAP
00
20
20
F8
70
50
70
70
20
20
20
00
ENDCHAR
STARTCHAR uni1F48A
ENCODING 128138
SWIDTH 500 0
DWIDTH 6 0
BBX 6 12 0 -2
BITMAP
00
00
30
38
78
78
F0
B0
A0
A0
40
00
ENDCHAR
STARTCHAR uni1F48B
ENCODING 128139
SWIDTH 500 0
DWIDTH 6 0
BBX 6 12 0 -2
BITMAP
00
00
00
00
28
78
84
78
20
00
00
00
ENDCHAR
STARTCHAR uni1F48C
ENCODING 128140
SWIDTH 500 0
DWIDTH 6 0
BBX 6 12 0 -2
BITMAP
00
28
38
10
00
FC
EC
94
84
FC
00
00
ENDCHAR
STARTCHAR uni1F48D
ENCODING 128141
SWIDTH 500 0
DWIDTH 6 0
BBX 6 12 0 -2
BITMAP
00
00
70
F8
50
70
88
88
88
88
70
00
ENDCHAR
STARTCHAR uni1F48E
ENCODING 128142
SWIDTH 500 0
DWIDTH 6 0
BBX 6 12 0 -2
BITMAP
00
00
00
70
58
F8
B0
70
60
20
00
00
ENDCHAR
STARTCHAR uni1F48F
ENCODING 128143
SWIDTH 500 0
DWIDTH 6 0
BBX 6 12 0 -2
BITMAP
50
70
20
00
78
FC
94
FC
FC
00
FC
00
ENDCHAR
STARTCHAR uni1F490
ENCODING 128144
SWIDTH 500 0
DWIDTH 6 0
BBX 6 12 0 -2
BITMAP
00
38
38
FC
FC
FC
A8
78
78
78
30
00
ENDCHAR
STARTCHAR uni1F491
ENCODING 128145
SWIDTH 500 0
DWIDTH 6 0
BBX 6 12 0 -2
BITMAP
48
78
30
00
D8
D8
48
6C
B4
B4
FC
00
ENDCHAR
STARTCHAR uni1F492
ENCODING 128146
SWIDTH 500 0
DWIDTH 6 0
BBX 6 12 0 -2
BITMAP
00
48
78
30
20
58
FC
84
B4
B4
FC
00
ENDCHAR
STARTCHAR uni1F493
ENCODING 128147
SWIDTH 500 0
DWIDTH 6 0
BBX 6 12 0 -2
BITMAP
00
FC
84
CC
78
78
30
30
84
00
00
00
ENDCHAR
STARTCHAR uni1F494
ENCODING 128148
SWIDTH 500 0
DWIDTH 6 0
BBX 6 12 0 -2
BITMAP
00
00
68
DC
DC
E4
68
60
00
00
00
00
ENDCHAR
STARTCHAR uni1F495
ENCODING 128149
SWIDTH 500 0
DWIDTH 6 0
BBX 6 12 0 -2
BITMAP
00
00
14
1C
08
A0
E0
40
00
00
00
00
ENDCHAR
STARTCHAR uni1F496
ENCODING 128150
SWIDTH 500 0
DWIDTH 6 0
BBX 6 12 0 -2
BITMAP
00
08
1C
08
50
F8
F8
F0
A0
00
00
00
ENDCHAR
STARTCHAR uni1F497
ENCODING 128151
SWIDTH 500 0
DWIDTH 6 0
BBX 6 12 0 -2
BITMAP
00
00
78
84
B4
B4
78
70
20
00
00
00
ENDCHAR
STARTCHAR uni1F498
ENCODING 128152
SWIDTH 500 0
DWIDTH 6 0
BBX 6 12 0 -2
BITMAP
00
1C
0C
4C
78
58
30
F0
40
E0
00
00
ENDCHAR
STARTCHAR uni1F499
ENCODING 128153
SWIDTH 500 0
DWIDTH 6 0
BBX 6 12 0 -2
BITMAP
00
00
50
A8
F8
A8
F8
70
20
00
00
00
ENDCHAR
STARTCHAR uni1F49A
ENCODING 128154
SWIDTH 500 0
DWIDTH 6 0
BBX 6 12 0 -2
BITMAP
00
00
50
F8
A8
D8
A8
50
20
00
00
00
ENDCHAR
STARTCHAR uni1F49B
ENCODING 128155
SWIDTH 500 0
DWIDTH 6 0
BBX 6 12 0 -2
BITMAP
00
00
50
A8
A8
88
A8
50
20
00
00
00
ENDCHAR
STARTCHAR uni1F49C
ENCODING 128156
SWIDTH 500 0
DWIDTH 6 0
BBX 6 12 0 -2
BITMAP
00
00
50
A8
F8
A8
F8
70
20
00
00
00
ENDCHAR
STARTCHAR uni1F49D
ENCODING 128157
SWIDTH 500 0
DWIDTH 6 0
BBX 6 12 0 -2
BITMAP
00
00
44
6C
7C
EC
00
EC
60
20
00
00
ENDCHAR
STARTCHAR uni1F49E
ENCODING 128158
SWIDTH 500 0
DWIDTH 6 0
BBX 6 12 0 -2
BITMAP
20
F0
94
9C
88
A0
E4
44
1C
08
00
00
ENDCHAR
STARTCHAR uni1F49F
ENCODING 128159
SWIDTH 500 0
DWIDTH 6 0
BBX 6 12 0 -2
BITMAP
00
FC
FC
B4
84
84
CC
CC
FC
FC
00
00
ENDCHAR
STARTCHAR uni1F4A0
ENCODING 128160
SWIDTH 500 0
DWIDTH 6 0
BBX 6 12 0 -2
BITMAP
00
20
50
50
A8
50
50
20
00
00
00
00
ENDCHAR
STARTCHAR uni1F4A1
ENCODING 128161
SWIDTH 500 0
DWIDTH 6 0
BBX 6 12 0 -2
BITMAP
00
00
70
88
D8
B8
B0
50
70
70
20
00
ENDCHAR
STARTCHAR uni1F4A2
ENCODING 128162
SWIDTH 500 0
DWIDTH 6 0
BBX 6 12 0 -2
BITMAP
00
00
30
28
EC
00
00
00
EC
30
30
00
ENDCHAR
STARTCHAR uni1F4A3
ENCODING 128163
SWIDTH 500 0
DWIDTH 6 0
BBX 6 12 0 -2
BITMAP
00
10
28
20
70
A8
F8
F8
70
00
00
00
ENDCHAR
STARTCHAR uni1F4A4
ENCODING 128164
SWIDTH 500 0
DWIDTH 6 0
BBX 6 12 0 -2
BITMAP
00
E0
40
E0
00
38
10
38
00
1C
08
1C
ENDCHAR
STARTCHAR uni1F4A5
ENCODING 128165
SWIDTH 500 0
DWIDTH 6 0
BBX 6 12 0 -2
BITMAP
00
00
20
68
58
DC
48
58
5C
A4
20
00
ENDCHAR
STARTCHAR uni1F4A6
ENCODING 128166
SWIDTH 500 0
DWIDTH 6 0
BBX 6 12 0 -2
BITMAP
00
00
00
80
C0
C8
2C
3C
30
00
00
00
ENDCHAR
STARTCHAR uni1F4A7
ENCODING 128167
SWIDTH 500 0
DWIDTH 6 0
BBX 6 12 0 -2
BITMAP
00
20
20
30
30
48
88
84
84
44
78
00
ENDCHAR
STARTCHAR uni1F4A8
ENCODING 128168
SWIDTH 500 0
DWIDTH 6 0
BBX 6 12 0 -2
BITMAP
00
00
00
08
F4
04
F4
08
78
F0
00
00
ENDCHAR
STARTCHAR uni1F4A9
ENCODING 128169
SWIDTH 500 0
DWIDTH 6 0
BBX 6 12 0 -2
BITMAP
08
18
18
30
78
60
78
FC
B4
CC
78
00
ENDCHAR
STARTCHAR uni1F4AA
ENCODING 128170
SWIDTH 500 0
DWIDTH 6 0
BBX 6 12 0 -2
BITMAP
00
C0
A0
E0
E0
F8
EC
B4
A4
68
18
00
ENDCHAR
STARTCHAR uni1F4AB
ENCODING 128171
SWIDTH 500 0
DWIDTH 6 0
BBX 6 12 0 -2
BITMAP
00
00
08
BC
9C
9C
7C
84
84
78
00
00
ENDCHAR
STARTCHAR uni1F4AC
ENCODING 128172
SWIDTH 500 0
DWIDTH 6 0
BBX 6 12 0 -2
BITMAP
00
00
00
78
84
AC
84
84
78
40
80
00
ENDCHAR
STARTCHAR uni1F4AD
ENCODING 128173
SWIDTH 500 0
DWIDTH 6 0
BBX 6 12 0 -2
BITMAP
00
00
30
48
84
84
84
48
70
60
E0
00
ENDCHAR
STARTCHAR uni1F4AE
ENCODING 128174
SWIDTH 500 0
DWIDTH 6 0
BBX 6 12 0 -2
BITMAP
00
00
00
30
58
AC
58
48
30
00
00
00
ENDCHAR
STARTCHAR uni1F4AF
ENCODING 128175
SWIDTH 500 0
DWIDTH 6 0
BBX 6 12 0 -2
BITMAP
20
60
20
00
FC
B4
FC
00
FC
00
FC
00
ENDCHAR
STARTCHAR uni1F4B0
ENCODING 128176
SWIDTH 500 0
DWIDTH 6 0
BBX 6 12 0 -2
BITMAP
00
00
70
60
70
50
A8
F8
E8
B8
70
00
ENDCHAR
STARTCHAR uni1F4B1
ENCODING 128177
SWIDTH 500 0
DWIDTH 6 0
BBX 6 12 0 -2
BITMAP
40
60
C8
4C
68
C0
40
14
48
DC
48
1C
ENDCHAR
STARTCHAR uni1F4B2
ENCODING 128178
SWIDTH 500 0
DWIDTH 6 0
BBX 6 12 0 -2
BITMAP
00
20
78
A0
70
28
F0
20
00
00
00
00
ENDCHAR
STARTCHAR uni1F4B3
ENCODING 128179
SWIDTH 500 0
DWIDTH 6 0
BBX 6 12 0 -2
BITMAP
00
00
00
F8
88
F8
F8
E8
88
F8
00
00
ENDCHAR
STARTCHAR uni1F4B4
ENCODING 128180
SWIDTH 500 0
DWIDTH 6 0
BBX 6 12 0 -2
BITMAP
00
F8
A8
A8
D8
88
D8
88
D8
F8
F8
00
ENDCHAR
STARTCHAR uni1F4B5
ENCODING 128181
SWIDTH 500 0
DWIDTH 6 0
BBX 6 12 0 -2
BITMAP
00
F8
D8
88
B8
88
E8
88
D8
F8
F8
00
ENDCHAR
STARTCHAR uni1F4B6
ENCODING 128182
SWIDTH 500 0
DWIDTH 6 0
BBX 6 12 0 -2
BITMAP
00
F8
C8
B8
88
B8
88
B8
C8
F8
F8
00
ENDCHAR
STARTCHAR uni1F4B7
ENCODING 128183
SWIDTH 500 0
DWIDTH 6 0
BBX 6 12 0 -2
BITMAP
00
F8
C8
D8
D8
88
D8
D8
88
F8
F8
00
ENDCHAR
STARTCHAR uni1F4B8
ENCODING 128184
SWIDTH 500 0
DWIDTH 6 0
BBX 6 12 0 -2
BITMAP
00
00
88
D8
A8
F8
70
70
70
70
00
00
ENDCHAR
STARTCHAR uni1F4B9
ENCODING 128185
SWIDTH 500 0
DWIDTH 6 0
BBX 6 12 0 -2
BITMAP
00
A0
A0
40
E0
58
98
B8
E0
80
F8
00
ENDCHAR
STARTCHAR uni1F4BA
ENCODING 128186
SWIDTH 500 0
DWIDTH 6 0
BBX 6 12 0 -2
BITMAP
00
C0
C0
C0
C0
F0
78
50
50
00
00
00
ENDCHAR
STARTCHAR uni1F4BB
ENCODING 128187
SWIDTH 500 0
DWIDTH 6 0
BBX 6 12 0 -2
BITMAP
00
78
48
48
78
78
84
FC
00
00
00
00
ENDCHAR
STARTCHAR uni1F4BC
ENCODING 128188
SWIDTH 500 0
DWIDTH 6 0
BBX 6 12 0 -2
BITMAP
00
00
00
70
F8
88
F8
A8
88
F8
00
00
ENDCHAR
STARTCHAR uni1F4BD
ENCODING 128189
SWIDTH 500 0
DWIDTH 6 0
BBX 6 12 0 -2
BITMAP
00
F8
88
A8
D8
A8
88
F8
00
00
00
00
ENDCHAR
STARTCHAR uni1F4BE
ENCODING 128190
SWIDTH 500 0
DWIDTH 6 0
BBX 6 12 0 -2
BITMAP
00
F8
B8
B8
F8
88
A8
88
F8
00
00
00
ENDCHAR
STARTCHAR uni1F4BF
ENCODING 128191
SWIDTH 500 0
DWIDTH 6 0
BBX 6 12 0 -2
BITMAP
00
00
70
F8
D8
F8
70
00
00
00
00
00
ENDCHAR
STARTCHAR uni1F4C0
ENCODING 128192
SWIDTH 500 0
DWIDTH 6 0
BBX 6 12 0 -2
BITMAP
00
00
70
F8
D8
F8
70
00
00
00
00
00
ENDCHAR
STARTCHAR uni1F4C1
ENCODING 128193
SWIDTH 500 0
DWIDTH 6 0
BBX 6 12 0 -2
BITMAP
00
00
00
E0
B8
88
88
88
88
F8
00
00
ENDCHAR
STARTCHAR uni1F4C2
ENCODING 128194
SWIDTH 500 0
DWIDTH 6 0
BBX 6 12 0 -2
BITMAP
00
00
00
E0
B8
F8
C8
D8
98
F8
00
00
ENDCHAR
STARTCHAR uni1F4C3
ENCODING 128195
SWIDTH 500 0
DWIDTH 6 0
BBX 6 12 0 -2
BITMAP
00
00
F0
98
F8
88
F8
F8
B8
E0
00
00
ENDCHAR
STARTCHAR uni1F4C4
ENCODING 128196
SWIDTH 500 0
DWIDTH 6 0
BBX 6 12 0 -2
BITMAP
00
00
F0
98
F8
88
F8
F8
88
F8
00
00
ENDCHAR
STARTCHAR uni1F4C5
ENCODING 128197
SWIDTH 500 0
DWIDTH 6 0
BBX 6 12 0 -2
BITMAP
00
00
50
F8
D8
F8
F8
88
F8
F8
00
00
ENDCHAR
STARTCHAR uni1F4C6
ENCODING 128198
SWIDTH 500 0
DWIDTH 6 0
BBX 6 12 0 -2
BITMAP
00
00
50
F8
D8
F8
B8
88
98
F8
78
00
ENDCHAR
STARTCHAR uni1F4C7
ENCODING 128199
SWIDTH 500 0
DWIDTH 6 0
BBX 6 12 0 -2
BITMAP
00
00
00
F8
F8
A8
F8
88
F8
90
F8
00
ENDCHAR
STARTCHAR uni1F4C8
ENCODING 128200
SWIDTH 500 0
DWIDTH 6 0
BBX 6 12 0 -2
BITMAP
00
00
80
88
88
90
B0
E0
C0
80
F8
00
ENDCHAR
STARTCHAR uni1F4C9
ENCODING 128201
SWIDTH 500 0
DWIDTH 6 0
BBX 6 12 0 -2
BITMAP
00
00
80
80
E0
A0
90
90
88
88
F8
00
ENDCHAR
STARTCHAR uni1F4CA
ENCODING 128202
SWIDTH 500 0
DWIDTH 6 0
BBX 6 12 0 -2
BITMAP
00
00
20
20
20
28
28
A8
A8
A8
F8
00
ENDCHAR
STARTCHAR uni1F4CB
ENCODING 128203
SWIDTH 500 0
DWIDTH 6 0
BBX 6 12 0 -2
BITMAP
00
00
70
F8
F8
F8
88
F8
F8
88
F8
00
ENDCHAR
STARTCHAR uni1F4CC
ENCODING 128204
SWIDTH 500 0
DWIDTH 6 0
BBX 6 12 0 -2
BITMAP
00
00
70
50
50
50
F8
20
20
20
20
00
ENDCHAR
STARTCHAR uni1F4CD
ENCODING 128205
SWIDTH 500 0
DWIDTH 6 0
BBX 6 12 0 -2
BITMAP
00
00
20
70
70
20
20
20
20
20
20
00
ENDCHAR
STARTCHAR uni1F4CE
ENCODING 128206
SWIDTH 500 0
DWIDTH 6 0
BBX 6 12 0 -2
BITMAP
00
00
60
90
B0
B0
B0
B0
B0
50
60
00
ENDCHAR
STARTCHAR uni1F4CF
ENCODING 128207
SWIDTH 500 0
DWIDTH 6 0
BBX 6 12 0 -2
BITMAP
00
70
50
70
70
50
70
70
50
70
70
00
ENDCHAR
STARTCHAR uni1F4D0
ENCODING 128208
SWIDTH 500 0
DWIDTH 6 0
BBX 6 12 0 -2
BITMAP
00
80
80
C0
C0
E0
E0
F0
F0
E8
F8
00
ENDCHAR
STARTCHAR uni1F4D1
ENCODING 128209
SWIDTH 500 0
DWIDTH 6 0
BBX 6 12 0 -2
BITMAP
00
00
F0
98
F8
98
F8
98
98
F8
00
00
ENDCHAR
STARTCHAR uni1F4D2
ENCODING 128210
SWIDTH 500 0
DWIDTH 6 0
BBX 6 12 0 -2
BITMAP
00
00
78
E8
F8
F8
E8
E8
E8
78
78
00
ENDCHAR
STARTCHAR uni1F4D3
ENCODING 128211
SWIDTH 500 0
DWIDTH 6 0
BBX 6 12 0 -2
BITMAP
00
00
78
C8
C8
C8
C8
C8
C8
78
78
00
ENDCHAR
STARTCHAR uni1F4D4
ENCODING 128212
SWIDTH 500 0
DWIDTH 6 0
BBX 6 12 0 -2
BITMAP
00
00
78
E8
F8
F8
E8
E8
C8
78
78
00
ENDCHAR
STARTCHAR uni1F4D5
ENCODING 128213
SWIDTH 500 0
DWIDTH 6 0
BBX 6 12 0 -2
BITMAP
00
00
78
F8
F8
F8
F8
F8
C8
78
78
00
ENDCHAR
STARTCHAR uni1F4D6
ENCODING 128214
SWIDTH 500 0
DWIDTH 6 0
BBX 6 12 0 -2
BITMAP
00
00
00
D8
A8
A8
A8
A8
A8
F8
20
00
ENDCHAR
STARTCHAR uni1F4D7
ENCODING 128215
SWIDTH 500 0
DWIDTH 6 0
BBX 6 12 0 -2
BITMAP
00
00
78
C8
F8
C8
F8
C8
F8
78
78
00
ENDCHAR
STARTCHAR uni1F4D8
ENCODING 128216
SWIDTH 500 0
DWIDTH 6 0
BBX 6 12 0 -2
BITMAP
00
78
A8
A8
A8
A8
A8
A8
78
70
00
00
ENDCHAR
STARTCHAR uni1F4D9
ENCODING 128217
SWIDTH 500 0
DWIDTH 6 0
BBX 6 12 0 -2
BITMAP
00
00
78
E8
D8
F8
D8
F8
D8
78
78
00
ENDCHAR
STARTCHAR uni1F4DA
ENCODING 128218
SWIDTH 500 0
DWIDTH 6 0
BBX 6 12 0 -2
BITMAP
00
00
30
D8
F8
70
D8
F8
F8
E8
78
00
ENDCHAR
STARTCHAR uni1F4DB
ENCODING 128219
SWIDTH 500 0
DWIDTH 6 0
BBX 6 12 0 -2
BITMAP
00
50
F8
F8
88
88
F8
70
00
00
00
00
ENDCHAR
STARTCHAR uni1F4DC
ENCODING 128220
SWIDTH 500 0
DWIDTH 6 0
BBX 6 12 0 -2
BITMAP
00
70
88
D8
70
70
50
70
F0
88
78
00
ENDCHAR
STARTCHAR uni1F4DD
ENCODING 128221
SWIDTH 500 0
DWIDTH 6 0
BBX 6 12 0 -2
BITMAP
00
00
F0
98
F8
88
F8
98
B8
F8
20
00
ENDCHAR
STARTCHAR uni1F4DE
ENCODING 128222
SWIDTH 500 0
DWIDTH 6 0
BBX 6 12 0 -2
BITMAP
00
40
E0
C0
60
30
18
38
10
00
00
00
ENDCHAR
STARTCHAR uni1F4DF
ENCODING 128223
SWIDTH 500 0
DWIDTH 6 0
BBX 6 12 0 -2
BITMAP
00
00
F8
88
A8
F8
A8
F8
00
00
00
00
ENDCHAR
STARTCHAR uni1F4E0
ENCODING 128224
SWIDTH 500 0
DWIDTH 6 0
BBX 6 12 0 -2
BITMAP
00
38
28
38
F8
E8
E8
F8
00
00
00
00
ENDCHAR
STARTCHAR uni1F4E1
ENCODING 128225
SWIDTH 500 0
DWIDTH 6 0
BBX 6 12 0 -2
BITMAP
00
08
90
50
20
70
20
70
00
00
00
00
ENDCHAR
STARTCHAR uni1F4E2
ENCODING 128226
SWIDTH 500 0
DWIDTH 6 0
BBX 6 12 0 -2
BITMAP
00
00
08
38
C8
88
E8
F8
E8
E0
F0
00
ENDCHAR
STARTCHAR uni1F4E3
ENCODING 128227
SWIDTH 500 0
DWIDTH 6 0
BBX 6 12 0 -2
BITMAP
00
00
08
38
C8
88
E8
78
68
60
00
00
ENDCHAR
STARTCHAR uni1F4E4
ENCODING 128228
SWIDTH 500 0
DWIDTH 6 0
BBX 6 12 0 -2
BITMAP
00
20
30
70
20
20
A8
88
D8
F8
00
00
ENDCHAR
STARTCHAR uni1F4E5
ENCODING 128229
SWIDTH 500 0
DWIDTH 6 0
BBX 6 12 0 -2
BITMAP
00
20
20
20
20
70
A8
88
D8
F8
00
00
ENDCHAR
STARTCHAR uni1F4E6
ENCODING 128230
SWIDTH 500 0
DWIDTH 6 0
BBX 6 12 0 -2
BITMAP
00
00
60
B8
D8
B8
B8
A8
A8
70
20
00
ENDCHAR
STARTCHAR uni1F4E7
ENCODING 128231
SWIDTH 500 0
DWIDTH 6 0
BBX 6 12 0 -2
BITMAP
00
70
50
70
40
70
F8
D8
A8
88
F8
00
ENDCHAR
STARTCHAR uni1F4E8
ENCODING 128232
SWIDTH 500 0
DWIDTH 6 0
BBX 6 12 0 -2
BITMAP
00
00
60
00
E0
00
F8
D8
A8
88
F8
00
ENDCHAR
STARTCHAR uni1F4E9
ENCODING 128233
SWIDTH 500 0
DWIDTH 6 0
BBX 6 12 0 -2
BITMAP
00
20
20
70
30
20
F8
D8
A8
88
F8
00
ENDCHAR
STARTCHAR uni1F4EA
ENCODING 128234
SWIDTH 500 0
DWIDTH 6 0
BBX 6 12 0 -2
BITMAP
00
00
00
70
C8
F8
B8
F8
20
20
20
00
ENDCHAR
STARTCHAR uni1F4EB
ENCODING 128235
SWIDTH 500 0
DWIDTH 6 0
BBX 6 12 0 -2
BITMAP
00
00
18
78
D8
F8
A8
F8
20
20
20
00
ENDCHAR
STARTCHAR uni1F4EC
ENCODING 128236
SWIDTH 500 0
DWIDTH 6 0
BBX 6 12 0 -2
BITMAP
00
00
18
78
D8
F8
A8
F8
A0
E0
20
00
ENDCHAR
STARTCHAR uni1F4ED
ENCODING 128237
SWIDTH 500 0
DWIDTH 6 0
BBX 6 12 0 -2
BITMAP
00
00
00
70
C8
F8
B8
F8
A0
E0
20
00
ENDCHAR
STARTCHAR uni1F4EE
ENCODING 128238
SWIDTH 500 0
DWIDTH 6 0
BBX 6 12 0 -2
BITMAP
00
00
70
88
F8
F8
88
F8
D8
F8
F8
00
ENDCHAR
STARTCHAR uni1F4EF
ENCODING 128239
SWIDTH 500 0
DWIDTH 6 0
BBX 6 12 0 -2
BITMAP
00
00
00
08
98
68
F8
F0
F0
90
60
00
ENDCHAR
STARTCHAR uni1F4F0
ENCODING 128240
SWIDTH 500 0
DWIDTH 6 0
BBX 6 12 0 -2
BITMAP
00
F8
A8
E8
88
A8
A8
F8
08
78
00
00
ENDCHAR
STARTCHAR uni1F4F1
ENCODING 128241
SWIDTH 500 0
DWIDTH 6 0
BBX 6 12 0 -2
BITMAP
00
70
50
70
50
50
70
50
70
00
00
00
ENDCHAR
STARTCHAR uni1F4F2
ENCODING 128242
SWIDTH 500 0
DWIDTH 6 0
BBX 6 12 0 -2
BITMAP
80
78
38
58
68
68
78
68
78
00
00
00
ENDCHAR
STARTCHAR uni1F4F3
ENCODING 128243
SWIDTH 500 0
DWIDTH 6 0
BBX 6 12 0 -2
BITMAP
00
78
CC
48
CC
48
CC
78
00
00
00
00
ENDCHAR
STARTCHAR uni1F4F4
ENCODING 128244
SWIDTH 500 0
DWIDTH 6 0
BBX 6 12 0 -2
BITMAP
00
78
4C
58
70
68
C8
78
00
00
00
00
ENDCHAR
STARTCHAR uni1F4F5
ENCODING 128245
SWIDTH 500 0
DWIDTH 6 0
BBX 6 12 0 -2
BITMAP
00
70
D8
98
B8
E8
C8
70
00
00
00
00
ENDCHAR
STARTCHAR uni1F4F6
ENCODING 128246
SWIDTH 500 0
DWIDTH 6 0
BBX 6 12 0 -2
BITMAP
00
00
08
08
28
28
A8
A8
00
00
00
00
ENDCHAR
STARTCHAR uni1F4F7
ENCODING 128247
SWIDTH 500 0
DWIDTH 6 0
BBX 6 12 0 -2
BITMAP
00
00
00
60
F8
A8
D8
D8
A8
F8
00
00
ENDCHAR
STARTCHAR uni1F4F8
ENCODING 128248
SWIDTH 500 0
DWIDTH 6 0
BBX 6 12 0 -2
BITMAP
00
38
38
70
F8
88
A8
D8
A8
F8
00
00
ENDCHAR
STARTCHAR uni1F4F9
ENCODING 128249
SWIDTH 500 0
DWIDTH 6 0
BBX 6 12 0 -2
BITMAP
00
00
00
E0
F8
98
98
98
F8
60
00
00
ENDCHAR
STARTCHAR uni1F4FA
ENCODING 128250
SWIDTH 500 0
DWIDTH 6 0
BBX 6 12 0 -2
BITMAP
00
00
50
30
F8
F8
D8
D8
F8
F8
88
00
ENDCHAR
STARTCHAR uni1F4FB
ENCODING 128251
SWIDTH 500 0
DWIDTH 6 0
BBX 6 12 0 -2
BITMAP
00
10
20
20
F8
88
D8
B8
A8
D8
F8
00
ENDCHAR
STARTCHAR uni1F4FC
ENCODING 128252
SWIDTH 500 0
DWIDTH 6 0
BBX 6 12 0 -2
BITMAP
00
00
F8
88
A8
88
F8
88
F8
00
00
00
ENDCHAR
STARTCHAR uni1F4FD
ENCODING 128253
SWIDTH 500 0
DWIDTH 6 0
BBX 6 12 0 -2
BITMAP
00
00
50
F8
58
F8
98
98
F8
20
F0
00
ENDCHAR
STARTCHAR uni1F4FF
ENCODING 128255
SWIDTH 500 0
DWIDTH 6 0
BBX 6 12 0 -2
BITMAP
00
50
00
88
00
88
00
50
20
70
20
00
ENDCHAR
STARTCHAR uni1F500
ENCODING 128256
SWIDTH 500 0
DWIDTH 6 0
BBX 6 12 0 -2
BITMAP
00
08
C4
28
10
28
C4
08
00
00
00
00
ENDCHAR
STARTCHAR uni1F501
ENCODING 128257
SWIDTH 500 0
DWIDTH 6 0
BBX 6 12 0 -2
BITMAP
08
FC
88
00
00
00
00
00
00
44
FC
40
ENDCHAR
STARTCHAR uni1F502
ENCODING 128258
SWIDTH 500 0
DWIDTH 6 0
BBX 6 12 0 -2
BITMAP
08
FC
88
20
60
20
20
70
00
44
FC
40
ENDCHAR
STARTCHAR uni1F503
ENCODING 128259
SWIDTH 500 0
DWIDTH 6 0
BBX 6 12 0 -2
BITMAP
00
70
88
9C
08
40
E4
44
38
00
00
00
ENDCHAR
STARTCHAR uni1F504
ENCODING 128260
SWIDTH 500 0
DWIDTH 6 0
BBX 6 12 0 -2
BITMAP
00
38
44
E4
40
08
9C
88
70
00
00
00
ENDCHAR
STARTCHAR uni1F505
ENCODING 128261
SWIDTH 500 0
DWIDTH 6 0
BBX 6 12 0 -2
BITMAP
00
00
20
00
A8
00
20
00
00
00
00
00
ENDCHAR
STARTCHAR uni1F506
ENCODING 128262
SWIDTH 500 0
DWIDTH 6 0
BBX 6 12 0 -2
BITMAP
00
20
88
70
A8
70
88
20
00
00
00
00
ENDCHAR
STARTCHAR uni1F507
ENCODING 128263
SWIDTH 500 0
DWIDTH 6 0
BBX 6 12 0 -2
BITMAP
00
00
00
40
40
D4
C8
D4
40
40
00
00
ENDCHAR
STARTCHAR uni1F508
ENCODING 128264
SWIDTH 500 0
DWIDTH 6 0
BBX 6 12 0 -2
BITMAP
00
00
00
40
40
C0
C0
C0
40
40
00
00
ENDCHAR
STARTCHAR uni1F509
ENCODING 128265
SWIDTH 500 0
DWIDTH 6 0
BBX 6 12 0 -2
BITMAP
00
00
00
40
50
D0
D0
D0
50
40
00
00
ENDCHAR
STARTCHAR uni1F50A
ENCODING 128266
SWIDTH 500 0
DWIDTH 6 0
BBX 6 12 0 -2
BITMAP
00
00
08
44
54
D4
D4
D4
54
44
08
00
ENDCHAR
STARTCHAR uni1F50B
ENCODING 128267
SWIDTH 500 0
DWIDTH 6 0
BBX 6 12 0 -2
BITMAP
00
60
F0
90
F0
F0
F0
90
F0
00
00
00
ENDCHAR
STARTCHAR uni1F50C
ENCODING 128268
SWIDTH 500 0
DWIDTH 6 0
BBX 6 12 0 -2
BITMAP
00
48
48
FC
84
FC
20
20
20
3C
00
00
ENDCHAR
STARTCHAR uni1F50D
ENCODING 128269
SWIDTH 500 0
DWIDTH 6 0
BBX 6 12 0 -2
BITMAP
00
00
30
48
48
48
30
40
40
80
80
00
ENDCHAR
STARTCHAR uni1F50E
ENCODING 128270
SWIDTH 500 0
DWIDTH 6 0
BBX 6 12 0 -2
BITMAP
00
00
60
90
90
90
60
10
10
08
08
00
ENDCHAR
STARTCHAR uni1F50F
ENCODING 128271
SWIDTH 500 0
DWIDTH 6 0
BBX 6 12 0 -2
BITMAP
00
00
50
B8
B8
E8
E8
B0
B0
F0
E0
00
ENDCHAR
STARTCHAR uni1F510
ENCODING 128272
SWIDTH 500 0
DWIDTH 6 0
BBX 6 12 0 -2
BITMAP
00
00
50
A8
B0
F0
F0
B8
B0
F8
E0
00
ENDCHAR
STARTCHAR uni1F511
ENCODING 128273
SWIDTH 500 0
DWIDTH 6 0
BBX 6 12 0 -2
BITMAP
00
20
50
50
50
20
20
20
30
20
30
00
ENDCHAR
STARTCHAR uni1F512
ENCODING 128274
SWIDTH 500 0
DWIDTH 6 0
BBX 6 12 0 -2
BITMAP
00
00
30
48
48
FC
CC
CC
FC
FC
00
00
ENDCHAR
STARTCHAR uni1F513
ENCODING 128275
SWIDTH 500 0
DWIDTH 6 0
BBX 6 12 0 -2
BITMAP
00
00
30
48
40
FC
CC
CC
FC
FC
00
00
ENDCHAR
STARTCHAR uni1F514
ENCODING 128276
SWIDTH 500 0
DWIDTH 6 0
BBX 6 12 0 -2
BITMAP
00
20
20
50
50
50
50
90
F8
20
00
00
ENDCHAR
STARTCHAR uni1F515
ENCODING 128277
SWIDTH 500 0
DWIDTH 6 0
BBX 6 12 0 -2
BITMAP
00
20
28
48
50
50
70
B0
F8
60
80
00
ENDCHAR
STARTCHAR uni1F516
ENCODING 128278
SWIDTH 500 0
DWIDTH 6 0
BBX 6 12 0 -2
BITMAP
00
00
70
70
50
50
50
50
70
70
50
00
ENDCHAR
STARTCHAR uni1F517
ENCODING 128279
SWIDTH 500 0
DWIDTH 6 0
BBX 6 12 0 -2
BITMAP
00
60
90
90
60
30
48
48
30
00
00
00
ENDCHAR
STARTCHAR uni1F518
ENCODING 128280
SWIDTH 500 0
DWIDTH 6 0
BBX 6 12 0 -2
BITMAP
00
00
70
88
A8
88
70
00
00
00
00
00
ENDCHAR
STARTCHAR uni1F519
ENCODING 128281
SWIDTH 500 0
DWIDTH 6 0
BBX 6 12 0 -2
BITMAP
40
F8
40
00
C8
FC
D4
00
74
98
74
00
ENDCHAR
STARTCHAR uni1F51A
ENCODING 128282
SWIDTH 500 0
DWIDTH 6 0
BBX 6 12 0 -2
BITMAP
40
F8
40
00
F4
DC
F4
00
60
50
60
00
ENDCHAR
STARTCHAR uni1F51B
ENCODING 128283
SWIDTH 500 0
DWIDTH 6 0
BBX 6 12 0 -2
BITMAP
50
F8
50
00
F4
BC
F4
00
20
00
20
00
ENDCHAR
STARTCHAR uni1F51C
ENCODING 128284
SWIDTH 500 0
DWIDTH 6 0
BBX 6 12 0 -2
BITMAP
10
F8
10
00
7C
54
DC
00
F4
BC
F4
00
ENDCHAR
STARTCHAR uni1F51D
ENCODING 128285
SWIDTH 500 0
DWIDTH 6 0
BBX 6 12 0 -2
BITMAP
20
70
20
00
FC
54
5C
00
60
70
40
00
ENDCHAR
STARTCHAR uni1F51E
ENCODING 128286
SWIDTH 500 0
DWIDTH 6 0
BBX 6 12 0 -2
BITMAP
08
10
00
B8
A8
B8
A8
B8
40
80
00
00
ENDCHAR
STARTCHAR uni1F51F
ENCODING 128287
SWIDTH 500 0
DWIDTH 6 0
BBX 6 12 0 -2
BITMAP
00
00
5C
D4
54
54
FC
00
00
00
00
00
ENDCHAR
STARTCHAR uni1F520
ENCODING 128288
SWIDTH 500 0
DWIDTH 6 0
BBX 6 12 0 -2
BITMAP
58
B4
F8
B4
B8
00
78
94
94
94
78
00
ENDCHAR
STARTCHAR uni1F521
ENCODING 128289
SWIDTH 500 0
DWIDTH 6 0
BBX 6 12 0 -2
BITMAP
10
70
B8
B4
78
00
04
64
8C
94
6C
00
ENDCHAR
STARTCHAR uni1F522
ENCODING 128290
SWIDTH 500 0
DWIDTH 6 0
BBX 6 12 0 -2
BITMAP
58
C4
48
50
FC
00
D4
34
5C
24
C4
00
ENDCHAR
STARTCHAR uni1F523
ENCODING 128291
SWIDTH 500 0
DWIDTH 6 0
BBX 6 12 0 -2
BITMAP
54
A4
48
B0
74
00
50
70
50
70
50
00
ENDCHAR
STARTCHAR uni1F524
ENCODING 128292
SWIDTH 500 0
DWIDTH 6 0
BBX 6 12 0 -2
BITMAP
10
70
B8
B4
78
00
00
30
40
40
30
00
ENDCHAR
STARTCHAR uni1F525
ENCODING 128293
SWIDTH 500 0
DWIDTH 6 0
BBX 6 12 0 -2
BITMAP
00
10
10
30
7C
6C
6C
CC
C0
C8
58
00
ENDCHAR
STARTCHAR uni1F526
ENCODING 128294
SWIDTH 500 0
DWIDTH 6 0
BBX 6 12 0 -2
BITMAP
00
F8
88
F8
88
50
70
70
50
50
70
00
ENDCHAR
STARTCHAR uni1F527
ENCODING 128295
SWIDTH 500 0
DWIDTH 6 0
BBX 6 12 0 -2
BITMAP
00
28
28
38
10
20
20
40
80
00
00
00
ENDCHAR
STARTCHAR uni1F528
ENCODING 128296
SWIDTH 500 0
DWIDTH 6 0
BBX 6 12 0 -2
BITMAP
00
30
78
38
20
20
40
40
80
00
00
00
ENDCHAR
STARTCHAR uni1F529
ENCODING 128297
SWIDTH 500 0
DWIDTH 6 0
BBX 6 12 0 -2
BITMAP
00
70
A8
70
50
70
50
70
50
00
00
00
ENDCHAR
STARTCHAR uni1F52A
ENCODING 128298
SWIDTH 500 0
DWIDTH 6 0
BBX 6 12 0 -2
BITMAP
00
0C
34
24
28
28
30
70
40
C0
40
00
ENDCHAR
STARTCHAR uni1F52B
ENCODING 128299
SWIDTH 500 0
DWIDTH 6 0
BBX 6 12 0 -2
BITMAP
00
30
30
FC
84
F8
68
60
C0
00
00
00
ENDCHAR
STARTCHAR uni1F52C
ENCODING 128300
SWIDTH 500 0
DWIDTH 6 0
BBX 6 12 0 -2
BITMAP
20
70
68
48
88
E8
28
30
F8
00
00
00
ENDCHAR
STARTCHAR uni1F52D
ENCODING 128301
SWIDTH 500 0
DWIDTH 6 0
BBX 6 12 0 -2
BITMAP
00
40
E0
70
38
28
20
50
88
00
00
00
ENDCHAR
STARTCHAR uni1F52E
ENCODING 128302
SWIDTH 500 0
DWIDTH 6 0
BBX 6 12 0 -2
BITMAP
00
70
A8
88
88
70
70
F8
00
00
00
00
ENDCHAR
STARTCHAR uni1F52F
ENCODING 128303
SWIDTH 500 0
DWIDTH 6 0
BBX 6 12 0 -2
BITMAP
00
20
F8
50
A8
50
F8
20
00
00
00
00
ENDCHAR
STARTCHAR uni1F530
ENCODING 128304
SWIDTH 500 0
DWIDTH 6 0
BBX 6 12 0 -2
BITMAP
00
88
D8
B8
B8
B8
70
20
00
00
00
00
ENDCHAR
STARTCHAR uni1F531
ENCODING 128305
SWIDTH 500 0
DWIDTH 6 0
BBX 6 12 0 -2
BITMAP
00
20
70
A8
A8
A8
70
20
20
00
00
00
ENDCHAR
STARTCHAR uni1F532
ENCODING 128306
SWIDTH 500 0
DWIDTH 6 0
BBX 6 12 0 -2
BITMAP
00
00
F8
F8
D8
F8
F8
00
00
00
00
00
ENDCHAR
STARTCHAR uni1F533
ENCODING 128307
SWIDTH 500 0
DWIDTH 6 0
BBX 6 12 0 -2
BITMAP
00
00
F8
88
A8
88
F8
00
00
00
00
00
ENDCHAR
STARTCHAR uni1F534
ENCODING 128308
SWIDTH 500 0
DWIDTH 6 0
BBX 6 12 0 -2
BITMAP
00
00
70
D8
B8
D8
70
00
00
00
00
00
ENDCHAR
STARTCHAR uni1F535
ENCODING 128309
SWIDTH 500 0
DWIDTH 6 0
BBX 6 12 0 -2
BITMAP
00
00
70
D8
F8
F8
70
00
00
00
00
00
ENDCHAR
STARTCHAR uni1F536
ENCODING 128310
SWIDTH 500 0
DWIDTH 6 0
BBX 6 12 0 -2
BITMAP
00
00
20
50
A8
50
20
00
00
00
00
00
ENDCHAR
STARTCHAR uni1F537
ENCODING 128311
SWIDTH 500 0
DWIDTH 6 0
BBX 6 12 0 -2
BITMAP
00
00
20
50
F8
70
20
00
00
00
00
00
ENDCHAR
STARTCHAR uni1F538
ENCODING 128312
SWIDTH 500 0
DWIDTH 6 0
BBX 6 12 0 -2
BITMAP
00
00
00
20
50
20
00
00
00
00
00
00
ENDCHAR
STARTCHAR uni1F539
ENCODING 128313
SWIDTH 500 0
DWIDTH 6 0
BBX 6 12 0 -2
BITMAP
00
00
00
20
70
20
00
00
00
00
00
00
ENDCHAR
STARTCHAR uni1F53A
ENCODING 128314
SWIDTH 500 0
DWIDTH 6 0
BBX 6 12 0 -2
BITMAP
00
00
20
20
70
70
F8
00
00
00
00
00
ENDCHAR
STARTCHAR uni1F53B
ENCODING 128315
SWIDTH 500 0
DWIDTH 6 0
BBX 6 12 0 -2
BITMAP
00
00
F8
70
70
20
20
00
00
00
00
00
ENDCHAR
STARTCHAR uni1F53C
ENCODING 128316
SWIDTH 500 0
DWIDTH 6 0
BBX 6 12 0 -2
BITMAP
00
00
00
20
70
F8
00
00
00
00
00
00
ENDCHAR
STARTCHAR uni1F53D
ENCODING 128317
SWIDTH 500 0
DWIDTH 6 0
BBX 6 12 0 -2
BITMAP
00
00
00
F8
70
20
00
00
00
00
00
00
ENDCHAR
STARTCHAR uni1F549
ENCODING 128329
SWIDTH 500 0
DWIDTH 6 0
BBX 6 12 0 -2
BITMAP
08
14
08
60
94
24
58
90
60
00
00
00
ENDCHAR
STARTCHAR uni1F54A
ENCODING 128330
SWIDTH 500 0
DWIDTH 6 0
BBX 6 12 0 -2
BITMAP
00
00
40
C0
E8
FC
FC
5C
64
C8
40
00
ENDCHAR
STARTCHAR uni1F54B
ENCODING 128331
SWIDTH 500 0
DWIDTH 6 0
BBX 6 12 0 -2
BITMAP
00
20
EC
EC
20
CC
EC
EC
2C
0C
00
00
ENDCHAR
STARTCHAR uni1F54C
ENCODING 128332
SWIDTH 500 0
DWIDTH 6 0
BBX 6 12 0 -2
BITMAP
00
10
90
F8
C4
C4
FC
C4
DC
DC
FC
00
ENDCHAR
STARTCHAR uni1F54D
ENCODING 128333
SWIDTH 500 0
DWIDTH 6 0
BBX 6 12 0 -2
BITMAP
00
00
48
74
FC
F4
FC
84
B4
B4
FC
00
ENDCHAR
STARTCHAR uni1F54E
ENCODING 128334
SWIDTH 500 0
DWIDTH 6 0
BBX 6 12 0 -2
BITMAP
20
A8
70
A8
70
A8
70
A8
70
20
00
00
ENDCHAR
STARTCHAR uni1F550
ENCODING 128336
SWIDTH 500 0
DWIDTH 6 0
BBX 6 12 0 -2
BITMAP
00
30
78
B4
A4
A4
84
84
48
30
00
00
ENDCHAR
STARTCHAR uni1F551
ENCODING 128337
SWIDTH 500 0
DWIDTH 6 0
BBX 6 12 0 -2
BITMAP
00
30
68
AC
B4
A4
84
84
48
30
00
00
ENDCHAR
STARTCHAR uni1F552
ENCODING 128338
SWIDTH 500 0
DWIDTH 6 0
BBX 6 12 0 -2
BITMAP
00
30
68
A4
A4
BC
84
84
48
30
00
00
ENDCHAR
STARTCHAR uni1F553
ENCODING 128339
SWIDTH 500 0
DWIDTH 6 0
BBX 6 12 0 -2
BITMAP
00
30
68
A4
A4
A4
94
8C
48
30
00
00
ENDCHAR
STARTCHAR uni1F554
ENCODING 128340
SWIDTH 500 0
DWIDTH 6 0
BBX 6 12 0 -2
BITMAP
00
30
68
A4
A4
A4
A4
94
58
30
00
00
ENDCHAR
STARTCHAR uni1F555
ENCODING 128341
SWIDTH 500 0
DWIDTH 6 0
BBX 6 12 0 -2
BITMAP
00
30
68
A4
A4
A4
A4
A4
68
30
00
00
ENDCHAR
STARTCHAR uni1F556
ENCODING 128342
SWIDTH 500 0
DWIDTH 6 0
BBX 6 12 0 -2
BITMAP
00
30
68
A4
A4
A4
A4
C4
48
30
00
00
ENDCHAR
STARTCHAR uni1F557
ENCODING 128343
SWIDTH 500 0
DWIDTH 6 0
BBX 6 12 0 -2
BITMAP
00
30
68
A4
A4
A4
C4
C4
48
30
00
00
ENDCHAR
STARTCHAR uni1F558
ENCODING 128344
SWIDTH 500 0
DWIDTH 6 0
BBX 6 12 0 -2
BITMAP
00
30
68
A4
A4
E4
84
84
48
30
00
00
ENDCHAR
STARTCHAR uni1F559
ENCODING 128345
SWIDTH 500 0
DWIDTH 6 0
BBX 6 12 0 -2
BITMAP
00
30
68
E4
E4
A4
84
84
48
30
00
00
ENDCHAR
STARTCHAR uni1F55A
ENCODING 128346
SWIDTH 500 0
DWIDTH 6 0
BBX 6 12 0 -2
BITMAP
00
30
68
E4
A4
A4
84
84
48
30
00
00
ENDCHAR
STARTCHAR uni1F55B
ENCODING 128347
SWIDTH 500 0
DWIDTH 6 0
BBX 6 12 0 -2
BITMAP
00
30
68
A4
A4
A4
84
84
48
30
00
00
ENDCHAR
STARTCHAR uni1F55C
ENCODING 128348
SWIDTH 500 0
DWIDTH 6 0
BBX 6 12 0 -2
BITMAP
00
30
48
94
94
A4
A4
A4
68
30
00
00
ENDCHAR
STARTCHAR uni1F55D
ENCODING 128349
SWIDTH 500 0
DWIDTH 6 0
BBX 6 12 0 -2
BITMAP
00
30
48
84
9C
A4
A4
A4
68
30
00
00
ENDCHAR
STARTCHAR uni1F55E
ENCODING 128350
SWIDTH 500 0
DWIDTH 6 0
BBX 6 12 0 -2
BITMAP
00
30
48
84
84
A4
BC
A4
68
30
00
00
ENDCHAR
STARTCHAR uni1F55F
ENCODING 128351
SWIDTH 500 0
DWIDTH 6 0
BBX 6 12 0 -2
BITMAP
00
30
48
84
84
A4
B4
B4
68
30
00
00
ENDCHAR
STARTCHAR uni1F560
ENCODING 128352
SWIDTH 500 0
DWIDTH 6 0
BBX 6 12 0 -2
BITMAP
00
30
48
84
84
A4
A4
B4
78
30
00
00
ENDCHAR
STARTCHAR uni1F561
ENCODING 128353
SWIDTH 500 0
DWIDTH 6 0
BBX 6 12 0 -2
BITMAP
00
30
48
84
84
A4
A4
E4
68
30
00
00
ENDCHAR
STARTCHAR uni1F562
ENCODING 128354
SWIDTH 500 0
DWIDTH 6 0
BBX 6 12 0 -2
BITMAP
00
30
48
84
84
A4
E4
E4
68
30
00
00
ENDCHAR
STARTCHAR uni1F563
ENCODING 128355
SWIDTH 500 0
DWIDTH 6 0
BBX 6 12 0 -2
BITMAP
00
30
48
84
84
A4
E4
A4
68
30
00
00
ENDCHAR
STARTCHAR uni1F564
ENCODING 128356
SWIDTH 500 0
DWIDTH 6 0
BBX 6 12 0 -2
BITMAP
00
30
48
84
C4
A4
A4
A4
68
30
00
00
ENDCHAR
STARTCHAR uni1F565
ENCODING 128357
SWIDTH 500 0
DWIDTH 6 0
BBX 6 12 0 -2
BITMAP
00
30
48
C4
A4
A4
A4
A4
68
30
00
00
ENDCHAR
STARTCHAR uni1F566
ENCODING 128358
SWIDTH 500 0
DWIDTH 6 0
BBX 6 12 0 -2
BITMAP
00
70
48
C4
A4
A4
A4
A4
68
30
00
00
ENDCHAR
STARTCHAR uni1F567
ENCODING 128359
SWIDTH 500 0
DWIDTH 6 0
BBX 6 12 0 -2
BITMAP
00
30
58
94
A4
A4
A4
A4
68
30
00
00
ENDCHAR
STARTCHAR uni1F56F
ENCODING 128367
SWIDTH 500 0
DWIDTH 6 0
BBX 6 12 0 -2
BITMAP
00
20
60
50
50
20
70
70
50
50
F8
00
ENDCHAR
STARTCHAR uni1F570
ENCODING 128368
SWIDTH 500 0
DWIDTH 6 0
BBX 6 12 0 -2
BITMAP
00
00
20
78
48
58
68
48
48
FC
FC
00
ENDCHAR
STARTCHAR uni1F573
ENCODING 128371
SWIDTH 500 0
DWIDTH 6 0
BBX 6 12 0 -2
BITMAP
00
00
00
00
00
00
FC
FC
78
00
00
00
ENDCHAR
STARTCHAR uni1F574
ENCODING 128372
SWIDTH 500 0
DWIDTH 6 0
BBX 6 12 0 -2
BITMAP
00
70
78
30
68
78
78
30
00
00
78
00
ENDCHAR
STARTCHAR uni1F575
ENCODING 128373
SWIDTH 500 0
DWIDTH 6 0
BBX 6 12 0 -2
BITMAP
70
70
F8
FC
FC
68
D4
78
38
10
BC
20
ENDCHAR
STARTCHAR uni1F576
ENCODING 128374
SWIDTH 500 0
DWIDTH 6 0
BBX 6 12 0 -2
BITMAP
00
00
00
88
88
F8
F8
50
00
00
00
00
ENDCHAR
STARTCHAR uni1F577
ENCODING 128375
SWIDTH 500 0
DWIDTH 6 0
BBX 6 12 0 -2
BITMAP
00
88
88
FC
FC
30
CC
CC
FC
48
48
00
ENDCHAR
STARTCHAR uni1F578
ENCODING 128376
SWIDTH 500 0
DWIDTH 6 0
BBX 6 12 0 -2
BITMAP
00
A4
F8
68
74
BC
FC
F4
68
F8
A4
00
ENDCHAR
STARTCHAR uni1F579
ENCODING 128377
SWIDTH 500 0
DWIDTH 6 0
BBX 6 12 0 -2
BITMAP
00
70
70
20
20
70
98
F8
00
00
00
00
ENDCHAR
STARTCHAR uni1F57A
ENCODING 128378
SWIDTH 500 0
DWIDTH 6 0
BBX 6 12 0 -2
BITMAP
00
80
B0
70
30
18
28
30
3C
40
80
00
ENDCHAR
STARTCHAR uni1F587
ENCODING 128391
SWIDTH 500 0
DWIDTH 6 0
BBX 6 12 0 -2
BITMAP
00
60
90
90
B8
A8
68
28
28
10
00
00
ENDCHAR
STARTCHAR uni1F58A
ENCODING 128394
SWIDTH 500 0
DWIDTH 6 0
BBX 6 12 0 -2
BITMAP
00
30
30
38
38
38
38
30
30
20
20
00
ENDCHAR
STARTCHAR uni1F58B
ENCODING 128395
SWIDTH 500 0
DWIDTH 6 0
BBX 6 12 0 -2
BITMAP
00
38
28
28
30
30
30
30
60
60
40
00
ENDCHAR
STARTCHAR uni1F58C
ENCODING 128396
SWIDTH 500 0
DWIDTH 6 0
BBX 6 12 0 -2
BITMAP
00
10
18
18
30
30
20
60
60
60
C0
00
ENDCHAR
STARTCHAR uni1F58D
ENCODING 128397
SWIDTH 500 0
DWIDTH 6 0
BBX 6 12 0 -2
BITMAP
00
20
30
50
70
50
50
50
70
50
70
00
ENDCHAR
STARTCHAR uni1F590
ENCODING 128400
SWIDTH 500 0
DWIDTH 6 0
BBX 6 12 0 -2
BITMAP
00
20
A8
A8
58
4C
84
48
48
78
00
00
ENDCHAR
STARTCHAR uni1F595
ENCODING 128405
SWIDTH 500 0
DWIDTH 6 0
BBX 6 12 0 -2
BITMAP
00
30
30
30
30
70
FC
B8
68
48
78
00
ENDCHAR
STARTCHAR uni1F596
ENCODING 128406
SWIDTH 500 0
DWIDTH 6 0
BBX 6 12 0 -2
BITMAP
00
38
78
7C
64
E8
D8
A8
48
48
78
00
ENDCHAR
STARTCHAR uni1F5A4
ENCODING 128420
SWIDTH 500 0
DWIDTH 6 0
BBX 6 12 0 -2
BITMAP
00
00
50
F8
F8
F8
F8
70
20
00
00
00
ENDCHAR
STARTCHAR uni1F5A5
ENCODING 128421
SWIDTH 500 0
DWIDTH 6 0
BBX 6 12 0 -2
BITMAP
00
F8
88
88
F8
20
20
70
00
00
00
00
ENDCHAR
STARTCHAR uni1F5A8
ENCODING 128424
SWIDTH 500 0
DWIDTH 6 0
BBX 6 12 0 -2
BITMAP
00
70
50
70
F8
88
F8
50
70
00
00
00
ENDCHAR
STARTCHAR uni1F5B1
ENCODING 128433
SWIDTH 500 0
DWIDTH 6 0
BBX 6 12 0 -2
BITMAP
18
20
70
88
A8
F8
88
88
70
00
00
00
ENDCHAR
STARTCHAR uni1F5B2
ENCODING 128434
SWIDTH 500 0
DWIDTH 6 0
BBX 6 12 0 -2
BITMAP
00
00
70
50
70
88
A8
F8
00
00
00
00
ENDCHAR
STARTCHAR uni1F5BC
ENCODING 128444
SWIDTH 500 0
DWIDTH 6 0
BBX 6 12 0 -2
BITMAP
00
F8
88
98
A8
D8
88
F8
00
00
00
00
ENDCHAR
STARTCHAR uni1F5C2
ENCODING 128450
SWIDTH 500 0
DWIDTH 6 0
BBX 6 12 0 -2
BITMAP
00
00
60
D8
B8
98
98
98
98
F0
00
00
ENDCHAR
STARTCHAR uni1F5C3
ENCODING 128451
SWIDTH 500 0
DWIDTH 6 0
BBX 6 12 0 -2
BITMAP
00
00
00
78
F8
88
F8
D8
F8
88
F8
00
ENDCHAR
STARTCHAR uni1F5C4
ENCODING 128452
SWIDTH 500 0
DWIDTH 6 0
BBX 6 12 0 -2
BITMAP
00
F8
88
A8
F8
88
A8
F8
88
A8
F8
00
ENDCHAR
STARTCHAR uni1F5D1
ENCODING 128465
SWIDTH 500 0
DWIDTH 6 0
BBX 6 12 0 -2
BITMAP
00
00
70
F8
A8
A8
A8
A8
50
70
00
00
ENDCHAR
STARTCHAR uni1F5D2
ENCODING 128466
SWIDTH 500 0
DWIDTH 6 0
BBX 6 12 0 -2
BITMAP
00
70
F8
F8
88
F8
F8
88
F8
F8
F8
00
ENDCHAR
STARTCHAR uni1F5D3
ENCODING 128467
SWIDTH 500 0
DWIDTH 6 0
BBX 6 12 0 -2
BITMAP
00
A8
F8
88
F8
A8
88
A8
88
F8
00
00
ENDCHAR
STARTCHAR uni1F5DC
ENCODING 128476
SWIDTH 500 0
DWIDTH 6 0
BBX 6 12 0 -2
BITMAP
00
F8
90
B8
90
B8
90
F0
38
00
00
00
ENDCHAR
STARTCHAR uni1F5DD
ENCODING 128477
SWIDTH 500 0
DWIDTH 6 0
BBX 6 12 0 -2
BITMAP
00
20
50
F8
50
20
20
20
38
28
38
00
ENDCHAR
STARTCHAR uni1F5DE
ENCODING 128478
SWIDTH 500 0
DWIDTH 6 0
BBX 6 12 0 -2
BITMAP
00
00
70
78
70
70
F0
E0
E0
E0
60
00
ENDCHAR
STARTCHAR uni1F5E1
ENCODING 128481
SWIDTH 500 0
DWIDTH 6 0
BBX 6 12 0 -2
BITMAP
20
70
50
50
50
F8
20
20
70
00
00
00
ENDCHAR
STARTCHAR uni1F5E3
ENCODING 128483
SWIDTH 500 0
DWIDTH 6 0
BBX 6 12 0 -2
BITMAP
00
00
60
74
F8
FC
F0
78
64
60
70
00
ENDCHAR
STARTCHAR uni1F5E8
ENCODING 128488
SWIDTH 500 0
DWIDTH 6 0
BBX 6 12 0 -2
BITMAP
00
00
00
78
84
84
84
C4
78
C0
80
00
ENDCHAR
STARTCHAR uni1F5EF
ENCODING 128495
SWIDTH 500 0
DWIDTH 6 0
BBX 6 12 0 -2
BITMAP
00
00
20
78
AC
48
88
4C
78
E8
28
00
ENDCHAR
STARTCHAR uni1F5F3
ENCODING 128499
SWIDTH 500 0
DWIDTH 6 0
BBX 6 12 0 -2
BITMAP
00
30
50
70
70
60
F8
88
88
88
F8
00
ENDCHAR
STARTCHAR uni1F5FA
ENCODING 128506
SWIDTH 500 0
DWIDTH 6 0
BBX 6 12 0 -2
BITMAP
00
F0
98
9C
E4
DC
AC
B4
AC
84
FC
00
ENDCHAR
STARTCHAR uni1F5FB
ENCODING 128507
SWIDTH 500 0
DWIDTH 6 0
BBX 6 12 0 -2
BITMAP
00
00
00
00
30
30
78
48
44
FC
FC
00
ENDCHAR
STARTCHAR uni1F5FC
ENCODING 128508
SWIDTH 500 0
DWIDTH 6 0
BBX 6 12 0 -2
BITMAP
00
20
30
30
30
30
58
78
78
B4
FC
00
ENDCHAR
STARTCHAR uni1F5FD
ENCODING 128509
SWIDTH 500 0
DWIDTH 6 0
BBX 6 12 0 -2
BITMAP
00
80
F0
F8
70
70
38
38
28
7C
7C
00
ENDCHAR
STARTCHAR uni1F5FE
ENCODING 128510
SWIDTH 500 0
DWIDTH 6 0
BBX 6 12 0 -2
BITMAP
00
08
1C
0C
08
18
10
30
60
E0
C0
00
ENDCHAR
STARTCHAR uni1F5FF
ENCODING 128511
SWIDTH 500 0
DWIDTH 6 0
BBX 6 12 0 -2
BITMAP
00
78
48
48
78
68
F8
48
F8
88
F0
00
ENDCHAR
STARTCHAR uni1F600
ENCODING 128512
SWIDTH 500 0
DWIDTH 6 0
BBX 6 12 0 -2
BITMAP
00
30
48
84
48
84
FC
CC
B4
48
30
00
ENDCHAR
STARTCHAR uni1F601
ENCODING 128513
SWIDTH 500 0
DWIDTH 6 0
BBX 6 12 0 -2
BITMAP
00
30
48
84
28
D4
FC
CC
FC
48
30
00
ENDCHAR
STARTCHAR uni1F602
ENCODING 128514
SWIDTH 500 0
DWIDTH 6 0
BBX 6 12 0 -2
BITMAP
00
30
48
D4
28
84
CC
FC
FC
48
30
00
ENDCHAR
STARTCHAR uni1F603
ENCODING 128515
SWIDTH 500 0
DWIDTH 6 0
BBX 6 12 0 -2
BITMAP
00
30
48
CC
48
CC
FC
CC
B4
48
30
00
ENDCHAR
STARTCHAR uni1F604
ENCODING 128516
SWIDTH 500 0
DWIDTH 6 0
BBX 6 12 0 -2
BITMAP
00
30
48
84
28
D4
CC
FC
B4
48
30
00
ENDCHAR
STARTCHAR uni1F605
ENCODING 128517
SWIDTH 500 0
DWIDTH 6 0
BBX 6 12 0 -2
BITMAP
08
3C
4C
84
48
84
CC
FC
B4
48
30
00
ENDCHAR
STARTCHAR uni1F606
ENCODING 128518
SWIDTH 500 0
DWIDTH 6 0
BBX 6 12 0 -2
BITMAP
00
30
48
CC
30
CC
CC
FC
B4
48
30
00
ENDCHAR
STARTCHAR uni1F607
ENCODING 128519
SWIDTH 500 0
DWIDTH 6 0
BBX 6 12 0 -2
BITMAP
78
78
48
84
48
84
CC
B4
84
48
30
00
ENDCHAR
STARTCHAR uni1F608
ENCODING 128520
SWIDTH 500 0
DWIDTH 6 0
BBX 6 12 0 -2
BITMAP
84
FC
CC
FC
48
84
FC
CC
B4
48
30
00
ENDCHAR
STARTCHAR uni1F609
ENCODING 128521
SWIDTH 500 0
DWIDTH 6 0
BBX 6 12 0 -2
BITMAP
00
30
48
84
28
C4
CC
B4
84
48
30
00
ENDCHAR
STARTCHAR uni1F60A
ENCODING 128522
SWIDTH 500 0
DWIDTH 6 0
BBX 6 12 0 -2
BITMAP
00
30
48
84
28
D4
CC
FC
84
48
30
00
ENDCHAR
STARTCHAR uni1F60B
ENCODING 128523
SWIDTH 500 0
DWIDTH 6 0
BBX 6 12 0 -2
BITMAP
00
30
48
84
28
D4
CC
BC
BC
48
30
00
ENDCHAR
STARTCHAR uni1F60C
ENCODING 128524
SWIDTH 500 0
DWIDTH 6 0
BBX 6 12 0 -2
BITMAP
00
30
48
84
50
AC
CC
B4
84
48
30
00
ENDCHAR
STARTCHAR uni1F60D
ENCODING 128525
SWIDTH 500 0
DWIDTH 6 0
BBX 6 12 0 -2
BITMAP
00
30
48
B4
FC
CC
FC
CC
B4
48
30
00
ENDCHAR
STARTCHAR uni1F60E
ENCODING 128526
SWIDTH 500 0
DWIDTH 6 0
BBX 6 12 0 -2
BITMAP
00
30
48
FC
FC
FC
CC
B4
84
48
30
00
ENDCHAR
STARTCHAR uni1F60F
ENCODING 128527
SWIDTH 500 0
DWIDTH 6 0
BBX 6 12 0 -2
BITMAP
00
30
48
84
FC
AC
8C
F4
84
48
30
00
ENDCHAR
STARTCHAR uni1F610
ENCODING 128528
SWIDTH 500 0
DWIDTH 6 0
BBX 6 12 0 -2
BITMAP
00
30
48
84
48
84
84
FC
84
48
30
00
ENDCHAR
STARTCHAR uni1F611
ENCODING 128529
SWIDTH 500 0
DWIDTH 6 0
BBX 6 12 0 -2
BITMAP
00
30
48
84
6C
84
84
FC
84
48
30
00
ENDCHAR
STARTCHAR uni1F612
ENCODING 128530
SWIDTH 500 0
DWIDTH 6 0
BBX 6 12 0 -2
BITMAP
00
30
48
84
FC
A4
F4
8C
84
48
30
00
ENDCHAR
STARTCHAR uni1F613
ENCODING 128531
SWIDTH 500 0
DWIDTH 6 0
BBX 6 12 0 -2
BITMAP
08
3C
4C
84
50
AC
B4
CC
84
48
30
00
ENDCHAR
STARTCHAR uni1F614
ENCODING 128532
SWIDTH 500 0
DWIDTH 6 0
BBX 6 12 0 -2
BITMAP
00
74
C8
84
50
AC
B4
CC
84
48
30
00
ENDCHAR
STARTCHAR uni1F615
ENCODING 128533
SWIDTH 500 0
DWIDTH 6 0
BBX 6 12 0 -2
BITMAP
00
30
C8
E4
48
84
A4
94
8C
48
30
00
ENDCHAR
STARTCHAR uni1F616
ENCODING 128534
SWIDTH 500 0
DWIDTH 6 0
BBX 6 12 0 -2
BITMAP
00
30
48
CC
30
CC
D4
AC
84
48
30
00
ENDCHAR
STARTCHAR uni1F617
ENCODING 128535
SWIDTH 500 0
DWIDTH 6 0
BBX 6 12 0 -2
BITMAP
00
30
48
84
48
84
C4
B4
E4
78
30
00
ENDCHAR
STARTCHAR uni1F618
ENCODING 128536
SWIDTH 500 0
DWIDTH 6 0
BBX 6 12 0 -2
BITMAP
00
30
48
84
28
C4
C4
B4
F4
7C
38
00
ENDCHAR
STARTCHAR uni1F619
ENCODING 128537
SWIDTH 500 0
DWIDTH 6 0
BBX 6 12 0 -2
BITMAP
00
30
48
84
28
D4
C4
B4
E4
78
30
00
ENDCHAR
STARTCHAR uni1F61A
ENCODING 128538
SWIDTH 500 0
DWIDTH 6 0
BBX 6 12 0 -2
BITMAP
00
30
48
84
50
AC
C4
B4
E4
78
30
00
ENDCHAR
STARTCHAR uni1F61B
ENCODING 128539
SWIDTH 500 0
DWIDTH 6 0
BBX 6 12 0 -2
BITMAP
00
30
48
84
48
84
CC
F4
F4
48
30
00
ENDCHAR
STARTCHAR uni1F61C
ENCODING 128540
SWIDTH 500 0
DWIDTH 6 0
BBX 6 12 0 -2
BITMAP
00
30
48
84
28
C4
CC
F4
F4
48
30
00
ENDCHAR
STARTCHAR uni1F61D
ENCODING 128541
SWIDTH 500 0
DWIDTH 6 0
BBX 6 12 0 -2
BITMAP
00
30
48
CC
30
CC
CC
F4
F4
48
30
00
ENDCHAR
STARTCHAR uni1F61E
ENCODING 128542
SWIDTH 500 0
DWIDTH 6 0
BBX 6 12 0 -2
BITMAP
00
30
48
84
FC
CC
B4
CC
84
48
30
00
ENDCHAR
STARTCHAR uni1F61F
ENCODING 128543
SWIDTH 500 0
DWIDTH 6 0
BBX 6 12 0 -2
BITMAP
00
30
78
84
48
84
B4
CC
84
48
30
00
ENDCHAR
STARTCHAR uni1F620
ENCODING 128544
SWIDTH 500 0
DWIDTH 6 0
BBX 6 12 0 -2
BITMAP
00
30
CC
FC
48
84
B4
CC
84
48
30
00
ENDCHAR
STARTCHAR uni1F621
ENCODING 128545
SWIDTH 500 0
DWIDTH 6 0
BBX 6 12 0 -2
BITMAP
00
30
DC
FC
48
84
B4
AC
CC
48
30
00
ENDCHAR
STARTCHAR uni1F622
ENCODING 128546
SWIDTH 500 0
DWIDTH 6 0
BBX 6 12 0 -2
BITMAP
00
30
78
84
48
84
B4
CC
C4
48
30
00
ENDCHAR
STARTCHAR uni1F623
ENCODING 128547
SWIDTH 500 0
DWIDTH 6 0
BBX 6 12 0 -2
BITMAP
00
30
48
CC
30
CC
B4
CC
84
48
30
00
ENDCHAR
STARTCHAR uni1F624
ENCODING 128548
SWIDTH 500 0
DWIDTH 6 0
BBX 6 12 0 -2
BITMAP
00
30
48
D4
28
84
B4
DC
CC
FC
78
00
ENDCHAR
STARTCHAR uni1F625
ENCODING 128549
SWIDTH 500 0
DWIDTH 6 0
BBX 6 12 0 -2
BITMAP
80
F0
F8
84
48
84
B4
B4
84
48
30
00
ENDCHAR
STARTCHAR uni1F626
ENCODING 128550
SWIDTH 500 0
DWIDTH 6 0
BBX 6 12 0 -2
BITMAP
00
30
48
84
48
84
B4
FC
FC
48
30
00
ENDCHAR
STARTCHAR uni1F627
ENCODING 128551
SWIDTH 500 0
DWIDTH 6 0
BBX 6 12 0 -2
BITMAP
00
30
78
84
48
84
B4
FC
FC
48
30
00
ENDCHAR
STARTCHAR uni1F628
ENCODING 128552
SWIDTH 500 0
DWIDTH 6 0
BBX 6 12 0 -2
BITMAP
00
FC
48
CC
48
CC
B4
B4
84
48
30
00
ENDCHAR
STARTCHAR uni1F629
ENCODING 128553
SWIDTH 500 0
DWIDTH 6 0
BBX 6 12 0 -2
BITMAP
00
30
48
D4
28
84
B4
FC
B4
48
30
00
ENDCHAR
STARTCHAR uni1F62A
ENCODING 128554
SWIDTH 500 0
DWIDTH 6 0
BBX 6 12 0 -2
BITMAP
00
30
48
84
50
AC
B4
B4
94
48
30
00
ENDCHAR
STARTCHAR uni1F62B
ENCODING 128555
SWIDTH 500 0
DWIDTH 6 0
BBX 6 12 0 -2
BITMAP
00
FC
48
CC
30
CC
B4
FC
B4
48
30
00
ENDCHAR
STARTCHAR uni1F62C
ENCODING 128556
SWIDTH 500 0
DWIDTH 6 0
BBX 6 12 0 -2
BITMAP
00
30
48
84
48
84
FC
CC
FC
48
30
00
ENDCHAR
STARTCHAR uni1F62D
ENCODING 128557
SWIDTH 500 0
DWIDTH 6 0
BBX 6 12 0 -2
BITMAP
00
30
48
D4
28
84
EC
FC
EC
48
78
78
ENDCHAR
STARTCHAR uni1F62E
ENCODING 128558
SWIDTH 500 0
DWIDTH 6 0
BBX 6 12 0 -2
BITMAP
00
30
48
84
48
84
A4
F4
A4
48
30
00
ENDCHAR
STARTCHAR uni1F62F
ENCODING 128559
SWIDTH 500 0
DWIDTH 6 0
BBX 6 12 0 -2
BITMAP
00
FC
48
84
48
84
B4
B4
84
48
30
00
ENDCHAR
STARTCHAR uni1F630
ENCODING 128560
SWIDTH 500 0
DWIDTH 6 0
BBX 6 12 0 -2
BITMAP
08
3C
7C
84
48
84
A4
F4
A4
48
30
00
ENDCHAR
STARTCHAR uni1F631
ENCODING 128561
SWIDTH 500 0
DWIDTH 6 0
BBX 6 12 0 -2
BITMAP
00
30
48
CC
48
CC
EC
FC
FC
EC
FC
00
ENDCHAR
STARTCHAR uni1F632
ENCODING 128562
SWIDTH 500 0
DWIDTH 6 0
BBX 6 12 0 -2
BITMAP
00
FC
48
CC
48
CC
B4
FC
B4
48
30
00
ENDCHAR
STARTCHAR uni1F633
ENCODING 128563
SWIDTH 500 0
DWIDTH 6 0
BBX 6 12 0 -2
BITMAP
00
30
48
CC
48
CC
84
FC
84
48
30
00
ENDCHAR
STARTCHAR uni1F634
ENCODING 128564
SWIDTH 500 0
DWIDTH 6 0
BBX 6 12 0 -2
BITMAP
1C
38
5C
84
50
AC
84
FC
84
48
30
00
ENDCHAR
STARTCHAR uni1F635
ENCODING 128565
SWIDTH 500 0
DWIDTH 6 0
BBX 6 12 0 -2
BITMAP
00
30
48
B4
48
B4
A4
F4
A4
48
30
00
ENDCHAR
STARTCHAR uni1F636
ENCODING 128566
SWIDTH 500 0
DWIDTH 6 0
BBX 6 12 0 -2
BITMAP
00
30
48
84
48
84
84
84
84
48
30
00
ENDCHAR
STARTCHAR uni1F637
ENCODING 128567
SWIDTH 500 0
DWIDTH 6 0
BBX 6 12 0 -2
BITMAP
00
30
48
84
FC
FC
CC
CC
FC
48
30
00
ENDCHAR
STARTCHAR uni1F638
ENCODING 128568
SWIDTH 500 0
DWIDTH 6 0
BBX 6 12 0 -2
BITMAP
84
CC
FC
CC
AC
D4
A4
FC
CC
78
30
00
ENDCHAR
STARTCHAR uni1F639
ENCODING 128569
SWIDTH 500 0
DWIDTH 6 0
BBX 6 12 0 -2
BITMAP
84
CC
FC
CC
AC
D4
AC
CC
FC
78
30
84
ENDCHAR
STARTCHAR uni1F63A
ENCODING 128570
SWIDTH 500 0
DWIDTH 6 0
BBX 6 12 0 -2
BITMAP
84
CC
FC
CC
CC
84
A4
FC
CC
78
30
00
ENDCHAR
STARTCHAR uni1F63B
ENCODING 128571
SWIDTH 500 0
DWIDTH 6 0
BBX 6 12 0 -2
BITMAP
84
CC
FC
FC
FC
CC
A4
FC
CC
78
30
00
ENDCHAR
STARTCHAR uni1F63C
ENCODING 128572
SWIDTH 500 0
DWIDTH 6 0
BBX 6 12 0 -2
BITMAP
84
CC
FC
CC
FC
A4
AC
8C
F4
48
30
00
ENDCHAR
STARTCHAR uni1F63D
ENCODING 128573
SWIDTH 500 0
DWIDTH 6 0
BBX 6 12 0 -2
BITMAP
84
CC
FC
CC
D4
AC
A4
C4
B4
68
30
00
ENDCHAR
STARTCHAR uni1F63E
ENCODING 128574
SWIDTH 500 0
DWIDTH 6 0
BBX 6 12 0 -2
BITMAP
84
CC
FC
FC
CC
84
A4
B4
CC
48
30
00
ENDCHAR
STARTCHAR uni1F63F
ENCODING 128575
SWIDTH 500 0
DWIDTH 6 0
BBX 6 12 0 -2
BITMAP
84
CC
FC
CC
CC
84
A4
F4
CC
48
30
00
ENDCHAR
STARTCHAR uni1F640
ENCODING 128576
SWIDTH 500 0
DWIDTH 6 0
BBX 6 12 0 -2
BITMAP
84
CC
FC
CC
CC
CC
A4
B4
FC
78
30
00
ENDCHAR
STARTCHAR uni1F641
ENCODING 128577
SWIDTH 500 0
DWIDTH 6 0
BBX 6 12 0 -2
BITMAP
00
30
48
84
48
84
B4
CC
84
48
30
00
ENDCHAR
STARTCHAR uni1F642
ENCODING 128578
SWIDTH 500 0
DWIDTH 6 0
BBX 6 12 0 -2
BITMAP
00
30
48
84
48
84
CC
B4
84
48
30
00
ENDCHAR
STARTCHAR uni1F643
ENCODING 128579
SWIDTH 500 0
DWIDTH 6 0
BBX 6 12 0 -2
BITMAP
00
30
48
84
B4
CC
84
48
84
48
30
00
ENDCHAR
STARTCHAR uni1F644
ENCODING 128580
SWIDTH 500 0
DWIDTH 6 0
BBX 6 12 0 -2
BITMAP
00
30
48
CC
48
84
84
FC
84
48
30
00
ENDCHAR
STARTCHAR uni1F645
ENCODING 128581
SWIDTH 500 0
DWIDTH 6 0
BBX 6 12 0 -2
BITMAP
00
00
60
60
00
78
78
78
68
48
78
00
ENDCHAR
STARTCHAR uni1F646
ENCODING 128582
SWIDTH 500 0
DWIDTH 6 0
BBX 6 12 0 -2
BITMAP
00
30
48
68
68
30
30
30
68
48
78
00
ENDCHAR
STARTCHAR uni1F647
ENCODING 128583
SWIDTH 500 0
DWIDTH 6 0
BBX 6 12 0 -2
BITMAP
00
00
00
00
00
38
38
30
38
60
60
00
ENDCHAR
STARTCHAR uni1F648
ENCODING 128584
SWIDTH 500 0
DWIDTH 6 0
BBX 6 12 0 -2
BITMAP
00
30
30
78
CC
FC
FC
78
48
30
30
00
ENDCHAR
STARTCHAR uni1F649
ENCODING 128585
SWIDTH 500 0
DWIDTH 6 0
BBX 6 12 0 -2
BITMAP
00
30
30
CC
FC
CC
FC
FC
48
30
30
00
ENDCHAR
STARTCHAR uni1F64A
ENCODING 128586
SWIDTH 500 0
DWIDTH 6 0
BBX 6 12 0 -2
BITMAP
00
30
30
48
FC
FC
DC
D8
D8
70
30
00
ENDCHAR
STARTCHAR uni1F64B
ENCODING 128587
SWIDTH 500 0
DWIDTH 6 0
BBX 6 12 0 -2
BITMAP
00
08
68
68
08
30
70
70
E8
C8
78
00
ENDCHAR
STARTCHAR uni1F64C
ENCODING 128588
SWIDTH 500 0
DWIDTH 6 0
BBX 6 12 0 -2
BITMAP
00
A8
68
48
FC
B4
FC
B4
A8
A8
68
00
ENDCHAR
STARTCHAR uni1F64D
ENCODING 128589
SWIDTH 500 0
DWIDTH 6 0
BBX 6 12 0 -2
BITMAP
00
78
FC
68
A4
78
30
38
EC
C8
FC
00
ENDCHAR
STARTCHAR uni1F64E
ENCODING 128590
SWIDTH 500 0
DWIDTH 6 0
BBX 6 12 0 -2
BITMAP
00
78
FC
68
BC
78
30
78
78
C8
FC
00
ENDCHAR
STARTCHAR uni1F64F
ENCODING 128591
SWIDTH 500 0
DWIDTH 6 0
BBX 6 12 0 -2
BITMAP
00
30
30
28
28
28
28
68
78
FC
48
00
ENDCHAR
STARTCHAR uni1F680
ENCODING 128640
SWIDTH 500 0
DWIDTH 6 0
BBX 6 12 0 -2
BITMAP
20
70
50
70
70
F8
A8
70
20
00
00
00
ENDCHAR
STARTCHAR uni1F681
ENCODING 128641
SWIDTH 500 0
DWIDTH 6 0
BBX 6 12 0 -2
BITMAP
00
F8
20
18
B8
F8
30
78
00
00
00
00
ENDCHAR
STARTCHAR uni1F682
ENCODING 128642
SWIDTH 500 0
DWIDTH 6 0
BBX 6 12 0 -2
BITMAP
00
40
98
38
68
F0
F8
50
00
00
00
00
ENDCHAR
STARTCHAR uni1F683
ENCODING 128643
SWIDTH 500 0
DWIDTH 6 0
BBX 6 12 0 -2
BITMAP
00
F8
A8
F8
F8
50
00
F8
00
00
00
00
ENDCHAR
STARTCHAR uni1F684
ENCODING 128644
SWIDTH 500 0
DWIDTH 6 0
BBX 6 12 0 -2
BITMAP
00
70
A8
F8
08
F8
00
F8
00
00
00
00
ENDCHAR
STARTCHAR uni1F685
ENCODING 128645
SWIDTH 500 0
DWIDTH 6 0
BBX 6 12 0 -2
BITMAP
00
70
88
F8
A8
D8
70
50
88
00
00
00
ENDCHAR
STARTCHAR uni1F686
ENCODING 128646
SWIDTH 500 0
DWIDTH 6 0
BBX 6 12 0 -2
BITMAP
00
70
A8
A8
F8
A8
70
50
F8
00
00
00
ENDCHAR
STARTCHAR uni1F687
ENCODING 128647
SWIDTH 500 0
DWIDTH 6 0
BBX 6 12 0 -2
BITMAP
00
70
88
88
F8
A8
70
88
F8
00
00
00
ENDCHAR
STARTCHAR uni1F688
ENCODING 128648
SWIDTH 500 0
DWIDTH 6 0
BBX 6 12 0 -2
BITMAP
20
50
70
A8
A8
F8
A8
70
88
00
00
00
ENDCHAR
STARTCHAR uni1F689
ENCODING 128649
SWIDTH 500 0
DWIDTH 6 0
BBX 6 12 0 -2
BITMAP
20
70
F8
88
A8
A8
F8
50
88
00
00
00
ENDCHAR
STARTCHAR uni1F68A
ENCODING 128650
SWIDTH 500 0
DWIDTH 6 0
BBX 6 12 0 -2
BITMAP
70
20
70
88
F8
A8
F8
88
F8
00
00
00
ENDCHAR
STARTCHAR uni1F68B
ENCODING 128651
SWIDTH 500 0
DWIDTH 6 0
BBX 6 12 0 -2
BITMAP
30
50
30
F8
A8
F8
50
00
F8
00
00
00
ENDCHAR
STARTCHAR uni1F68C
ENCODING 128652
SWIDTH 500 0
DWIDTH 6 0
BBX 6 12 0 -2
BITMAP
00
00
F8
A8
F8
98
F8
50
00
00
00
00
ENDCHAR
STARTCHAR uni1F68D
ENCODING 128653
SWIDTH 500 0
DWIDTH 6 0
BBX 6 12 0 -2
BITMAP
00
70
F8
A8
A8
F8
88
F8
88
00
00
00
ENDCHAR
STARTCHAR uni1F68E
ENCODING 128654
SWIDTH 500 0
DWIDTH 6 0
BBX 6 12 0 -2
BITMAP
00
28
50
F8
A8
F8
98
F8
50
00
00
00
ENDCHAR
STARTCHAR uni1F68F
ENCODING 128655
SWIDTH 500 0
DWIDTH 6 0
BBX 6 12 0 -2
BITMAP
00
70
48
70
48
70
20
20
70
00
00
00
ENDCHAR
STARTCHAR uni1F690
ENCODING 128656
SWIDTH 500 0
DWIDTH 6 0
BBX 6 12 0 -2
BITMAP
00
00
70
D8
F8
18
F8
50
00
00
00
00
ENDCHAR
STARTCHAR uni1F691
ENCODING 128657
SWIDTH 500 0
DWIDTH 6 0
BBX 6 12 0 -2
BITMAP
00
60
F8
B8
18
B8
F8
50
00
00
00
00
ENDCHAR
STARTCHAR uni1F692
ENCODING 128658
SWIDTH 500 0
DWIDTH 6 0
BBX 6 12 0 -2
BITMAP
F8
A8
F8
00
E0
D8
88
F8
50
00
00
00
ENDCHAR
STARTCHAR uni1F693
ENCODING 128659
SWIDTH 500 0
DWIDTH 6 0
BBX 6 12 0 -2
BITMAP
00
00
20
70
A8
D8
F8
50
00
00
00
00
ENDCHAR
STARTCHAR uni1F694
ENCODING 128660
SWIDTH 500 0
DWIDTH 6 0
BBX 6 12 0 -2
BITMAP
00
50
20
70
88
F8
A8
F8
88
00
00
00
ENDCHAR
STARTCHAR uni1F695
ENCODING 128661
SWIDTH 500 0
DWIDTH 6 0
BBX 6 12 0 -2
BITMAP
00
00
60
70
A8
F0
F8
50
00
00
00
00
ENDCHAR
STARTCHAR uni1F696
ENCODING 128662
SWIDTH 500 0
DWIDTH 6 0
BBX 6 12 0 -2
BITMAP
00
70
00
70
88
F8
A8
F8
88
00
00
00
ENDCHAR
STARTCHAR uni1F697
ENCODING 128663
SWIDTH 500 0
DWIDTH 6 0
BBX 6 12 0 -2
BITMAP
00
00
70
A8
F8
F8
50
00
00
00
00
00
ENDCHAR
STARTCHAR uni1F698
ENCODING 128664
SWIDTH 500 0
DWIDTH 6 0
BBX 6 12 0 -2
BITMAP
00
00
70
88
F8
A8
F8
88
00
00
00
00
ENDCHAR
STARTCHAR uni1F699
ENCODING 128665
SWIDTH 500 0
DWIDTH 6 0
BBX 6 12 0 -2
BITMAP
00
00
70
58
F8
98
F8
50
00
00
00
00
ENDCHAR
STARTCHAR uni1F69A
ENCODING 128666
SWIDTH 500 0
DWIDTH 6 0
BBX 6 12 0 -2
BITMAP
00
00
E0
B8
B8
F8
F8
50
00
00
00
00
ENDCHAR
STARTCHAR uni1F69B
ENCODING 128667
SWIDTH 500 0
DWIDTH 6 0
BBX 6 12 0 -2
BITMAP
00
00
E0
BC
B4
EC
48
00
00
00
00
00
ENDCHAR
STARTCHAR uni1F69C
ENCODING 128668
SWIDTH 500 0
DWIDTH 6 0
BBX 6 12 0 -2
BITMAP
00
00
60
58
78
D8
E8
40
00
00
00
00
ENDCHAR
STARTCHAR uni1F69D
ENCODING 128669
SWIDTH 500 0
DWIDTH 6 0
BBX 6 12 0 -2
BITMAP
00
F8
A8
F8
50
70
20
20
00
00
00
00
ENDCHAR
STARTCHAR uni1F69E
ENCODING 128670
SWIDTH 500 0
DWIDTH 6 0
BBX 6 12 0 -2
BITMAP
18
78
D8
E8
B0
C0
00
18
60
00
00
00
ENDCHAR
STARTCHAR uni1F69F
ENCODING 128671
SWIDTH 500 0
DWIDTH 6 0
BBX 6 12 0 -2
BITMAP
00
00
F8
50
70
F8
A8
F8
00
00
00
00
ENDCHAR
STARTCHAR uni1F6A0
ENCODING 128672
SWIDTH 500 0
DWIDTH 6 0
BBX 6 12 0 -2
BITMAP
18
E0
20
70
A8
A8
F8
88
70
00
00
00
ENDCHAR
STARTCHAR uni1F6A1
ENCODING 128673
SWIDTH 500 0
DWIDTH 6 0
BBX 6 12 0 -2
BITMAP
18
E0
20
F8
A8
A8
F8
A8
F8
00
00
00
ENDCHAR
STARTCHAR uni1F6A2
ENCODING 128674
SWIDTH 500 0
DWIDTH 6 0
BBX 6 12 0 -2
BITMAP
00
20
60
70
50
F8
70
00
A8
00
00
00
ENDCHAR
STARTCHAR uni1F6A3
ENCODING 128675
SWIDTH 500 0
DWIDTH 6 0
BBX 6 12 0 -2
BITMAP
00
00
60
68
10
30
28
FC
C8
78
40
00
ENDCHAR
STARTCHAR uni1F6A4
ENCODING 128676
SWIDTH 500 0
DWIDTH 6 0
BBX 6 12 0 -2
BITMAP
00
10
28
F8
70
00
E0
00
F0
00
00
00
ENDCHAR
STARTCHAR uni1F6A5
ENCODING 128677
SWIDTH 500 0
DWIDTH 6 0
BBX 6 12 0 -2
BITMAP
00
00
A8
00
F8
20
20
00
00
00
00
00
ENDCHAR
STARTCHAR uni1F6A6
ENCODING 128678
SWIDTH 500 0
DWIDTH 6 0
BBX 6 12 0 -2
BITMAP
70
50
70
50
70
50
70
20
20
00
00
00
ENDCHAR
STARTCHAR uni1F6A7
ENCODING 128679
SWIDTH 500 0
DWIDTH 6 0
BBX 6 12 0 -2
BITMAP
00
50
00
F8
A8
F8
50
50
00
00
00
00
ENDCHAR
STARTCHAR uni1F6A8
ENCODING 128680
SWIDTH 500 0
DWIDTH 6 0
BBX 6 12 0 -2
BITMAP
00
88
50
20
70
58
F8
00
F8
00
00
00
ENDCHAR
STARTCHAR uni1F6A9
ENCODING 128681
SWIDTH 500 0
DWIDTH 6 0
BBX 6 12 0 -2
BITMAP
00
80
E0
F8
E0
80
80
80
80
00
00
00
ENDCHAR
STARTCHAR uni1F6AA
ENCODING 128682
SWIDTH 500 0
DWIDTH 6 0
BBX 6 12 0 -2
BITMAP
00
F8
88
F8
D8
F8
88
98
88
88
F8
00
ENDCHAR
STARTCHAR uni1F6AB
ENCODING 128683
SWIDTH 500 0
DWIDTH 6 0
BBX 6 12 0 -2
BITMAP
00
00
70
98
A8
C8
70
00
00
00
00
00
ENDCHAR
STARTCHAR uni1F6AC
ENCODING 128684
SWIDTH 500 0
DWIDTH 6 0
BBX 6 12 0 -2
BITMAP
00
40
40
60
A0
60
F8
98
F8
00
00
00
ENDCHAR
STARTCHAR uni1F6AD
ENCODING 128685
SWIDTH 500 0
DWIDTH 6 0
BBX 6 12 0 -2
BITMAP
00
70
A8
98
D8
E8
C8
70
00
00
00
00
ENDCHAR
STARTCHAR uni1F6AE
ENCODING 128686
SWIDTH 500 0
DWIDTH 6 0
BBX 6 12 0 -2
BITMAP
00
40
00
70
48
5C
D4
BC
84
00
00
00
ENDCHAR
STARTCHAR uni1F6AF
ENCODING 128687
SWIDTH 500 0
DWIDTH 6 0
BBX 6 12 0 -2
BITMAP
00
44
08
70
48
5C
D4
BC
84
00
00
00
ENDCHAR
STARTCHAR uni1F6B0
ENCODING 128688
SWIDTH 500 0
DWIDTH 6 0
BBX 6 12 0 -2
BITMAP
00
40
E0
78
10
00
10
28
10
00
00
00
ENDCHAR
STARTCHAR uni1F6B1
ENCODING 128689
SWIDTH 500 0
DWIDTH 6 0
BBX 6 12 0 -2
BITMAP
00
04
E8
50
FC
14
28
44
88
00
00
00
ENDCHAR
STARTCHAR uni1F6B2
ENCODING 128690
SWIDTH 500 0
DWIDTH 6 0
BBX 6 12 0 -2
BITMAP
00
00
18
50
70
A8
D8
00
00
00
00
00
ENDCHAR
STARTCHAR uni1F6B3
ENCODING 128691
SWIDTH 500 0
DWIDTH 6 0
BBX 6 12 0 -2
BITMAP
00
08
5C
68
28
EC
B4
DC
80
00
00
00
ENDCHAR
STARTCHAR uni1F6B4
ENCODING 128692
SWIDTH 500 0
DWIDTH 6 0
BBX 6 12 0 -2
BITMAP
00
18
18
00
7C
38
38
58
FC
48
00
00
ENDCHAR
STARTCHAR uni1F6B5
ENCODING 128693
SWIDTH 500 0
DWIDTH 6 0
BBX 6 12 0 -2
BITMAP
18
18
00
1C
78
38
38
5C
E8
5C
A0
00
ENDCHAR
STARTCHAR uni1F6B6
ENCODING 128694
SWIDTH 500 0
DWIDTH 6 0
BBX 6 12 0 -2
BITMAP
00
30
30
20
20
70
F8
50
50
88
88
00
ENDCHAR
STARTCHAR uni1F6B7
ENCODING 128695
SWIDTH 500 0
DWIDTH 6 0
BBX 6 12 0 -2
BITMAP
00
24
08
70
A0
20
70
48
84
00
00
00
ENDCHAR
STARTCHAR uni1F6B8
ENCODING 128696
SWIDTH 500 0
DWIDTH 6 0
BBX 6 12 0 -2
BITMAP
40
08
E0
7C
48
5C
BC
BC
B4
14
00
00
ENDCHAR
STARTCHAR uni1F6B9
ENCODING 128697
SWIDTH 500 0
DWIDTH 6 0
BBX 6 12 0 -2
BITMAP
20
00
70
A8
20
20
50
50
88
00
00
00
ENDCHAR
STARTCHAR uni1F6BA
ENCODING 128698
SWIDTH 500 0
DWIDTH 6 0
BBX 6 12 0 -2
BITMAP
20
00
70
A8
70
70
F8
50
50
00
00
00
ENDCHAR
STARTCHAR uni1F6BB
ENCODING 128699
SWIDTH 500 0
DWIDTH 6 0
BBX 6 12 0 -2
BITMAP
48
00
FC
48
5C
5C
BC
B4
B4
00
00
00
ENDCHAR
STARTCHAR uni1F6BC
ENCODING 128700
SWIDTH 500 0
DWIDTH 6 0
BBX 6 12 0 -2
BITMAP
70
70
00
A8
70
20
50
88
50
00
00
00
ENDCHAR
STARTCHAR uni1F6BD
ENCODING 128701
SWIDTH 500 0
DWIDTH 6 0
BBX 6 12 0 -2
BITMAP
00
00
E0
E0
A0
F8
F8
C8
70
60
60
00
ENDCHAR
STARTCHAR uni1F6BE
ENCODING 128702
SWIDTH 500 0
DWIDTH 6 0
BBX 6 12 0 -2
BITMAP
88
88
A8
A8
50
00
30
40
40
40
30
00
ENDCHAR
STARTCHAR uni1F6BF
ENCODING 128703
SWIDTH 500 0
DWIDTH 6 0
BBX 6 12 0 -2
BITMAP
00
E0
10
38
00
50
00
A8
00
50
00
00
ENDCHAR
STARTCHAR uni1F6C0
ENCODING 128704
SWIDTH 500 0
DWIDTH 6 0
BBX 6 12 0 -2
BITMAP
00
00
00
D8
D8
48
FC
84
44
7C
88
00
ENDCHAR
STARTCHAR uni1F6C1
ENCODING 128705
SWIDTH 500 0
DWIDTH 6 0
BBX 6 12 0 -2
BITMAP
00
00
40
A0
80
80
F8
88
88
F8
50
00
ENDCHAR
STARTCHAR uni1F6C2
ENCODING 128706
SWIDTH 500 0
DWIDTH 6 0
BBX 6 12 0 -2
BITMAP
00
F8
A8
88
B8
88
B8
88
F8
00
00
00
ENDCHAR
STARTCHAR uni1F6C3
ENCODING 128707
SWIDTH 500 0
DWIDTH 6 0
BBX 6 12 0 -2
BITMAP
E0
40
00
7C
54
5C
FC
80
80
00
00
00
ENDCHAR
STARTCHAR uni1F6C4
ENCODING 128708
SWIDTH 500 0
DWIDTH 6 0
BBX 6 12 0 -2
BITMAP
00
18
3C
24
24
3C
00
FC
48
00
00
00
ENDCHAR
STARTCHAR uni1F6C5
ENCODING 128709
SWIDTH 500 0
DWIDTH 6 0
BBX 6 12 0 -2
BITMAP
00
18
74
D8
90
9C
90
F0
00
00
00
00
ENDCHAR
STARTCHAR uni1F6CB
ENCODING 128715
SWIDTH 500 0
DWIDTH 6 0
BBX 6 12 0 -2
BITMAP
00
18
18
18
18
68
F8
F8
98
F8
90
00
ENDCHAR
STARTCHAR uni1F6CC
ENCODING 128716
SWIDTH 500 0
DWIDTH 6 0
BBX 6 12 0 -2
BITMAP
00
00
00
00
00
80
E0
FC
FC
FC
84
00
ENDCHAR
STARTCHAR uni1F6CD
ENCODING 128717
SWIDTH 500 0
DWIDTH 6 0
BBX 6 12 0 -2
BITMAP
00
00
38
E8
B8
E8
A8
A8
B8
E0
00
00
ENDCHAR
STARTCHAR uni1F6CE
ENCODING 128718
SWIDTH 500 0
DWIDTH 6 0
BBX 6 12 0 -2
BITMAP
00
00
30
30
30
48
84
FC
FC
FC
00
00
ENDCHAR
STARTCHAR uni1F6CF
ENCODING 128719
SWIDTH 500 0
DWIDTH 6 0
BBX 6 12 0 -2
BITMAP
00
00
00
80
E0
F8
88
88
F8
88
88
00
ENDCHAR
STARTCHAR uni1F6D0
ENCODING 128720
SWIDTH 500 0
DWIDTH 6 0
BBX 6 12 0 -2
BITMAP
00
20
50
F8
A8
88
B8
C8
F8
00
00
00
ENDCHAR
STARTCHAR uni1F6D1
ENCODING 128721
SWIDTH 500 0
DWIDTH 6 0
BBX 6 12 0 -2
BITMAP
00
70
88
B8
98
C8
88
70
00
00
00
00
ENDCHAR
STARTCHAR uni1F6D2
ENCODING 128722
SWIDTH 500 0
DWIDTH 6 0
BBX 6 12 0 -2
BITMAP
00
00
C0
40
78
78
78
78
00
78
28
00
ENDCHAR
STARTCHAR uni1F6D5
ENCODING 128725
SWIDTH 500 0
DWIDTH 6 0
BBX 6 12 0 -2
BITMAP
00
30
30
30
78
48
78
84
FC
B4
FC
00
ENDCHAR
STARTCHAR uni1F6D6
ENCODING 128726
SWIDTH 500 0
DWIDTH 6 0
BBX 6 12 0 -2
BITMAP
00
20
30
50
48
88
FC
58
78
78
78
00
ENDCHAR
STARTCHAR uni1F6D7
ENCODING 128727
SWIDTH 500 0
DWIDTH 6 0
BBX 6 12 0 -2
BITMAP
00
48
E8
5C
00
F8
A8
A8
A8
A8
F8
00
ENDCHAR
STARTCHAR uni1F6D8
ENCODING 128728
SWIDTH 500 0
DWIDTH 6 0
BBX 6 12 0 -2
BITMAP
00
40
40
F0
B8
B8
BC
B8
9C
EC
1C
00
ENDCHAR
STARTCHAR uni1F6DC
ENCODING 128732
SWIDTH 500 0
DWIDTH 6 0
BBX 6 12 0 -2
BITMAP
00
78
84
00
30
48
00
20
00
00
00
00
ENDCHAR
STARTCHAR uni1F6DD
ENCODING 128733
SWIDTH 500 0
DWIDTH 6 0
BBX 6 12 0 -2
BITMAP
00
60
E0
A0
E0
B0
F0
B8
FC
AC
A0
00
ENDCHAR
STARTCHAR uni1F6DE
ENCODING 128734
SWIDTH 500 0
DWIDTH 6 0
BBX 6 12 0 -2
BITMAP
00
00
70
A8
D8
A8
70
00
00
00
00
00
ENDCHAR
STARTCHAR uni1F6DF
ENCODING 128735
SWIDTH 500 0
DWIDTH 6 0
BBX 6 12 0 -2
BITMAP
00
00
70
D8
88
D8
70
00
00
00
00
00
ENDCHAR
STARTCHAR uni1F6E0
ENCODING 128736
SWIDTH 500 0
DWIDTH 6 0
BBX 6 12 0 -2
BITMAP
00
48
E8
58
30
20
50
88
00
00
00
00
ENDCHAR
STARTCHAR uni1F6E1
ENCODING 128737
SWIDTH 500 0
DWIDTH 6 0
BBX 6 12 0 -2
BITMAP
00
70
A8
A8
A8
A8
70
20
00
00
00
00
ENDCHAR
STARTCHAR uni1F6E2
ENCODING 128738
SWIDTH 500 0
DWIDTH 6 0
BBX 6 12 0 -2
BITMAP
00
70
98
88
F8
88
F8
88
70
00
00
00
ENDCHAR
STARTCHAR uni1F6E3
ENCODING 128739
SWIDTH 500 0
DWIDTH 6 0
BBX 6 12 0 -2
BITMAP
00
F8
88
F8
50
50
A8
88
A8
00
00
00
ENDCHAR
STARTCHAR uni1F6E4
ENCODING 128740
SWIDTH 500 0
DWIDTH 6 0
BBX 6 12 0 -2
BITMAP
00
50
70
50
F8
88
F8
88
F8
00
00
00
ENDCHAR
STARTCHAR uni1F6E5
ENCODING 128741
SWIDTH 500 0
DWIDTH 6 0
BBX 6 12 0 -2
BITMAP
00
20
70
50
F0
F8
70
00
A8
00
00
00
ENDCHAR
STARTCHAR uni1F6E9
ENCODING 128745
SWIDTH 500 0
DWIDTH 6 0
BBX 6 12 0 -2
BITMAP
00
00
08
98
70
F8
60
80
00
00
00
00
ENDCHAR
STARTCHAR uni1F6EB
ENCODING 128747
SWIDTH 500 0
DWIDTH 6 0
BBX 6 12 0 -2
BITMAP
00
08
98
70
F8
60
80
00
F8
00
00
00
ENDCHAR
STARTCHAR uni1F6EC
ENCODING 128748
SWIDTH 500 0
DWIDTH 6 0
BBX 6 12 0 -2
BITMAP
00
80
60
F8
70
98
08
00
F8
00
00
00
ENDCHAR
STARTCHAR uni1F6F0
ENCODING 128752
SWIDTH 500 0
DWIDTH 6 0
BBX 6 12 0 -2
BITMAP
00
E0
A4
E8
30
30
1C
14
1C
00
00
00
ENDCHAR
STARTCHAR uni1F6F3
ENCODING 128755
SWIDTH 500 0
DWIDTH 6 0
BBX 6 12 0 -2
BITMAP
40
70
A8
F8
A8
F8
70
00
A8
00
00
00
ENDCHAR
STARTCHAR uni1F6F4
ENCODING 128756
SWIDTH 500 0
DWIDTH 6 0
BBX 6 12 0 -2
BITMAP
00
18
10
10
10
70
00
50
00
00
00
00
ENDCHAR
STARTCHAR uni1F6F5
ENCODING 128757
SWIDTH 500 0
DWIDTH 6 0
BBX 6 12 0 -2
BITMAP
00
18
10
70
60
70
88
D8
00
00
00
00
ENDCHAR
STARTCHAR uni1F6F6
ENCODING 128758
SWIDTH 500 0
DWIDTH 6 0
BBX 6 12 0 -2
BITMAP
00
40
20
18
F8
70
10
08
00
00
00
00
ENDCHAR
STARTCHAR uni1F6F7
ENCODING 128759
SWIDTH 500 0
DWIDTH 6 0
BBX 6 12 0 -2
BITMAP
00
90
F0
90
F0
90
F0
90
68
00
00
00
ENDCHAR
STARTCHAR uni1F6F8
ENCODING 128760
SWIDTH 500 0
DWIDTH 6 0
BBX 6 12 0 -2
BITMAP
00
70
50
F8
88
70
00
50
00
00
00
00
ENDCHAR
STARTCHAR uni1F6F9
ENCODING 128761
SWIDTH 500 0
DWIDTH 6 0
BBX 6 12 0 -2
BITMAP
00
00
00
88
70
00
50
00
00
00
00
00
ENDCHAR
STARTCHAR uni1F6FA
ENCODING 128762
SWIDTH 500 0
DWIDTH 6 0
BBX 6 12 0 -2
BITMAP
00
70
88
F8
A8
B8
F8
50
00
00
00
00
ENDCHAR
STARTCHAR uni1F6FB
ENCODING 128763
SWIDTH 500 0
DWIDTH 6 0
BBX 6 12 0 -2
BITMAP
00
00
10
28
B8
F8
50
00
00
00
00
00
ENDCHAR
STARTCHAR uni1F6FC
ENCODING 128764
SWIDTH 500 0
DWIDTH 6 0
BBX 6 12 0 -2
BITMAP
00
E0
A0
E0
B0
F0
00
F8
50
00
00
00
ENDCHAR
STARTCHAR uni1F7E0
ENCODING 128992
SWIDTH 500 0
DWIDTH 6 0
BBX 6 12 0 -2
BITMAP
00
00
70
88
A8
88
70
00
00
00
00
00
ENDCHAR
STARTCHAR uni1F7E1
ENCODING 128993
SWIDTH 500 0
DWIDTH 6 0
BBX 6 12 0 -2
BITMAP
00
00
70
88
88
88
70
00
00
00
00
00
ENDCHAR
STARTCHAR uni1F7E2
ENCODING 128994
SWIDTH 500 0
DWIDTH 6 0
BBX 6 12 0 -2
BITMAP
00
00
70
D8
A8
98
70
00
00
00
00
00
ENDCHAR
STARTCHAR uni1F7E3
ENCODING 128995
SWIDTH 500 0
DWIDTH 6 0
BBX 6 12 0 -2
BITMAP
00
00
70
D8
F8
D8
70
00
00
00
00
00
ENDCHAR
STARTCHAR uni1F7E4
ENCODING 128996
SWIDTH 500 0
DWIDTH 6 0
BBX 6 12 0 -2
BITMAP
00
00
70
D8
B8
D8
70
00
00
00
00
00
ENDCHAR
STARTCHAR uni1F7E5
ENCODING 128997
SWIDTH 500 0
DWIDTH 6 0
BBX 6 12 0 -2
BITMAP
00
00
FC
D4
BC
D4
EC
FC
00
00
00
00
ENDCHAR
STARTCHAR uni1F7E6
ENCODING 128998
SWIDTH 500 0
DWIDTH 6 0
BBX 6 12 0 -2
BITMAP
00
00
FC
DC
FC
F4
FC
FC
00
00
00
00
ENDCHAR
STARTCHAR uni1F7E7
ENCODING 128999
SWIDTH 500 0
DWIDTH 6 0
BBX 6 12 0 -2
BITMAP
00
00
FC
84
AC
84
AC
FC
00
00
00
00
ENDCHAR
STARTCHAR uni1F7E8
ENCODING 129000
SWIDTH 500 0
DWIDTH 6 0
BBX 6 12 0 -2
BITMAP
00
00
FC
84
84
84
8C
FC
00
00
00
00
ENDCHAR
STARTCHAR uni1F7E9
ENCODING 129001
SWIDTH 500 0
DWIDTH 6 0
BBX 6 12 0 -2
BITMAP
00
00
FC
D4
AC
94
AC
FC
00
00
00
00
ENDCHAR
STARTCHAR uni1F7EA
ENCODING 129002
SWIDTH 500 0
DWIDTH 6 0
BBX 6 12 0 -2
BITMAP
00
00
FC
D4
FC
D4
FC
FC
00
00
00
00
ENDCHAR
STARTCHAR uni1F7EB
ENCODING 129003
SWIDTH 500 0
DWIDTH 6 0
BBX 6 12 0 -2
BITMAP
00
00
FC
D4
BC
D4
FC
FC
00
00
00
00
ENDCHAR
STARTCHAR uni1F7F0
ENCODING 129008
SWIDTH 500 0
DWIDTH 6 0
BBX 6 12 0 -2
BITMAP
00
00
F8
F8
00
F8
F8
00
00
00
00
00
ENDCHAR
STARTCHAR uni1F90C
ENCODING 129292
SWIDTH 500 0
DWIDTH 6 0
BBX 6 12 0 -2
BITMAP
00
30
28
78
74
FC
A8
78
28
28
38
00
ENDCHAR
STARTCHAR uni1F90D
ENCODING 129293
SWIDTH 500 0
DWIDTH 6 0
BBX 6 12 0 -2
BITMAP
00
00
50
A8
88
88
88
50
20
00
00
00
ENDCHAR
STARTCHAR uni1F90E
ENCODING 129294
SWIDTH 500 0
DWIDTH 6 0
BBX 6 12 0 -2
BITMAP
00
00
50
A8
F8
A8
F8
70
20
00
00
00
ENDCHAR
STARTCHAR uni1F90F
ENCODING 129295
SWIDTH 500 0
DWIDTH 6 0
BBX 6 12 0 -2
BITMAP
00
00
C0
B0
E8
E8
A8
58
28
28
38
00
ENDCHAR
STARTCHAR uni1F910
ENCODING 129296
SWIDTH 500 0
DWIDTH 6 0
BBX 6 12 0 -2
BITMAP
00
30
48
84
48
84
D4
FC
AC
4C
30
00
ENDCHAR
STARTCHAR uni1F911
ENCODING 129297
SWIDTH 500 0
DWIDTH 6 0
BBX 6 12 0 -2
BITMAP
00
30
48
FC
48
CC
CC
F4
D4
78
50
70
ENDCHAR
STARTCHAR uni1F912
ENCODING 129298
SWIDTH 500 0
DWIDTH 6 0
BBX 6 12 0 -2
BITMAP
00
30
48
84
FC
CC
84
FC
A4
58
34
04
ENDCHAR
STARTCHAR uni1F913
ENCODING 129299
SWIDTH 500 0
DWIDTH 6 0
BBX 6 12 0 -2
BITMAP
00
30
48
FC
B4
FC
FC
E4
E4
48
30
00
ENDCHAR
STARTCHAR uni1F914
ENCODING 129300
SWIDTH 500 0
DWIDTH 6 0
BBX 6 12 0 -2
BITMAP
00
30
48
84
B4
84
A4
84
5C
34
14
08
ENDCHAR
STARTCHAR uni1F915
ENCODING 129301
SWIDTH 500 0
DWIDTH 6 0
BBX 6 12 0 -2
BITMAP
00
30
68
84
9C
EC
B4
CC
84
48
30
00
ENDCHAR
STARTCHAR uni1F916
ENCODING 129302
SWIDTH 500 0
DWIDTH 6 0
BBX 6 12 0 -2
BITMAP
00
30
10
FC
FC
B4
FC
FC
84
FC
FC
00
ENDCHAR
STARTCHAR uni1F917
ENCODING 129303
SWIDTH 500 0
DWIDTH 6 0
BBX 6 12 0 -2
BITMAP
00
30
48
84
28
D4
CC
B4
D4
DC
78
48
ENDCHAR
STARTCHAR uni1F918
ENCODING 129304
SWIDTH 500 0
DWIDTH 6 0
BBX 6 12 0 -2
BITMAP
00
28
6C
6C
7C
78
68
78
48
48
78
00
ENDCHAR
STARTCHAR uni1F919
ENCODING 129305
SWIDTH 500 0
DWIDTH 6 0
BBX 6 12 0 -2
BITMAP
00
0C
0C
0C
58
B8
B8
B8
58
48
38
00
ENDCHAR
STARTCHAR uni1F91A
ENCODING 129306
SWIDTH 500 0
DWIDTH 6 0
BBX 6 12 0 -2
BITMAP
00
10
54
54
54
DC
84
84
48
48
78
00
ENDCHAR
STARTCHAR uni1F91B
ENCODING 129307
SWIDTH 500 0
DWIDTH 6 0
BBX 6 12 0 -2
BITMAP
00
00
00
F0
9C
D4
E4
E4
8C
70
00
00
ENDCHAR
STARTCHAR uni1F91C
ENCODING 129308
SWIDTH 500 0
DWIDTH 6 0
BBX 6 12 0 -2
BITMAP
00
00
00
3C
E4
AC
9C
9C
C4
38
00
00
ENDCHAR
STARTCHAR uni1F91D
ENCODING 129309
SWIDTH 500 0
DWIDTH 6 0
BBX 6 12 0 -2
BITMAP
00
00
00
CC
B4
A4
58
30
00
00
00
00
ENDCHAR
STARTCHAR uni1F91E
ENCODING 129310
SWIDTH 500 0
DWIDTH 6 0
BBX 6 12 0 -2
BITMAP
00
70
78
78
30
F0
F8
B4
48
48
78
00
ENDCHAR
STARTCHAR uni1F91F
ENCODING 129311
SWIDTH 500 0
DWIDTH 6 0
BBX 6 12 0 -2
BITMAP
00
28
6C
6C
7C
F8
B8
B8
48
48
78
00
ENDCHAR
STARTCHAR uni1F920
ENCODING 129312
SWIDTH 500 0
DWIDTH 6 0
BBX 6 12 0 -2
BITMAP
78
78
FC
FC
48
84
FC
CC
B4
48
30
00
ENDCHAR
STARTCHAR uni1F921
ENCODING 129313
SWIDTH 500 0
DWIDTH 6 0
BBX 6 12 0 -2
BITMAP
00
30
CC
CC
48
84
B4
B4
CC
78
30
00
ENDCHAR
STARTCHAR uni1F922
ENCODING 129314
SWIDTH 500 0
DWIDTH 6 0
BBX 6 12 0 -2
BITMAP
00
30
48
D4
28
84
DC
AC
84
48
30
00
ENDCHAR
STARTCHAR uni1F923
ENCODING 129315
SWIDTH 500 0
DWIDTH 6 0
BBX 6 12 0 -2
BITMAP
00
38
58
48
A4
CC
8C
9C
78
30
20
00
ENDCHAR
STARTCHAR uni1F924
ENCODING 129316
SWIDTH 500 0
DWIDTH 6 0
BBX 6 12 0 -2
BITMAP
00
30
48
84
50
AC
B4
BC
8C
48
38
18
ENDCHAR
STARTCHAR uni1F925
ENCODING 129317
SWIDTH 500 0
DWIDTH 6 0
BBX 6 12 0 -2
BITMAP
00
60
60
90
F0
B0
F0
FC
90
60
60
00
ENDCHAR
STARTCHAR uni1F926
ENCODING 129318
SWIDTH 500 0
DWIDTH 6 0
BBX 6 12 0 -2
BITMAP
00
00
60
70
30
30
78
78
68
48
78
00
ENDCHAR
STARTCHAR uni1F927
ENCODING 129319
SWIDTH 500 0
DWIDTH 6 0
BBX 6 12 0 -2
BITMAP
00
30
48
D4
28
A4
BC
D4
D4
88
E8
18
ENDCHAR
STARTCHAR uni1F928
ENCODING 129320
SWIDTH 500 0
DWIDTH 6 0
BBX 6 12 0 -2
BITMAP
00
B0
7C
84
48
84
84
FC
84
48
30
00
ENDCHAR
STARTCHAR uni1F929
ENCODING 129321
SWIDTH 500 0
DWIDTH 6 0
BBX 6 12 0 -2
BITMAP
00
30
48
CC
FC
B4
FC
CC
B4
48
30
00
ENDCHAR
STARTCHAR uni1F92A
ENCODING 129322
SWIDTH 500 0
DWIDTH 6 0
BBX 6 12 0 -2
BITMAP
00
30
48
C4
48
C4
CC
F4
F4
48
30
00
ENDCHAR
STARTCHAR uni1F92B
ENCODING 129323
SWIDTH 500 0
DWIDTH 6 0
BBX 6 12 0 -2
BITMAP
00
30
48
84
48
A4
B4
B4
BC
68
28
38
ENDCHAR
STARTCHAR uni1F92C
ENCODING 129324
SWIDTH 500 0
DWIDTH 6 0
BBX 6 12 0 -2
BITMAP
00
30
CC
FC
48
FC
CC
B4
CC
FC
30
00
ENDCHAR
STARTCHAR uni1F92D
ENCODING 129325
SWIDTH 500 0
DWIDTH 6 0
BBX 6 12 0 -2
BITMAP
00
30
48
84
28
F4
D4
D4
D4
68
30
00
ENDCHAR
STARTCHAR uni1F92E
ENCODING 129326
SWIDTH 500 0
DWIDTH 6 0
BBX 6 12 0 -2
BITMAP
00
30
48
D4
28
84
B4
FC
F4
58
F8
00
ENDCHAR
STARTCHAR uni1F92F
ENCODING 129327
SWIDTH 500 0
DWIDTH 6 0
BBX 6 12 0 -2
BITMAP
58
48
6C
DC
48
CC
B4
B4
84
48
30
00
ENDCHAR
STARTCHAR uni1F930
ENCODING 129328
SWIDTH 500 0
DWIDTH 6 0
BBX 6 12 0 -2
BITMAP
00
60
D0
E0
D0
78
A4
9C
44
78
78
00
ENDCHAR
STARTCHAR uni1F931
ENCODING 129329
SWIDTH 500 0
DWIDTH 6 0
BBX 6 12 0 -2
BITMAP
00
60
50
D0
F0
F8
AC
E8
DC
F4
FC
00
ENDCHAR
STARTCHAR uni1F932
ENCODING 129330
SWIDTH 500 0
DWIDTH 6 0
BBX 6 12 0 -2
BITMAP
00
00
00
84
CC
DC
EC
FC
A4
78
00
00
ENDCHAR
STARTCHAR uni1F933
ENCODING 129331
SWIDTH 500 0
DWIDTH 6 0
BBX 6 12 0 -2
BITMAP
00
1C
14
14
1C
1C
3C
38
34
48
B0
00
ENDCHAR
STARTCHAR uni1F934
ENCODING 129332
SWIDTH 500 0
DWIDTH 6 0
BBX 6 12 0 -2
BITMAP
20
B4
CC
78
FC
68
DC
78
30
00
AC
20
ENDCHAR
STARTCHAR uni1F935
ENCODING 129333
SWIDTH 500 0
DWIDTH 6 0
BBX 6 12 0 -2
BITMAP
00
00
00
78
FC
68
DC
78
30
28
BC
28
ENDCHAR
STARTCHAR uni1F936
ENCODING 129334
SWIDTH 500 0
DWIDTH 6 0
BBX 6 12 0 -2
BITMAP
10
7C
7C
FC
FC
78
DC
78
30
30
FC
00
ENDCHAR
STARTCHAR uni1F937
ENCODING 129335
SWIDTH 500 0
DWIDTH 6 0
BBX 6 12 0 -2
BITMAP
00
00
60
60
00
B4
FC
78
68
48
78
00
ENDCHAR
STARTCHAR uni1F938
ENCODING 129336
SWIDTH 500 0
DWIDTH 6 0
BBX 6 12 0 -2
BITMAP
00
88
50
50
20
20
30
38
48
48
48
00
ENDCHAR
STARTCHAR uni1F939
ENCODING 129337
SWIDTH 500 0
DWIDTH 6 0
BBX 6 12 0 -2
BITMAP
00
00
00
60
60
A4
B4
68
30
48
48
00
ENDCHAR
STARTCHAR uni1F93A
ENCODING 129338
SWIDTH 500 0
DWIDTH 6 0
BBX 6 12 0 -2
BITMAP
00
00
C0
A4
58
F8
A8
30
50
88
88
00
ENDCHAR
STARTCHAR uni1F93C
ENCODING 129340
SWIDTH 500 0
DWIDTH 6 0
BBX 6 12 0 -2
BITMAP
00
00
60
78
78
70
68
48
B8
B8
B4
00
ENDCHAR
STARTCHAR uni1F93D
ENCODING 129341
SWIDTH 500 0
DWIDTH 6 0
BBX 6 12 0 -2
BITMAP
00
18
18
68
68
30
A0
60
20
00
CC
30
ENDCHAR
STARTCHAR uni1F93E
ENCODING 129342
SWIDTH 500 0
DWIDTH 6 0
BBX 6 12 0 -2
BITMAP
00
18
78
68
10
A0
E0
20
D0
10
10
00
ENDCHAR
STARTCHAR uni1F93F
ENCODING 129343
SWIDTH 500 0
DWIDTH 6 0
BBX 6 12 0 -2
BITMAP
00
18
08
F8
A8
A8
50
08
00
00
00
00
ENDCHAR
STARTCHAR uni1F940
ENCODING 129344
SWIDTH 500 0
DWIDTH 6 0
BBX 6 12 0 -2
BITMAP
00
00
00
18
2C
2C
FC
EC
60
20
20
00
ENDCHAR
STARTCHAR uni1F941
ENCODING 129345
SWIDTH 500 0
DWIDTH 6 0
BBX 6 12 0 -2
BITMAP
00
88
50
50
70
88
F8
A8
D8
D8
70
00
ENDCHAR
STARTCHAR uni1F942
ENCODING 129346
SWIDTH 500 0
DWIDTH 6 0
BBX 6 12 0 -2
BITMAP
00
20
AC
FC
F4
78
48
48
30
30
48
00
ENDCHAR
STARTCHAR uni1F943
ENCODING 129347
SWIDTH 500 0
DWIDTH 6 0
BBX 6 12 0 -2
BITMAP
00
78
84
FC
A4
D4
DC
BC
94
FC
78
00
ENDCHAR
STARTCHAR uni1F944
ENCODING 129348
SWIDTH 500 0
DWIDTH 6 0
BBX 6 12 0 -2
BITMAP
00
30
48
48
48
30
20
20
20
30
30
00
ENDCHAR
STARTCHAR uni1F945
ENCODING 129349
SWIDTH 500 0
DWIDTH 6 0
BBX 6 12 0 -2
BITMAP
00
F8
A8
F8
A8
F8
A8
F8
00
00
00
00
ENDCHAR
STARTCHAR uni1F947
ENCODING 129351
SWIDTH 500 0
DWIDTH 6 0
BBX 6 12 0 -2
BITMAP
88
50
20
00
20
60
20
20
70
00
00
00
ENDCHAR
STARTCHAR uni1F948
ENCODING 129352
SWIDTH 500 0
DWIDTH 6 0
BBX 6 12 0 -2
BITMAP
88
50
20
00
60
10
20
40
70
00
00
00
ENDCHAR
STARTCHAR uni1F949
ENCODING 129353
SWIDTH 500 0
DWIDTH 6 0
BBX 6 12 0 -2
BITMAP
88
50
20
00
60
10
20
10
60
00
00
00
ENDCHAR
STARTCHAR uni1F94A
ENCODING 129354
SWIDTH 500 0
DWIDTH 6 0
BBX 6 12 0 -2
BITMAP
00
70
70
F8
D8
F8
70
50
70
00
00
00
ENDCHAR
STARTCHAR uni1F94B
ENCODING 129355
SWIDTH 500 0
DWIDTH 6 0
BBX 6 12 0 -2
BITMAP
00
50
A8
88
70
50
70
A8
88
00
00
00
ENDCHAR
STARTCHAR uni1F94C
ENCODING 129356
SWIDTH 500 0
DWIDTH 6 0
BBX 6 12 0 -2
BITMAP
00
00
70
50
F8
F8
88
70
00
00
00
00
ENDCHAR
STARTCHAR uni1F94D
ENCODING 129357
SWIDTH 500 0
DWIDTH 6 0
BBX 6 12 0 -2
BITMAP
00
F8
A8
F8
50
20
20
20
40
00
00
00
ENDCHAR
STARTCHAR uni1F94E
ENCODING 129358
SWIDTH 500 0
DWIDTH 6 0
BBX 6 12 0 -2
BITMAP
00
00
78
A4
A4
94
94
78
00
00
00
00
ENDCHAR
STARTCHAR uni1F94F
ENCODING 129359
SWIDTH 500 0
DWIDTH 6 0
BBX 6 12 0 -2
BITMAP
00
00
70
A8
88
70
70
00
00
00
00
00
ENDCHAR
STARTCHAR uni1F950
ENCODING 129360
SWIDTH 500 0
DWIDTH 6 0
BBX 6 12 0 -2
BITMAP
00
00
00
70
F8
FC
CC
CC
CC
08
00
00
ENDCHAR
STARTCHAR uni1F951
ENCODING 129361
SWIDTH 500 0
DWIDTH 6 0
BBX 6 12 0 -2
BITMAP
00
30
48
48
48
78
48
CC
CC
F8
30
00
ENDCHAR
STARTCHAR uni1F952
ENCODING 129362
SWIDTH 500 0
DWIDTH 6 0
BBX 6 12 0 -2
BITMAP
00
18
2C
2C
78
58
50
B0
E0
A0
60
00
ENDCHAR
STARTCHAR uni1F953
ENCODING 129363
SWIDTH 500 0
DWIDTH 6 0
BBX 6 12 0 -2
BITMAP
00
F8
50
54
54
28
A8
A8
A8
50
7C
00
ENDCHAR
STARTCHAR uni1F954
ENCODING 129364
SWIDTH 500 0
DWIDTH 6 0
BBX 6 12 0 -2
BITMAP
00
70
88
A4
8C
84
C4
98
88
70
00
00
ENDCHAR
STARTCHAR uni1F955
ENCODING 129365
SWIDTH 500 0
DWIDTH 6 0
BBX 6 12 0 -2
BITMAP
00
10
18
3C
30
58
78
50
60
A0
C0
00
ENDCHAR
STARTCHAR uni1F956
ENCODING 129366
SWIDTH 500 0
DWIDTH 6 0
BBX 6 12 0 -2
BITMAP
00
08
14
1C
24
58
48
B0
90
E0
C0
00
ENDCHAR
STARTCHAR uni1F957
ENCODING 129367
SWIDTH 500 0
DWIDTH 6 0
BBX 6 12 0 -2
BITMAP
00
00
68
78
FC
FC
FC
84
88
78
38
00
ENDCHAR
STARTCHAR uni1F958
ENCODING 129368
SWIDTH 500 0
DWIDTH 6 0
BBX 6 12 0 -2
BITMAP
00
00
00
78
84
A4
78
48
30
00
00
00
ENDCHAR
STARTCHAR uni1F959
ENCODING 129369
SWIDTH 500 0
DWIDTH 6 0
BBX 6 12 0 -2
BITMAP
00
30
48
FC
FC
F4
84
B4
48
38
00
00
ENDCHAR
STARTCHAR uni1F95A
ENCODING 129370
SWIDTH 500 0
DWIDTH 6 0
BBX 6 12 0 -2
BITMAP
00
30
28
48
48
84
84
84
84
C8
38
00
ENDCHAR
STARTCHAR uni1F95B
ENCODING 129371
SWIDTH 500 0
DWIDTH 6 0
BBX 6 12 0 -2
BITMAP
00
FC
84
FC
84
88
48
48
48
48
78
00
ENDCHAR
STARTCHAR uni1F95C
ENCODING 129372
SWIDTH 500 0
DWIDTH 6 0
BBX 6 12 0 -2
BITMAP
00
38
38
78
78
38
60
F0
F0
A0
C0
00
ENDCHAR
STARTCHAR uni1F95D
ENCODING 129373
SWIDTH 500 0
DWIDTH 6 0
BBX 6 12 0 -2
BITMAP
00
00
30
58
FC
BC
FC
BC
F4
68
30
00
ENDCHAR
STARTCHAR uni1F95E
ENCODING 129374
SWIDTH 500 0
DWIDTH 6 0
BBX 6 12 0 -2
BITMAP
00
30
28
38
78
8C
FC
84
FC
84
78
00
ENDCHAR
STARTCHAR uni1F95F
ENCODING 129375
SWIDTH 500 0
DWIDTH 6 0
BBX 6 12 0 -2
BITMAP
00
30
78
7C
FC
FC
84
88
88
70
00
00
ENDCHAR
STARTCHAR uni1F960
ENCODING 129376
SWIDTH 500 0
DWIDTH 6 0
BBX 6 12 0 -2
BITMAP
00
30
78
D4
D4
B4
7C
5C
54
20
00
00
ENDCHAR
STARTCHAR uni1F961
ENCODING 129377
SWIDTH 500 0
DWIDTH 6 0
BBX 6 12 0 -2
BITMAP
00
78
88
D8
E4
8C
78
C8
58
78
10
00
ENDCHAR
STARTCHAR uni1F962
ENCODING 129378
SWIDTH 500 0
DWIDTH 6 0
BBX 6 12 0 -2
BITMAP
00
14
14
24
28
28
48
48
50
90
90
00
ENDCHAR
STARTCHAR uni1F963
ENCODING 129379
SWIDTH 500 0
DWIDTH 6 0
BBX 6 12 0 -2
BITMAP
00
0C
0C
0C
08
78
FC
84
84
78
38
00
ENDCHAR
STARTCHAR uni1F964
ENCODING 129380
SWIDTH 500 0
DWIDTH 6 0
BBX 6 12 0 -2
BITMAP
00
08
10
FC
FC
84
84
88
48
48
78
00
ENDCHAR
STARTCHAR uni1F965
ENCODING 129381
SWIDTH 500 0
DWIDTH 6 0
BBX 6 12 0 -2
BITMAP
00
00
30
78
CC
CC
FC
F8
78
30
00
00
ENDCHAR
STARTCHAR uni1F966
ENCODING 129382
SWIDTH 500 0
DWIDTH 6 0
BBX 6 12 0 -2
BITMAP
00
30
48
EC
EC
F4
FC
30
30
48
78
00
ENDCHAR
STARTCHAR uni1F967
ENCODING 129383
SWIDTH 500 0
DWIDTH 6 0
BBX 6 12 0 -2
BITMAP
00
00
78
84
CC
B4
CC
78
48
30
00
00
ENDCHAR
STARTCHAR uni1F968
ENCODING 129384
SWIDTH 500 0
DWIDTH 6 0
BBX 6 12 0 -2
BITMAP
00
00
48
B4
B4
48
30
48
84
78
00
00
ENDCHAR
STARTCHAR uni1F969
ENCODING 129385
SWIDTH 500 0
DWIDTH 6 0
BBX 6 12 0 -2
BITMAP
00
20
70
50
B8
BC
AC
DC
AC
78
18
00
ENDCHAR
STARTCHAR uni1F96A
ENCODING 129386
SWIDTH 500 0
DWIDTH 6 0
BBX 6 12 0 -2
BITMAP
00
10
30
48
88
E8
FC
B4
FC
F0
20
00
ENDCHAR
STARTCHAR uni1F96B
ENCODING 129387
SWIDTH 500 0
DWIDTH 6 0
BBX 6 12 0 -2
BITMAP
00
78
84
FC
FC
84
84
84
FC
FC
78
00
ENDCHAR
STARTCHAR uni1F96C
ENCODING 129388
SWIDTH 500 0
DWIDTH 6 0
BBX 6 12 0 -2
BITMAP
00
68
58
D8
FC
E4
7C
68
28
30
20
00
ENDCHAR
STARTCHAR uni1F96D
ENCODING 129389
SWIDTH 500 0
DWIDTH 6 0
BBX 6 12 0 -2
BITMAP
00
18
18
34
24
64
C4
C4
C8
88
70
00
ENDCHAR
STARTCHAR uni1F96E
ENCODING 129390
SWIDTH 500 0
DWIDTH 6 0
BBX 6 12 0 -2
BITMAP
00
00
78
84
B4
B4
84
78
84
78
00
00
ENDCHAR
STARTCHAR uni1F96F
ENCODING 129391
SWIDTH 500 0
DWIDTH 6 0
BBX 6 12 0 -2
BITMAP
00
30
48
F4
BC
F4
B4
F4
58
30
00
00
ENDCHAR
STARTCHAR uni1F970
ENCODING 129392
SWIDTH 500 0
DWIDTH 6 0
BBX 6 12 0 -2
BITMAP
A0
F0
48
84
28
D4
CC
B4
94
5C
38
00
ENDCHAR
STARTCHAR uni1F971
ENCODING 129393
SWIDTH 500 0
DWIDTH 6 0
BBX 6 12 0 -2
BITMAP
00
30
48
84
50
AC
BC
FC
BC
4C
3C
00
ENDCHAR
STARTCHAR uni1F972
ENCODING 129394
SWIDTH 500 0
DWIDTH 6 0
BBX 6 12 0 -2
BITMAP
00
30
48
84
28
D4
CC
F4
C4
48
30
00
ENDCHAR
STARTCHAR uni1F973
ENCODING 129395
SWIDTH 500 0
DWIDTH 6 0
BBX 6 12 0 -2
BITMAP
20
70
58
F4
E8
C4
A4
F4
BC
48
30
00
ENDCHAR
STARTCHAR uni1F974
ENCODING 129396
SWIDTH 500 0
DWIDTH 6 0
BBX 6 12 0 -2
BITMAP
00
B0
68
C4
48
C4
D4
AC
84
48
30
00
ENDCHAR
STARTCHAR uni1F975
ENCODING 129397
SWIDTH 500 0
DWIDTH 6 0
BBX 6 12 0 -2
BITMAP
88
7C
FC
84
48
84
CC
F4
F4
48
30
00
ENDCHAR
STARTCHAR uni1F976
ENCODING 129398
SWIDTH 500 0
DWIDTH 6 0
BBX 6 12 0 -2
BITMAP
00
B0
48
84
48
84
FC
CC
FC
68
78
68
ENDCHAR
STARTCHAR uni1F977
ENCODING 129399
SWIDTH 500 0
DWIDTH 6 0
BBX 6 12 0 -2
BITMAP
00
30
78
FC
84
CC
84
78
38
3C
FC
08
ENDCHAR
STARTCHAR uni1F978
ENCODING 129400
SWIDTH 500 0
DWIDTH 6 0
BBX 6 12 0 -2
BITMAP
00
30
48
FC
B4
FC
F4
F4
84
48
30
00
ENDCHAR
STARTCHAR uni1F979
ENCODING 129401
SWIDTH 500 0
DWIDTH 6 0
BBX 6 12 0 -2
BITMAP
00
30
48
CC
00
CC
CC
FC
84
48
30
00
ENDCHAR
STARTCHAR uni1F97A
ENCODING 129402
SWIDTH 500 0
DWIDTH 6 0
BBX 6 12 0 -2
BITMAP
00
30
48
CC
00
CC
B4
CC
84
48
30
00
ENDCHAR
STARTCHAR uni1F97B
ENCODING 129403
SWIDTH 500 0
DWIDTH 6 0
BBX 6 12 0 -2
BITMAP
00
00
70
70
A8
50
70
70
A8
B8
F8
00
ENDCHAR
STARTCHAR uni1F97C
ENCODING 129404
SWIDTH 500 0
DWIDTH 6 0
BBX 6 12 0 -2
BITMAP
00
00
70
78
F8
A8
F8
F8
70
70
70
00
ENDCHAR
STARTCHAR uni1F97D
ENCODING 129405
SWIDTH 500 0
DWIDTH 6 0
BBX 6 12 0 -2
BITMAP
00
00
00
00
F8
F8
A8
A8
F8
00
00
00
ENDCHAR
STARTCHAR uni1F97E
ENCODING 129406
SWIDTH 500 0
DWIDTH 6 0
BBX 6 12 0 -2
BITMAP
00
00
E0
E0
A0
E0
E0
90
88
F8
F8
00
ENDCHAR
STARTCHAR uni1F97F
ENCODING 129407
SWIDTH 500 0
DWIDTH 6 0
BBX 6 12 0 -2
BITMAP
00
00
00
00
00
00
90
D8
E8
F8
00
00
ENDCHAR
STARTCHAR uni1F980
ENCODING 129408
SWIDTH 500 0
DWIDTH 6 0
BBX 6 12 0 -2
BITMAP
00
84
B4
CC
48
78
84
78
CC
48
84
00
ENDCHAR
STARTCHAR uni1F981
ENCODING 129409
SWIDTH 500 0
DWIDTH 6 0
BBX 6 12 0 -2
BITMAP
00
20
78
FC
48
FC
78
FC
78
20
00
00
ENDCHAR
STARTCHAR uni1F982
ENCODING 129410
SWIDTH 500 0
DWIDTH 6 0
BBX 6 12 0 -2
BITMAP
00
18
28
28
38
30
78
78
FC
CC
CC
00
ENDCHAR
STARTCHAR uni1F983
ENCODING 129411
SWIDTH 500 0
DWIDTH 6 0
BBX 6 12 0 -2
BITMAP
00
20
78
F8
B8
FC
FC
F8
48
30
78
00
ENDCHAR
STARTCHAR uni1F984
ENCODING 129412
SWIDTH 500 0
DWIDTH 6 0
BBX 6 12 0 -2
BITMAP
00
68
68
78
58
F0
68
DC
7C
4C
C0
00
ENDCHAR
STARTCHAR uni1F985
ENCODING 129413
SWIDTH 500 0
DWIDTH 6 0
BBX 6 12 0 -2
BITMAP
00
00
40
C0
E8
F4
F8
70
70
D0
40
00
ENDCHAR
STARTCHAR uni1F986
ENCODING 129414
SWIDTH 500 0
DWIDTH 6 0
BBX 6 12 0 -2
BITMAP
00
00
10
28
2C
3C
E8
F0
70
20
FC
00
ENDCHAR
STARTCHAR uni1F987
ENCODING 129415
SWIDTH 500 0
DWIDTH 6 0
BBX 6 12 0 -2
BITMAP
00
00
30
BC
FC
FC
78
30
30
00
00
00
ENDCHAR
STARTCHAR uni1F988
ENCODING 129416
SWIDTH 500 0
DWIDTH 6 0
BBX 6 12 0 -2
BITMAP
00
00
10
90
F8
9C
FC
98
10
00
00
00
ENDCHAR
STARTCHAR uni1F989
ENCODING 129417
SWIDTH 500 0
DWIDTH 6 0
BBX 6 12 0 -2
BITMAP
00
84
FC
84
B4
48
B4
84
48
78
48
00
ENDCHAR
STARTCHAR uni1F98A
ENCODING 129418
SWIDTH 500 0
DWIDTH 6 0
BBX 6 12 0 -2
BITMAP
00
00
84
CC
FC
B4
48
48
30
00
00
00
ENDCHAR
STARTCHAR uni1F98B
ENCODING 129419
SWIDTH 500 0
DWIDTH 6 0
BBX 6 12 0 -2
BITMAP
00
CC
FC
B4
B4
B4
78
B4
B4
78
28
00
ENDCHAR
STARTCHAR uni1F98C
ENCODING 129420
SWIDTH 500 0
DWIDTH 6 0
BBX 6 12 0 -2
BITMAP
00
28
3C
18
18
9C
E4
98
78
D8
48
00
ENDCHAR
STARTCHAR uni1F98D
ENCODING 129421
SWIDTH 500 0
DWIDTH 6 0
BBX 6 12 0 -2
BITMAP
00
30
48
78
FC
CC
CC
B4
B4
CC
00
00
ENDCHAR
STARTCHAR uni1F98E
ENCODING 129422
SWIDTH 500 0
DWIDTH 6 0
BBX 6 12 0 -2
BITMAP
00
30
30
78
B4
30
30
68
EC
30
18
00
ENDCHAR
STARTCHAR uni1F98F
ENCODING 129423
SWIDTH 500 0
DWIDTH 6 0
BBX 6 12 0 -2
BITMAP
00
00
00
38
D8
9C
8C
54
6C
D8
48
00
ENDCHAR
STARTCHAR uni1F990
ENCODING 129424
SWIDTH 500 0
DWIDTH 6 0
BBX 6 12 0 -2
BITMAP
00
34
38
4C
7C
7C
78
F8
B0
F0
00
00
ENDCHAR
STARTCHAR uni1F991
ENCODING 129425
SWIDTH 500 0
DWIDTH 6 0
BBX 6 12 0 -2
BITMAP
00
20
30
50
48
CC
FC
38
78
B4
30
00
ENDCHAR
STARTCHAR uni1F992
ENCODING 129426
SWIDTH 500 0
DWIDTH 6 0
BBX 6 12 0 -2
BITMAP
00
18
18
3C
1C
18
F8
E8
F8
D8
48
00
ENDCHAR
STARTCHAR uni1F993
ENCODING 129427
SWIDTH 500 0
DWIDTH 6 0
BBX 6 12 0 -2
BITMAP
00
18
18
18
18
FC
F8
F8
F8
D8
48
00
ENDCHAR
STARTCHAR uni1F994
ENCODING 129428
SWIDTH 500 0
DWIDTH 6 0
BBX 6 12 0 -2
BITMAP
00
00
60
F0
D0
98
9C
9C
70
68
00
00
ENDCHAR
STARTCHAR uni1F995
ENCODING 129429
SWIDTH 500 0
DWIDTH 6 0
BBX 6 12 0 -2
BITMAP
00
18
1C
1C
18
18
78
68
F8
78
78
00
ENDCHAR
STARTCHAR uni1F996
ENCODING 129430
SWIDTH 500 0
DWIDTH 6 0
BBX 6 12 0 -2
BITMAP
00
1C
34
2C
2C
38
38
F0
70
28
28
00
ENDCHAR
STARTCHAR uni1F997
ENCODING 129431
SWIDTH 500 0
DWIDTH 6 0
BBX 6 12 0 -2
BITMAP
00
24
18
18
58
78
F8
DC
6C
40
80
00
ENDCHAR
STARTCHAR uni1F998
ENCODING 129432
SWIDTH 500 0
DWIDTH 6 0
BBX 6 12 0 -2
BITMAP
00
08
18
18
1C
1C
3C
38
38
70
FC
00
ENDCHAR
STARTCHAR uni1F999
ENCODING 129433
SWIDTH 500 0
DWIDTH 6 0
BBX 6 12 0 -2
BITMAP
00
18
18
1C
1C
18
F8
88
F8
D8
48
00
ENDCHAR
STARTCHAR uni1F99A
ENCODING 129434
SWIDTH 500 0
DWIDTH 6 0
BBX 6 12 0 -2
BITMAP
00
30
78
FC
B4
FC
F8
30
30
30
30
00
ENDCHAR
STARTCHAR uni1F99B
ENCODING 129435
SWIDTH 500 0
DWIDTH 6 0
BBX 6 12 0 -2
BITMAP
00
00
00
78
98
9C
94
9C
78
D8
48
00
ENDCHAR
STARTCHAR uni1F99C
ENCODING 129436
SWIDTH 500 0
DWIDTH 6 0
BBX 6 12 0 -2
BITMAP
00
30
78
7C
7C
78
58
50
38
FC
20
00
ENDCHAR
STARTCHAR uni1F99D
ENCODING 129437
SWIDTH 500 0
DWIDTH 6 0
BBX 6 12 0 -2
BITMAP
00
8C
F4
CC
CC
B4
FC
B8
70
30
00
00
ENDCHAR
STARTCHAR uni1F99E
ENCODING 129438
SWIDTH 500 0
DWIDTH 6 0
BBX 6 12 0 -2
BITMAP
00
CC
FC
FC
FC
38
78
78
38
78
48
00
ENDCHAR
STARTCHAR uni1F99F
ENCODING 129439
SWIDTH 500 0
DWIDTH 6 0
BBX 6 12 0 -2
BITMAP
00
04
CC
A8
70
78
64
FC
70
5C
50
00
ENDCHAR
STARTCHAR uni1F9A0
ENCODING 129440
SWIDTH 500 0
DWIDTH 6 0
BBX 6 12 0 -2
BITMAP
00
28
B8
48
BC
78
78
FC
B0
70
50
00
ENDCHAR
STARTCHAR uni1F9A1
ENCODING 129441
SWIDTH 500 0
DWIDTH 6 0
BBX 6 12 0 -2
BITMAP
00
00
50
88
D8
D8
50
50
20
20
00
00
ENDCHAR
STARTCHAR uni1F9A2
ENCODING 129442
SWIDTH 500 0
DWIDTH 6 0
BBX 6 12 0 -2
BITMAP
00
10
38
38
3C
68
F8
D8
70
20
FC
00
ENDCHAR
STARTCHAR uni1F9A3
ENCODING 129443
SWIDTH 500 0
DWIDTH 6 0
BBX 6 12 0 -2
BITMAP
00
00
20
58
D8
AC
AC
DC
FC
D8
48
00
ENDCHAR
STARTCHAR uni1F9A4
ENCODING 129444
SWIDTH 500 0
DWIDTH 6 0
BBX 6 12 0 -2
BITMAP
00
10
28
3C
4C
EC
F8
D8
48
30
78
00
ENDCHAR
STARTCHAR uni1F9A5
ENCODING 129445
SWIDTH 500 0
DWIDTH 6 0
BBX 6 12 0 -2
BITMAP
00
8C
FC
AC
BC
7C
48
5C
5C
38
00
00
ENDCHAR
STARTCHAR uni1F9A6
ENCODING 129446
SWIDTH 500 0
DWIDTH 6 0
BBX 6 12 0 -2
BITMAP
00
00
00
08
3C
44
5C
78
78
A0
00
00
ENDCHAR
STARTCHAR uni1F9A7
ENCODING 129447
SWIDTH 500 0
DWIDTH 6 0
BBX 6 12 0 -2
BITMAP
00
10
38
38
30
F8
F8
F4
F4
EC
30
00
ENDCHAR
STARTCHAR uni1F9A8
ENCODING 129448
SWIDTH 500 0
DWIDTH 6 0
BBX 6 12 0 -2
BITMAP
00
40
A0
A0
A0
80
C0
D8
64
38
58
00
ENDCHAR
STARTCHAR uni1F9A9
ENCODING 129449
SWIDTH 500 0
DWIDTH 6 0
BBX 6 12 0 -2
BITMAP
00
18
18
1C
7C
F0
F0
50
50
60
40
00
ENDCHAR
STARTCHAR uni1F9AA
ENCODING 129450
SWIDTH 500 0
DWIDTH 6 0
BBX 6 12 0 -2
BITMAP
00
20
78
78
68
78
B8
F4
FC
70
30
00
ENDCHAR
STARTCHAR uni1F9AB
ENCODING 129451
SWIDTH 500 0
DWIDTH 6 0
BBX 6 12 0 -2
BITMAP
00
00
18
18
3C
5C
5C
CC
E8
78
00
00
ENDCHAR
STARTCHAR uni1F9AC
ENCODING 129452
SWIDTH 500 0
DWIDTH 6 0
BBX 6 12 0 -2
BITMAP
00
00
00
68
5C
9C
B4
FC
F8
D8
48
00
ENDCHAR
STARTCHAR uni1F9AD
ENCODING 129453
SWIDTH 500 0
DWIDTH 6 0
BBX 6 12 0 -2
BITMAP
00
00
00
08
1C
BC
CC
E8
78
30
18
00
ENDCHAR
STARTCHAR uni1F9AE
ENCODING 129454
SWIDTH 500 0
DWIDTH 6 0
BBX 6 12 0 -2
BITMAP
00
00
98
FC
D4
FC
50
78
D8
48
00
00
ENDCHAR
STARTCHAR uni1F9AF
ENCODING 129455
SWIDTH 500 0
DWIDTH 6 0
BBX 6 12 0 -2
BITMAP
00
18
08
10
10
20
20
40
80
00
00
00
ENDCHAR
STARTCHAR uni1F9B4
ENCODING 129460
SWIDTH 500 0
DWIDTH 6 0
BBX 6 12 0 -2
BITMAP
00
CC
B4
84
84
48
48
48
8C
B4
CC
00
ENDCHAR
STARTCHAR uni1F9B5
ENCODING 129461
SWIDTH 500 0
DWIDTH 6 0
BBX 6 12 0 -2
BITMAP
00
70
50
48
58
70
70
30
30
4C
3C
00
ENDCHAR
STARTCHAR uni1F9B6
ENCODING 129462
SWIDTH 500 0
DWIDTH 6 0
BBX 6 12 0 -2
BITMAP
00
F0
B8
68
44
3C
24
28
68
68
30
00
ENDCHAR
STARTCHAR uni1F9B7
ENCODING 129463
SWIDTH 500 0
DWIDTH 6 0
BBX 6 12 0 -2
BITMAP
00
D8
A4
F4
88
88
48
68
68
78
70
00
ENDCHAR
STARTCHAR uni1F9B8
ENCODING 129464
SWIDTH 500 0
DWIDTH 6 0
BBX 6 12 0 -2
BITMAP
00
00
00
78
FC
78
DC
78
78
B4
FC
00
ENDCHAR
STARTCHAR uni1F9B9
ENCODING 129465
SWIDTH 500 0
DWIDTH 6 0
BBX 6 12 0 -2
BITMAP
00
00
00
78
CC
78
A4
58
48
30
FC
00
ENDCHAR
STARTCHAR uni1F9BA
ENCODING 129466
SWIDTH 500 0
DWIDTH 6 0
BBX 6 12 0 -2
BITMAP
00
00
70
70
70
A8
F8
A8
F8
F8
00
00
ENDCHAR
STARTCHAR uni1F9BB
ENCODING 129467
SWIDTH 500 0
DWIDTH 6 0
BBX 6 12 0 -2
BITMAP
00
78
AC
B4
8C
BC
6C
78
50
50
30
00
ENDCHAR
STARTCHAR uni1F9BC
ENCODING 129468
SWIDTH 500 0
DWIDTH 6 0
BBX 6 12 0 -2
BITMAP
00
40
58
70
58
78
A8
A8
70
00
00
00
ENDCHAR
STARTCHAR uni1F9BD
ENCODING 129469
SWIDTH 500 0
DWIDTH 6 0
BBX 6 12 0 -2
BITMAP
00
40
40
70
50
78
A8
A0
68
00
00
00
ENDCHAR
STARTCHAR uni1F9BE
ENCODING 129470
SWIDTH 500 0
DWIDTH 6 0
BBX 6 12 0 -2
BITMAP
00
E0
E0
E0
E0
C0
C0
D8
B4
DC
68
00
ENDCHAR
STARTCHAR uni1F9BF
ENCODING 129471
SWIDTH 500 0
DWIDTH 6 0
BBX 6 12 0 -2
BITMAP
00
70
70
48
78
30
30
30
70
7C
7C
00
ENDCHAR
STARTCHAR uni1F9C0
ENCODING 129472
SWIDTH 500 0
DWIDTH 6 0
BBX 6 12 0 -2
BITMAP
00
08
38
5C
FC
9C
E4
FC
FC
FC
1C
00
ENDCHAR
STARTCHAR uni1F9C1
ENCODING 129473
SWIDTH 500 0
DWIDTH 6 0
BBX 6 12 0 -2
BITMAP
00
30
30
30
68
7C
F8
FC
DC
78
78
00
ENDCHAR
STARTCHAR uni1F9C2
ENCODING 129474
SWIDTH 500 0
DWIDTH 6 0
BBX 6 12 0 -2
BITMAP
00
78
78
78
48
84
B4
A4
B4
84
78
00
ENDCHAR
STARTCHAR uni1F9C3
ENCODING 129475
SWIDTH 500 0
DWIDTH 6 0
BBX 6 12 0 -2
BITMAP
00
38
20
70
FC
BC
AC
DC
DC
EC
18
00
ENDCHAR
STARTCHAR uni1F9C4
ENCODING 129476
SWIDTH 500 0
DWIDTH 6 0
BBX 6 12 0 -2
BITMAP
00
30
30
30
38
78
F4
EC
E8
F8
30
00
ENDCHAR
STARTCHAR uni1F9C5
ENCODING 129477
SWIDTH 500 0
DWIDTH 6 0
BBX 6 12 0 -2
BITMAP
00
20
30
30
78
6C
EC
EC
EC
EC
38
00
ENDCHAR
STARTCHAR uni1F9C6
ENCODING 129478
SWIDTH 500 0
DWIDTH 6 0
BBX 6 12 0 -2
BITMAP
00
30
48
68
58
78
FC
BC
B4
FC
78
00
ENDCHAR
STARTCHAR uni1F9C7
ENCODING 129479
SWIDTH 500 0
DWIDTH 6 0
BBX 6 12 0 -2
BITMAP
00
78
DC
FC
DC
FC
DC
FC
DC
78
00
00
ENDCHAR
STARTCHAR uni1F9C8
ENCODING 129480
SWIDTH 500 0
DWIDTH 6 0
BBX 6 12 0 -2
BITMAP
00
00
30
4C
9C
F4
FC
B4
4C
70
00
00
ENDCHAR
STARTCHAR uni1F9C9
ENCODING 129481
SWIDTH 500 0
DWIDTH 6 0
BBX 6 12 0 -2
BITMAP
00
04
08
08
78
78
44
84
84
84
78
00
ENDCHAR
STARTCHAR uni1F9CA
ENCODING 129482
SWIDTH 500 0
DWIDTH 6 0
BBX 6 12 0 -2
BITMAP
00
20
58
84
EC
DC
DC
94
94
78
10
00
ENDCHAR
STARTCHAR uni1F9CB
ENCODING 129483
SWIDTH 500 0
DWIDTH 6 0
BBX 6 12 0 -2
BITMAP
00
08
10
10
FC
FC
84
98
E8
C8
78
00
ENDCHAR
STARTCHAR uni1F9CC
ENCODING 129484
SWIDTH 500 0
DWIDTH 6 0
BBX 6 12 0 -2
BITMAP
00
10
28
FC
FC
F8
F8
C8
C8
F8
B8
00
ENDCHAR
STARTCHAR uni1F9CD
ENCODING 129485
SWIDTH 500 0
DWIDTH 6 0
BBX 6 12 0 -2
BITMAP
00
60
60
00
30
68
68
78
78
30
78
00
ENDCHAR
STARTCHAR uni1F9CE
ENCODING 129486
SWIDTH 500 0
DWIDTH 6 0
BBX 6 12 0 -2
BITMAP
00
30
30
00
20
30
30
30
30
E8
0C
00
ENDCHAR
STARTCHAR uni1F9CF
ENCODING 129487
SWIDTH 500 0
DWIDTH 6 0
BBX 6 12 0 -2
BITMAP
00
00
60
78
08
38
78
B8
68
48
78
00
ENDCHAR
STARTCHAR uni1F9D0
ENCODING 129488
SWIDTH 500 0
DWIDTH 6 0
BBX 6 12 0 -2
BITMAP
00
30
48
8C
54
94
8C
FC
84
4C
34
00
ENDCHAR
STARTCHAR uni1F9D1
ENCODING 129489
SWIDTH 500 0
DWIDTH 6 0
BBX 6 12 0 -2
BITMAP
00
00
00
78
FC
68
DC
78
30
38
FC
00
ENDCHAR
STARTCHAR uni1F9D2
ENCODING 129490
SWIDTH 500 0
DWIDTH 6 0
BBX 6 12 0 -2
BITMAP
00
00
00
78
FC
78
DC
78
30
38
FC
00
ENDCHAR
STARTCHAR uni1F9D3
ENCODING 129491
SWIDTH 500 0
DWIDTH 6 0
BBX 6 12 0 -2
BITMAP
00
00
20
78
84
48
DC
78
30
38
FC
00
ENDCHAR
STARTCHAR uni1F9D4
ENCODING 129492
SWIDTH 500 0
DWIDTH 6 0
BBX 6 12 0 -2
BITMAP
00
00
00
78
FC
68
C4
78
30
38
FC
00
ENDCHAR
STARTCHAR uni1F9D5
ENCODING 129493
SWIDTH 500 0
DWIDTH 6 0
BBX 6 12 0 -2
BITMAP
00
78
84
B4
84
48
30
48
B4
FC
00
00
ENDCHAR
STARTCHAR uni1F9D6
ENCODING 129494
SWIDTH 500 0
DWIDTH 6 0
BBX 6 12 0 -2
BITMAP
00
48
C8
E8
60
20
20
78
78
FC
48
00
ENDCHAR
STARTCHAR uni1F9D7
ENCODING 129495
SWIDTH 500 0
DWIDTH 6 0
BBX 6 12 0 -2
BITMAP
00
04
68
68
3C
38
24
38
4C
8C
84
00
ENDCHAR
STARTCHAR uni1F9D8
ENCODING 129496
SWIDTH 500 0
DWIDTH 6 0
BBX 6 12 0 -2
BITMAP
00
60
60
30
30
30
78
FC
DC
E4
78
00
ENDCHAR
STARTCHAR uni1F9D9
ENCODING 129497
SWIDTH 500 0
DWIDTH 6 0
BBX 6 12 0 -2
BITMAP
20
38
48
48
F4
F4
6C
FC
5C
54
AC
20
ENDCHAR
STARTCHAR uni1F9DA
ENCODING 129498
SWIDTH 500 0
DWIDTH 6 0
BBX 6 12 0 -2
BITMAP
00
80
F0
F8
F4
7C
78
B4
78
38
40
00
ENDCHAR
STARTCHAR uni1F9DB
ENCODING 129499
SWIDTH 500 0
DWIDTH 6 0
BBX 6 12 0 -2
BITMAP
00
00
00
78
FC
68
FC
78
78
58
DC
00
ENDCHAR
STARTCHAR uni1F9DC
ENCODING 129500
SWIDTH 500 0
DWIDTH 6 0
BBX 6 12 0 -2
BITMAP
00
70
70
70
FC
48
78
30
70
78
2C
00
ENDCHAR
STARTCHAR uni1F9DD
ENCODING 129501
SWIDTH 500 0
DWIDTH 6 0
BBX 6 12 0 -2
BITMAP
00
20
58
FC
FC
EC
DC
78
30
38
FC
00
ENDCHAR
STARTCHAR uni1F9DE
ENCODING 129502
SWIDTH 500 0
DWIDTH 6 0
BBX 6 12 0 -2
BITMAP
00
30
78
70
30
78
68
58
30
60
30
00
ENDCHAR
STARTCHAR uni1F9DF
ENCODING 129503
SWIDTH 500 0
DWIDTH 6 0
BBX 6 12 0 -2
BITMAP
00
70
78
78
38
FC
C8
F0
70
50
98
00
ENDCHAR
STARTCHAR uni1F9E0
ENCODING 129504
SWIDTH 500 0
DWIDTH 6 0
BBX 6 12 0 -2
BITMAP
00
00
78
6C
FC
EC
BC
E8
78
00
00
00
ENDCHAR
STARTCHAR uni1F9E1
ENCODING 129505
SWIDTH 500 0
DWIDTH 6 0
BBX 6 12 0 -2
BITMAP
00
00
50
F8
A8
D8
A8
50
20
00
00
00
ENDCHAR
STARTCHAR uni1F9E2
ENCODING 129506
SWIDTH 500 0
DWIDTH 6 0
BBX 6 12 0 -2
BITMAP
00
00
00
20
70
A8
A8
F0
38
00
00
00
ENDCHAR
STARTCHAR uni1F9E3
ENCODING 129507
SWIDTH 500 0
DWIDTH 6 0
BBX 6 12 0 -2
BITMAP
00
00
F8
88
F8
F0
F0
F0
F0
30
30
00
ENDCHAR
STARTCHAR uni1F9E4
ENCODING 129508
SWIDTH 500 0
DWIDTH 6 0
BBX 6 12 0 -2
BITMAP
00
00
C0
E0
F0
B8
B8
A8
E8
28
30
00
ENDCHAR
STARTCHAR uni1F9E5
ENCODING 129509
SWIDTH 500 0
DWIDTH 6 0
BBX 6 12 0 -2
BITMAP
00
00
70
78
A8
A8
F8
F8
70
70
70
00
ENDCHAR
STARTCHAR uni1F9E6
ENCODING 129510
SWIDTH 500 0
DWIDTH 6 0
BBX 6 12 0 -2
BITMAP
00
00
E0
E0
B8
B8
D8
D8
18
30
30
00
ENDCHAR
STARTCHAR uni1F9E7
ENCODING 129511
SWIDTH 500 0
DWIDTH 6 0
BBX 6 12 0 -2
BITMAP
00
F8
88
50
A8
88
A8
88
F8
00
00
00
ENDCHAR
STARTCHAR uni1F9E8
ENCODING 129512
SWIDTH 500 0
DWIDTH 6 0
BBX 6 12 0 -2
BITMAP
10
28
20
70
50
70
70
50
70
00
00
00
ENDCHAR
STARTCHAR uni1F9E9
ENCODING 129513
SWIDTH 500 0
DWIDTH 6 0
BBX 6 12 0 -2
BITMAP
00
20
70
20
70
38
70
50
00
00
00
00
ENDCHAR
STARTCHAR uni1F9EA
ENCODING 129514
SWIDTH 500 0
DWIDTH 6 0
BBX 6 12 0 -2
BITMAP
00
70
50
50
50
70
50
50
20
00
00
00
ENDCHAR
STARTCHAR uni1F9EB
ENCODING 129515
SWIDTH 500 0
DWIDTH 6 0
BBX 6 12 0 -2
BITMAP
00
00
70
A8
88
F8
88
70
00
00
00
00
ENDCHAR
STARTCHAR uni1F9EC
ENCODING 129516
SWIDTH 500 0
DWIDTH 6 0
BBX 6 12 0 -2
BITMAP
88
70
20
70
88
F8
88
70
20
50
00
00
ENDCHAR
STARTCHAR uni1F9ED
ENCODING 129517
SWIDTH 500 0
DWIDTH 6 0
BBX 6 12 0 -2
BITMAP
00
50
70
70
70
70
58
B4
B4
68
70
00
ENDCHAR
STARTCHAR uni1F9EE
ENCODING 129518
SWIDTH 500 0
DWIDTH 6 0
BBX 6 12 0 -2
BITMAP
00
F8
E8
88
B8
88
E8
F8
00
00
00
00
ENDCHAR
STARTCHAR uni1F9EF
ENCODING 129519
SWIDTH 500 0
DWIDTH 6 0
BBX 6 12 0 -2
BITMAP
00
00
30
70
F0
D0
F0
D0
D0
50
70
00
ENDCHAR
STARTCHAR uni1F9F0
ENCODING 129520
SWIDTH 500 0
DWIDTH 6 0
BBX 6 12 0 -2
BITMAP
00
70
50
F8
88
F8
A8
88
F8
00
00
00
ENDCHAR
STARTCHAR uni1F9F1
ENCODING 129521
SWIDTH 500 0
DWIDTH 6 0
BBX 6 12 0 -2
BITMAP
00
00
10
78
BC
FC
A4
6C
30
00
00
00
ENDCHAR
STARTCHAR uni1F9F2
ENCODING 129522
SWIDTH 500 0
DWIDTH 6 0
BBX 6 12 0 -2
BITMAP
00
88
88
00
88
88
88
70
00
00
00
00
ENDCHAR
STARTCHAR uni1F9F3
ENCODING 129523
SWIDTH 500 0
DWIDTH 6 0
BBX 6 12 0 -2
BITMAP
00
30
30
78
84
B4
B4
B4
B4
84
78
00
ENDCHAR
STARTCHAR uni1F9F4
ENCODING 129524
SWIDTH 500 0
DWIDTH 6 0
BBX 6 12 0 -2
BITMAP
00
00
38
28
70
50
70
50
70
50
70
00
ENDCHAR
STARTCHAR uni1F9F5
ENCODING 129525
SWIDTH 500 0
DWIDTH 6 0
BBX 6 12 0 -2
BITMAP
00
70
20
70
50
70
58
70
08
00
00
00
ENDCHAR
STARTCHAR uni1F9F6
ENCODING 129526
SWIDTH 500 0
DWIDTH 6 0
BBX 6 12 0 -2
BITMAP
00
70
D8
A8
D8
70
20
68
18
00
00
00
ENDCHAR
STARTCHAR uni1F9F7
ENCODING 129527
SWIDTH 500 0
DWIDTH 6 0
BBX 6 12 0 -2
BITMAP
00
18
18
28
28
48
48
C8
A8
90
60
00
ENDCHAR
STARTCHAR uni1F9F8
ENCODING 129528
SWIDTH 500 0
DWIDTH 6 0
BBX 6 12 0 -2
BITMAP
88
F8
A8
D8
70
F8
A8
70
D8
88
00
00
ENDCHAR
STARTCHAR uni1F9F9
ENCODING 129529
SWIDTH 500 0
DWIDTH 6 0
BBX 6 12 0 -2
BITMAP
00
10
10
10
20
20
60
60
60
F0
F0
00
ENDCHAR
STARTCHAR uni1F9FA
ENCODING 129530
SWIDTH 500 0
DWIDTH 6 0
BBX 6 12 0 -2
BITMAP
00
20
50
88
88
F8
F8
A8
70
70
70
00
ENDCHAR
STARTCHAR uni1F9FB
ENCODING 129531
SWIDTH 500 0
DWIDTH 6 0
BBX 6 12 0 -2
BITMAP
00
00
60
F0
F8
B8
B8
B8
B8
78
38
00
ENDCHAR
STARTCHAR uni1F9FC
ENCODING 129532
SWIDTH 500 0
DWIDTH 6 0
BBX 6 12 0 -2
BITMAP
00
00
E0
F0
00
70
88
88
F8
70
00
00
ENDCHAR
STARTCHAR uni1F9FD
ENCODING 129533
SWIDTH 500 0
DWIDTH 6 0
BBX 6 12 0 -2
BITMAP
00
00
00
50
A8
E8
98
C8
A8
78
00
00
ENDCHAR
STARTCHAR uni1F9FE
ENCODING 129534
SWIDTH 500 0
DWIDTH 6 0
BBX 6 12 0 -2
BITMAP
00
A8
D8
88
F8
F8
88
F8
F8
D8
A8
00
ENDCHAR
STARTCHAR uni1F9FF
ENCODING 129535
SWIDTH 500 0
DWIDTH 6 0
BBX 6 12 0 -2
BITMAP
00
00
70
88
88
A8
88
88
70
00
00
00
ENDCHAR
STARTCHAR uni1FA70
ENCODING 129648
SWIDTH 500 0
DWIDTH 6 0
BBX 6 12 0 -2
BITMAP
00
50
50
30
30
70
78
A8
A8
B0
40
00
ENDCHAR
STARTCHAR uni1FA71
ENCODING 129649
SWIDTH 500 0
DWIDTH 6 0
BBX 6 12 0 -2
BITMAP
00
00
50
70
70
50
50
48
88
50
20
00
ENDCHAR
STARTCHAR uni1FA72
ENCODING 129650
SWIDTH 500 0
DWIDTH 6 0
BBX 6 12 0 -2
BITMAP
00
00
00
00
F8
88
F8
50
50
20
00
00
ENDCHAR
STARTCHAR uni1FA73
ENCODING 129651
SWIDTH 500 0
DWIDTH 6 0
BBX 6 12 0 -2
BITMAP
00
00
00
F8
F8
88
A8
A8
A8
F8
00
00
ENDCHAR
STARTCHAR uni1FA74
ENCODING 129652
SWIDTH 500 0
DWIDTH 6 0
BBX 6 12 0 -2
BITMAP
00
20
50
88
D8
D8
A8
A8
A8
50
20
00
ENDCHAR
STARTCHAR uni1FA75
ENCODING 129653
SWIDTH 500 0
DWIDTH 6 0
BBX 6 12 0 -2
BITMAP
00
00
50
A8
A8
88
A8
50
20
00
00
00
ENDCHAR
STARTCHAR uni1FA76
ENCODING 129654
SWIDTH 500 0
DWIDTH 6 0
BBX 6 12 0 -2
BITMAP
00
00
50
F8
A8
D8
A8
50
20
00
00
00
ENDCHAR
STARTCHAR uni1FA77
ENCODING 129655
SWIDTH 500 0
DWIDTH 6 0
BBX 6 12 0 -2
BITMAP
00
00
50
A8
A8
88
A8
50
20
00
00
00
ENDCHAR
STARTCHAR uni1FA78
ENCODING 129656
SWIDTH 500 0
DWIDTH 6 0
BBX 6 12 0 -2
BITMAP
00
20
20
70
70
70
F8
B8
B8
B8
70
00
ENDCHAR
STARTCHAR uni1FA79
ENCODING 129657
SWIDTH 500 0
DWIDTH 6 0
BBX 6 12 0 -2
BITMAP
00
00
70
D8
88
F8
D8
F8
88
D8
70
00
ENDCHAR
STARTCHAR uni1FA7A
ENCODING 129658
SWIDTH 500 0
DWIDTH 6 0
BBX 6 12 0 -2
BITMAP
00
00
F0
90
90
90
78
38
28
38
20
00
ENDCHAR
STARTCHAR uni1FA7B
ENCODING 129659
SWIDTH 500 0
DWIDTH 6 0
BBX 6 12 0 -2
BITMAP
00
F8
D8
88
D8
88
D8
88
D8
F8
00
00
ENDCHAR
STARTCHAR uni1FA7C
ENCODING 129660
SWIDTH 500 0
DWIDTH 6 0
BBX 6 12 0 -2
BITMAP
00
00
F8
50
50
70
50
20
20
20
20
00
ENDCHAR
STARTCHAR uni1FA80
ENCODING 129664
SWIDTH 500 0
DWIDTH 6 0
BBX 6 12 0 -2
BITMAP
00
60
90
40
70
D8
A8
70
00
00
00
00
ENDCHAR
STARTCHAR uni1FA81
ENCODING 129665
SWIDTH 500 0
DWIDTH 6 0
BBX 6 12 0 -2
BITMAP
00
20
50
B8
70
20
40
30
10
00
00
00
ENDCHAR
STARTCHAR uni1FA82
ENCODING 129666
SWIDTH 500 0
DWIDTH 6 0
BBX 6 12 0 -2
BITMAP
70
A8
F8
88
50
50
20
70
20
50
00
00
ENDCHAR
STARTCHAR uni1FA83
ENCODING 129667
SWIDTH 500 0
DWIDTH 6 0
BBX 6 12 0 -2
BITMAP
00
00
30
78
78
CC
CC
84
00
00
00
00
ENDCHAR
STARTCHAR uni1FA84
ENCODING 129668
SWIDTH 500 0
DWIDTH 6 0
BBX 6 12 0 -2
BITMAP
00
10
38
10
20
20
40
40
80
00
00
00
ENDCHAR
STARTCHAR uni1FA85
ENCODING 129669
SWIDTH 500 0
DWIDTH 6 0
BBX 6 12 0 -2
BITMAP
00
20
40
60
E8
F8
D8
50
50
00
00
00
ENDCHAR
STARTCHAR uni1FA86
ENCODING 129670
SWIDTH 500 0
DWIDTH 6 0
BBX 6 12 0 -2
BITMAP
00
70
50
70
D8
A8
D8
88
70
00
00
00
ENDCHAR
STARTCHAR uni1FA87
ENCODING 129671
SWIDTH 500 0
DWIDTH 6 0
BBX 6 12 0 -2
BITMAP
00
00
40
B0
E8
B8
68
50
30
20
20
00
ENDCHAR
STARTCHAR uni1FA88
ENCODING 129672
SWIDTH 500 0
DWIDTH 6 0
BBX 6 12 0 -2
BITMAP
00
70
58
50
70
50
70
50
70
50
70
00
ENDCHAR
STARTCHAR uni1FA89
ENCODING 129673
SWIDTH 500 0
DWIDTH 6 0
BBX 6 12 0 -2
BITMAP
00
C0
A0
98
A8
58
58
58
38
38
00
00
ENDCHAR
STARTCHAR uni1FA8A
ENCODING 129674
SWIDTH 500 0
DWIDTH 6 0
BBX 6 12 0 -2
BITMAP
00
00
00
08
08
F8
F8
D8
D8
F8
F0
00
ENDCHAR
STARTCHAR uni1FA8E
ENCODING 129678
SWIDTH 500 0
DWIDTH 6 0
BBX 6 12 0 -2
BITMAP
00
00
70
88
88
F8
F8
F8
F8
D8
F8
00
ENDCHAR
STARTCHAR uni1FA8F
ENCODING 129679
SWIDTH 500 0
DWIDTH 6 0
BBX 6 12 0 -2
BITMAP
70
50
20
20
20
F8
88
70
20
00
00
00
ENDCHAR
STARTCHAR uni1FA90
ENCODING 129680
SWIDTH 500 0
DWIDTH 6 0
BBX 6 12 0 -2
BITMAP
00
00
30
48
48
CC
DC
F8
70
00
00
00
ENDCHAR
STARTCHAR uni1FA91
ENCODING 129681
SWIDTH 500 0
DWIDTH 6 0
BBX 6 12 0 -2
BITMAP
00
70
50
50
50
F8
88
F8
50
50
00
00
ENDCHAR
STARTCHAR uni1FA92
ENCODING 129682
SWIDTH 500 0
DWIDTH 6 0
BBX 6 12 0 -2
BITMAP
00
00
F8
F8
F8
30
30
30
30
30
30
00
ENDCHAR
STARTCHAR uni1FA93
ENCODING 129683
SWIDTH 500 0
DWIDTH 6 0
BBX 6 12 0 -2
BITMAP
00
20
78
78
38
20
40
40
80
00
00
00
ENDCHAR
STARTCHAR uni1FA94
ENCODING 129684
SWIDTH 500 0
DWIDTH 6 0
BBX 6 12 0 -2
BITMAP
00
00
10
30
28
28
30
F8
90
50
20
00
ENDCHAR
STARTCHAR uni1FA95
ENCODING 129685
SWIDTH 500 0
DWIDTH 6 0
BBX 6 12 0 -2
BITMAP
00
38
10
10
30
20
60
F0
F0
F0
60
00
ENDCHAR
STARTCHAR uni1FA96
ENCODING 129686
SWIDTH 500 0
DWIDTH 6 0
BBX 6 12 0 -2
BITMAP
00
00
00
20
50
88
88
F8
50
70
00
00
ENDCHAR
STARTCHAR uni1FA97
ENCODING 129687
SWIDTH 500 0
DWIDTH 6 0
BBX 6 12 0 -2
BITMAP
00
18
E8
A8
E8
A8
E8
A8
E8
C0
00
00
ENDCHAR
STARTCHAR uni1FA98
ENCODING 129688
SWIDTH 500 0
DWIDTH 6 0
BBX 6 12 0 -2
BITMAP
00
70
88
88
F8
50
70
70
50
70
F8
00
ENDCHAR
STARTCHAR uni1FA99
ENCODING 129689
SWIDTH 500 0
DWIDTH 6 0
BBX 6 12 0 -2
BITMAP
00
00
70
88
A8
A8
A8
88
70
00
00
00
ENDCHAR
STARTCHAR uni1FA9A
ENCODING 129690
SWIDTH 500 0
DWIDTH 6 0
BBX 6 12 0 -2
BITMAP
00
18
28
38
70
60
E0
C0
80
00
00
00
ENDCHAR
STARTCHAR uni1FA9B
ENCODING 129691
SWIDTH 500 0
DWIDTH 6 0
BBX 6 12 0 -2
BITMAP
00
20
20
20
20
70
50
50
70
00
00
00
ENDCHAR
STARTCHAR uni1FA9C
ENCODING 129692
SWIDTH 500 0
DWIDTH 6 0
BBX 6 12 0 -2
BITMAP
50
70
50
70
50
70
50
70
50
00
00
00
ENDCHAR
STARTCHAR uni1FA9D
ENCODING 129693
SWIDTH 500 0
DWIDTH 6 0
BBX 6 12 0 -2
BITMAP
00
20
50
20
20
10
88
88
70
00
00
00
ENDCHAR
STARTCHAR uni1FA9E
ENCODING 129694
SWIDTH 500 0
DWIDTH 6 0
BBX 6 12 0 -2
BITMAP
00
70
88
98
A8
C8
88
70
20
20
70
00
ENDCHAR
STARTCHAR uni1FA9F
ENCODING 129695
SWIDTH 500 0
DWIDTH 6 0
BBX 6 12 0 -2
BITMAP
00
F8
A8
A8
A8
F8
A8
A8
A8
F8
00
00
ENDCHAR
STARTCHAR uni1FAA0
ENCODING 129696
SWIDTH 500 0
DWIDTH 6 0
BBX 6 12 0 -2
BITMAP
00
20
20
20
20
20
20
70
50
88
F8
00
ENDCHAR
STARTCHAR uni1FAA1
ENCODING 129697
SWIDTH 500 0
DWIDTH 6 0
BBX 6 12 0 -2
BITMAP
00
58
B8
50
20
20
40
40
80
00
00
00
ENDCHAR
STARTCHAR uni1FAA2
ENCODING 129698
SWIDTH 500 0
DWIDTH 6 0
BBX 6 12 0 -2
BITMAP
00
88
50
70
A8
70
50
88
00
00
00
00
ENDCHAR
STARTCHAR uni1FAA3
ENCODING 129699
SWIDTH 500 0
DWIDTH 6 0
BBX 6 12 0 -2
BITMAP
00
00
20
50
88
F8
F8
88
50
50
70
00
ENDCHAR
STARTCHAR uni1FAA4
ENCODING 129700
SWIDTH 500 0
DWIDTH 6 0
BBX 6 12 0 -2
BITMAP
00
00
00
70
50
C8
D8
F8
B8
88
F8
00
ENDCHAR
STARTCHAR uni1FAA5
ENCODING 129701
SWIDTH 500 0
DWIDTH 6 0
BBX 6 12 0 -2
BITMAP
00
30
38
38
38
20
20
20
20
20
20
00
ENDCHAR
STARTCHAR uni1FAA6
ENCODING 129702
SWIDTH 500 0
DWIDTH 6 0
BBX 6 12 0 -2
BITMAP
00
20
50
48
F8
88
F8
88
E8
88
F8
00
ENDCHAR
STARTCHAR uni1FAA7
ENCODING 129703
SWIDTH 500 0
DWIDTH 6 0
BBX 6 12 0 -2
BITMAP
00
F8
88
F8
88
F8
88
F8
20
20
20
00
ENDCHAR
STARTCHAR uni1FAA8
ENCODING 129704
SWIDTH 500 0
DWIDTH 6 0
BBX 6 12 0 -2
BITMAP
00
00
30
48
78
A4
A4
64
18
00
00
00
ENDCHAR
STARTCHAR uni1FAA9
ENCODING 129705
SWIDTH 500 0
DWIDTH 6 0
BBX 6 12 0 -2
BITMAP
00
20
20
70
A8
F8
A8
70
00
00
00
00
ENDCHAR
STARTCHAR uni1FAAA
ENCODING 129706
SWIDTH 500 0
DWIDTH 6 0
BBX 6 12 0 -2
BITMAP
00
00
00
F8
C8
F8
F8
E8
F8
F8
00
00
ENDCHAR
STARTCHAR uni1FAAB
ENCODING 129707
SWIDTH 500 0
DWIDTH 6 0
BBX 6 12 0 -2
BITMAP
20
70
88
88
88
88
A8
88
F8
00
00
00
ENDCHAR
STARTCHAR uni1FAAC
ENCODING 129708
SWIDTH 500 0
DWIDTH 6 0
BBX 6 12 0 -2
BITMAP
00
20
A8
A8
A8
F8
88
A8
88
70
20
00
ENDCHAR
STARTCHAR uni1FAAD
ENCODING 129709
SWIDTH 500 0
DWIDTH 6 0
BBX 6 12 0 -2
BITMAP
00
00
70
F8
F8
F8
F0
70
70
20
20
00
ENDCHAR
STARTCHAR uni1FAAE
ENCODING 129710
SWIDTH 500 0
DWIDTH 6 0
BBX 6 12 0 -2
BITMAP
00
00
E8
E8
E8
E8
F8
F8
60
60
60
00
ENDCHAR
STARTCHAR uni1FAAF
ENCODING 129711
SWIDTH 500 0
DWIDTH 6 0
BBX 6 12 0 -2
BITMAP
20
70
A8
A8
70
A8
50
A8
20
00
00
00
ENDCHAR
STARTCHAR uni1FAB0
ENCODING 129712
SWIDTH 500 0
DWIDTH 6 0
BBX 6 12 0 -2
BITMAP
00
00
FC
78
78
84
B4
CC
B4
FC
48
00
ENDCHAR
STARTCHAR uni1FAB1
ENCODING 129713
SWIDTH 500 0
DWIDTH 6 0
BBX 6 12 0 -2
BITMAP
00
0C
0C
3C
74
68
B0
C8
F8
78
38
00
ENDCHAR
STARTCHAR uni1FAB2
ENCODING 129714
SWIDTH 500 0
DWIDTH 6 0
BBX 6 12 0 -2
BITMAP
00
48
48
78
FC
68
68
EC
68
68
B4
00
ENDCHAR
STARTCHAR uni1FAB3
ENCODING 129715
SWIDTH 500 0
DWIDTH 6 0
BBX 6 12 0 -2
BITMAP
00
84
48
78
FC
38
78
FC
78
78
FC
00
ENDCHAR
STARTCHAR uni1FAB4
ENCODING 129716
SWIDTH 500 0
DWIDTH 6 0
BBX 6 12 0 -2
BITMAP
00
10
30
A0
60
2C
38
20
78
48
30
00
ENDCHAR
STARTCHAR uni1FAB5
ENCODING 129717
SWIDTH 500 0
DWIDTH 6 0
BBX 6 12 0 -2
BITMAP
00
10
78
C4
9C
EC
BC
D4
DC
B8
60
00
ENDCHAR
STARTCHAR uni1FAB6
ENCODING 129718
SWIDTH 500 0
DWIDTH 6 0
BBX 6 12 0 -2
BITMAP
00
18
28
28
58
78
78
78
70
60
80
00
ENDCHAR
STARTCHAR uni1FAB7
ENCODING 129719
SWIDTH 500 0
DWIDTH 6 0
BBX 6 12 0 -2
BITMAP
00
00
20
B8
C8
DC
F8
78
10
00
00
00
ENDCHAR
STARTCHAR uni1FAB8
ENCODING 129720
SWIDTH 500 0
DWIDTH 6 0
BBX 6 12 0 -2
BITMAP
20
24
FC
EC
CC
C8
DC
A4
68
30
78
00
ENDCHAR
STARTCHAR uni1FAB9
ENCODING 129721
SWIDTH 500 0
DWIDTH 6 0
BBX 6 12 0 -2
BITMAP
00
00
00
00
00
00
78
84
FC
7C
70
00
ENDCHAR
STARTCHAR uni1FABA
ENCODING 129722
SWIDTH 500 0
DWIDTH 6 0
BBX 6 12 0 -2
BITMAP
00
00
00
00
30
30
F8
F4
FC
7C
70
00
ENDCHAR
STARTCHAR uni1FABB
ENCODING 129723
SWIDTH 500 0
DWIDTH 6 0
BBX 6 12 0 -2
BITMAP
00
30
38
78
38
78
FC
78
58
30
30
00
ENDCHAR
STARTCHAR uni1FABC
ENCODING 129724
SWIDTH 500 0
DWIDTH 6 0
BBX 6 12 0 -2
BITMAP
00
30
48
84
84
D4
A8
A8
54
54
A8
00
ENDCHAR
STARTCHAR uni1FABD
ENCODING 129725
SWIDTH 500 0
DWIDTH 6 0
BBX 6 12 0 -2
BITMAP
00
14
1C
2C
2C
5C
68
B8
F8
B0
40
00
ENDCHAR
STARTCHAR uni1FABE
ENCODING 129726
SWIDTH 500 0
DWIDTH 6 0
BBX 6 12 0 -2
BITMAP
00
08
68
6C
F0
64
6C
30
20
20
78
00
ENDCHAR
STARTCHAR uni1FABF
ENCODING 129727
SWIDTH 500 0
DWIDTH 6 0
BBX 6 12 0 -2
BITMAP
00
18
1C
1C
18
18
B8
F8
F8
30
78
00
ENDCHAR
STARTCHAR uni1FAC0
ENCODING 129728
SWIDTH 500 0
DWIDTH 6 0
BBX 6 12 0 -2
BITMAP
00
30
70
7C
78
64
B4
5C
38
10
00
00
ENDCHAR
STARTCHAR uni1FAC1
ENCODING 129729
SWIDTH 500 0
DWIDTH 6 0
BBX 6 12 0 -2
BITMAP
00
20
20
30
78
28
B4
B4
B4
FC
48
00
ENDCHAR
STARTCHAR uni1FAC2
ENCODING 129730
SWIDTH 500 0
DWIDTH 6 0
BBX 6 12 0 -2
BITMAP
00
58
F8
58
70
30
B4
84
CC
78
38
00
ENDCHAR
STARTCHAR uni1FAC3
ENCODING 129731
SWIDTH 500 0
DWIDTH 6 0
BBX 6 12 0 -2
BITMAP
00
60
70
60
50
78
A4
9C
44
78
78
00
ENDCHAR
STARTCHAR uni1FAC4
ENCODING 129732
SWIDTH 500 0
DWIDTH 6 0
BBX 6 12 0 -2
BITMAP
00
60
50
60
70
78
A4
9C
44
78
78
00
ENDCHAR
STARTCHAR uni1FAC5
ENCODING 129733
SWIDTH 500 0
DWIDTH 6 0
BBX 6 12 0 -2
BITMAP
20
B4
CC
78
FC
68
DC
78
30
38
FC
00
ENDCHAR
STARTCHAR uni1FAC6
ENCODING 129734
SWIDTH 500 0
DWIDTH 6 0
BBX 6 12 0 -2
BITMAP
00
30
48
B4
B4
BC
BC
AC
94
90
10
00
ENDCHAR
STARTCHAR uni1FAC8
ENCODING 129736
SWIDTH 500 0
DWIDTH 6 0
BBX 6 12 0 -2
BITMAP
00
30
78
68
70
78
F8
C8
FC
78
78
00
ENDCHAR
STARTCHAR uni1FACD
ENCODING 129741
SWIDTH 500 0
DWIDTH 6 0
BBX 6 12 0 -2
BITMAP
00
10
10
10
70
F0
D4
D4
98
10
10
00
ENDCHAR
STARTCHAR uni1FACE
ENCODING 129742
SWIDTH 500 0
DWIDTH 6 0
BBX 6 12 0 -2
BITMAP
00
34
7C
3C
1C
9C
E4
98
78
D8
48
00
ENDCHAR
STARTCHAR uni1FACF
ENCODING 129743
SWIDTH 500 0
DWIDTH 6 0
BBX 6 12 0 -2
BITMAP
00
18
18
18
18
FC
18
48
78
D8
48
00
ENDCHAR
STARTCHAR uni1FAD0
ENCODING 129744
SWIDTH 500 0
DWIDTH 6 0
BBX 6 12 0 -2
BITMAP
00
30
68
78
78
EC
FC
B4
A4
78
00
00
ENDCHAR
STARTCHAR uni1FAD1
ENCODING 129745
SWIDTH 500 0
DWIDTH 6 0
BBX 6 12 0 -2
BITMAP
00
10
20
78
B4
AC
AC
AC
68
68
58
00
ENDCHAR
STARTCHAR uni1FAD2
ENCODING 129746
SWIDTH 500 0
DWIDTH 6 0
BBX 6 12 0 -2
BITMAP
00
08
3C
74
FC
70
70
28
28
68
50
00
ENDCHAR
STARTCHAR uni1FAD3
ENCODING 129747
SWIDTH 500 0
DWIDTH 6 0
BBX 6 12 0 -2
BITMAP
00
00
30
58
EC
84
DC
A8
58
30
00
00
ENDCHAR
STARTCHAR uni1FAD4
ENCODING 129748
SWIDTH 500 0
DWIDTH 6 0
BBX 6 12 0 -2
BITMAP
00
10
18
78
7C
BC
D4
B8
58
60
60
00
ENDCHAR
STARTCHAR uni1FAD5
ENCODING 129749
SWIDTH 500 0
DWIDTH 6 0
BBX 6 12 0 -2
BITMAP
00
CC
CC
48
FC
FC
8C
48
78
78
78
00
ENDCHAR
STARTCHAR uni1FAD6
ENCODING 129750
SWIDTH 500 0
DWIDTH 6 0
BBX 6 12 0 -2
BITMAP
00
00
30
B0
A8
FC
4C
4C
48
48
30
00
ENDCHAR
STARTCHAR uni1FAD7
ENCODING 129751
SWIDTH 500 0
DWIDTH 6 0
BBX 6 12 0 -2
BITMAP
00
80
E0
F8
B4
6C
1C
08
0C
0C
08
00
ENDCHAR
STARTCHAR uni1FAD8
ENCODING 129752
SWIDTH 500 0
DWIDTH 6 0
BBX 6 12 0 -2
BITMAP
00
70
50
F0
F0
A0
48
0C
1C
2C
18
00
ENDCHAR
STARTCHAR uni1FAD9
ENCODING 129753
SWIDTH 500 0
DWIDTH 6 0
BBX 6 12 0 -2
BITMAP
00
78
78
48
FC
84
84
84
84
84
78
00
ENDCHAR
STARTCHAR uni1FADA
ENCODING 129754
SWIDTH 500 0
DWIDTH 6 0
BBX 6 12 0 -2
BITMAP
00
20
68
5C
D8
BC
DC
74
68
60
20
00
ENDCHAR
STARTCHAR uni1FADB
ENCODING 129755
SWIDTH 500 0
DWIDTH 6 0
BBX 6 12 0 -2
BITMAP
00
18
24
54
44
44
54
84
88
A8
70
00
ENDCHAR
STARTCHAR uni1FADC
ENCODING 129756
SWIDTH 500 0
DWIDTH 6 0
BBX 6 12 0 -2
BITMAP
00
0C
F8
78
30
70
A8
68
48
28
10
00
ENDCHAR
STARTCHAR uni1FADF
ENCODING 129759
SWIDTH 500 0
DWIDTH 6 0
BBX 6 12 0 -2
BITMAP
00
80
14
78
F8
78
B0
00
08
00
00
00
ENDCHAR
STARTCHAR uni1FAE0
ENCODING 129760
SWIDTH 500 0
DWIDTH 6 0
BBX 6 12 0 -2
BITMAP
00
30
48
84
48
8C
8C
F4
44
64
38
30
ENDCHAR
STARTCHAR uni1FAE1
ENCODING 129761
SWIDTH 500 0
DWIDTH 6 0
BBX 6 12 0 -2
BITMAP
00
30
7C
CC
48
8C
8C
FC
84
48
30
00
ENDCHAR
STARTCHAR uni1FAE2
ENCODING 129762
SWIDTH 500 0
DWIDTH 6 0
BBX 6 12 0 -2
BITMAP
00
30
48
CC
68
FC
D4
D4
D4
68
30
00
ENDCHAR
STARTCHAR uni1FAE3
ENCODING 129763
SWIDTH 500 0
DWIDTH 6 0
BBX 6 12 0 -2
BITMAP
00
30
C8
CC
C8
CC
F4
FC
C4
4C
34
00
ENDCHAR
STARTCHAR uni1FAE4
ENCODING 129764
SWIDTH 500 0
DWIDTH 6 0
BBX 6 12 0 -2
BITMAP
00
30
48
84
48
84
C4
B4
8C
48
30
00
ENDCHAR
STARTCHAR uni1FAE5
ENCODING 129765
SWIDTH 500 0
DWIDTH 6 0
BBX 6 12 0 -2
BITMAP
00
10
08
04
48
04
80
7C
80
40
20
00
ENDCHAR
STARTCHAR uni1FAE6
ENCODING 129766
SWIDTH 500 0
DWIDTH 6 0
BBX 6 12 0 -2
BITMAP
00
00
00
70
68
FC
78
10
00
00
00
00
ENDCHAR
STARTCHAR uni1FAE7
ENCODING 129767
SWIDTH 500 0
DWIDTH 6 0
BBX 6 12 0 -2
BITMAP
00
10
28
28
70
90
D0
90
90
78
38
00
ENDCHAR
STARTCHAR uni1FAE8
ENCODING 129768
SWIDTH 500 0
DWIDTH 6 0
BBX 6 12 0 -2
BITMAP
00
B0
48
84
48
84
D4
AC
84
48
34
00
ENDCHAR
STARTCHAR uni1FAE9
ENCODING 129769
SWIDTH 500 0
DWIDTH 6 0
BBX 6 12 0 -2
BITMAP
00
30
48
84
48
84
FC
FC
84
48
30
00
ENDCHAR
STARTCHAR uni1FAEA
ENCODING 129770
SWIDTH 500 0
DWIDTH 6 0
BBX 6 12 0 -2
BITMAP
00
30
48
C4
40
CC
FC
AC
84
48
30
00
ENDCHAR
STARTCHAR uni1FAEF
ENCODING 129775
SWIDTH 500 0
DWIDTH 6 0
BBX 6 12 0 -2
BITMAP
00
00
34
7C
4C
A4
F4
58
84
F8
10
00
ENDCHAR
STARTCHAR uni1FAF0
ENCODING 129776
SWIDTH 500 0
DWIDTH 6 0
BBX 6 12 0 -2
BITMAP
00
40
60
58
58
D8
B8
A4
78
48
78
00
ENDCHAR
STARTCHAR uni1FAF1
ENCODING 129777
SWIDTH 500 0
DWIDTH 6 0
BBX 6 12 0 -2
BITMAP
00
00
20
30
FC
FC
FC
DC
38
00
00
00
ENDCHAR
STARTCHAR uni1FAF2
ENCODING 129778
SWIDTH 500 0
DWIDTH 6 0
BBX 6 12 0 -2
BITMAP
00
00
10
30
FC
FC
FC
EC
70
00
00
00
ENDCHAR
STARTCHAR uni1FAF3
ENCODING 129779
SWIDTH 500 0
DWIDTH 6 0
BBX 6 12 0 -2
BITMAP
00
00
00
38
F4
BC
C8
34
0C
00
00
00
ENDCHAR
STARTCHAR uni1FAF4
ENCODING 129780
SWIDTH 500 0
DWIDTH 6 0
BBX 6 12 0 -2
BITMAP
00
00
00
0C
34
C8
BC
F4
38
00
00
00
ENDCHAR
STARTCHAR uni1FAF5
ENCODING 129781
SWIDTH 500 0
DWIDTH 6 0
BBX 6 12 0 -2
BITMAP
00
30
48
78
48
FC
4C
4C
78
48
78
00
ENDCHAR
STARTCHAR uni1FAF6
ENCODING 129782
SWIDTH 500 0
DWIDTH 6 0
BBX 6 12 0 -2
BITMAP
00
00
6C
94
84
84
48
B4
84
84
00
00
ENDCHAR
STARTCHAR uni1FAF7
ENCODING 129783
SWIDTH 500 0
DWIDTH 6 0
BBX 6 12 0 -2
BITMAP
00
60
60
70
F0
F0
B0
6C
7C
0C
00
00
ENDCHAR
STARTCHAR uni1FAF8
ENCODING 129784
SWIDTH 500 0
DWIDTH 6 0
BBX 6 12 0 -2
BITMAP
00
18
18
38
3C
3C
34
D8
F8
C0
00
00
ENDCHAR
ENDFONT
