STARTFONT 2.1
FONT -misc-Terplus-Medium-R-Normal--22-220-72-72-C-110-ISO10646-1
SIZE 22 72 72
FONTBOUNDINGBOX 11 22 0 -5
STARTPROPERTIES 21
FONT_VERSION "1.0.2"
FAMILY_NAME "Terplus"
FOUNDRY "misc"
SETWIDTH_NAME "Normal"
ADD_STYLE_NAME ""
COPYRIGHT "Copyright (C) 2020 Dimitar Toshkov Zhekov, with Reserved Font Name 'Terminus Font'. Copyright (C) 2026 Stipe Kotarac, with Reserved Font Name 'Terplus'."
NOTICE "Licensed under the SIL Open Font License, Version 1.1"
WEIGHT_NAME "Medium"
SLANT "R"
PIXEL_SIZE 22
POINT_SIZE 220
RESOLUTION_X 72
RESOLUTION_Y 72
SPACING "C"
AVERAGE_WIDTH 110
CHARSET_REGISTRY "ISO10646"
CHARSET_ENCODING "1"
MIN_SPACE 11
FONT_ASCENT 17
FONT_DESCENT 5
DEFAULT_CHAR 65533
ENDPROPERTIES
CHARS 4233
STARTCHAR char0
ENCODING 0
SWIDTH 500 0
DWIDTH 11 0
BBX 11 22 0 -5
BITMAP
0000
0000
0000
7380
4080
4080
0000
0000
4080
4080
4080
4080
0000
0000
4080
4080
7380
0000
0000
0000
0000
0000
ENDCHAR
STARTCHAR space
ENCODING 32
SWIDTH 500 0
DWIDTH 11 0
BBX 11 22 0 -5
BITMAP
0000
0000
0000
0000
0000
0000
0000
0000
0000
0000
0000
0000
0000
0000
0000
0000
0000
0000
0000
0000
0000
0000
ENDCHAR
STARTCHAR exclam
ENCODING 33
SWIDTH 500 0
DWIDTH 11 0
BBX 11 22 0 -5
BITMAP
0000
0000
0000
0400
0400
0400
0400
0400
0400
0400
0400
0400
0000
0000
0400
0400
0400
0000
0000
0000
0000
0000
ENDCHAR
STARTCHAR quotedbl
ENCODING 34
SWIDTH 500 0
DWIDTH 11 0
BBX 11 22 0 -5
BITMAP
0000
1100
1100
1100
1100
1100
0000
0000
0000
0000
0000
0000
0000
0000
0000
0000
0000
0000
0000
0000
0000
0000
ENDCHAR
STARTCHAR numbersign
ENCODING 35
SWIDTH 500 0
DWIDTH 11 0
BBX 11 22 0 -5
BITMAP
0000
0000
0000
1100
1100
1100
1100
7FC0
1100
1100
1100
1100
7FC0
1100
1100
1100
1100
0000
0000
0000
0000
0000
ENDCHAR
STARTCHAR dollar
ENCODING 36
SWIDTH 500 0
DWIDTH 11 0
BBX 11 22 0 -5
BITMAP
0000
0000
0400
0400
1F00
2480
4440
4400
4400
2400
1F00
0480
0440
0440
4440
2480
1F00
0400
0400
0000
0000
0000
ENDCHAR
STARTCHAR percent
ENCODING 37
SWIDTH 500 0
DWIDTH 11 0
BBX 11 22 0 -5
BITMAP
0000
0000
0000
3080
4880
4900
3100
0200
0200
0400
0400
0800
0800
1180
1240
2240
2180
0000
0000
0000
0000
0000
ENDCHAR
STARTCHAR ampersand
ENCODING 38
SWIDTH 500 0
DWIDTH 11 0
BBX 11 22 0 -5
BITMAP
0000
0000
0000
1E00
2100
2100
2100
1200
0C00
1400
2240
4140
4080
4080
4080
2140
1E40
0000
0000
0000
0000
0000
ENDCHAR
STARTCHAR quotesingle
ENCODING 39
SWIDTH 500 0
DWIDTH 11 0
BBX 11 22 0 -5
BITMAP
0000
0400
0400
0400
0400
0400
0000
0000
0000
0000
0000
0000
0000
0000
0000
0000
0000
0000
0000
0000
0000
0000
ENDCHAR
STARTCHAR parenleft
ENCODING 40
SWIDTH 500 0
DWIDTH 11 0
BBX 11 22 0 -5
BITMAP
0000
0000
0000
0200
0400
0800
0800
1000
1000
1000
1000
1000
1000
0800
0800
0400
0200
0000
0000
0000
0000
0000
ENDCHAR
STARTCHAR parenright
ENCODING 41
SWIDTH 500 0
DWIDTH 11 0
BBX 11 22 0 -5
BITMAP
0000
0000
0000
1000
0800
0400
0400
0200
0200
0200
0200
0200
0200
0400
0400
0800
1000
0000
0000
0000
0000
0000
ENDCHAR
STARTCHAR asterisk
ENCODING 42
SWIDTH 500 0
DWIDTH 11 0
BBX 11 22 0 -5
BITMAP
0000
0000
0000
0000
0000
0000
2080
1100
0A00
0400
7FC0
0400
0A00
1100
2080
0000
0000
0000
0000
0000
0000
0000
ENDCHAR
STARTCHAR plus
ENCODING 43
SWIDTH 500 0
DWIDTH 11 0
BBX 11 22 0 -5
BITMAP
0000
0000
0000
0000
0000
0000
0400
0400
0400
0400
7FC0
0400
0400
0400
0400
0000
0000
0000
0000
0000
0000
0000
ENDCHAR
STARTCHAR comma
ENCODING 44
SWIDTH 500 0
DWIDTH 11 0
BBX 11 22 0 -5
BITMAP
0000
0000
0000
0000
0000
0000
0000
0000
0000
0000
0000
0000
0000
0400
0400
0400
0400
0800
0000
0000
0000
0000
ENDCHAR
STARTCHAR hyphen
ENCODING 45
SWIDTH 500 0
DWIDTH 11 0
BBX 11 22 0 -5
BITMAP
0000
0000
0000
0000
0000
0000
0000
0000
0000
0000
7F80
0000
0000
0000
0000
0000
0000
0000
0000
0000
0000
0000
ENDCHAR
STARTCHAR period
ENCODING 46
SWIDTH 500 0
DWIDTH 11 0
BBX 11 22 0 -5
BITMAP
0000
0000
0000
0000
0000
0000
0000
0000
0000
0000
0000
0000
0000
0000
0400
0400
0400
0000
0000
0000
0000
0000
ENDCHAR
STARTCHAR slash
ENCODING 47
SWIDTH 500 0
DWIDTH 11 0
BBX 11 22 0 -5
BITMAP
0000
0000
0000
0080
0080
0100
0100
0200
0200
0400
0400
0800
0800
1000
1000
2000
2000
0000
0000
0000
0000
0000
ENDCHAR
STARTCHAR zero
ENCODING 48
SWIDTH 500 0
DWIDTH 11 0
BBX 11 22 0 -5
BITMAP
0000
0000
0000
1E00
2100
4080
4080
4180
4280
4480
4880
5080
6080
4080
4080
2100
1E00
0000
0000
0000
0000
0000
ENDCHAR
STARTCHAR one
ENCODING 49
SWIDTH 500 0
DWIDTH 11 0
BBX 11 22 0 -5
BITMAP
0000
0000
0000
0400
0C00
1400
2400
0400
0400
0400
0400
0400
0400
0400
0400
0400
3F80
0000
0000
0000
0000
0000
ENDCHAR
STARTCHAR two
ENCODING 50
SWIDTH 500 0
DWIDTH 11 0
BBX 11 22 0 -5
BITMAP
0000
0000
0000
1E00
2100
4080
4080
4080
0080
0100
0200
0400
0800
1000
2000
4000
7F80
0000
0000
0000
0000
0000
ENDCHAR
STARTCHAR three
ENCODING 51
SWIDTH 500 0
DWIDTH 11 0
BBX 11 22 0 -5
BITMAP
0000
0000
0000
1E00
2100
4080
0080
0080
0100
1E00
0100
0080
0080
0080
4080
2100
1E00
0000
0000
0000
0000
0000
ENDCHAR
STARTCHAR four
ENCODING 52
SWIDTH 500 0
DWIDTH 11 0
BBX 11 22 0 -5
BITMAP
0000
0000
0000
0080
0180
0280
0480
0880
1080
2080
4080
4080
4080
7F80
0080
0080
0080
0000
0000
0000
0000
0000
ENDCHAR
STARTCHAR five
ENCODING 53
SWIDTH 500 0
DWIDTH 11 0
BBX 11 22 0 -5
BITMAP
0000
0000
0000
7F80
4000
4000
4000
4000
7E00
0100
0080
0080
0080
4080
4080
2100
1E00
0000
0000
0000
0000
0000
ENDCHAR
STARTCHAR six
ENCODING 54
SWIDTH 500 0
DWIDTH 11 0
BBX 11 22 0 -5
BITMAP
0000
0000
0000
1F00
2000
4000
4000
4000
7E00
4100
4080
4080
4080
4080
4080
2100
1E00
0000
0000
0000
0000
0000
ENDCHAR
STARTCHAR seven
ENCODING 55
SWIDTH 500 0
DWIDTH 11 0
BBX 11 22 0 -5
BITMAP
0000
0000
0000
7F80
4080
4080
0080
0100
0100
0200
0200
0400
0400
0800
0800
0800
0800
0000
0000
0000
0000
0000
ENDCHAR
STARTCHAR eight
ENCODING 56
SWIDTH 500 0
DWIDTH 11 0
BBX 11 22 0 -5
BITMAP
0000
0000
0000
1E00
2100
4080
4080
4080
2100
1E00
2100
4080
4080
4080
4080
2100
1E00
0000
0000
0000
0000
0000
ENDCHAR
STARTCHAR nine
ENCODING 57
SWIDTH 500 0
DWIDTH 11 0
BBX 11 22 0 -5
BITMAP
0000
0000
0000
1E00
2100
4080
4080
4080
4080
4080
2080
1F80
0080
0080
0080
0100
3E00
0000
0000
0000
0000
0000
ENDCHAR
STARTCHAR colon
ENCODING 58
SWIDTH 500 0
DWIDTH 11 0
BBX 11 22 0 -5
BITMAP
0000
0000
0000
0000
0000
0000
0400
0400
0400
0000
0000
0000
0000
0400
0400
0400
0000
0000
0000
0000
0000
0000
ENDCHAR
STARTCHAR semicolon
ENCODING 59
SWIDTH 500 0
DWIDTH 11 0
BBX 11 22 0 -5
BITMAP
0000
0000
0000
0000
0000
0000
0400
0400
0400
0000
0000
0000
0000
0400
0400
0400
0400
0800
0000
0000
0000
0000
ENDCHAR
STARTCHAR less
ENCODING 60
SWIDTH 500 0
DWIDTH 11 0
BBX 11 22 0 -5
BITMAP
0000
0000
0000
0080
0100
0200
0400
0800
1000
2000
2000
1000
0800
0400
0200
0100
0080
0000
0000
0000
0000
0000
ENDCHAR
STARTCHAR equal
ENCODING 61
SWIDTH 500 0
DWIDTH 11 0
BBX 11 22 0 -5
BITMAP
0000
0000
0000
0000
0000
0000
0000
7F80
0000
0000
0000
0000
7F80
0000
0000
0000
0000
0000
0000
0000
0000
0000
ENDCHAR
STARTCHAR greater
ENCODING 62
SWIDTH 500 0
DWIDTH 11 0
BBX 11 22 0 -5
BITMAP
0000
0000
0000
2000
1000
0800
0400
0200
0100
0080
0080
0100
0200
0400
0800
1000
2000
0000
0000
0000
0000
0000
ENDCHAR
STARTCHAR question
ENCODING 63
SWIDTH 500 0
DWIDTH 11 0
BBX 11 22 0 -5
BITMAP
0000
0000
0000
1E00
2100
4080
4080
0080
0100
0200
0400
0400
0000
0000
0400
0400
0400
0000
0000
0000
0000
0000
ENDCHAR
STARTCHAR at
ENCODING 64
SWIDTH 500 0
DWIDTH 11 0
BBX 11 22 0 -5
BITMAP
0000
0000
0000
1F00
2080
4040
43C0
4440
4840
4840
4840
4840
4440
43C0
4000
2000
1FC0
0000
0000
0000
0000
0000
ENDCHAR
STARTCHAR A
ENCODING 65
SWIDTH 500 0
DWIDTH 11 0
BBX 11 22 0 -5
BITMAP
0000
0000
0000
1E00
2100
4080
4080
4080
4080
4080
7F80
4080
4080
4080
4080
4080
4080
0000
0000
0000
0000
0000
ENDCHAR
STARTCHAR B
ENCODING 66
SWIDTH 500 0
DWIDTH 11 0
BBX 11 22 0 -5
BITMAP
0000
0000
0000
7E00
4100
4080
4080
4080
4100
7E00
4100
4080
4080
4080
4080
4100
7E00
0000
0000
0000
0000
0000
ENDCHAR
STARTCHAR C
ENCODING 67
SWIDTH 500 0
DWIDTH 11 0
BBX 11 22 0 -5
BITMAP
0000
0000
0000
1E00
2100
4080
4080
4000
4000
4000
4000
4000
4000
4080
4080
2100
1E00
0000
0000
0000
0000
0000
ENDCHAR
STARTCHAR D
ENCODING 68
SWIDTH 500 0
DWIDTH 11 0
BBX 11 22 0 -5
BITMAP
0000
0000
0000
7E00
4100
4080
4080
4080
4080
4080
4080
4080
4080
4080
4080
4100
7E00
0000
0000
0000
0000
0000
ENDCHAR
STARTCHAR E
ENCODING 69
SWIDTH 500 0
DWIDTH 11 0
BBX 11 22 0 -5
BITMAP
0000
0000
0000
7F80
4000
4000
4000
4000
4000
7E00
4000
4000
4000
4000
4000
4000
7F80
0000
0000
0000
0000
0000
ENDCHAR
STARTCHAR F
ENCODING 70
SWIDTH 500 0
DWIDTH 11 0
BBX 11 22 0 -5
BITMAP
0000
0000
0000
7F80
4000
4000
4000
4000
4000
7E00
4000
4000
4000
4000
4000
4000
4000
0000
0000
0000
0000
0000
ENDCHAR
STARTCHAR G
ENCODING 71
SWIDTH 500 0
DWIDTH 11 0
BBX 11 22 0 -5
BITMAP
0000
0000
0000
1E00
2100
4080
4080
4000
4000
4000
4780
4080
4080
4080
4080
2100
1E00
0000
0000
0000
0000
0000
ENDCHAR
STARTCHAR H
ENCODING 72
SWIDTH 500 0
DWIDTH 11 0
BBX 11 22 0 -5
BITMAP
0000
0000
0000
4080
4080
4080
4080
4080
4080
7F80
4080
4080
4080
4080
4080
4080
4080
0000
0000
0000
0000
0000
ENDCHAR
STARTCHAR I
ENCODING 73
SWIDTH 500 0
DWIDTH 11 0
BBX 11 22 0 -5
BITMAP
0000
0000
0000
1F00
0400
0400
0400
0400
0400
0400
0400
0400
0400
0400
0400
0400
1F00
0000
0000
0000
0000
0000
ENDCHAR
STARTCHAR J
ENCODING 74
SWIDTH 500 0
DWIDTH 11 0
BBX 11 22 0 -5
BITMAP
0000
0000
0000
07C0
0100
0100
0100
0100
0100
0100
0100
0100
4100
4100
4100
2200
1C00
0000
0000
0000
0000
0000
ENDCHAR
STARTCHAR K
ENCODING 75
SWIDTH 500 0
DWIDTH 11 0
BBX 11 22 0 -5
BITMAP
0000
0000
0000
4080
4100
4200
4400
4800
5000
6000
6000
5000
4800
4400
4200
4100
4080
0000
0000
0000
0000
0000
ENDCHAR
STARTCHAR L
ENCODING 76
SWIDTH 500 0
DWIDTH 11 0
BBX 11 22 0 -5
BITMAP
0000
0000
0000
4000
4000
4000
4000
4000
4000
4000
4000
4000
4000
4000
4000
4000
7F80
0000
0000
0000
0000
0000
ENDCHAR
STARTCHAR M
ENCODING 77
SWIDTH 500 0
DWIDTH 11 0
BBX 11 22 0 -5
BITMAP
0000
0000
0000
4040
60C0
5140
5140
4A40
4440
4440
4040
4040
4040
4040
4040
4040
4040
0000
0000
0000
0000
0000
ENDCHAR
STARTCHAR N
ENCODING 78
SWIDTH 500 0
DWIDTH 11 0
BBX 11 22 0 -5
BITMAP
0000
0000
0000
4080
4080
4080
4080
6080
5080
4880
4480
4280
4180
4080
4080
4080
4080
0000
0000
0000
0000
0000
ENDCHAR
STARTCHAR O
ENCODING 79
SWIDTH 500 0
DWIDTH 11 0
BBX 11 22 0 -5
BITMAP
0000
0000
0000
1E00
2100
4080
4080
4080
4080
4080
4080
4080
4080
4080
4080
2100
1E00
0000
0000
0000
0000
0000
ENDCHAR
STARTCHAR P
ENCODING 80
SWIDTH 500 0
DWIDTH 11 0
BBX 11 22 0 -5
BITMAP
0000
0000
0000
7E00
4100
4080
4080
4080
4080
4100
7E00
4000
4000
4000
4000
4000
4000
0000
0000
0000
0000
0000
ENDCHAR
STARTCHAR Q
ENCODING 81
SWIDTH 500 0
DWIDTH 11 0
BBX 11 22 0 -5
BITMAP
0000
0000
0000
1E00
2100
4080
4080
4080
4080
4080
4080
4080
4080
4080
4880
2500
1E00
0100
0080
0000
0000
0000
ENDCHAR
STARTCHAR R
ENCODING 82
SWIDTH 500 0
DWIDTH 11 0
BBX 11 22 0 -5
BITMAP
0000
0000
0000
7E00
4100
4080
4080
4080
4080
4100
7E00
5000
4800
4400
4200
4100
4080
0000
0000
0000
0000
0000
ENDCHAR
STARTCHAR S
ENCODING 83
SWIDTH 500 0
DWIDTH 11 0
BBX 11 22 0 -5
BITMAP
0000
0000
0000
1E00
2100
4080
4000
4000
2000
1E00
0100
0080
0080
0080
4080
2100
1E00
0000
0000
0000
0000
0000
ENDCHAR
STARTCHAR T
ENCODING 84
SWIDTH 500 0
DWIDTH 11 0
BBX 11 22 0 -5
BITMAP
0000
0000
0000
7FC0
0400
0400
0400
0400
0400
0400
0400
0400
0400
0400
0400
0400
0400
0000
0000
0000
0000
0000
ENDCHAR
STARTCHAR U
ENCODING 85
SWIDTH 500 0
DWIDTH 11 0
BBX 11 22 0 -5
BITMAP
0000
0000
0000
4080
4080
4080
4080
4080
4080
4080
4080
4080
4080
4080
4080
2100
1E00
0000
0000
0000
0000
0000
ENDCHAR
STARTCHAR V
ENCODING 86
SWIDTH 500 0
DWIDTH 11 0
BBX 11 22 0 -5
BITMAP
0000
0000
0000
4080
4080
4080
4080
4080
2100
2100
2100
2100
1200
1200
1200
0C00
0C00
0000
0000
0000
0000
0000
ENDCHAR
STARTCHAR W
ENCODING 87
SWIDTH 500 0
DWIDTH 11 0
BBX 11 22 0 -5
BITMAP
0000
0000
0000
4040
4040
4040
4040
4040
4040
4040
4440
4440
4A40
5140
5140
60C0
4040
0000
0000
0000
0000
0000
ENDCHAR
STARTCHAR X
ENCODING 88
SWIDTH 500 0
DWIDTH 11 0
BBX 11 22 0 -5
BITMAP
0000
0000
0000
4080
4080
2100
2100
1200
1200
0C00
0C00
1200
1200
2100
2100
4080
4080
0000
0000
0000
0000
0000
ENDCHAR
STARTCHAR Y
ENCODING 89
SWIDTH 500 0
DWIDTH 11 0
BBX 11 22 0 -5
BITMAP
0000
0000
0000
4040
4040
2080
2080
1100
1100
0A00
0A00
0400
0400
0400
0400
0400
0400
0000
0000
0000
0000
0000
ENDCHAR
STARTCHAR Z
ENCODING 90
SWIDTH 500 0
DWIDTH 11 0
BBX 11 22 0 -5
BITMAP
0000
0000
0000
7F80
0080
0080
0080
0100
0200
0400
0800
1000
2000
4000
4000
4000
7F80
0000
0000
0000
0000
0000
ENDCHAR
STARTCHAR bracketleft
ENCODING 91
SWIDTH 500 0
DWIDTH 11 0
BBX 11 22 0 -5
BITMAP
0000
0000
0000
1E00
1000
1000
1000
1000
1000
1000
1000
1000
1000
1000
1000
1000
1E00
0000
0000
0000
0000
0000
ENDCHAR
STARTCHAR backslash
ENCODING 92
SWIDTH 500 0
DWIDTH 11 0
BBX 11 22 0 -5
BITMAP
0000
0000
0000
2000
2000
1000
1000
0800
0800
0400
0400
0200
0200
0100
0100
0080
0080
0000
0000
0000
0000
0000
ENDCHAR
STARTCHAR bracketright
ENCODING 93
SWIDTH 500 0
DWIDTH 11 0
BBX 11 22 0 -5
BITMAP
0000
0000
0000
1E00
0200
0200
0200
0200
0200
0200
0200
0200
0200
0200
0200
0200
1E00
0000
0000
0000
0000
0000
ENDCHAR
STARTCHAR asciicircum
ENCODING 94
SWIDTH 500 0
DWIDTH 11 0
BBX 11 22 0 -5
BITMAP
0000
0400
0A00
1100
2080
4040
0000
0000
0000
0000
0000
0000
0000
0000
0000
0000
0000
0000
0000
0000
0000
0000
ENDCHAR
STARTCHAR underscore
ENCODING 95
SWIDTH 500 0
DWIDTH 11 0
BBX 11 22 0 -5
BITMAP
0000
0000
0000
0000
0000
0000
0000
0000
0000
0000
0000
0000
0000
0000
0000
0000
0000
0000
7F80
0000
0000
0000
ENDCHAR
STARTCHAR grave
ENCODING 96
SWIDTH 500 0
DWIDTH 11 0
BBX 11 22 0 -5
BITMAP
1000
0800
0400
0000
0000
0000
0000
0000
0000
0000
0000
0000
0000
0000
0000
0000
0000
0000
0000
0000
0000
0000
ENDCHAR
STARTCHAR a
ENCODING 97
SWIDTH 500 0
DWIDTH 11 0
BBX 11 22 0 -5
BITMAP
0000
0000
0000
0000
0000
0000
0000
3E00
0100
0080
0080
3F80
4080
4080
4080
4080
3F80
0000
0000
0000
0000
0000
ENDCHAR
STARTCHAR b
ENCODING 98
SWIDTH 500 0
DWIDTH 11 0
BBX 11 22 0 -5
BITMAP
0000
0000
0000
4000
4000
4000
4000
7E00
4100
4080
4080
4080
4080
4080
4080
4100
7E00
0000
0000
0000
0000
0000
ENDCHAR
STARTCHAR c
ENCODING 99
SWIDTH 500 0
DWIDTH 11 0
BBX 11 22 0 -5
BITMAP
0000
0000
0000
0000
0000
0000
0000
1E00
2100
4080
4000
4000
4000
4000
4080
2100
1E00
0000
0000
0000
0000
0000
ENDCHAR
STARTCHAR d
ENCODING 100
SWIDTH 500 0
DWIDTH 11 0
BBX 11 22 0 -5
BITMAP
0000
0000
0000
0080
0080
0080
0080
1F80
2080
4080
4080
4080
4080
4080
4080
2080
1F80
0000
0000
0000
0000
0000
ENDCHAR
STARTCHAR e
ENCODING 101
SWIDTH 500 0
DWIDTH 11 0
BBX 11 22 0 -5
BITMAP
0000
0000
0000
0000
0000
0000
0000
1E00
2100
4080
4080
7F80
4000
4000
4000
2080
1F00
0000
0000
0000
0000
0000
ENDCHAR
STARTCHAR f
ENCODING 102
SWIDTH 500 0
DWIDTH 11 0
BBX 11 22 0 -5
BITMAP
0000
0000
0000
0780
0800
0800
0800
7F00
0800
0800
0800
0800
0800
0800
0800
0800
0800
0000
0000
0000
0000
0000
ENDCHAR
STARTCHAR g
ENCODING 103
SWIDTH 500 0
DWIDTH 11 0
BBX 11 22 0 -5
BITMAP
0000
0000
0000
0000
0000
0000
0000
1F80
2080
4080
4080
4080
4080
4080
4080
2080
1F80
0080
0080
0100
3E00
0000
ENDCHAR
STARTCHAR h
ENCODING 104
SWIDTH 500 0
DWIDTH 11 0
BBX 11 22 0 -5
BITMAP
0000
0000
0000
4000
4000
4000
4000
7E00
4100
4080
4080
4080
4080
4080
4080
4080
4080
0000
0000
0000
0000
0000
ENDCHAR
STARTCHAR i
ENCODING 105
SWIDTH 500 0
DWIDTH 11 0
BBX 11 22 0 -5
BITMAP
0000
0000
0000
0400
0400
0400
0000
1C00
0400
0400
0400
0400
0400
0400
0400
0400
1F00
0000
0000
0000
0000
0000
ENDCHAR
STARTCHAR j
ENCODING 106
SWIDTH 500 0
DWIDTH 11 0
BBX 11 22 0 -5
BITMAP
0000
0000
0000
0100
0100
0100
0000
0700
0100
0100
0100
0100
0100
0100
0100
0100
0100
2100
2100
2100
1E00
0000
ENDCHAR
STARTCHAR k
ENCODING 107
SWIDTH 500 0
DWIDTH 11 0
BBX 11 22 0 -5
BITMAP
0000
0000
0000
2000
2000
2000
2000
2080
2100
2200
2400
3800
3800
2400
2200
2100
2080
0000
0000
0000
0000
0000
ENDCHAR
STARTCHAR l
ENCODING 108
SWIDTH 500 0
DWIDTH 11 0
BBX 11 22 0 -5
BITMAP
0000
0000
0000
3800
0800
0800
0800
0800
0800
0800
0800
0800
0800
0800
0800
0800
0700
0000
0000
0000
0000
0000
ENDCHAR
STARTCHAR m
ENCODING 109
SWIDTH 500 0
DWIDTH 11 0
BBX 11 22 0 -5
BITMAP
0000
0000
0000
0000
0000
0000
0000
7F00
4480
4440
4440
4440
4440
4440
4440
4440
4440
0000
0000
0000
0000
0000
ENDCHAR
STARTCHAR n
ENCODING 110
SWIDTH 500 0
DWIDTH 11 0
BBX 11 22 0 -5
BITMAP
0000
0000
0000
0000
0000
0000
0000
7E00
4100
4080
4080
4080
4080
4080
4080
4080
4080
0000
0000
0000
0000
0000
ENDCHAR
STARTCHAR o
ENCODING 111
SWIDTH 500 0
DWIDTH 11 0
BBX 11 22 0 -5
BITMAP
0000
0000
0000
0000
0000
0000
0000
1E00
2100
4080
4080
4080
4080
4080
4080
2100
1E00
0000
0000
0000
0000
0000
ENDCHAR
STARTCHAR p
ENCODING 112
SWIDTH 500 0
DWIDTH 11 0
BBX 11 22 0 -5
BITMAP
0000
0000
0000
0000
0000
0000
0000
7E00
4100
4080
4080
4080
4080
4080
4080
4100
7E00
4000
4000
4000
4000
0000
ENDCHAR
STARTCHAR q
ENCODING 113
SWIDTH 500 0
DWIDTH 11 0
BBX 11 22 0 -5
BITMAP
0000
0000
0000
0000
0000
0000
0000
1F80
2080
4080
4080
4080
4080
4080
4080
2080
1F80
0080
0080
0080
0080
0000
ENDCHAR
STARTCHAR r
ENCODING 114
SWIDTH 500 0
DWIDTH 11 0
BBX 11 22 0 -5
BITMAP
0000
0000
0000
0000
0000
0000
0000
4F80
5000
6000
4000
4000
4000
4000
4000
4000
4000
0000
0000
0000
0000
0000
ENDCHAR
STARTCHAR s
ENCODING 115
SWIDTH 500 0
DWIDTH 11 0
BBX 11 22 0 -5
BITMAP
0000
0000
0000
0000
0000
0000
0000
3F00
4080
4000
4000
3F00
0080
0080
0080
4080
3F00
0000
0000
0000
0000
0000
ENDCHAR
STARTCHAR t
ENCODING 116
SWIDTH 500 0
DWIDTH 11 0
BBX 11 22 0 -5
BITMAP
0000
0000
0000
0800
0800
0800
0800
7F00
0800
0800
0800
0800
0800
0800
0800
0800
0780
0000
0000
0000
0000
0000
ENDCHAR
STARTCHAR u
ENCODING 117
SWIDTH 500 0
DWIDTH 11 0
BBX 11 22 0 -5
BITMAP
0000
0000
0000
0000
0000
0000
0000
4080
4080
4080
4080
4080
4080
4080
4080
2080
1F80
0000
0000
0000
0000
0000
ENDCHAR
STARTCHAR v
ENCODING 118
SWIDTH 500 0
DWIDTH 11 0
BBX 11 22 0 -5
BITMAP
0000
0000
0000
0000
0000
0000
0000
4080
4080
4080
2100
2100
2100
1200
1200
0C00
0C00
0000
0000
0000
0000
0000
ENDCHAR
STARTCHAR w
ENCODING 119
SWIDTH 500 0
DWIDTH 11 0
BBX 11 22 0 -5
BITMAP
0000
0000
0000
0000
0000
0000
0000
4040
4040
4040
4440
4440
4440
4440
4440
4440
3F80
0000
0000
0000
0000
0000
ENDCHAR
STARTCHAR x
ENCODING 120
SWIDTH 500 0
DWIDTH 11 0
BBX 11 22 0 -5
BITMAP
0000
0000
0000
0000
0000
0000
0000
4080
4080
2100
1200
0C00
0C00
1200
2100
4080
4080
0000
0000
0000
0000
0000
ENDCHAR
STARTCHAR y
ENCODING 121
SWIDTH 500 0
DWIDTH 11 0
BBX 11 22 0 -5
BITMAP
0000
0000
0000
0000
0000
0000
0000
4080
4080
4080
4080
4080
4080
4080
4080
2080
1F80
0080
0080
0100
3E00
0000
ENDCHAR
STARTCHAR z
ENCODING 122
SWIDTH 500 0
DWIDTH 11 0
BBX 11 22 0 -5
BITMAP
0000
0000
0000
0000
0000
0000
0000
7F80
0080
0100
0200
0400
0800
1000
2000
4000
7F80
0000
0000
0000
0000
0000
ENDCHAR
STARTCHAR braceleft
ENCODING 123
SWIDTH 500 0
DWIDTH 11 0
BBX 11 22 0 -5
BITMAP
0000
0000
0000
0300
0400
0800
0800
0800
0800
3000
0800
0800
0800
0800
0800
0400
0300
0000
0000
0000
0000
0000
ENDCHAR
STARTCHAR bar
ENCODING 124
SWIDTH 500 0
DWIDTH 11 0
BBX 11 22 0 -5
BITMAP
0000
0000
0000
0400
0400
0400
0400
0400
0400
0400
0400
0400
0400
0400
0400
0400
0400
0000
0000
0000
0000
0000
ENDCHAR
STARTCHAR braceright
ENCODING 125
SWIDTH 500 0
DWIDTH 11 0
BBX 11 22 0 -5
BITMAP
0000
0000
0000
3000
0800
0400
0400
0400
0400
0300
0400
0400
0400
0400
0400
0800
3000
0000
0000
0000
0000
0000
ENDCHAR
STARTCHAR asciitilde
ENCODING 126
SWIDTH 500 0
DWIDTH 11 0
BBX 11 22 0 -5
BITMAP
0000
0000
0000
0000
0000
0000
0000
0000
3080
4880
4480
4300
0000
0000
0000
0000
0000
0000
0000
0000
0000
0000
ENDCHAR
STARTCHAR nbspace
ENCODING 160
SWIDTH 500 0
DWIDTH 11 0
BBX 11 22 0 -5
BITMAP
0000
0000
0000
0000
0000
0000
0000
0000
0000
0000
0000
0000
0000
0000
0000
0000
0000
0000
0000
0000
0000
0000
ENDCHAR
STARTCHAR exclamdown
ENCODING 161
SWIDTH 500 0
DWIDTH 11 0
BBX 11 22 0 -5
BITMAP
0000
0000
0000
0400
0400
0400
0000
0000
0400
0400
0400
0400
0400
0400
0400
0400
0400
0000
0000
0000
0000
0000
ENDCHAR
STARTCHAR cent
ENCODING 162
SWIDTH 500 0
DWIDTH 11 0
BBX 11 22 0 -5
BITMAP
0000
0000
0000
0000
0000
0400
0400
1F00
2480
4440
4400
4400
4400
4400
4440
2480
1F00
0400
0400
0000
0000
0000
ENDCHAR
STARTCHAR sterling
ENCODING 163
SWIDTH 500 0
DWIDTH 11 0
BBX 11 22 0 -5
BITMAP
0000
0000
0000
0000
1E00
2100
2100
2000
2000
2000
7C00
2000
2000
2000
2000
2080
2080
7F80
0000
0000
0000
0000
ENDCHAR
STARTCHAR currency
ENCODING 164
SWIDTH 500 0
DWIDTH 11 0
BBX 11 22 0 -5
BITMAP
0000
0000
0000
0000
0000
4040
2080
1F00
2080
2080
2080
2080
2080
1F00
2080
4040
0000
0000
0000
0000
0000
0000
ENDCHAR
STARTCHAR yen
ENCODING 165
SWIDTH 500 0
DWIDTH 11 0
BBX 11 22 0 -5
BITMAP
0000
0000
0000
4040
4040
2080
2080
1100
1100
0A00
0400
3F80
0400
0400
3F80
0400
0400
0000
0000
0000
0000
0000
ENDCHAR
STARTCHAR brokenbar
ENCODING 166
SWIDTH 500 0
DWIDTH 11 0
BBX 11 22 0 -5
BITMAP
0000
0000
0000
0800
0800
0800
0800
0800
0800
0000
0000
0800
0800
0800
0800
0800
0800
0000
0000
0000
0000
0000
ENDCHAR
STARTCHAR section
ENCODING 167
SWIDTH 500 0
DWIDTH 11 0
BBX 11 22 0 -5
BITMAP
0000
0000
1E00
2100
2000
2000
1C00
2200
2100
2100
2100
2100
1100
0E00
0100
0100
2100
1E00
0000
0000
0000
0000
ENDCHAR
STARTCHAR dieresis
ENCODING 168
SWIDTH 500 0
DWIDTH 11 0
BBX 11 22 0 -5
BITMAP
2100
2100
2100
0000
0000
0000
0000
0000
0000
0000
0000
0000
0000
0000
0000
0000
0000
0000
0000
0000
0000
0000
ENDCHAR
STARTCHAR copyright
ENCODING 169
SWIDTH 500 0
DWIDTH 11 0
BBX 11 22 0 -5
BITMAP
0000
0000
0000
0000
0000
1F00
2080
4E40
5140
5040
5040
5040
5140
4E40
2080
1F00
0000
0000
0000
0000
0000
0000
ENDCHAR
STARTCHAR ordfeminine
ENCODING 170
SWIDTH 500 0
DWIDTH 11 0
BBX 11 22 0 -5
BITMAP
0000
1F00
0080
0080
1F80
2080
2080
2080
1F80
0000
3F80
0000
0000
0000
0000
0000
0000
0000
0000
0000
0000
0000
ENDCHAR
STARTCHAR guillemotleft
ENCODING 171
SWIDTH 500 0
DWIDTH 11 0
BBX 11 22 0 -5
BITMAP
0000
0000
0000
0000
0000
0000
0000
0440
0880
1100
2200
4400
4400
2200
1100
0880
0440
0000
0000
0000
0000
0000
ENDCHAR
STARTCHAR logicalnot
ENCODING 172
SWIDTH 500 0
DWIDTH 11 0
BBX 11 22 0 -5
BITMAP
0000
0000
0000
0000
0000
0000
0000
0000
7F80
0080
0080
0080
0080
0000
0000
0000
0000
0000
0000
0000
0000
0000
ENDCHAR
STARTCHAR softhyphen
ENCODING 173
SWIDTH 500 0
DWIDTH 11 0
BBX 11 22 0 -5
BITMAP
0000
0000
0000
0000
0000
0000
0000
0000
0000
0000
7F80
0000
0000
0000
0000
0000
0000
0000
0000
0000
0000
0000
ENDCHAR
STARTCHAR registered
ENCODING 174
SWIDTH 500 0
DWIDTH 11 0
BBX 11 22 0 -5
BITMAP
0000
0000
0000
0000
0000
1F00
2080
5E40
5140
5140
5E40
5440
5240
5140
2080
1F00
0000
0000
0000
0000
0000
0000
ENDCHAR
STARTCHAR macron
ENCODING 175
SWIDTH 500 0
DWIDTH 11 0
BBX 11 22 0 -5
BITMAP
0000
3F00
0000
0000
0000
0000
0000
0000
0000
0000
0000
0000
0000
0000
0000
0000
0000
0000
0000
0000
0000
0000
ENDCHAR
STARTCHAR degree
ENCODING 176
SWIDTH 500 0
DWIDTH 11 0
BBX 11 22 0 -5
BITMAP
0000
0E00
1100
1100
1100
0E00
0000
0000
0000
0000
0000
0000
0000
0000
0000
0000
0000
0000
0000
0000
0000
0000
ENDCHAR
STARTCHAR plusminus
ENCODING 177
SWIDTH 500 0
DWIDTH 11 0
BBX 11 22 0 -5
BITMAP
0000
0000
0000
0000
0000
0400
0400
0400
0400
7FC0
0400
0400
0400
0400
0000
0000
7FC0
0000
0000
0000
0000
0000
ENDCHAR
STARTCHAR twosuperior
ENCODING 178
SWIDTH 500 0
DWIDTH 11 0
BBX 11 22 0 -5
BITMAP
0000
0E00
1100
1100
0100
0200
0400
0800
1F00
0000
0000
0000
0000
0000
0000
0000
0000
0000
0000
0000
0000
0000
ENDCHAR
STARTCHAR threesuperior
ENCODING 179
SWIDTH 500 0
DWIDTH 11 0
BBX 11 22 0 -5
BITMAP
0000
0E00
1100
0100
0600
0100
0100
1100
0E00
0000
0000
0000
0000
0000
0000
0000
0000
0000
0000
0000
0000
0000
ENDCHAR
STARTCHAR acute
ENCODING 180
SWIDTH 500 0
DWIDTH 11 0
BBX 11 22 0 -5
BITMAP
0200
0400
0800
0000
0000
0000
0000
0000
0000
0000
0000
0000
0000
0000
0000
0000
0000
0000
0000
0000
0000
0000
ENDCHAR
STARTCHAR mu
ENCODING 181
SWIDTH 500 0
DWIDTH 11 0
BBX 11 22 0 -5
BITMAP
0000
0000
0000
0000
0000
0000
0000
4080
4080
4080
4080
4080
4080
4080
4180
4280
7C80
4000
4000
4000
4000
0000
ENDCHAR
STARTCHAR paragraph
ENCODING 182
SWIDTH 500 0
DWIDTH 11 0
BBX 11 22 0 -5
BITMAP
0000
0000
0000
3FC0
4440
4440
4440
4440
4440
4440
3C40
0440
0440
0440
0440
0440
0440
0000
0000
0000
0000
0000
ENDCHAR
STARTCHAR periodcentered
ENCODING 183
SWIDTH 500 0
DWIDTH 11 0
BBX 11 22 0 -5
BITMAP
0000
0000
0000
0000
0000
0000
0000
0000
0000
0400
0400
0400
0000
0000
0000
0000
0000
0000
0000
0000
0000
0000
ENDCHAR
STARTCHAR cedilla
ENCODING 184
SWIDTH 500 0
DWIDTH 11 0
BBX 11 22 0 -5
BITMAP
0000
0000
0000
0000
0000
0000
0000
0000
0000
0000
0000
0000
0000
0000
0000
0000
0000
0400
0400
0400
0800
0000
ENDCHAR
STARTCHAR onesuperior
ENCODING 185
SWIDTH 500 0
DWIDTH 11 0
BBX 11 22 0 -5
BITMAP
0000
0400
0C00
0400
0400
0400
0400
0400
0E00
0000
0000
0000
0000
0000
0000
0000
0000
0000
0000
0000
0000
0000
ENDCHAR
STARTCHAR ordmasculine
ENCODING 186
SWIDTH 500 0
DWIDTH 11 0
BBX 11 22 0 -5
BITMAP
0000
1F00
2080
2080
2080
2080
2080
2080
1F00
0000
3F80
0000
0000
0000
0000
0000
0000
0000
0000
0000
0000
0000
ENDCHAR
STARTCHAR guillemotright
ENCODING 187
SWIDTH 500 0
DWIDTH 11 0
BBX 11 22 0 -5
BITMAP
0000
0000
0000
0000
0000
0000
0000
4400
2200
1100
0880
0440
0440
0880
1100
2200
4400
0000
0000
0000
0000
0000
ENDCHAR
STARTCHAR onequarter
ENCODING 188
SWIDTH 500 0
DWIDTH 11 0
BBX 11 22 0 -5
BITMAP
0000
0000
1000
3000
5000
1040
1080
1100
1200
0400
0880
1180
2280
4480
0880
0F80
0080
0080
0000
0000
0000
0000
ENDCHAR
STARTCHAR onehalf
ENCODING 189
SWIDTH 500 0
DWIDTH 11 0
BBX 11 22 0 -5
BITMAP
0000
0000
1000
3000
5000
1040
1080
1100
1200
0400
0800
1380
2440
4440
0080
0100
0200
07C0
0000
0000
0000
0000
ENDCHAR
STARTCHAR threequarters
ENCODING 190
SWIDTH 500 0
DWIDTH 11 0
BBX 11 22 0 -5
BITMAP
0000
0000
3800
4400
0400
1800
0440
4480
3900
0200
0480
0980
1280
2480
4880
0F80
0080
0080
0000
0000
0000
0000
ENDCHAR
STARTCHAR questiondown
ENCODING 191
SWIDTH 500 0
DWIDTH 11 0
BBX 11 22 0 -5
BITMAP
0000
0000
0000
0800
0800
0800
0000
0000
0800
0800
1000
2000
4000
4080
4080
2100
1E00
0000
0000
0000
0000
0000
ENDCHAR
STARTCHAR Agrave
ENCODING 192
SWIDTH 500 0
DWIDTH 11 0
BBX 11 22 0 -5
BITMAP
1000
0800
0400
0000
1E00
2100
4080
4080
4080
4080
4080
7F80
4080
4080
4080
4080
4080
0000
0000
0000
0000
0000
ENDCHAR
STARTCHAR Aacute
ENCODING 193
SWIDTH 500 0
DWIDTH 11 0
BBX 11 22 0 -5
BITMAP
0200
0400
0800
0000
1E00
2100
4080
4080
4080
4080
4080
7F80
4080
4080
4080
4080
4080
0000
0000
0000
0000
0000
ENDCHAR
STARTCHAR Acircumflex
ENCODING 194
SWIDTH 500 0
DWIDTH 11 0
BBX 11 22 0 -5
BITMAP
0C00
1200
2100
0000
1E00
2100
4080
4080
4080
4080
4080
7F80
4080
4080
4080
4080
4080
0000
0000
0000
0000
0000
ENDCHAR
STARTCHAR Atilde
ENCODING 195
SWIDTH 500 0
DWIDTH 11 0
BBX 11 22 0 -5
BITMAP
1880
2480
2300
0000
1E00
2100
4080
4080
4080
4080
4080
7F80
4080
4080
4080
4080
4080
0000
0000
0000
0000
0000
ENDCHAR
STARTCHAR Adieresis
ENCODING 196
SWIDTH 500 0
DWIDTH 11 0
BBX 11 22 0 -5
BITMAP
2100
2100
2100
0000
1E00
2100
4080
4080
4080
4080
4080
7F80
4080
4080
4080
4080
4080
0000
0000
0000
0000
0000
ENDCHAR
STARTCHAR Aring
ENCODING 197
SWIDTH 500 0
DWIDTH 11 0
BBX 11 22 0 -5
BITMAP
0C00
1200
1200
0C00
1E00
2100
4080
4080
4080
4080
4080
7F80
4080
4080
4080
4080
4080
0000
0000
0000
0000
0000
ENDCHAR
STARTCHAR AE
ENCODING 198
SWIDTH 500 0
DWIDTH 11 0
BBX 11 22 0 -5
BITMAP
0000
0000
0000
3FC0
4400
8400
8400
8400
8400
FFC0
8400
8400
8400
8400
8400
8400
87C0
0000
0000
0000
0000
0000
ENDCHAR
STARTCHAR Ccedilla
ENCODING 199
SWIDTH 500 0
DWIDTH 11 0
BBX 11 22 0 -5
BITMAP
0000
0000
0000
1E00
2100
4080
4080
4000
4000
4000
4000
4000
4000
4080
4080
2100
1E00
0400
0400
0400
0800
0000
ENDCHAR
STARTCHAR Egrave
ENCODING 200
SWIDTH 500 0
DWIDTH 11 0
BBX 11 22 0 -5
BITMAP
1000
0800
0400
0000
7F80
4000
4000
4000
4000
4000
7E00
4000
4000
4000
4000
4000
7F80
0000
0000
0000
0000
0000
ENDCHAR
STARTCHAR Eacute
ENCODING 201
SWIDTH 500 0
DWIDTH 11 0
BBX 11 22 0 -5
BITMAP
0200
0400
0800
0000
7F80
4000
4000
4000
4000
4000
7E00
4000
4000
4000
4000
4000
7F80
0000
0000
0000
0000
0000
ENDCHAR
STARTCHAR Ecircumflex
ENCODING 202
SWIDTH 500 0
DWIDTH 11 0
BBX 11 22 0 -5
BITMAP
0C00
1200
2100
0000
7F80
4000
4000
4000
4000
4000
7E00
4000
4000
4000
4000
4000
7F80
0000
0000
0000
0000
0000
ENDCHAR
STARTCHAR Edieresis
ENCODING 203
SWIDTH 500 0
DWIDTH 11 0
BBX 11 22 0 -5
BITMAP
2100
2100
2100
0000
7F80
4000
4000
4000
4000
4000
7E00
4000
4000
4000
4000
4000
7F80
0000
0000
0000
0000
0000
ENDCHAR
STARTCHAR Igrave
ENCODING 204
SWIDTH 500 0
DWIDTH 11 0
BBX 11 22 0 -5
BITMAP
1000
0800
0400
0000
1F00
0400
0400
0400
0400
0400
0400
0400
0400
0400
0400
0400
1F00
0000
0000
0000
0000
0000
ENDCHAR
STARTCHAR Iacute
ENCODING 205
SWIDTH 500 0
DWIDTH 11 0
BBX 11 22 0 -5
BITMAP
0100
0200
0400
0000
1F00
0400
0400
0400
0400
0400
0400
0400
0400
0400
0400
0400
1F00
0000
0000
0000
0000
0000
ENDCHAR
STARTCHAR Icircumflex
ENCODING 206
SWIDTH 500 0
DWIDTH 11 0
BBX 11 22 0 -5
BITMAP
0C00
1200
2100
0000
1F00
0400
0400
0400
0400
0400
0400
0400
0400
0400
0400
0400
1F00
0000
0000
0000
0000
0000
ENDCHAR
STARTCHAR Idieresis
ENCODING 207
SWIDTH 500 0
DWIDTH 11 0
BBX 11 22 0 -5
BITMAP
2100
2100
2100
0000
1F00
0400
0400
0400
0400
0400
0400
0400
0400
0400
0400
0400
1F00
0000
0000
0000
0000
0000
ENDCHAR
STARTCHAR Eth
ENCODING 208
SWIDTH 500 0
DWIDTH 11 0
BBX 11 22 0 -5
BITMAP
0000
0000
0000
7E00
4100
4080
4080
4080
4080
F880
4080
4080
4080
4080
4080
4100
7E00
0000
0000
0000
0000
0000
ENDCHAR
STARTCHAR Ntilde
ENCODING 209
SWIDTH 500 0
DWIDTH 11 0
BBX 11 22 0 -5
BITMAP
1880
2480
2300
0000
4080
4080
4080
6080
5080
4880
4480
4280
4180
4080
4080
4080
4080
0000
0000
0000
0000
0000
ENDCHAR
STARTCHAR Ograve
ENCODING 210
SWIDTH 500 0
DWIDTH 11 0
BBX 11 22 0 -5
BITMAP
1000
0800
0400
0000
1E00
2100
4080
4080
4080
4080
4080
4080
4080
4080
4080
2100
1E00
0000
0000
0000
0000
0000
ENDCHAR
STARTCHAR Oacute
ENCODING 211
SWIDTH 500 0
DWIDTH 11 0
BBX 11 22 0 -5
BITMAP
0200
0400
0800
0000
1E00
2100
4080
4080
4080
4080
4080
4080
4080
4080
4080
2100
1E00
0000
0000
0000
0000
0000
ENDCHAR
STARTCHAR Ocircumflex
ENCODING 212
SWIDTH 500 0
DWIDTH 11 0
BBX 11 22 0 -5
BITMAP
0C00
1200
2100
0000
1E00
2100
4080
4080
4080
4080
4080
4080
4080
4080
4080
2100
1E00
0000
0000
0000
0000
0000
ENDCHAR
STARTCHAR Otilde
ENCODING 213
SWIDTH 500 0
DWIDTH 11 0
BBX 11 22 0 -5
BITMAP
1880
2480
2300
0000
1E00
2100
4080
4080
4080
4080
4080
4080
4080
4080
4080
2100
1E00
0000
0000
0000
0000
0000
ENDCHAR
STARTCHAR Odieresis
ENCODING 214
SWIDTH 500 0
DWIDTH 11 0
BBX 11 22 0 -5
BITMAP
2100
2100
2100
0000
1E00
2100
4080
4080
4080
4080
4080
4080
4080
4080
4080
2100
1E00
0000
0000
0000
0000
0000
ENDCHAR
STARTCHAR multiply
ENCODING 215
SWIDTH 500 0
DWIDTH 11 0
BBX 11 22 0 -5
BITMAP
0000
0000
0000
0000
0000
0000
0000
4080
2100
1200
0C00
0C00
1200
2100
4080
0000
0000
0000
0000
0000
0000
0000
ENDCHAR
STARTCHAR Oslash
ENCODING 216
SWIDTH 500 0
DWIDTH 11 0
BBX 11 22 0 -5
BITMAP
0000
0000
0000
1E00
2100
40C0
4080
4180
4280
4480
4880
5080
6080
4080
C080
2100
1E00
0000
0000
0000
0000
0000
ENDCHAR
STARTCHAR Ugrave
ENCODING 217
SWIDTH 500 0
DWIDTH 11 0
BBX 11 22 0 -5
BITMAP
1000
0800
0400
4080
4080
4080
4080
4080
4080
4080
4080
4080
4080
4080
4080
2100
1E00
0000
0000
0000
0000
0000
ENDCHAR
STARTCHAR Uacute
ENCODING 218
SWIDTH 500 0
DWIDTH 11 0
BBX 11 22 0 -5
BITMAP
0200
0400
0800
4080
4080
4080
4080
4080
4080
4080
4080
4080
4080
4080
4080
2100
1E00
0000
0000
0000
0000
0000
ENDCHAR
STARTCHAR Ucircumflex
ENCODING 219
SWIDTH 500 0
DWIDTH 11 0
BBX 11 22 0 -5
BITMAP
0C00
1200
2100
0000
4080
4080
4080
4080
4080
4080
4080
4080
4080
4080
4080
2100
1E00
0000
0000
0000
0000
0000
ENDCHAR
STARTCHAR Udieresis
ENCODING 220
SWIDTH 500 0
DWIDTH 11 0
BBX 11 22 0 -5
BITMAP
2100
2100
2100
0000
4080
4080
4080
4080
4080
4080
4080
4080
4080
4080
4080
2100
1E00
0000
0000
0000
0000
0000
ENDCHAR
STARTCHAR Yacute
ENCODING 221
SWIDTH 500 0
DWIDTH 11 0
BBX 11 22 0 -5
BITMAP
0100
0200
0400
4040
4040
2080
2080
1100
1100
0A00
0A00
0400
0400
0400
0400
0400
0400
0000
0000
0000
0000
0000
ENDCHAR
STARTCHAR Thorn
ENCODING 222
SWIDTH 500 0
DWIDTH 11 0
BBX 11 22 0 -5
BITMAP
0000
0000
0000
4000
4000
4000
4000
7E00
4100
4080
4080
4080
4080
4080
4080
4100
7E00
4000
4000
4000
4000
0000
ENDCHAR
STARTCHAR germandbls
ENCODING 223
SWIDTH 500 0
DWIDTH 11 0
BBX 11 22 0 -5
BITMAP
0000
0000
0000
3C00
4200
4100
4100
4100
4200
7E00
4100
4080
4080
4080
4080
6100
5E00
0000
0000
0000
0000
0000
ENDCHAR
STARTCHAR agrave
ENCODING 224
SWIDTH 500 0
DWIDTH 11 0
BBX 11 22 0 -5
BITMAP
0000
0000
0000
1000
0800
0400
0000
3E00
0100
0080
0080
3F80
4080
4080
4080
4080
3F80
0000
0000
0000
0000
0000
ENDCHAR
STARTCHAR aacute
ENCODING 225
SWIDTH 500 0
DWIDTH 11 0
BBX 11 22 0 -5
BITMAP
0000
0000
0000
0200
0400
0800
0000
3E00
0100
0080
0080
3F80
4080
4080
4080
4080
3F80
0000
0000
0000
0000
0000
ENDCHAR
STARTCHAR acircumflex
ENCODING 226
SWIDTH 500 0
DWIDTH 11 0
BBX 11 22 0 -5
BITMAP
0000
0000
0000
0C00
1200
2100
0000
3E00
0100
0080
0080
3F80
4080
4080
4080
4080
3F80
0000
0000
0000
0000
0000
ENDCHAR
STARTCHAR atilde
ENCODING 227
SWIDTH 500 0
DWIDTH 11 0
BBX 11 22 0 -5
BITMAP
0000
0000
0000
1880
2480
2300
0000
3E00
0100
0080
0080
3F80
4080
4080
4080
4080
3F80
0000
0000
0000
0000
0000
ENDCHAR
STARTCHAR adieresis
ENCODING 228
SWIDTH 500 0
DWIDTH 11 0
BBX 11 22 0 -5
BITMAP
0000
0000
0000
2100
2100
2100
0000
3E00
0100
0080
0080
3F80
4080
4080
4080
4080
3F80
0000
0000
0000
0000
0000
ENDCHAR
STARTCHAR aring
ENCODING 229
SWIDTH 500 0
DWIDTH 11 0
BBX 11 22 0 -5
BITMAP
0000
0000
0000
0C00
1200
1200
0C00
3E00
0100
0080
0080
3F80
4080
4080
4080
4080
3F80
0000
0000
0000
0000
0000
ENDCHAR
STARTCHAR ae
ENCODING 230
SWIDTH 500 0
DWIDTH 11 0
BBX 11 22 0 -5
BITMAP
0000
0000
0000
0000
0000
0000
0000
3B80
0440
0440
0440
3FC0
4400
4400
4400
4440
3B80
0000
0000
0000
0000
0000
ENDCHAR
STARTCHAR ccedilla
ENCODING 231
SWIDTH 500 0
DWIDTH 11 0
BBX 11 22 0 -5
BITMAP
0000
0000
0000
0000
0000
0000
0000
1E00
2100
4080
4000
4000
4000
4000
4080
2100
1E00
0400
0400
0400
0800
0000
ENDCHAR
STARTCHAR egrave
ENCODING 232
SWIDTH 500 0
DWIDTH 11 0
BBX 11 22 0 -5
BITMAP
0000
0000
0000
1000
0800
0400
0000
1E00
2100
4080
4080
7F80
4000
4000
4000
2080
1F00
0000
0000
0000
0000
0000
ENDCHAR
STARTCHAR eacute
ENCODING 233
SWIDTH 500 0
DWIDTH 11 0
BBX 11 22 0 -5
BITMAP
0000
0000
0000
0200
0400
0800
0000
1E00
2100
4080
4080
7F80
4000
4000
4000
2080
1F00
0000
0000
0000
0000
0000
ENDCHAR
STARTCHAR ecircumflex
ENCODING 234
SWIDTH 500 0
DWIDTH 11 0
BBX 11 22 0 -5
BITMAP
0000
0000
0000
0C00
1200
2100
0000
1E00
2100
4080
4080
7F80
4000
4000
4000
2080
1F00
0000
0000
0000
0000
0000
ENDCHAR
STARTCHAR edieresis
ENCODING 235
SWIDTH 500 0
DWIDTH 11 0
BBX 11 22 0 -5
BITMAP
0000
0000
0000
2100
2100
2100
0000
1E00
2100
4080
4080
7F80
4000
4000
4000
2080
1F00
0000
0000
0000
0000
0000
ENDCHAR
STARTCHAR igrave
ENCODING 236
SWIDTH 500 0
DWIDTH 11 0
BBX 11 22 0 -5
BITMAP
0000
0000
0000
1000
0800
0400
0000
1C00
0400
0400
0400
0400
0400
0400
0400
0400
1F00
0000
0000
0000
0000
0000
ENDCHAR
STARTCHAR iacute
ENCODING 237
SWIDTH 500 0
DWIDTH 11 0
BBX 11 22 0 -5
BITMAP
0000
0000
0000
0100
0200
0400
0000
1C00
0400
0400
0400
0400
0400
0400
0400
0400
1F00
0000
0000
0000
0000
0000
ENDCHAR
STARTCHAR icircumflex
ENCODING 238
SWIDTH 500 0
DWIDTH 11 0
BBX 11 22 0 -5
BITMAP
0000
0000
0000
0C00
1200
2100
0000
1C00
0400
0400
0400
0400
0400
0400
0400
0400
1F00
0000
0000
0000
0000
0000
ENDCHAR
STARTCHAR idieresis
ENCODING 239
SWIDTH 500 0
DWIDTH 11 0
BBX 11 22 0 -5
BITMAP
0000
0000
0000
2100
2100
2100
0000
1C00
0400
0400
0400
0400
0400
0400
0400
0400
1F00
0000
0000
0000
0000
0000
ENDCHAR
STARTCHAR eth
ENCODING 240
SWIDTH 500 0
DWIDTH 11 0
BBX 11 22 0 -5
BITMAP
0000
0000
0000
2C00
1000
6800
0400
1E00
2100
4080
4080
4080
4080
4080
4080
2100
1E00
0000
0000
0000
0000
0000
ENDCHAR
STARTCHAR ntilde
ENCODING 241
SWIDTH 500 0
DWIDTH 11 0
BBX 11 22 0 -5
BITMAP
0000
0000
0000
3100
4900
4600
0000
7E00
4100
4080
4080
4080
4080
4080
4080
4080
4080
0000
0000
0000
0000
0000
ENDCHAR
STARTCHAR ograve
ENCODING 242
SWIDTH 500 0
DWIDTH 11 0
BBX 11 22 0 -5
BITMAP
0000
0000
0000
1000
0800
0400
0000
1E00
2100
4080
4080
4080
4080
4080
4080
2100
1E00
0000
0000
0000
0000
0000
ENDCHAR
STARTCHAR oacute
ENCODING 243
SWIDTH 500 0
DWIDTH 11 0
BBX 11 22 0 -5
BITMAP
0000
0000
0000
0200
0400
0800
0000
1E00
2100
4080
4080
4080
4080
4080
4080
2100
1E00
0000
0000
0000
0000
0000
ENDCHAR
STARTCHAR ocircumflex
ENCODING 244
SWIDTH 500 0
DWIDTH 11 0
BBX 11 22 0 -5
BITMAP
0000
0000
0000
0C00
1200
2100
0000
1E00
2100
4080
4080
4080
4080
4080
4080
2100
1E00
0000
0000
0000
0000
0000
ENDCHAR
STARTCHAR otilde
ENCODING 245
SWIDTH 500 0
DWIDTH 11 0
BBX 11 22 0 -5
BITMAP
0000
0000
0000
1880
2480
2300
0000
1E00
2100
4080
4080
4080
4080
4080
4080
2100
1E00
0000
0000
0000
0000
0000
ENDCHAR
STARTCHAR odieresis
ENCODING 246
SWIDTH 500 0
DWIDTH 11 0
BBX 11 22 0 -5
BITMAP
0000
0000
0000
2100
2100
2100
0000
1E00
2100
4080
4080
4080
4080
4080
4080
2100
1E00
0000
0000
0000
0000
0000
ENDCHAR
STARTCHAR divide
ENCODING 247
SWIDTH 500 0
DWIDTH 11 0
BBX 11 22 0 -5
BITMAP
0000
0000
0000
0000
0000
0400
0400
0400
0000
0000
7FC0
0000
0000
0400
0400
0400
0000
0000
0000
0000
0000
0000
ENDCHAR
STARTCHAR oslash
ENCODING 248
SWIDTH 500 0
DWIDTH 11 0
BBX 11 22 0 -5
BITMAP
0000
0000
0000
0000
0000
0000
0000
1E40
2180
4180
4280
4480
4880
5080
6080
6100
9E00
0000
0000
0000
0000
0000
ENDCHAR
STARTCHAR ugrave
ENCODING 249
SWIDTH 500 0
DWIDTH 11 0
BBX 11 22 0 -5
BITMAP
0000
0000
0000
1000
0800
0400
0000
4080
4080
4080
4080
4080
4080
4080
4080
2080
1F80
0000
0000
0000
0000
0000
ENDCHAR
STARTCHAR uacute
ENCODING 250
SWIDTH 500 0
DWIDTH 11 0
BBX 11 22 0 -5
BITMAP
0000
0000
0000
0200
0400
0800
0000
4080
4080
4080
4080
4080
4080
4080
4080
2080
1F80
0000
0000
0000
0000
0000
ENDCHAR
STARTCHAR ucircumflex
ENCODING 251
SWIDTH 500 0
DWIDTH 11 0
BBX 11 22 0 -5
BITMAP
0000
0000
0000
0C00
1200
2100
0000
4080
4080
4080
4080
4080
4080
4080
4080
2080
1F80
0000
0000
0000
0000
0000
ENDCHAR
STARTCHAR udieresis
ENCODING 252
SWIDTH 500 0
DWIDTH 11 0
BBX 11 22 0 -5
BITMAP
0000
0000
0000
2100
2100
2100
0000
4080
4080
4080
4080
4080
4080
4080
4080
2080
1F80
0000
0000
0000
0000
0000
ENDCHAR
STARTCHAR yacute
ENCODING 253
SWIDTH 500 0
DWIDTH 11 0
BBX 11 22 0 -5
BITMAP
0000
0000
0000
0200
0400
0800
0000
4080
4080
4080
4080
4080
4080
4080
4080
2080
1F80
0080
0080
0100
3E00
0000
ENDCHAR
STARTCHAR thorn
ENCODING 254
SWIDTH 500 0
DWIDTH 11 0
BBX 11 22 0 -5
BITMAP
0000
0000
0000
4000
4000
4000
4000
7E00
4100
4080
4080
4080
4080
4080
4080
4100
7E00
4000
4000
4000
4000
0000
ENDCHAR
STARTCHAR ydieresis
ENCODING 255
SWIDTH 500 0
DWIDTH 11 0
BBX 11 22 0 -5
BITMAP
0000
0000
0000
2100
2100
2100
0000
4080
4080
4080
4080
4080
4080
4080
4080
2080
1F80
0080
0080
0100
3E00
0000
ENDCHAR
STARTCHAR Amacron
ENCODING 256
SWIDTH 500 0
DWIDTH 11 0
BBX 11 22 0 -5
BITMAP
0000
3F00
0000
1E00
2100
4080
4080
4080
4080
4080
7F80
4080
4080
4080
4080
4080
4080
0000
0000
0000
0000
0000
ENDCHAR
STARTCHAR amacron
ENCODING 257
SWIDTH 500 0
DWIDTH 11 0
BBX 11 22 0 -5
BITMAP
0000
0000
0000
0000
0000
3F00
0000
3E00
0100
0080
0080
3F80
4080
4080
4080
4080
3F80
0000
0000
0000
0000
0000
ENDCHAR
STARTCHAR Abreve
ENCODING 258
SWIDTH 500 0
DWIDTH 11 0
BBX 11 22 0 -5
BITMAP
2100
2100
1E00
0000
1E00
2100
4080
4080
4080
4080
4080
7F80
4080
4080
4080
4080
4080
0000
0000
0000
0000
0000
ENDCHAR
STARTCHAR abreve
ENCODING 259
SWIDTH 500 0
DWIDTH 11 0
BBX 11 22 0 -5
BITMAP
0000
0000
0000
2100
2100
1E00
0000
3E00
0100
0080
0080
3F80
4080
4080
4080
4080
3F80
0000
0000
0000
0000
0000
ENDCHAR
STARTCHAR Aogonek
ENCODING 260
SWIDTH 500 0
DWIDTH 11 0
BBX 11 22 0 -5
BITMAP
0000
0000
0000
1E00
2100
4080
4080
4080
4080
4080
7F80
4080
4080
4080
4080
4080
4080
0100
0200
0200
01C0
0000
ENDCHAR
STARTCHAR aogonek
ENCODING 261
SWIDTH 500 0
DWIDTH 11 0
BBX 11 22 0 -5
BITMAP
0000
0000
0000
0000
0000
0000
0000
3E00
0100
0080
0080
3F80
4080
4080
4080
4080
3F80
0100
0200
0200
01C0
0000
ENDCHAR
STARTCHAR Cacute
ENCODING 262
SWIDTH 500 0
DWIDTH 11 0
BBX 11 22 0 -5
BITMAP
0200
0400
0800
0000
1E00
2100
4080
4080
4000
4000
4000
4000
4000
4080
4080
2100
1E00
0000
0000
0000
0000
0000
ENDCHAR
STARTCHAR cacute
ENCODING 263
SWIDTH 500 0
DWIDTH 11 0
BBX 11 22 0 -5
BITMAP
0000
0000
0000
0200
0400
0800
0000
1E00
2100
4080
4000
4000
4000
4000
4080
2100
1E00
0000
0000
0000
0000
0000
ENDCHAR
STARTCHAR Ccircumflex
ENCODING 264
SWIDTH 500 0
DWIDTH 11 0
BBX 11 22 0 -5
BITMAP
0C00
1200
2100
0000
1E00
2100
4080
4080
4000
4000
4000
4000
4000
4080
4080
2100
1E00
0000
0000
0000
0000
0000
ENDCHAR
STARTCHAR ccircumflex
ENCODING 265
SWIDTH 500 0
DWIDTH 11 0
BBX 11 22 0 -5
BITMAP
0000
0000
0000
0C00
1200
2100
0000
1E00
2100
4080
4000
4000
4000
4000
4080
2100
1E00
0000
0000
0000
0000
0000
ENDCHAR
STARTCHAR Cdotaccent
ENCODING 266
SWIDTH 500 0
DWIDTH 11 0
BBX 11 22 0 -5
BITMAP
0400
0400
0400
0000
1E00
2100
4080
4080
4000
4000
4000
4000
4000
4080
4080
2100
1E00
0000
0000
0000
0000
0000
ENDCHAR
STARTCHAR cdotaccent
ENCODING 267
SWIDTH 500 0
DWIDTH 11 0
BBX 11 22 0 -5
BITMAP
0000
0000
0000
0400
0400
0400
0000
1E00
2100
4080
4000
4000
4000
4000
4080
2100
1E00
0000
0000
0000
0000
0000
ENDCHAR
STARTCHAR Ccaron
ENCODING 268
SWIDTH 500 0
DWIDTH 11 0
BBX 11 22 0 -5
BITMAP
2100
1200
0C00
0000
1E00
2100
4080
4080
4000
4000
4000
4000
4000
4080
4080
2100
1E00
0000
0000
0000
0000
0000
ENDCHAR
STARTCHAR ccaron
ENCODING 269
SWIDTH 500 0
DWIDTH 11 0
BBX 11 22 0 -5
BITMAP
0000
0000
0000
2100
1200
0C00
0000
1E00
2100
4080
4000
4000
4000
4000
4080
2100
1E00
0000
0000
0000
0000
0000
ENDCHAR
STARTCHAR Dcaron
ENCODING 270
SWIDTH 500 0
DWIDTH 11 0
BBX 11 22 0 -5
BITMAP
2100
1200
0C00
0000
7E00
4100
4080
4080
4080
4080
4080
4080
4080
4080
4080
4100
7E00
0000
0000
0000
0000
0000
ENDCHAR
STARTCHAR dcaron
ENCODING 271
SWIDTH 500 0
DWIDTH 11 0
BBX 11 22 0 -5
BITMAP
2100
1200
0C00
0080
0080
0080
0080
1F80
2080
4080
4080
4080
4080
4080
4080
2080
1F80
0000
0000
0000
0000
0000
ENDCHAR
STARTCHAR Dcroat
ENCODING 272
SWIDTH 500 0
DWIDTH 11 0
BBX 11 22 0 -5
BITMAP
0000
0000
0000
7E00
4100
4080
4080
4080
4080
F880
4080
4080
4080
4080
4080
4100
7E00
0000
0000
0000
0000
0000
ENDCHAR
STARTCHAR dcroat
ENCODING 273
SWIDTH 500 0
DWIDTH 11 0
BBX 11 22 0 -5
BITMAP
0000
0000
0000
0080
0FC0
0080
0080
1F80
2080
4080
4080
4080
4080
4080
4080
2080
1F80
0000
0000
0000
0000
0000
ENDCHAR
STARTCHAR Emacron
ENCODING 274
SWIDTH 500 0
DWIDTH 11 0
BBX 11 22 0 -5
BITMAP
0000
3F00
0000
7F80
4000
4000
4000
4000
4000
7E00
4000
4000
4000
4000
4000
4000
7F80
0000
0000
0000
0000
0000
ENDCHAR
STARTCHAR emacron
ENCODING 275
SWIDTH 500 0
DWIDTH 11 0
BBX 11 22 0 -5
BITMAP
0000
0000
0000
0000
0000
3F00
0000
1E00
2100
4080
4080
7F80
4000
4000
4000
2080
1F00
0000
0000
0000
0000
0000
ENDCHAR
STARTCHAR Ebreve
ENCODING 276
SWIDTH 500 0
DWIDTH 11 0
BBX 11 22 0 -5
BITMAP
2100
2100
1E00
0000
7F80
4000
4000
4000
4000
4000
7E00
4000
4000
4000
4000
4000
7F80
0000
0000
0000
0000
0000
ENDCHAR
STARTCHAR ebreve
ENCODING 277
SWIDTH 500 0
DWIDTH 11 0
BBX 11 22 0 -5
BITMAP
0000
0000
0000
2100
2100
1E00
0000
1E00
2100
4080
4080
7F80
4000
4000
4000
2080
1F00
0000
0000
0000
0000
0000
ENDCHAR
STARTCHAR Edotaccent
ENCODING 278
SWIDTH 500 0
DWIDTH 11 0
BBX 11 22 0 -5
BITMAP
0400
0400
0400
0000
7F80
4000
4000
4000
4000
4000
7E00
4000
4000
4000
4000
4000
7F80
0000
0000
0000
0000
0000
ENDCHAR
STARTCHAR edotaccent
ENCODING 279
SWIDTH 500 0
DWIDTH 11 0
BBX 11 22 0 -5
BITMAP
0000
0000
0000
0400
0400
0400
0000
1E00
2100
4080
4080
7F80
4000
4000
4000
2080
1F00
0000
0000
0000
0000
0000
ENDCHAR
STARTCHAR Eogonek
ENCODING 280
SWIDTH 500 0
DWIDTH 11 0
BBX 11 22 0 -5
BITMAP
0000
0000
0000
7F80
4000
4000
4000
4000
4000
7E00
4000
4000
4000
4000
4000
4000
7F80
0100
0200
0200
01C0
0000
ENDCHAR
STARTCHAR eogonek
ENCODING 281
SWIDTH 500 0
DWIDTH 11 0
BBX 11 22 0 -5
BITMAP
0000
0000
0000
0000
0000
0000
0000
1E00
2100
4080
4080
7F80
4000
4000
4000
2080
1F00
0400
0800
0800
0700
0000
ENDCHAR
STARTCHAR Ecaron
ENCODING 282
SWIDTH 500 0
DWIDTH 11 0
BBX 11 22 0 -5
BITMAP
2100
1200
0C00
0000
7F80
4000
4000
4000
4000
4000
7E00
4000
4000
4000
4000
4000
7F80
0000
0000
0000
0000
0000
ENDCHAR
STARTCHAR ecaron
ENCODING 283
SWIDTH 500 0
DWIDTH 11 0
BBX 11 22 0 -5
BITMAP
0000
0000
0000
2100
1200
0C00
0000
1E00
2100
4080
4080
7F80
4000
4000
4000
2080
1F00
0000
0000
0000
0000
0000
ENDCHAR
STARTCHAR Gcircumflex
ENCODING 284
SWIDTH 500 0
DWIDTH 11 0
BBX 11 22 0 -5
BITMAP
0C00
1200
2100
0000
1E00
2100
4180
4000
4000
4000
4780
4080
4080
4080
4080
2100
1E00
0000
0000
0000
0000
0000
ENDCHAR
STARTCHAR gcircumflex
ENCODING 285
SWIDTH 500 0
DWIDTH 11 0
BBX 11 22 0 -5
BITMAP
0000
0000
0000
0C00
1200
2100
0000
1F80
2080
4080
4080
4080
4080
4080
4080
2080
1F80
0080
0080
0100
3E00
0000
ENDCHAR
STARTCHAR Gbreve
ENCODING 286
SWIDTH 500 0
DWIDTH 11 0
BBX 11 22 0 -5
BITMAP
2100
2100
1E00
0000
1E00
2100
4180
4000
4000
4000
4780
4080
4080
4080
4080
2100
1E00
0000
0000
0000
0000
0000
ENDCHAR
STARTCHAR gbreve
ENCODING 287
SWIDTH 500 0
DWIDTH 11 0
BBX 11 22 0 -5
BITMAP
0000
0000
0000
2100
2100
1E00
0000
1F80
2080
4080
4080
4080
4080
4080
4080
2080
1F80
0080
0080
0100
3E00
0000
ENDCHAR
STARTCHAR Gdotaccent
ENCODING 288
SWIDTH 500 0
DWIDTH 11 0
BBX 11 22 0 -5
BITMAP
0400
0400
0400
0000
1E00
2100
4180
4000
4000
4000
4780
4080
4080
4080
4080
2100
1E00
0000
0000
0000
0000
0000
ENDCHAR
STARTCHAR gdotaccent
ENCODING 289
SWIDTH 500 0
DWIDTH 11 0
BBX 11 22 0 -5
BITMAP
0000
0000
0000
0400
0400
0400
0000
1F80
2080
4080
4080
4080
4080
4080
4080
2080
1F80
0080
0080
0100
3E00
0000
ENDCHAR
STARTCHAR Gcommaaccent
ENCODING 290
SWIDTH 500 0
DWIDTH 11 0
BBX 11 22 0 -5
BITMAP
0000
0000
0000
1E00
2100
4080
4080
4000
4000
4000
4780
4080
4080
4080
4080
2100
1E00
0000
0400
0400
0400
0800
ENDCHAR
STARTCHAR gcommaaccent
ENCODING 291
SWIDTH 500 0
DWIDTH 11 0
BBX 11 22 0 -5
BITMAP
0000
0000
0200
0400
0400
0400
0000
1F80
2080
4080
4080
4080
4080
4080
4080
2080
1F80
0080
0080
0100
3E00
0000
ENDCHAR
STARTCHAR Hcircumflex
ENCODING 292
SWIDTH 500 0
DWIDTH 11 0
BBX 11 22 0 -5
BITMAP
0C00
1200
2100
0000
4080
4080
4080
4080
4080
7F80
4080
4080
4080
4080
4080
4080
4080
0000
0000
0000
0000
0000
ENDCHAR
STARTCHAR hcircumflex
ENCODING 293
SWIDTH 500 0
DWIDTH 11 0
BBX 11 22 0 -5
BITMAP
0600
0900
1080
4000
4000
4000
4000
7E00
4100
4080
4080
4080
4080
4080
4080
4080
4080
0000
0000
0000
0000
0000
ENDCHAR
STARTCHAR Hbar
ENCODING 294
SWIDTH 500 0
DWIDTH 11 0
BBX 11 22 0 -5
BITMAP
0000
0000
0000
4080
4080
FFC0
4080
4080
4080
7F80
4080
4080
4080
4080
4080
4080
4080
0000
0000
0000
0000
0000
ENDCHAR
STARTCHAR hbar
ENCODING 295
SWIDTH 500 0
DWIDTH 11 0
BBX 11 22 0 -5
BITMAP
0000
0000
0000
4000
FC00
4000
4000
7E00
4100
4080
4080
4080
4080
4080
4080
4080
4080
0000
0000
0000
0000
0000
ENDCHAR
STARTCHAR Itilde
ENCODING 296
SWIDTH 500 0
DWIDTH 11 0
BBX 11 22 0 -5
BITMAP
1880
2480
2300
0000
1F00
0400
0400
0400
0400
0400
0400
0400
0400
0400
0400
0400
1F00
0000
0000
0000
0000
0000
ENDCHAR
STARTCHAR itilde
ENCODING 297
SWIDTH 500 0
DWIDTH 11 0
BBX 11 22 0 -5
BITMAP
0000
0000
0000
1880
2480
2300
0000
1C00
0400
0400
0400
0400
0400
0400
0400
0400
1F00
0000
0000
0000
0000
0000
ENDCHAR
STARTCHAR Imacron
ENCODING 298
SWIDTH 500 0
DWIDTH 11 0
BBX 11 22 0 -5
BITMAP
0000
3F00
0000
1F00
0400
0400
0400
0400
0400
0400
0400
0400
0400
0400
0400
0400
1F00
0000
0000
0000
0000
0000
ENDCHAR
STARTCHAR imacron
ENCODING 299
SWIDTH 500 0
DWIDTH 11 0
BBX 11 22 0 -5
BITMAP
0000
0000
0000
0000
0000
3F00
0000
1C00
0400
0400
0400
0400
0400
0400
0400
0400
1F00
0000
0000
0000
0000
0000
ENDCHAR
STARTCHAR Ibreve
ENCODING 300
SWIDTH 500 0
DWIDTH 11 0
BBX 11 22 0 -5
BITMAP
2100
2100
1E00
0000
1F00
0400
0400
0400
0400
0400
0400
0400
0400
0400
0400
0400
1F00
0000
0000
0000
0000
0000
ENDCHAR
STARTCHAR ibreve
ENCODING 301
SWIDTH 500 0
DWIDTH 11 0
BBX 11 22 0 -5
BITMAP
0000
0000
0000
2100
2100
1E00
0000
1C00
0400
0400
0400
0400
0400
0400
0400
0400
1F00
0000
0000
0000
0000
0000
ENDCHAR
STARTCHAR Iogonek
ENCODING 302
SWIDTH 500 0
DWIDTH 11 0
BBX 11 22 0 -5
BITMAP
0000
0000
0000
1F00
0400
0400
0400
0400
0400
0400
0400
0400
0400
0400
0400
0400
1F00
0400
0800
0800
0700
0000
ENDCHAR
STARTCHAR iogonek
ENCODING 303
SWIDTH 500 0
DWIDTH 11 0
BBX 11 22 0 -5
BITMAP
0000
0000
0000
0400
0400
0400
0000
1C00
0400
0400
0400
0400
0400
0400
0400
0400
1F00
0400
0800
0800
0700
0000
ENDCHAR
STARTCHAR Idotaccent
ENCODING 304
SWIDTH 500 0
DWIDTH 11 0
BBX 11 22 0 -5
BITMAP
0400
0400
0400
0000
1F00
0400
0400
0400
0400
0400
0400
0400
0400
0400
0400
0400
1F00
0000
0000
0000
0000
0000
ENDCHAR
STARTCHAR dotlessi
ENCODING 305
SWIDTH 500 0
DWIDTH 11 0
BBX 11 22 0 -5
BITMAP
0000
0000
0000
0000
0000
0000
0000
1C00
0400
0400
0400
0400
0400
0400
0400
0400
1F00
0000
0000
0000
0000
0000
ENDCHAR
STARTCHAR IJ
ENCODING 306
SWIDTH 500 0
DWIDTH 11 0
BBX 11 22 0 -5
BITMAP
0000
0000
0000
E1C0
4080
4080
4080
4080
4080
4080
4080
4080
4880
4880
4880
4880
E700
0000
0000
0000
0000
0000
ENDCHAR
STARTCHAR ij
ENCODING 307
SWIDTH 500 0
DWIDTH 11 0
BBX 11 22 0 -5
BITMAP
0000
0000
0000
2040
2040
2040
0000
60C0
2040
2040
2040
2040
2040
2040
2040
2040
7040
0440
0440
0440
0380
0000
ENDCHAR
STARTCHAR Jcircumflex
ENCODING 308
SWIDTH 500 0
DWIDTH 11 0
BBX 11 22 0 -5
BITMAP
0300
0480
0840
0000
07C0
0100
0100
0100
0100
0100
0100
0100
4100
4100
4100
2200
1C00
0000
0000
0000
0000
0000
ENDCHAR
STARTCHAR jcircumflex
ENCODING 309
SWIDTH 500 0
DWIDTH 11 0
BBX 11 22 0 -5
BITMAP
0000
0000
0000
0300
0480
0840
0000
0700
0100
0100
0100
0100
0100
0100
0100
0100
0100
2100
2100
2100
1E00
0000
ENDCHAR
STARTCHAR Kcommaaccent
ENCODING 310
SWIDTH 500 0
DWIDTH 11 0
BBX 11 22 0 -5
BITMAP
0000
0000
0000
4080
4100
4200
4400
4800
5000
6000
6000
5000
4800
4400
4200
4100
4080
0000
0400
0400
0400
0800
ENDCHAR
STARTCHAR kcommaaccent
ENCODING 311
SWIDTH 500 0
DWIDTH 11 0
BBX 11 22 0 -5
BITMAP
0000
0000
0000
2000
2000
2000
2000
2080
2100
2200
2400
3800
3800
2400
2200
2100
2080
0000
0400
0400
0400
0800
ENDCHAR
STARTCHAR kgreenlandic
ENCODING 312
SWIDTH 500 0
DWIDTH 11 0
BBX 11 22 0 -5
BITMAP
0000
0000
0000
0000
0000
0000
0000
2080
2100
2200
2400
3800
3800
2400
2200
2100
2080
0000
0000
0000
0000
0000
ENDCHAR
STARTCHAR Lacute
ENCODING 313
SWIDTH 500 0
DWIDTH 11 0
BBX 11 22 0 -5
BITMAP
1000
2000
4000
0000
4000
4000
4000
4000
4000
4000
4000
4000
4000
4000
4000
4000
7F80
0000
0000
0000
0000
0000
ENDCHAR
STARTCHAR lacute
ENCODING 314
SWIDTH 500 0
DWIDTH 11 0
BBX 11 22 0 -5
BITMAP
0200
0400
0800
0000
3800
0800
0800
0800
0800
0800
0800
0800
0800
0800
0800
0800
0700
0000
0000
0000
0000
0000
ENDCHAR
STARTCHAR Lcommaaccent
ENCODING 315
SWIDTH 500 0
DWIDTH 11 0
BBX 11 22 0 -5
BITMAP
0000
0000
0000
4000
4000
4000
4000
4000
4000
4000
4000
4000
4000
4000
4000
4000
7F80
0000
0400
0400
0400
0800
ENDCHAR
STARTCHAR lcommaaccent
ENCODING 316
SWIDTH 500 0
DWIDTH 11 0
BBX 11 22 0 -5
BITMAP
0000
0000
0000
3800
0800
0800
0800
0800
0800
0800
0800
0800
0800
0800
0800
0800
0700
0000
0200
0200
0200
0400
ENDCHAR
STARTCHAR Lcaron
ENCODING 317
SWIDTH 500 0
DWIDTH 11 0
BBX 11 22 0 -5
BITMAP
2100
1200
0C00
4000
4000
4000
4000
4000
4000
4000
4000
4000
4000
4000
4000
4000
7F80
0000
0000
0000
0000
0000
ENDCHAR
STARTCHAR lcaron
ENCODING 318
SWIDTH 500 0
DWIDTH 11 0
BBX 11 22 0 -5
BITMAP
2200
1400
0800
0000
3800
0800
0800
0800
0800
0800
0800
0800
0800
0800
0800
0800
0700
0000
0000
0000
0000
0000
ENDCHAR
STARTCHAR Ldot
ENCODING 319
SWIDTH 500 0
DWIDTH 11 0
BBX 11 22 0 -5
BITMAP
0000
0000
0000
4000
4000
4000
4000
4000
4200
4200
4200
4000
4000
4000
4000
4000
7F80
0000
0000
0000
0000
0000
ENDCHAR
STARTCHAR ldot
ENCODING 320
SWIDTH 500 0
DWIDTH 11 0
BBX 11 22 0 -5
BITMAP
0000
0000
0000
3800
0800
0800
0800
0800
0820
0820
0820
0800
0800
0800
0800
0800
0700
0000
0000
0000
0000
0000
ENDCHAR
STARTCHAR Lslash
ENCODING 321
SWIDTH 500 0
DWIDTH 11 0
BBX 11 22 0 -5
BITMAP
0000
0000
0000
2000
2000
2000
2000
2800
3000
2000
6000
A000
2000
2000
2000
2000
3FC0
0000
0000
0000
0000
0000
ENDCHAR
STARTCHAR lslash
ENCODING 322
SWIDTH 500 0
DWIDTH 11 0
BBX 11 22 0 -5
BITMAP
0000
0000
0000
3800
0800
0800
0800
0A00
0C00
0800
1800
2800
0800
0800
0800
0800
0700
0000
0000
0000
0000
0000
ENDCHAR
STARTCHAR Nacute
ENCODING 323
SWIDTH 500 0
DWIDTH 11 0
BBX 11 22 0 -5
BITMAP
0200
0400
0800
4080
4080
4080
4080
6080
5080
4880
4480
4280
4180
4080
4080
4080
4080
0000
0000
0000
0000
0000
ENDCHAR
STARTCHAR nacute
ENCODING 324
SWIDTH 500 0
DWIDTH 11 0
BBX 11 22 0 -5
BITMAP
0000
0000
0000
0200
0400
0800
0000
7E00
4100
4080
4080
4080
4080
4080
4080
4080
4080
0000
0000
0000
0000
0000
ENDCHAR
STARTCHAR Ncommaaccent
ENCODING 325
SWIDTH 500 0
DWIDTH 11 0
BBX 11 22 0 -5
BITMAP
0000
0000
0000
4080
4080
4080
4080
6080
5080
4880
4480
4280
4180
4080
4080
4080
4080
0000
0400
0400
0400
0800
ENDCHAR
STARTCHAR ncommaaccent
ENCODING 326
SWIDTH 500 0
DWIDTH 11 0
BBX 11 22 0 -5
BITMAP
0000
0000
0000
0000
0000
0000
0000
7E00
4100
4080
4080
4080
4080
4080
4080
4080
4080
0000
0400
0400
0400
0800
ENDCHAR
STARTCHAR Ncaron
ENCODING 327
SWIDTH 500 0
DWIDTH 11 0
BBX 11 22 0 -5
BITMAP
2100
1200
0C00
4080
4080
4080
4080
6080
5080
4880
4480
4280
4180
4080
4080
4080
4080
0000
0000
0000
0000
0000
ENDCHAR
STARTCHAR ncaron
ENCODING 328
SWIDTH 500 0
DWIDTH 11 0
BBX 11 22 0 -5
BITMAP
0000
0000
0000
2100
1200
0C00
0000
7E00
4100
4080
4080
4080
4080
4080
4080
4080
4080
0000
0000
0000
0000
0000
ENDCHAR
STARTCHAR napostrophe
ENCODING 329
SWIDTH 500 0
DWIDTH 11 0
BBX 11 22 0 -5
BITMAP
0000
4000
4000
4000
4000
8000
0000
7E00
4100
4080
4080
4080
4080
4080
4080
4080
4080
0000
0000
0000
0000
0000
ENDCHAR
STARTCHAR Eng
ENCODING 330
SWIDTH 500 0
DWIDTH 11 0
BBX 11 22 0 -5
BITMAP
0000
0000
0000
4080
4080
4080
4080
6080
5080
4880
4480
4280
4180
4080
4080
4080
4080
0080
0080
0100
0600
0000
ENDCHAR
STARTCHAR eng
ENCODING 331
SWIDTH 500 0
DWIDTH 11 0
BBX 11 22 0 -5
BITMAP
0000
0000
0000
0000
0000
0000
0000
7E00
4100
4080
4080
4080
4080
4080
4080
4080
4080
0080
0080
0100
0600
0000
ENDCHAR
STARTCHAR Omacron
ENCODING 332
SWIDTH 500 0
DWIDTH 11 0
BBX 11 22 0 -5
BITMAP
0000
3F00
0000
1E00
2100
4080
4080
4080
4080
4080
4080
4080
4080
4080
4080
2100
1E00
0000
0000
0000
0000
0000
ENDCHAR
STARTCHAR omacron
ENCODING 333
SWIDTH 500 0
DWIDTH 11 0
BBX 11 22 0 -5
BITMAP
0000
0000
0000
0000
0000
3F00
0000
1E00
2100
4080
4080
4080
4080
4080
4080
2100
1E00
0000
0000
0000
0000
0000
ENDCHAR
STARTCHAR Obreve
ENCODING 334
SWIDTH 500 0
DWIDTH 11 0
BBX 11 22 0 -5
BITMAP
2100
2100
1E00
0000
1E00
2100
4080
4080
4080
4080
4080
4080
4080
4080
4080
2100
1E00
0000
0000
0000
0000
0000
ENDCHAR
STARTCHAR obreve
ENCODING 335
SWIDTH 500 0
DWIDTH 11 0
BBX 11 22 0 -5
BITMAP
0000
0000
0000
2100
2100
1E00
0000
1E00
2100
4080
4080
4080
4080
4080
4080
2100
1E00
0000
0000
0000
0000
0000
ENDCHAR
STARTCHAR Ohungarumlaut
ENCODING 336
SWIDTH 500 0
DWIDTH 11 0
BBX 11 22 0 -5
BITMAP
0440
0880
1100
0000
1E00
2100
4080
4080
4080
4080
4080
4080
4080
4080
4080
2100
1E00
0000
0000
0000
0000
0000
ENDCHAR
STARTCHAR ohungarumlaut
ENCODING 337
SWIDTH 500 0
DWIDTH 11 0
BBX 11 22 0 -5
BITMAP
0000
0000
0000
0440
0880
1100
0000
1E00
2100
4080
4080
4080
4080
4080
4080
2100
1E00
0000
0000
0000
0000
0000
ENDCHAR
STARTCHAR OE
ENCODING 338
SWIDTH 500 0
DWIDTH 11 0
BBX 11 22 0 -5
BITMAP
0000
0000
0000
3FC0
4400
8400
8400
8400
8400
87C0
8400
8400
8400
8400
8400
4400
3FC0
0000
0000
0000
0000
0000
ENDCHAR
STARTCHAR oe
ENCODING 339
SWIDTH 500 0
DWIDTH 11 0
BBX 11 22 0 -5
BITMAP
0000
0000
0000
0000
0000
0000
0000
3F80
4440
4440
4440
47C0
4400
4400
4400
4440
3F80
0000
0000
0000
0000
0000
ENDCHAR
STARTCHAR Racute
ENCODING 340
SWIDTH 500 0
DWIDTH 11 0
BBX 11 22 0 -5
BITMAP
0200
0400
0800
0000
7E00
4100
4080
4080
4080
4100
7E00
5000
4800
4400
4200
4100
4080
0000
0000
0000
0000
0000
ENDCHAR
STARTCHAR racute
ENCODING 341
SWIDTH 500 0
DWIDTH 11 0
BBX 11 22 0 -5
BITMAP
0000
0000
0000
0200
0400
0800
0000
4F80
5000
6000
4000
4000
4000
4000
4000
4000
4000
0000
0000
0000
0000
0000
ENDCHAR
STARTCHAR Rcommaaccent
ENCODING 342
SWIDTH 500 0
DWIDTH 11 0
BBX 11 22 0 -5
BITMAP
0000
0000
0000
7E00
4100
4080
4080
4080
4080
4100
7E00
5000
4800
4400
4200
4100
4080
0000
0400
0400
0400
0800
ENDCHAR
STARTCHAR rcommaaccent
ENCODING 343
SWIDTH 500 0
DWIDTH 11 0
BBX 11 22 0 -5
BITMAP
0000
0000
0000
0000
0000
0000
0000
4F80
5000
6000
4000
4000
4000
4000
4000
4000
4000
0000
4000
4000
4000
8000
ENDCHAR
STARTCHAR Rcaron
ENCODING 344
SWIDTH 500 0
DWIDTH 11 0
BBX 11 22 0 -5
BITMAP
2100
1200
0C00
0000
7E00
4100
4080
4080
4080
4100
7E00
5000
4800
4400
4200
4100
4080
0000
0000
0000
0000
0000
ENDCHAR
STARTCHAR rcaron
ENCODING 345
SWIDTH 500 0
DWIDTH 11 0
BBX 11 22 0 -5
BITMAP
0000
0000
0000
2100
1200
0C00
0000
4F80
5000
6000
4000
4000
4000
4000
4000
4000
4000
0000
0000
0000
0000
0000
ENDCHAR
STARTCHAR Sacute
ENCODING 346
SWIDTH 500 0
DWIDTH 11 0
BBX 11 22 0 -5
BITMAP
0200
0400
0800
0000
1E00
2100
4080
4000
4000
2000
1E00
0100
0080
0080
4080
2100
1E00
0000
0000
0000
0000
0000
ENDCHAR
STARTCHAR sacute
ENCODING 347
SWIDTH 500 0
DWIDTH 11 0
BBX 11 22 0 -5
BITMAP
0000
0000
0000
0200
0400
0800
0000
3F00
4080
4000
4000
3F00
0080
0080
0080
4080
3F00
0000
0000
0000
0000
0000
ENDCHAR
STARTCHAR Scircumflex
ENCODING 348
SWIDTH 500 0
DWIDTH 11 0
BBX 11 22 0 -5
BITMAP
0C00
1200
2100
0000
1E00
2100
4080
4000
4000
2000
1E00
0100
0080
0080
4080
2100
1E00
0000
0000
0000
0000
0000
ENDCHAR
STARTCHAR scircumflex
ENCODING 349
SWIDTH 500 0
DWIDTH 11 0
BBX 11 22 0 -5
BITMAP
0000
0000
0000
0C00
1200
2100
0000
3F00
4080
4000
4000
3F00
0080
0080
0080
4080
3F00
0000
0000
0000
0000
0000
ENDCHAR
STARTCHAR Scedilla
ENCODING 350
SWIDTH 500 0
DWIDTH 11 0
BBX 11 22 0 -5
BITMAP
0000
0000
0000
1E00
2100
4080
4000
4000
2000
1E00
0100
0080
0080
0080
4080
2100
1E00
0400
0400
0400
0800
0000
ENDCHAR
STARTCHAR scedilla
ENCODING 351
SWIDTH 500 0
DWIDTH 11 0
BBX 11 22 0 -5
BITMAP
0000
0000
0000
0000
0000
0000
0000
3F00
4080
4000
4000
3F00
0080
0080
0080
4080
3F00
0400
0400
0400
0800
0000
ENDCHAR
STARTCHAR Scaron
ENCODING 352
SWIDTH 500 0
DWIDTH 11 0
BBX 11 22 0 -5
BITMAP
2100
1200
0C00
0000
1E00
2100
4080
4000
4000
2000
1E00
0100
0080
0080
4080
2100
1E00
0000
0000
0000
0000
0000
ENDCHAR
STARTCHAR scaron
ENCODING 353
SWIDTH 500 0
DWIDTH 11 0
BBX 11 22 0 -5
BITMAP
0000
0000
0000
2100
1200
0C00
0000
3F00
4080
4000
4000
3F00
0080
0080
0080
4080
3F00
0000
0000
0000
0000
0000
ENDCHAR
STARTCHAR Tcedilla
ENCODING 354
SWIDTH 500 0
DWIDTH 11 0
BBX 11 22 0 -5
BITMAP
0000
0000
0000
7FC0
0400
0400
0400
0400
0400
0400
0400
0400
0400
0400
0400
0400
0400
0200
0200
0200
0400
0000
ENDCHAR
STARTCHAR tcedilla
ENCODING 355
SWIDTH 500 0
DWIDTH 11 0
BBX 11 22 0 -5
BITMAP
0000
0000
0000
0800
0800
0800
0800
7F00
0800
0800
0800
0800
0800
0800
0800
0800
0780
0200
0200
0200
0400
0000
ENDCHAR
STARTCHAR Tcaron
ENCODING 356
SWIDTH 500 0
DWIDTH 11 0
BBX 11 22 0 -5
BITMAP
2100
1200
0C00
0000
7FC0
0400
0400
0400
0400
0400
0400
0400
0400
0400
0400
0400
0400
0000
0000
0000
0000
0000
ENDCHAR
STARTCHAR tcaron
ENCODING 357
SWIDTH 500 0
DWIDTH 11 0
BBX 11 22 0 -5
BITMAP
2200
1400
0800
0000
0800
0800
0800
7F00
0800
0800
0800
0800
0800
0800
0800
0800
0780
0000
0000
0000
0000
0000
ENDCHAR
STARTCHAR Tbar
ENCODING 358
SWIDTH 500 0
DWIDTH 11 0
BBX 11 22 0 -5
BITMAP
0000
0000
0000
7FC0
0400
0400
0400
0400
0400
3F80
0400
0400
0400
0400
0400
0400
0400
0000
0000
0000
0000
0000
ENDCHAR
STARTCHAR tbar
ENCODING 359
SWIDTH 500 0
DWIDTH 11 0
BBX 11 22 0 -5
BITMAP
0000
0000
0000
0800
0800
0800
0800
7F00
0800
0800
3E00
0800
0800
0800
0800
0800
0780
0000
0000
0000
0000
0000
ENDCHAR
STARTCHAR Utilde
ENCODING 360
SWIDTH 500 0
DWIDTH 11 0
BBX 11 22 0 -5
BITMAP
1880
2480
2300
0000
4080
4080
4080
4080
4080
4080
4080
4080
4080
4080
4080
2100
1E00
0000
0000
0000
0000
0000
ENDCHAR
STARTCHAR utilde
ENCODING 361
SWIDTH 500 0
DWIDTH 11 0
BBX 11 22 0 -5
BITMAP
0000
0000
0000
1880
2480
2300
0000
4080
4080
4080
4080
4080
4080
4080
4080
2080
1F80
0000
0000
0000
0000
0000
ENDCHAR
STARTCHAR Umacron
ENCODING 362
SWIDTH 500 0
DWIDTH 11 0
BBX 11 22 0 -5
BITMAP
0000
3F00
0000
4080
4080
4080
4080
4080
4080
4080
4080
4080
4080
4080
4080
2100
1E00
0000
0000
0000
0000
0000
ENDCHAR
STARTCHAR umacron
ENCODING 363
SWIDTH 500 0
DWIDTH 11 0
BBX 11 22 0 -5
BITMAP
0000
0000
0000
0000
0000
3F00
0000
4080
4080
4080
4080
4080
4080
4080
4080
2080
1F80
0000
0000
0000
0000
0000
ENDCHAR
STARTCHAR Ubreve
ENCODING 364
SWIDTH 500 0
DWIDTH 11 0
BBX 11 22 0 -5
BITMAP
2100
2100
1E00
0000
4080
4080
4080
4080
4080
4080
4080
4080
4080
4080
4080
2100
1E00
0000
0000
0000
0000
0000
ENDCHAR
STARTCHAR ubreve
ENCODING 365
SWIDTH 500 0
DWIDTH 11 0
BBX 11 22 0 -5
BITMAP
0000
0000
0000
2100
2100
1E00
0000
4080
4080
4080
4080
4080
4080
4080
4080
2080
1F80
0000
0000
0000
0000
0000
ENDCHAR
STARTCHAR Uring
ENCODING 366
SWIDTH 500 0
DWIDTH 11 0
BBX 11 22 0 -5
BITMAP
0C00
1200
1200
0C00
4080
4080
4080
4080
4080
4080
4080
4080
4080
4080
4080
2100
1E00
0000
0000
0000
0000
0000
ENDCHAR
STARTCHAR uring
ENCODING 367
SWIDTH 500 0
DWIDTH 11 0
BBX 11 22 0 -5
BITMAP
0000
0000
0000
0C00
1200
1200
0C00
4080
4080
4080
4080
4080
4080
4080
4080
2080
1F80
0000
0000
0000
0000
0000
ENDCHAR
STARTCHAR Uhungarumlaut
ENCODING 368
SWIDTH 500 0
DWIDTH 11 0
BBX 11 22 0 -5
BITMAP
0440
0880
1100
0000
4080
4080
4080
4080
4080
4080
4080
4080
4080
4080
4080
2100
1E00
0000
0000
0000
0000
0000
ENDCHAR
STARTCHAR uhungarumlaut
ENCODING 369
SWIDTH 500 0
DWIDTH 11 0
BBX 11 22 0 -5
BITMAP
0000
0000
0000
0440
0880
1100
0000
4080
4080
4080
4080
4080
4080
4080
4080
2080
1F80
0000
0000
0000
0000
0000
ENDCHAR
STARTCHAR Uogonek
ENCODING 370
SWIDTH 500 0
DWIDTH 11 0
BBX 11 22 0 -5
BITMAP
0000
0000
0000
4080
4080
4080
4080
4080
4080
4080
4080
4080
4080
4080
4080
2100
1E00
0400
0800
0800
0700
0000
ENDCHAR
STARTCHAR uogonek
ENCODING 371
SWIDTH 500 0
DWIDTH 11 0
BBX 11 22 0 -5
BITMAP
0000
0000
0000
0000
0000
0000
0000
4080
4080
4080
4080
4080
4080
4080
4080
2080
1F80
0100
0200
0200
01C0
0000
ENDCHAR
STARTCHAR Wcircumflex
ENCODING 372
SWIDTH 500 0
DWIDTH 11 0
BBX 11 22 0 -5
BITMAP
0C00
1200
2100
0000
4040
4040
4040
4040
4040
4040
4040
4040
4440
4A40
5140
60C0
4040
0000
0000
0000
0000
0000
ENDCHAR
STARTCHAR wcircumflex
ENCODING 373
SWIDTH 500 0
DWIDTH 11 0
BBX 11 22 0 -5
BITMAP
0000
0000
0000
0C00
1200
2100
0000
4040
4040
4040
4440
4440
4440
4440
4440
4440
3F80
0000
0000
0000
0000
0000
ENDCHAR
STARTCHAR Ycircumflex
ENCODING 374
SWIDTH 500 0
DWIDTH 11 0
BBX 11 22 0 -5
BITMAP
0C00
1200
2100
0000
4040
4040
2080
2080
1100
1100
0A00
0400
0400
0400
0400
0400
0400
0000
0000
0000
0000
0000
ENDCHAR
STARTCHAR ycircumflex
ENCODING 375
SWIDTH 500 0
DWIDTH 11 0
BBX 11 22 0 -5
BITMAP
0000
0000
0000
0C00
1200
2100
0000
4080
4080
4080
4080
4080
4080
4080
4080
2080
1F80
0080
0080
0100
3E00
0000
ENDCHAR
STARTCHAR Ydieresis
ENCODING 376
SWIDTH 500 0
DWIDTH 11 0
BBX 11 22 0 -5
BITMAP
2100
2100
2100
0000
4040
4040
2080
2080
1100
1100
0A00
0400
0400
0400
0400
0400
0400
0000
0000
0000
0000
0000
ENDCHAR
STARTCHAR Zacute
ENCODING 377
SWIDTH 500 0
DWIDTH 11 0
BBX 11 22 0 -5
BITMAP
0200
0400
0800
0000
7F80
0080
0080
0100
0200
0400
0800
1000
2000
4000
4000
4000
7F80
0000
0000
0000
0000
0000
ENDCHAR
STARTCHAR zacute
ENCODING 378
SWIDTH 500 0
DWIDTH 11 0
BBX 11 22 0 -5
BITMAP
0000
0000
0000
0200
0400
0800
0000
7F80
0080
0100
0200
0400
0800
1000
2000
4000
7F80
0000
0000
0000
0000
0000
ENDCHAR
STARTCHAR Zdotaccent
ENCODING 379
SWIDTH 500 0
DWIDTH 11 0
BBX 11 22 0 -5
BITMAP
0400
0400
0400
0000
7F80
0080
0080
0100
0200
0400
0800
1000
2000
4000
4000
4000
7F80
0000
0000
0000
0000
0000
ENDCHAR
STARTCHAR zdotaccent
ENCODING 380
SWIDTH 500 0
DWIDTH 11 0
BBX 11 22 0 -5
BITMAP
0000
0000
0000
0400
0400
0400
0000
7F80
0080
0100
0200
0400
0800
1000
2000
4000
7F80
0000
0000
0000
0000
0000
ENDCHAR
STARTCHAR Zcaron
ENCODING 381
SWIDTH 500 0
DWIDTH 11 0
BBX 11 22 0 -5
BITMAP
2100
1200
0C00
0000
7F80
0080
0080
0100
0200
0400
0800
1000
2000
4000
4000
4000
7F80
0000
0000
0000
0000
0000
ENDCHAR
STARTCHAR zcaron
ENCODING 382
SWIDTH 500 0
DWIDTH 11 0
BBX 11 22 0 -5
BITMAP
0000
0000
0000
2100
1200
0C00
0000
7F80
0080
0100
0200
0400
0800
1000
2000
4000
7F80
0000
0000
0000
0000
0000
ENDCHAR
STARTCHAR longs
ENCODING 383
SWIDTH 500 0
DWIDTH 11 0
BBX 11 22 0 -5
BITMAP
0000
0000
0000
0780
0800
0800
0800
0800
0800
0800
0800
0800
0800
0800
0800
0800
0800
0000
0000
0000
0000
0000
ENDCHAR
STARTCHAR uni0186
ENCODING 390
SWIDTH 500 0
DWIDTH 11 0
BBX 11 22 0 -5
BITMAP
0000
0000
0000
1E00
2100
4080
4080
0080
0080
0080
0080
0080
0080
4080
4080
2100
1E00
0000
0000
0000
0000
0000
ENDCHAR
STARTCHAR uni018E
ENCODING 398
SWIDTH 500 0
DWIDTH 11 0
BBX 11 22 0 -5
BITMAP
0000
0000
0000
7F80
0080
0080
0080
0080
0080
1F80
0080
0080
0080
0080
0080
0080
7F80
0000
0000
0000
0000
0000
ENDCHAR
STARTCHAR Schwa
ENCODING 399
SWIDTH 500 0
DWIDTH 11 0
BBX 11 22 0 -5
BITMAP
0000
0000
0000
1E00
2100
4080
0080
0080
0080
7F80
4080
4080
4080
4080
4080
2100
1E00
0000
0000
0000
0000
0000
ENDCHAR
STARTCHAR uni0190
ENCODING 400
SWIDTH 500 0
DWIDTH 11 0
BBX 11 22 0 -5
BITMAP
0000
0000
0000
1E00
2100
4080
4000
4000
2000
1E00
2000
4000
4000
4000
4080
2100
1E00
0000
0000
0000
0000
0000
ENDCHAR
STARTCHAR florin
ENCODING 402
SWIDTH 500 0
DWIDTH 11 0
BBX 11 22 0 -5
BITMAP
0000
0000
0000
0380
0440
0440
0400
0400
0400
3F80
0400
0400
0400
0400
0400
0400
0400
0400
4400
4400
3800
0000
ENDCHAR
STARTCHAR uni019D
ENCODING 413
SWIDTH 500 0
DWIDTH 11 0
BBX 11 22 0 -5
BITMAP
0000
0000
0000
4080
4080
4080
4080
6080
5080
4880
4480
4280
4180
4080
4080
4080
4080
4000
4000
4000
8000
0000
ENDCHAR
STARTCHAR uni019E
ENCODING 414
SWIDTH 500 0
DWIDTH 11 0
BBX 11 22 0 -5
BITMAP
0000
0000
0000
0000
0000
0000
0000
7E00
4100
4080
4080
4080
4080
4080
4080
4080
4080
0080
0080
0080
0080
0000
ENDCHAR
STARTCHAR uni01B5
ENCODING 437
SWIDTH 500 0
DWIDTH 11 0
BBX 11 22 0 -5
BITMAP
0000
0000
0000
7F80
0080
0080
0100
0200
0400
7F80
0800
1000
2000
4000
4000
4000
7F80
0000
0000
0000
0000
0000
ENDCHAR
STARTCHAR uni01B6
ENCODING 438
SWIDTH 500 0
DWIDTH 11 0
BBX 11 22 0 -5
BITMAP
0000
0000
0000
0000
0000
0000
0000
7F80
0100
0200
0400
7F80
0800
1000
2000
4000
7F80
0000
0000
0000
0000
0000
ENDCHAR
STARTCHAR Ezh
ENCODING 439
SWIDTH 500 0
DWIDTH 11 0
BBX 11 22 0 -5
BITMAP
0000
0000
0000
7F80
0100
0200
0400
0800
1E00
0100
0080
0080
0080
0080
4080
2100
1E00
0000
0000
0000
0000
0000
ENDCHAR
STARTCHAR uni01CD
ENCODING 461
SWIDTH 500 0
DWIDTH 11 0
BBX 11 22 0 -5
BITMAP
2100
1200
0C00
0000
1E00
2100
4080
4080
4080
4080
4080
7F80
4080
4080
4080
4080
4080
0000
0000
0000
0000
0000
ENDCHAR
STARTCHAR uni01CE
ENCODING 462
SWIDTH 500 0
DWIDTH 11 0
BBX 11 22 0 -5
BITMAP
0000
0000
0000
2100
1200
0C00
0000
3E00
0100
0080
0080
3F80
4080
4080
4080
4080
3F80
0000
0000
0000
0000
0000
ENDCHAR
STARTCHAR uni01CF
ENCODING 463
SWIDTH 500 0
DWIDTH 11 0
BBX 11 22 0 -5
BITMAP
2100
1200
0C00
0000
1F00
0400
0400
0400
0400
0400
0400
0400
0400
0400
0400
0400
1F00
0000
0000
0000
0000
0000
ENDCHAR
STARTCHAR uni01D0
ENCODING 464
SWIDTH 500 0
DWIDTH 11 0
BBX 11 22 0 -5
BITMAP
0000
0000
0000
2100
1200
0C00
0000
1C00
0400
0400
0400
0400
0400
0400
0400
0400
1F00
0000
0000
0000
0000
0000
ENDCHAR
STARTCHAR uni01D1
ENCODING 465
SWIDTH 500 0
DWIDTH 11 0
BBX 11 22 0 -5
BITMAP
2100
1200
0C00
0000
1E00
2100
4080
4080
4080
4080
4080
4080
4080
4080
4080
2100
1E00
0000
0000
0000
0000
0000
ENDCHAR
STARTCHAR uni01D2
ENCODING 466
SWIDTH 500 0
DWIDTH 11 0
BBX 11 22 0 -5
BITMAP
0000
0000
0000
2100
1200
0C00
0000
1E00
2100
4080
4080
4080
4080
4080
4080
2100
1E00
0000
0000
0000
0000
0000
ENDCHAR
STARTCHAR uni01D3
ENCODING 467
SWIDTH 500 0
DWIDTH 11 0
BBX 11 22 0 -5
BITMAP
2100
1200
0C00
4080
4080
4080
4080
4080
4080
4080
4080
4080
4080
4080
4080
2100
1E00
0000
0000
0000
0000
0000
ENDCHAR
STARTCHAR uni01D4
ENCODING 468
SWIDTH 500 0
DWIDTH 11 0
BBX 11 22 0 -5
BITMAP
0000
0000
0000
2100
1200
0C00
0000
4080
4080
4080
4080
4080
4080
4080
4080
2080
1F80
0000
0000
0000
0000
0000
ENDCHAR
STARTCHAR uni01E2
ENCODING 482
SWIDTH 500 0
DWIDTH 11 0
BBX 11 22 0 -5
BITMAP
0000
3F80
0000
3FC0
4400
8400
8400
8400
8400
FFC0
8400
8400
8400
8400
8400
8400
87C0
0000
0000
0000
0000
0000
ENDCHAR
STARTCHAR uni01E3
ENCODING 483
SWIDTH 500 0
DWIDTH 11 0
BBX 11 22 0 -5
BITMAP
0000
0000
0000
0000
0000
3F80
0000
3B80
0440
0440
0440
3FC0
4400
4400
4400
4440
3B80
0000
0000
0000
0000
0000
ENDCHAR
STARTCHAR uni01E4
ENCODING 484
SWIDTH 500 0
DWIDTH 11 0
BBX 11 22 0 -5
BITMAP
0000
0000
0000
1E00
2100
4080
4080
4000
4000
4000
4780
4080
4080
47C0
4080
2100
1E00
0000
0000
0000
0000
0000
ENDCHAR
STARTCHAR uni01E5
ENCODING 485
SWIDTH 500 0
DWIDTH 11 0
BBX 11 22 0 -5
BITMAP
0000
0000
0000
0000
0000
0000
0000
1F80
2080
4080
4080
47C0
4080
4080
4080
2080
1F80
0080
0080
0100
3E00
0000
ENDCHAR
STARTCHAR Gcaron
ENCODING 486
SWIDTH 500 0
DWIDTH 11 0
BBX 11 22 0 -5
BITMAP
2100
1200
0C00
0000
1E00
2100
4180
4000
4000
4000
4780
4080
4080
4080
4080
2100
1E00
0000
0000
0000
0000
0000
ENDCHAR
STARTCHAR gcaron
ENCODING 487
SWIDTH 500 0
DWIDTH 11 0
BBX 11 22 0 -5
BITMAP
0000
0000
0000
2100
1200
0C00
0000
1F80
2080
4080
4080
4080
4080
4080
4080
2080
1F80
0080
0080
0100
3E00
0000
ENDCHAR
STARTCHAR uni01E8
ENCODING 488
SWIDTH 500 0
DWIDTH 11 0
BBX 11 22 0 -5
BITMAP
2100
1200
0C00
4080
4100
4200
4400
4800
5000
6000
6000
5000
4800
4400
4200
4100
4080
0000
0000
0000
0000
0000
ENDCHAR
STARTCHAR uni01E9
ENCODING 489
SWIDTH 500 0
DWIDTH 11 0
BBX 11 22 0 -5
BITMAP
1080
0900
0600
2000
2000
2000
2000
2080
2100
2200
2400
3800
3800
2400
2200
2100
2080
0000
0000
0000
0000
0000
ENDCHAR
STARTCHAR uni01EA
ENCODING 490
SWIDTH 500 0
DWIDTH 11 0
BBX 11 22 0 -5
BITMAP
0000
0000
0000
1E00
2100
4080
4080
4080
4080
4080
4080
4080
4080
4080
4080
2100
1E00
0400
0800
0800
0700
0000
ENDCHAR
STARTCHAR uni01EB
ENCODING 491
SWIDTH 500 0
DWIDTH 11 0
BBX 11 22 0 -5
BITMAP
0000
0000
0000
0000
0000
0000
0000
1E00
2100
4080
4080
4080
4080
4080
4080
2100
1E00
0400
0800
0800
0700
0000
ENDCHAR
STARTCHAR uni01EC
ENCODING 492
SWIDTH 500 0
DWIDTH 11 0
BBX 11 22 0 -5
BITMAP
0000
3F00
0000
1E00
2100
4080
4080
4080
4080
4080
4080
4080
4080
4080
4080
2100
1E00
0400
0800
0800
0700
0000
ENDCHAR
STARTCHAR uni01ED
ENCODING 493
SWIDTH 500 0
DWIDTH 11 0
BBX 11 22 0 -5
BITMAP
0000
0000
0000
0000
0000
3F00
0000
1E00
2100
4080
4080
4080
4080
4080
4080
2100
1E00
0400
0800
0800
0700
0000
ENDCHAR
STARTCHAR uni01EE
ENCODING 494
SWIDTH 500 0
DWIDTH 11 0
BBX 11 22 0 -5
BITMAP
2100
1200
0C00
0000
7F80
0100
0200
0400
0800
1E00
0100
0080
0080
0080
4080
2100
1E00
0000
0000
0000
0000
0000
ENDCHAR
STARTCHAR uni01EF
ENCODING 495
SWIDTH 500 0
DWIDTH 11 0
BBX 11 22 0 -5
BITMAP
0000
0000
0000
2100
1200
0C00
0000
7F80
0100
0200
0400
0800
1E00
0100
0080
0080
0080
0080
4080
2100
1E00
0000
ENDCHAR
STARTCHAR uni01F0
ENCODING 496
SWIDTH 500 0
DWIDTH 11 0
BBX 11 22 0 -5
BITMAP
0000
0000
0000
0840
0480
0300
0000
0700
0100
0100
0100
0100
0100
0100
0100
0100
0100
2100
2100
2100
1E00
0000
ENDCHAR
STARTCHAR uni01F4
ENCODING 500
SWIDTH 500 0
DWIDTH 11 0
BBX 11 22 0 -5
BITMAP
0200
0400
0800
0000
1E00
2100
4180
4000
4000
4000
4780
4080
4080
4080
4080
2100
1E00
0000
0000
0000
0000
0000
ENDCHAR
STARTCHAR uni01F5
ENCODING 501
SWIDTH 500 0
DWIDTH 11 0
BBX 11 22 0 -5
BITMAP
0000
0000
0000
0100
0200
0400
0000
1F80
2080
4080
4080
4080
4080
4080
4080
2080
1F80
0080
0080
0100
3E00
0000
ENDCHAR
STARTCHAR AEacute
ENCODING 508
SWIDTH 500 0
DWIDTH 11 0
BBX 11 22 0 -5
BITMAP
0100
0200
0400
0000
3FC0
4400
8400
8400
8400
8400
FFC0
8400
8400
8400
8400
8400
87C0
0000
0000
0000
0000
0000
ENDCHAR
STARTCHAR aeacute
ENCODING 509
SWIDTH 500 0
DWIDTH 11 0
BBX 11 22 0 -5
BITMAP
0000
0000
0000
0100
0200
0400
0000
3B80
0440
0440
0440
3FC0
4400
4400
4400
4440
3B80
0000
0000
0000
0000
0000
ENDCHAR
STARTCHAR Oslashacute
ENCODING 510
SWIDTH 500 0
DWIDTH 11 0
BBX 11 22 0 -5
BITMAP
0200
0400
0800
0000
1E00
2140
4080
4180
4280
4480
4880
5080
6080
4080
C080
2100
1E00
0000
0000
0000
0000
0000
ENDCHAR
STARTCHAR oslashacute
ENCODING 511
SWIDTH 500 0
DWIDTH 11 0
BBX 11 22 0 -5
BITMAP
0000
0000
0000
0200
0400
0800
0000
1E40
2180
4180
4280
4480
4880
5080
6080
6100
9E00
0000
0000
0000
0000
0000
ENDCHAR
STARTCHAR Scommaaccent
ENCODING 536
SWIDTH 500 0
DWIDTH 11 0
BBX 11 22 0 -5
BITMAP
0000
0000
0000
1E00
2100
4080
4000
4000
2000
1E00
0100
0080
0080
0080
4080
2100
1E00
0000
0400
0400
0400
0800
ENDCHAR
STARTCHAR scommaaccent
ENCODING 537
SWIDTH 500 0
DWIDTH 11 0
BBX 11 22 0 -5
BITMAP
0000
0000
0000
0000
0000
0000
0000
3F00
4080
4000
4000
3F00
0080
0080
0080
4080
3F00
0000
0400
0400
0400
0800
ENDCHAR
STARTCHAR Tcommaaccent
ENCODING 538
SWIDTH 500 0
DWIDTH 11 0
BBX 11 22 0 -5
BITMAP
0000
0000
0000
7FC0
0400
0400
0400
0400
0400
0400
0400
0400
0400
0400
0400
0400
0400
0000
0400
0400
0400
0800
ENDCHAR
STARTCHAR tcommaaccent
ENCODING 539
SWIDTH 500 0
DWIDTH 11 0
BBX 11 22 0 -5
BITMAP
0000
0000
0000
0800
0800
0800
0800
7F00
0800
0800
0800
0800
0800
0800
0800
0800
0780
0000
0200
0200
0200
0400
ENDCHAR
STARTCHAR uni0232
ENCODING 562
SWIDTH 500 0
DWIDTH 11 0
BBX 11 22 0 -5
BITMAP
0000
3F00
0000
4040
4040
2080
2080
1100
1100
0A00
0A00
0400
0400
0400
0400
0400
0400
0000
0000
0000
0000
0000
ENDCHAR
STARTCHAR uni0233
ENCODING 563
SWIDTH 500 0
DWIDTH 11 0
BBX 11 22 0 -5
BITMAP
0000
0000
0000
0000
0000
3F00
0000
4080
4080
4080
4080
4080
4080
4080
4080
2080
1F80
0080
0080
0100
3E00
0000
ENDCHAR
STARTCHAR dotlessj
ENCODING 567
SWIDTH 500 0
DWIDTH 11 0
BBX 11 22 0 -5
BITMAP
0000
0000
0000
0000
0000
0000
0000
0700
0100
0100
0100
0100
0100
0100
0100
0100
0100
2100
2100
2100
1E00
0000
ENDCHAR
STARTCHAR uni0254
ENCODING 596
SWIDTH 500 0
DWIDTH 11 0
BBX 11 22 0 -5
BITMAP
0000
0000
0000
0000
0000
0000
0000
1E00
2100
4080
0080
0080
0080
0080
4080
2100
1E00
0000
0000
0000
0000
0000
ENDCHAR
STARTCHAR uni0258
ENCODING 600
SWIDTH 500 0
DWIDTH 11 0
BBX 11 22 0 -5
BITMAP
0000
0000
0000
0000
0000
0000
0000
1E00
2100
4080
4080
7F80
0080
0080
0080
4100
3E00
0000
0000
0000
0000
0000
ENDCHAR
STARTCHAR schwa
ENCODING 601
SWIDTH 500 0
DWIDTH 11 0
BBX 11 22 0 -5
BITMAP
0000
0000
0000
0000
0000
0000
0000
3E00
4100
0080
0080
0080
7F80
4080
4080
2100
1E00
0000
0000
0000
0000
0000
ENDCHAR
STARTCHAR uni025B
ENCODING 603
SWIDTH 500 0
DWIDTH 11 0
BBX 11 22 0 -5
BITMAP
0000
0000
0000
0000
0000
0000
0000
3F00
4080
4000
4000
3C00
4000
4000
4000
4080
3F00
0000
0000
0000
0000
0000
ENDCHAR
STARTCHAR uni0272
ENCODING 626
SWIDTH 500 0
DWIDTH 11 0
BBX 11 22 0 -5
BITMAP
0000
0000
0000
0000
0000
0000
0000
7E00
4100
4080
4080
4080
4080
4080
4080
4080
4080
4000
4000
4000
8000
0000
ENDCHAR
STARTCHAR ezh
ENCODING 658
SWIDTH 500 0
DWIDTH 11 0
BBX 11 22 0 -5
BITMAP
0000
0000
0000
0000
0000
0000
0000
7F80
0100
0200
0400
0800
1E00
0100
0080
0080
0080
0080
4080
2100
1E00
0000
ENDCHAR
STARTCHAR commaturnedmod
ENCODING 699
SWIDTH 500 0
DWIDTH 11 0
BBX 11 22 0 -5
BITMAP
0200
0400
0400
0000
0000
0000
0000
0000
0000
0000
0000
0000
0000
0000
0000
0000
0000
0000
0000
0000
0000
0000
ENDCHAR
STARTCHAR afii57929
ENCODING 700
SWIDTH 500 0
DWIDTH 11 0
BBX 11 22 0 -5
BITMAP
0400
0400
0800
0000
0000
0000
0000
0000
0000
0000
0000
0000
0000
0000
0000
0000
0000
0000
0000
0000
0000
0000
ENDCHAR
STARTCHAR afii64937
ENCODING 701
SWIDTH 500 0
DWIDTH 11 0
BBX 11 22 0 -5
BITMAP
0400
0400
0200
0000
0000
0000
0000
0000
0000
0000
0000
0000
0000
0000
0000
0000
0000
0000
0000
0000
0000
0000
ENDCHAR
STARTCHAR circumflex
ENCODING 710
SWIDTH 500 0
DWIDTH 11 0
BBX 11 22 0 -5
BITMAP
0C00
1200
2100
0000
0000
0000
0000
0000
0000
0000
0000
0000
0000
0000
0000
0000
0000
0000
0000
0000
0000
0000
ENDCHAR
STARTCHAR caron
ENCODING 711
SWIDTH 500 0
DWIDTH 11 0
BBX 11 22 0 -5
BITMAP
2100
1200
0C00
0000
0000
0000
0000
0000
0000
0000
0000
0000
0000
0000
0000
0000
0000
0000
0000
0000
0000
0000
ENDCHAR
STARTCHAR breve
ENCODING 728
SWIDTH 500 0
DWIDTH 11 0
BBX 11 22 0 -5
BITMAP
2100
2100
1E00
0000
0000
0000
0000
0000
0000
0000
0000
0000
0000
0000
0000
0000
0000
0000
0000
0000
0000
0000
ENDCHAR
STARTCHAR dotaccent
ENCODING 729
SWIDTH 500 0
DWIDTH 11 0
BBX 11 22 0 -5
BITMAP
0400
0400
0400
0000
0000
0000
0000
0000
0000
0000
0000
0000
0000
0000
0000
0000
0000
0000
0000
0000
0000
0000
ENDCHAR
STARTCHAR ogonek
ENCODING 731
SWIDTH 500 0
DWIDTH 11 0
BBX 11 22 0 -5
BITMAP
0000
0000
0000
0000
0000
0000
0000
0000
0000
0000
0000
0000
0000
0000
0000
0000
0000
0400
0800
0800
0700
0000
ENDCHAR
STARTCHAR tilde
ENCODING 732
SWIDTH 500 0
DWIDTH 11 0
BBX 11 22 0 -5
BITMAP
1880
2480
2300
0000
0000
0000
0000
0000
0000
0000
0000
0000
0000
0000
0000
0000
0000
0000
0000
0000
0000
0000
ENDCHAR
STARTCHAR hungarumlaut
ENCODING 733
SWIDTH 500 0
DWIDTH 11 0
BBX 11 22 0 -5
BITMAP
0440
0880
1100
0000
0000
0000
0000
0000
0000
0000
0000
0000
0000
0000
0000
0000
0000
0000
0000
0000
0000
0000
ENDCHAR
STARTCHAR gravecomb
ENCODING 768
SWIDTH 500 0
DWIDTH 11 0
BBX 11 22 0 -5
BITMAP
1000
0800
0400
0000
0000
0000
0000
0000
0000
0000
0000
0000
0000
0000
0000
0000
0000
0000
0000
0000
0000
0000
ENDCHAR
STARTCHAR acutecomb
ENCODING 769
SWIDTH 500 0
DWIDTH 11 0
BBX 11 22 0 -5
BITMAP
0200
0400
0800
0000
0000
0000
0000
0000
0000
0000
0000
0000
0000
0000
0000
0000
0000
0000
0000
0000
0000
0000
ENDCHAR
STARTCHAR uni0302
ENCODING 770
SWIDTH 500 0
DWIDTH 11 0
BBX 11 22 0 -5
BITMAP
0C00
1200
2100
0000
0000
0000
0000
0000
0000
0000
0000
0000
0000
0000
0000
0000
0000
0000
0000
0000
0000
0000
ENDCHAR
STARTCHAR tildecomb
ENCODING 771
SWIDTH 500 0
DWIDTH 11 0
BBX 11 22 0 -5
BITMAP
1880
2480
2300
0000
0000
0000
0000
0000
0000
0000
0000
0000
0000
0000
0000
0000
0000
0000
0000
0000
0000
0000
ENDCHAR
STARTCHAR uni0304
ENCODING 772
SWIDTH 500 0
DWIDTH 11 0
BBX 11 22 0 -5
BITMAP
0000
3F00
0000
0000
0000
0000
0000
0000
0000
0000
0000
0000
0000
0000
0000
0000
0000
0000
0000
0000
0000
0000
ENDCHAR
STARTCHAR uni0305
ENCODING 773
SWIDTH 500 0
DWIDTH 11 0
BBX 11 22 0 -5
BITMAP
0000
7F80
0000
0000
0000
0000
0000
0000
0000
0000
0000
0000
0000
0000
0000
0000
0000
0000
0000
0000
0000
0000
ENDCHAR
STARTCHAR uni0306
ENCODING 774
SWIDTH 500 0
DWIDTH 11 0
BBX 11 22 0 -5
BITMAP
2100
2100
1E00
0000
0000
0000
0000
0000
0000
0000
0000
0000
0000
0000
0000
0000
0000
0000
0000
0000
0000
0000
ENDCHAR
STARTCHAR uni0307
ENCODING 775
SWIDTH 500 0
DWIDTH 11 0
BBX 11 22 0 -5
BITMAP
0400
0400
0400
0000
0000
0000
0000
0000
0000
0000
0000
0000
0000
0000
0000
0000
0000
0000
0000
0000
0000
0000
ENDCHAR
STARTCHAR uni0308
ENCODING 776
SWIDTH 500 0
DWIDTH 11 0
BBX 11 22 0 -5
BITMAP
2100
2100
2100
0000
0000
0000
0000
0000
0000
0000
0000
0000
0000
0000
0000
0000
0000
0000
0000
0000
0000
0000
ENDCHAR
STARTCHAR uni030A
ENCODING 778
SWIDTH 500 0
DWIDTH 11 0
BBX 11 22 0 -5
BITMAP
0C00
1200
1200
0C00
0000
0000
0000
0000
0000
0000
0000
0000
0000
0000
0000
0000
0000
0000
0000
0000
0000
0000
ENDCHAR
STARTCHAR uni030B
ENCODING 779
SWIDTH 500 0
DWIDTH 11 0
BBX 11 22 0 -5
BITMAP
0440
0880
1100
0000
0000
0000
0000
0000
0000
0000
0000
0000
0000
0000
0000
0000
0000
0000
0000
0000
0000
0000
ENDCHAR
STARTCHAR uni030C
ENCODING 780
SWIDTH 500 0
DWIDTH 11 0
BBX 11 22 0 -5
BITMAP
2100
1200
0C00
0000
0000
0000
0000
0000
0000
0000
0000
0000
0000
0000
0000
0000
0000
0000
0000
0000
0000
0000
ENDCHAR
STARTCHAR uni0329
ENCODING 809
SWIDTH 500 0
DWIDTH 11 0
BBX 11 22 0 -5
BITMAP
0000
0000
0000
0000
0000
0000
0000
0000
0000
0000
0000
0000
0000
0000
0000
0000
0000
0000
0400
0400
0400
0000
ENDCHAR
STARTCHAR tonos
ENCODING 900
SWIDTH 500 0
DWIDTH 11 0
BBX 11 22 0 -5
BITMAP
2000
4000
8000
0000
0000
0000
0000
0000
0000
0000
0000
0000
0000
0000
0000
0000
0000
0000
0000
0000
0000
0000
ENDCHAR
STARTCHAR dieresistonos
ENCODING 901
SWIDTH 500 0
DWIDTH 11 0
BBX 11 22 0 -5
BITMAP
0200
0400
0800
2100
2100
2100
0000
0000
0000
0000
0000
0000
0000
0000
0000
0000
0000
0000
0000
0000
0000
0000
ENDCHAR
STARTCHAR Alphatonos
ENCODING 902
SWIDTH 500 0
DWIDTH 11 0
BBX 11 22 0 -5
BITMAP
2000
4000
8000
1E00
2100
4080
4080
4080
4080
4080
7F80
4080
4080
4080
4080
4080
4080
0000
0000
0000
0000
0000
ENDCHAR
STARTCHAR anoteleia
ENCODING 903
SWIDTH 500 0
DWIDTH 11 0
BBX 11 22 0 -5
BITMAP
0000
0000
0000
0000
0000
0000
0400
0400
0400
0000
0000
0000
0000
0000
0000
0000
0000
0000
0000
0000
0000
0000
ENDCHAR
STARTCHAR Epsilontonos
ENCODING 904
SWIDTH 500 0
DWIDTH 11 0
BBX 11 22 0 -5
BITMAP
2000
4000
8000
7F80
4000
4000
4000
4000
4000
7E00
4000
4000
4000
4000
4000
4000
7F80
0000
0000
0000
0000
0000
ENDCHAR
STARTCHAR Etatonos
ENCODING 905
SWIDTH 500 0
DWIDTH 11 0
BBX 11 22 0 -5
BITMAP
2000
4000
8000
4080
4080
4080
4080
4080
4080
7F80
4080
4080
4080
4080
4080
4080
4080
0000
0000
0000
0000
0000
ENDCHAR
STARTCHAR Iotatonos
ENCODING 906
SWIDTH 500 0
DWIDTH 11 0
BBX 11 22 0 -5
BITMAP
2000
4000
8000
1F00
0400
0400
0400
0400
0400
0400
0400
0400
0400
0400
0400
0400
1F00
0000
0000
0000
0000
0000
ENDCHAR
STARTCHAR Omicrontonos
ENCODING 908
SWIDTH 500 0
DWIDTH 11 0
BBX 11 22 0 -5
BITMAP
2000
4000
8000
1E00
2100
4080
4080
4080
4080
4080
4080
4080
4080
4080
4080
2100
1E00
0000
0000
0000
0000
0000
ENDCHAR
STARTCHAR Upsilontonos
ENCODING 910
SWIDTH 500 0
DWIDTH 11 0
BBX 11 22 0 -5
BITMAP
2000
4000
8000
0000
4040
4040
2080
2080
1100
1100
0A00
0400
0400
0400
0400
0400
0400
0000
0000
0000
0000
0000
ENDCHAR
STARTCHAR Omegatonos
ENCODING 911
SWIDTH 500 0
DWIDTH 11 0
BBX 11 22 0 -5
BITMAP
2000
4000
8000
1E00
2100
4080
4080
4080
4080
4080
4080
4080
4080
2100
1200
1200
7380
0000
0000
0000
0000
0000
ENDCHAR
STARTCHAR iotadieresistonos
ENCODING 912
SWIDTH 500 0
DWIDTH 11 0
BBX 11 22 0 -5
BITMAP
0200
0400
0800
4200
4200
4200
0000
3800
0800
0800
0800
0800
0800
0800
0800
0800
0700
0000
0000
0000
0000
0000
ENDCHAR
STARTCHAR Alpha
ENCODING 913
SWIDTH 500 0
DWIDTH 11 0
BBX 11 22 0 -5
BITMAP
0000
0000
0000
1E00
2100
4080
4080
4080
4080
4080
7F80
4080
4080
4080
4080
4080
4080
0000
0000
0000
0000
0000
ENDCHAR
STARTCHAR Beta
ENCODING 914
SWIDTH 500 0
DWIDTH 11 0
BBX 11 22 0 -5
BITMAP
0000
0000
0000
7E00
4100
4080
4080
4080
4100
7E00
4100
4080
4080
4080
4080
4100
7E00
0000
0000
0000
0000
0000
ENDCHAR
STARTCHAR Gamma
ENCODING 915
SWIDTH 500 0
DWIDTH 11 0
BBX 11 22 0 -5
BITMAP
0000
0000
0000
7F80
4000
4000
4000
4000
4000
4000
4000
4000
4000
4000
4000
4000
4000
0000
0000
0000
0000
0000
ENDCHAR
STARTCHAR Delta
ENCODING 916
SWIDTH 500 0
DWIDTH 11 0
BBX 11 22 0 -5
BITMAP
0000
0000
0000
0400
0400
0400
0A00
0A00
1100
1100
1100
2080
2080
2080
4040
4040
7FC0
0000
0000
0000
0000
0000
ENDCHAR
STARTCHAR Epsilon
ENCODING 917
SWIDTH 500 0
DWIDTH 11 0
BBX 11 22 0 -5
BITMAP
0000
0000
0000
7F80
4000
4000
4000
4000
4000
7E00
4000
4000
4000
4000
4000
4000
7F80
0000
0000
0000
0000
0000
ENDCHAR
STARTCHAR Zeta
ENCODING 918
SWIDTH 500 0
DWIDTH 11 0
BBX 11 22 0 -5
BITMAP
0000
0000
0000
7F80
0080
0080
0080
0100
0200
0400
0800
1000
2000
4000
4000
4000
7F80
0000
0000
0000
0000
0000
ENDCHAR
STARTCHAR Eta
ENCODING 919
SWIDTH 500 0
DWIDTH 11 0
BBX 11 22 0 -5
BITMAP
0000
0000
0000
4080
4080
4080
4080
4080
4080
7F80
4080
4080
4080
4080
4080
4080
4080
0000
0000
0000
0000
0000
ENDCHAR
STARTCHAR Theta
ENCODING 920
SWIDTH 500 0
DWIDTH 11 0
BBX 11 22 0 -5
BITMAP
0000
0000
0000
1E00
2100
4080
4080
4080
4080
5E80
4080
4080
4080
4080
4080
2100
1E00
0000
0000
0000
0000
0000
ENDCHAR
STARTCHAR Iota
ENCODING 921
SWIDTH 500 0
DWIDTH 11 0
BBX 11 22 0 -5
BITMAP
0000
0000
0000
1F00
0400
0400
0400
0400
0400
0400
0400
0400
0400
0400
0400
0400
1F00
0000
0000
0000
0000
0000
ENDCHAR
STARTCHAR Kappa
ENCODING 922
SWIDTH 500 0
DWIDTH 11 0
BBX 11 22 0 -5
BITMAP
0000
0000
0000
4080
4100
4200
4400
4800
5000
6000
6000
5000
4800
4400
4200
4100
4080
0000
0000
0000
0000
0000
ENDCHAR
STARTCHAR Lambda
ENCODING 923
SWIDTH 500 0
DWIDTH 11 0
BBX 11 22 0 -5
BITMAP
0000
0000
0000
0400
0400
0400
0A00
0A00
1100
1100
1100
2080
2080
2080
4040
4040
4040
0000
0000
0000
0000
0000
ENDCHAR
STARTCHAR Mu
ENCODING 924
SWIDTH 500 0
DWIDTH 11 0
BBX 11 22 0 -5
BITMAP
0000
0000
0000
4040
60C0
5140
5140
4A40
4440
4440
4040
4040
4040
4040
4040
4040
4040
0000
0000
0000
0000
0000
ENDCHAR
STARTCHAR Nu
ENCODING 925
SWIDTH 500 0
DWIDTH 11 0
BBX 11 22 0 -5
BITMAP
0000
0000
0000
4080
4080
4080
4080
6080
5080
4880
4480
4280
4180
4080
4080
4080
4080
0000
0000
0000
0000
0000
ENDCHAR
STARTCHAR Xi
ENCODING 926
SWIDTH 500 0
DWIDTH 11 0
BBX 11 22 0 -5
BITMAP
0000
0000
0000
7F80
0000
0000
0000
0000
0000
3F00
0000
0000
0000
0000
0000
0000
7F80
0000
0000
0000
0000
0000
ENDCHAR
STARTCHAR Omicron
ENCODING 927
SWIDTH 500 0
DWIDTH 11 0
BBX 11 22 0 -5
BITMAP
0000
0000
0000
1E00
2100
4080
4080
4080
4080
4080
4080
4080
4080
4080
4080
2100
1E00
0000
0000
0000
0000
0000
ENDCHAR
STARTCHAR Pi
ENCODING 928
SWIDTH 500 0
DWIDTH 11 0
BBX 11 22 0 -5
BITMAP
0000
0000
0000
7F80
4080
4080
4080
4080
4080
4080
4080
4080
4080
4080
4080
4080
4080
0000
0000
0000
0000
0000
ENDCHAR
STARTCHAR Rho
ENCODING 929
SWIDTH 500 0
DWIDTH 11 0
BBX 11 22 0 -5
BITMAP
0000
0000
0000
7E00
4100
4080
4080
4080
4080
4100
7E00
4000
4000
4000
4000
4000
4000
0000
0000
0000
0000
0000
ENDCHAR
STARTCHAR Sigma
ENCODING 931
SWIDTH 500 0
DWIDTH 11 0
BBX 11 22 0 -5
BITMAP
0000
0000
0000
7F80
4000
2000
1000
0800
0400
0200
0200
0400
0800
1000
2000
4000
7F80
0000
0000
0000
0000
0000
ENDCHAR
STARTCHAR Tau
ENCODING 932
SWIDTH 500 0
DWIDTH 11 0
BBX 11 22 0 -5
BITMAP
0000
0000
0000
7FC0
0400
0400
0400
0400
0400
0400
0400
0400
0400
0400
0400
0400
0400
0000
0000
0000
0000
0000
ENDCHAR
STARTCHAR Upsilon
ENCODING 933
SWIDTH 500 0
DWIDTH 11 0
BBX 11 22 0 -5
BITMAP
0000
0000
0000
4040
4040
2080
2080
1100
1100
0A00
0A00
0400
0400
0400
0400
0400
0400
0000
0000
0000
0000
0000
ENDCHAR
STARTCHAR Phi
ENCODING 934
SWIDTH 500 0
DWIDTH 11 0
BBX 11 22 0 -5
BITMAP
0000
0000
0000
0400
1F00
2480
4440
4440
4440
4440
4440
4440
4440
4440
2480
1F00
0400
0000
0000
0000
0000
0000
ENDCHAR
STARTCHAR Chi
ENCODING 935
SWIDTH 500 0
DWIDTH 11 0
BBX 11 22 0 -5
BITMAP
0000
0000
0000
4080
4080
2100
2100
1200
1200
0C00
0C00
1200
1200
2100
2100
4080
4080
0000
0000
0000
0000
0000
ENDCHAR
STARTCHAR Psi
ENCODING 936
SWIDTH 500 0
DWIDTH 11 0
BBX 11 22 0 -5
BITMAP
0000
0000
0000
4440
4440
4440
4440
4440
4440
4440
4440
4440
2480
1F00
0400
0400
0400
0000
0000
0000
0000
0000
ENDCHAR
STARTCHAR Omega
ENCODING 937
SWIDTH 500 0
DWIDTH 11 0
BBX 11 22 0 -5
BITMAP
0000
0000
0000
1E00
2100
4080
4080
4080
4080
4080
4080
4080
4080
2100
1200
1200
7380
0000
0000
0000
0000
0000
ENDCHAR
STARTCHAR Iotadieresis
ENCODING 938
SWIDTH 500 0
DWIDTH 11 0
BBX 11 22 0 -5
BITMAP
2100
2100
2100
0000
1F00
0400
0400
0400
0400
0400
0400
0400
0400
0400
0400
0400
1F00
0000
0000
0000
0000
0000
ENDCHAR
STARTCHAR Upsilondieresis
ENCODING 939
SWIDTH 500 0
DWIDTH 11 0
BBX 11 22 0 -5
BITMAP
2100
2100
2100
0000
4040
4040
2080
2080
1100
1100
0A00
0400
0400
0400
0400
0400
0400
0000
0000
0000
0000
0000
ENDCHAR
STARTCHAR alphatonos
ENCODING 940
SWIDTH 500 0
DWIDTH 11 0
BBX 11 22 0 -5
BITMAP
0000
0000
0000
0200
0400
0800
0000
1CC0
2380
4100
4100
4100
4100
4100
4100
2380
1CC0
0000
0000
0000
0000
0000
ENDCHAR
STARTCHAR epsilontonos
ENCODING 941
SWIDTH 500 0
DWIDTH 11 0
BBX 11 22 0 -5
BITMAP
0000
0000
0000
0200
0400
0800
0000
3F00
4080
4000
4000
3C00
4000
4000
4000
4080
3F00
0000
0000
0000
0000
0000
ENDCHAR
STARTCHAR etatonos
ENCODING 942
SWIDTH 500 0
DWIDTH 11 0
BBX 11 22 0 -5
BITMAP
0000
0000
0000
0200
0400
0800
0000
7E00
4100
4080
4080
4080
4080
4080
4080
4080
4080
0080
0080
0080
0080
0000
ENDCHAR
STARTCHAR iotatonos
ENCODING 943
SWIDTH 500 0
DWIDTH 11 0
BBX 11 22 0 -5
BITMAP
0000
0000
0000
0200
0400
0800
0000
3800
0800
0800
0800
0800
0800
0800
0800
0800
0700
0000
0000
0000
0000
0000
ENDCHAR
STARTCHAR upsilondieresistonos
ENCODING 944
SWIDTH 500 0
DWIDTH 11 0
BBX 11 22 0 -5
BITMAP
0200
0400
0800
2100
2100
2100
0000
4080
4080
4080
4080
4080
4080
4080
4080
2100
1E00
0000
0000
0000
0000
0000
ENDCHAR
STARTCHAR alpha
ENCODING 945
SWIDTH 500 0
DWIDTH 11 0
BBX 11 22 0 -5
BITMAP
0000
0000
0000
0000
0000
0000
0000
1CC0
2380
4100
4100
4100
4100
4100
4100
2380
1CC0
0000
0000
0000
0000
0000
ENDCHAR
STARTCHAR beta
ENCODING 946
SWIDTH 500 0
DWIDTH 11 0
BBX 11 22 0 -5
BITMAP
0000
0000
0000
3C00
4200
4100
4100
4100
4200
7E00
4100
4080
4080
4080
4080
4100
7E00
4000
4000
4000
4000
0000
ENDCHAR
STARTCHAR gamma
ENCODING 947
SWIDTH 500 0
DWIDTH 11 0
BBX 11 22 0 -5
BITMAP
0000
0000
0000
0000
0000
0000
0000
4040
4040
4040
2080
2080
1100
1100
0A00
0A00
0400
0400
0400
0400
0400
0000
ENDCHAR
STARTCHAR delta
ENCODING 948
SWIDTH 500 0
DWIDTH 11 0
BBX 11 22 0 -5
BITMAP
0000
0000
0000
3F00
1000
0800
0400
1E00
2100
4080
4080
4080
4080
4080
4080
2100
1E00
0000
0000
0000
0000
0000
ENDCHAR
STARTCHAR epsilon
ENCODING 949
SWIDTH 500 0
DWIDTH 11 0
BBX 11 22 0 -5
BITMAP
0000
0000
0000
0000
0000
0000
0000
3F00
4080
4000
4000
3C00
4000
4000
4000
4080
3F00
0000
0000
0000
0000
0000
ENDCHAR
STARTCHAR zeta
ENCODING 950
SWIDTH 500 0
DWIDTH 11 0
BBX 11 22 0 -5
BITMAP
0000
0000
0000
7F80
0100
0200
0400
0800
1000
2000
2000
4000
4000
4000
4000
2000
1F00
0080
0080
0080
0300
0000
ENDCHAR
STARTCHAR eta
ENCODING 951
SWIDTH 500 0
DWIDTH 11 0
BBX 11 22 0 -5
BITMAP
0000
0000
0000
0000
0000
0000
0000
7E00
4100
4080
4080
4080
4080
4080
4080
4080
4080
0080
0080
0080
0080
0000
ENDCHAR
STARTCHAR theta
ENCODING 952
SWIDTH 500 0
DWIDTH 11 0
BBX 11 22 0 -5
BITMAP
0000
0000
0000
0E00
1100
2080
2080
2080
2080
3F80
2080
2080
2080
2080
2080
1100
0E00
0000
0000
0000
0000
0000
ENDCHAR
STARTCHAR iota
ENCODING 953
SWIDTH 500 0
DWIDTH 11 0
BBX 11 22 0 -5
BITMAP
0000
0000
0000
0000
0000
0000
0000
3800
0800
0800
0800
0800
0800
0800
0800
0800
0700
0000
0000
0000
0000
0000
ENDCHAR
STARTCHAR kappa
ENCODING 954
SWIDTH 500 0
DWIDTH 11 0
BBX 11 22 0 -5
BITMAP
0000
0000
0000
0000
0000
0000
0000
2080
2100
2200
2400
3800
3800
2400
2200
2100
2080
0000
0000
0000
0000
0000
ENDCHAR
STARTCHAR lambda
ENCODING 955
SWIDTH 500 0
DWIDTH 11 0
BBX 11 22 0 -5
BITMAP
0000
0000
0000
1000
1000
0800
0800
0C00
0C00
1200
1200
2100
2100
2100
4080
4080
4080
0000
0000
0000
0000
0000
ENDCHAR
STARTCHAR mugreek
ENCODING 956
SWIDTH 500 0
DWIDTH 11 0
BBX 11 22 0 -5
BITMAP
0000
0000
0000
0000
0000
0000
0000
4080
4080
4080
4080
4080
4080
4080
4180
4280
7C80
4000
4000
4000
4000
0000
ENDCHAR
STARTCHAR nu
ENCODING 957
SWIDTH 500 0
DWIDTH 11 0
BBX 11 22 0 -5
BITMAP
0000
0000
0000
0000
0000
0000
0000
4080
4080
4080
2100
2100
2100
1200
1200
0C00
0C00
0000
0000
0000
0000
0000
ENDCHAR
STARTCHAR xi
ENCODING 958
SWIDTH 500 0
DWIDTH 11 0
BBX 11 22 0 -5
BITMAP
0000
0000
0000
1F80
2000
4000
4000
4000
2000
1F00
2000
4000
4000
4000
4000
2000
1F00
0080
0080
0080
0300
0000
ENDCHAR
STARTCHAR omicron
ENCODING 959
SWIDTH 500 0
DWIDTH 11 0
BBX 11 22 0 -5
BITMAP
0000
0000
0000
0000
0000
0000
0000
1E00
2100
4080
4080
4080
4080
4080
4080
2100
1E00
0000
0000
0000
0000
0000
ENDCHAR
STARTCHAR pi
ENCODING 960
SWIDTH 500 0
DWIDTH 11 0
BBX 11 22 0 -5
BITMAP
0000
0000
0000
0000
0000
0000
0000
7F80
4080
4080
4080
4080
4080
4080
4080
4080
4080
0000
0000
0000
0000
0000
ENDCHAR
STARTCHAR rho
ENCODING 961
SWIDTH 500 0
DWIDTH 11 0
BBX 11 22 0 -5
BITMAP
0000
0000
0000
0000
0000
0000
0000
1E00
2100
4080
4080
4080
4080
4080
4080
4100
7E00
4000
4000
4000
4000
0000
ENDCHAR
STARTCHAR sigma1
ENCODING 962
SWIDTH 500 0
DWIDTH 11 0
BBX 11 22 0 -5
BITMAP
0000
0000
0000
0000
0000
0000
0000
1E00
2100
4080
4000
4000
4000
4000
4000
2000
1F00
0080
0080
0080
0300
0000
ENDCHAR
STARTCHAR sigma
ENCODING 963
SWIDTH 500 0
DWIDTH 11 0
BBX 11 22 0 -5
BITMAP
0000
0000
0000
0000
0000
0000
0000
1FC0
2200
4100
4080
4080
4080
4080
4080
2100
1E00
0000
0000
0000
0000
0000
ENDCHAR
STARTCHAR tau
ENCODING 964
SWIDTH 500 0
DWIDTH 11 0
BBX 11 22 0 -5
BITMAP
0000
0000
0000
0000
0000
0000
0000
7FC0
0400
0400
0400
0400
0400
0400
0400
0400
0380
0000
0000
0000
0000
0000
ENDCHAR
STARTCHAR upsilon
ENCODING 965
SWIDTH 500 0
DWIDTH 11 0
BBX 11 22 0 -5
BITMAP
0000
0000
0000
0000
0000
0000
0000
4080
4080
4080
4080
4080
4080
4080
4080
2100
1E00
0000
0000
0000
0000
0000
ENDCHAR
STARTCHAR phi
ENCODING 966
SWIDTH 500 0
DWIDTH 11 0
BBX 11 22 0 -5
BITMAP
0000
0000
0000
0000
0000
0000
0000
2380
4440
4440
4440
4440
4440
4440
4440
2480
1F00
0400
0400
0400
0400
0000
ENDCHAR
STARTCHAR chi
ENCODING 967
SWIDTH 500 0
DWIDTH 11 0
BBX 11 22 0 -5
BITMAP
0000
0000
0000
0000
0000
0000
0000
4080
4080
2100
2100
1200
1200
0C00
0C00
1200
1200
2100
2100
4080
4080
0000
ENDCHAR
STARTCHAR psi
ENCODING 968
SWIDTH 500 0
DWIDTH 11 0
BBX 11 22 0 -5
BITMAP
0000
0000
0000
0000
0000
0000
0000
4440
4440
4440
4440
4440
4440
4440
4440
2480
1F00
0400
0400
0400
0400
0000
ENDCHAR
STARTCHAR omega
ENCODING 969
SWIDTH 500 0
DWIDTH 11 0
BBX 11 22 0 -5
BITMAP
0000
0000
0000
0000
0000
0000
0000
2080
4040
4040
4440
4440
4440
4440
4440
4440
3B80
0000
0000
0000
0000
0000
ENDCHAR
STARTCHAR iotadieresis
ENCODING 970
SWIDTH 500 0
DWIDTH 11 0
BBX 11 22 0 -5
BITMAP
0000
0000
0000
4200
4200
4200
0000
3800
0800
0800
0800
0800
0800
0800
0800
0800
0700
0000
0000
0000
0000
0000
ENDCHAR
STARTCHAR upsilondieresis
ENCODING 971
SWIDTH 500 0
DWIDTH 11 0
BBX 11 22 0 -5
BITMAP
0000
0000
0000
2100
2100
2100
0000
4080
4080
4080
4080
4080
4080
4080
4080
2100
1E00
0000
0000
0000
0000
0000
ENDCHAR
STARTCHAR omicrontonos
ENCODING 972
SWIDTH 500 0
DWIDTH 11 0
BBX 11 22 0 -5
BITMAP
0000
0000
0000
0200
0400
0800
0000
1E00
2100
4080
4080
4080
4080
4080
4080
2100
1E00
0000
0000
0000
0000
0000
ENDCHAR
STARTCHAR upsilontonos
ENCODING 973
SWIDTH 500 0
DWIDTH 11 0
BBX 11 22 0 -5
BITMAP
0000
0000
0000
0200
0400
0800
0000
4080
4080
4080
4080
4080
4080
4080
4080
2100
1E00
0000
0000
0000
0000
0000
ENDCHAR
STARTCHAR omegatonos
ENCODING 974
SWIDTH 500 0
DWIDTH 11 0
BBX 11 22 0 -5
BITMAP
0000
0000
0000
0100
0200
0400
0000
2080
4040
4040
4440
4440
4440
4440
4440
4440
3B80
0000
0000
0000
0000
0000
ENDCHAR
STARTCHAR theta1
ENCODING 977
SWIDTH 500 0
DWIDTH 11 0
BBX 11 22 0 -5
BITMAP
0000
0000
0000
0E00
1100
2080
2080
2080
1080
0FC0
0080
6080
2080
2080
2080
1100
0E00
0000
0000
0000
0000
0000
ENDCHAR
STARTCHAR phi1
ENCODING 981
SWIDTH 500 0
DWIDTH 11 0
BBX 11 22 0 -5
BITMAP
0000
0000
0000
0000
0000
0400
0400
1F00
2480
4440
4440
4440
4440
4440
4440
2480
1F00
0400
0400
0000
0000
0000
ENDCHAR
STARTCHAR uni03F0
ENCODING 1008
SWIDTH 500 0
DWIDTH 11 0
BBX 11 22 0 -5
BITMAP
0000
0000
0000
0000
0000
0000
0000
E040
1080
0900
0A00
0C00
0C00
1400
2400
4200
81C0
0000
0000
0000
0000
0000
ENDCHAR
STARTCHAR uni03F1
ENCODING 1009
SWIDTH 500 0
DWIDTH 11 0
BBX 11 22 0 -5
BITMAP
0000
0000
0000
0000
0000
0000
0000
1E00
2100
4080
4080
4080
4080
4080
4080
4100
7E00
4000
4000
2000
1F00
0000
ENDCHAR
STARTCHAR uni03F2
ENCODING 1010
SWIDTH 500 0
DWIDTH 11 0
BBX 11 22 0 -5
BITMAP
0000
0000
0000
0000
0000
0000
0000
1E00
2100
4080
4000
4000
4000
4000
4080
2100
1E00
0000
0000
0000
0000
0000
ENDCHAR
STARTCHAR uni03F3
ENCODING 1011
SWIDTH 500 0
DWIDTH 11 0
BBX 11 22 0 -5
BITMAP
0000
0000
0000
0100
0100
0100
0000
0700
0100
0100
0100
0100
0100
0100
0100
0100
0100
2100
2100
2100
1E00
0000
ENDCHAR
STARTCHAR uni03F4
ENCODING 1012
SWIDTH 500 0
DWIDTH 11 0
BBX 11 22 0 -5
BITMAP
0000
0000
0000
1E00
2100
4080
4080
4080
4080
7F80
4080
4080
4080
4080
4080
2100
1E00
0000
0000
0000
0000
0000
ENDCHAR
STARTCHAR uni03F5
ENCODING 1013
SWIDTH 500 0
DWIDTH 11 0
BBX 11 22 0 -5
BITMAP
0000
0000
0000
0000
0000
0000
0000
1F80
2000
4000
4000
7E00
4000
4000
4000
2000
1F80
0000
0000
0000
0000
0000
ENDCHAR
STARTCHAR uni03F6
ENCODING 1014
SWIDTH 500 0
DWIDTH 11 0
BBX 11 22 0 -5
BITMAP
0000
0000
0000
0000
0000
0000
0000
7E00
0100
0080
0080
1F80
0080
0080
0080
0100
7E00
0000
0000
0000
0000
0000
ENDCHAR
STARTCHAR uni0400
ENCODING 1024
SWIDTH 500 0
DWIDTH 11 0
BBX 11 22 0 -5
BITMAP
1000
0800
0400
0000
7F80
4000
4000
4000
4000
4000
7E00
4000
4000
4000
4000
4000
7F80
0000
0000
0000
0000
0000
ENDCHAR
STARTCHAR afii10023
ENCODING 1025
SWIDTH 500 0
DWIDTH 11 0
BBX 11 22 0 -5
BITMAP
2100
2100
2100
0000
7F80
4000
4000
4000
4000
4000
7E00
4000
4000
4000
4000
4000
7F80
0000
0000
0000
0000
0000
ENDCHAR
STARTCHAR afii10051
ENCODING 1026
SWIDTH 500 0
DWIDTH 11 0
BBX 11 22 0 -5
BITMAP
0000
0000
0000
F800
2000
2000
2000
3E00
2100
2080
2080
2080
2080
2080
2080
2100
2200
0000
0000
0000
0000
0000
ENDCHAR
STARTCHAR afii10052
ENCODING 1027
SWIDTH 500 0
DWIDTH 11 0
BBX 11 22 0 -5
BITMAP
0200
0400
0800
0000
7F80
4000
4000
4000
4000
4000
4000
4000
4000
4000
4000
4000
4000
0000
0000
0000
0000
0000
ENDCHAR
STARTCHAR afii10053
ENCODING 1028
SWIDTH 500 0
DWIDTH 11 0
BBX 11 22 0 -5
BITMAP
0000
0000
0000
1E00
2100
4080
4000
4000
4000
7C00
4000
4000
4000
4000
4080
2100
1E00
0000
0000
0000
0000
0000
ENDCHAR
STARTCHAR afii10054
ENCODING 1029
SWIDTH 500 0
DWIDTH 11 0
BBX 11 22 0 -5
BITMAP
0000
0000
0000
1E00
2100
4080
4000
4000
2000
1E00
0100
0080
0080
0080
4080
2100
1E00
0000
0000
0000
0000
0000
ENDCHAR
STARTCHAR afii10055
ENCODING 1030
SWIDTH 500 0
DWIDTH 11 0
BBX 11 22 0 -5
BITMAP
0000
0000
0000
1F00
0400
0400
0400
0400
0400
0400
0400
0400
0400
0400
0400
0400
1F00
0000
0000
0000
0000
0000
ENDCHAR
STARTCHAR afii10056
ENCODING 1031
SWIDTH 500 0
DWIDTH 11 0
BBX 11 22 0 -5
BITMAP
2100
2100
2100
0000
1F00
0400
0400
0400
0400
0400
0400
0400
0400
0400
0400
0400
1F00
0000
0000
0000
0000
0000
ENDCHAR
STARTCHAR afii10057
ENCODING 1032
SWIDTH 500 0
DWIDTH 11 0
BBX 11 22 0 -5
BITMAP
0000
0000
0000
07C0
0100
0100
0100
0100
0100
0100
0100
0100
4100
4100
4100
2200
1C00
0000
0000
0000
0000
0000
ENDCHAR
STARTCHAR afii10058
ENCODING 1033
SWIDTH 500 0
DWIDTH 11 0
BBX 11 22 0 -5
BITMAP
0000
0000
0000
3800
4800
8800
8800
8800
8F00
8880
8840
8840
8840
8840
8840
8880
8F00
0000
0000
0000
0000
0000
ENDCHAR
STARTCHAR afii10059
ENCODING 1034
SWIDTH 500 0
DWIDTH 11 0
BBX 11 22 0 -5
BITMAP
0000
0000
0000
8800
8800
8800
8800
8800
8F00
F880
8840
8840
8840
8840
8840
8880
8F00
0000
0000
0000
0000
0000
ENDCHAR
STARTCHAR afii10060
ENCODING 1035
SWIDTH 500 0
DWIDTH 11 0
BBX 11 22 0 -5
BITMAP
0000
0000
0000
F800
2000
2000
2000
3E00
2100
2080
2080
2080
2080
2080
2080
2080
2080
0000
0000
0000
0000
0000
ENDCHAR
STARTCHAR afii10061
ENCODING 1036
SWIDTH 500 0
DWIDTH 11 0
BBX 11 22 0 -5
BITMAP
0200
0400
0800
4080
4100
4200
4400
4800
5000
6000
6000
5000
4800
4400
4200
4100
4080
0000
0000
0000
0000
0000
ENDCHAR
STARTCHAR uni040D
ENCODING 1037
SWIDTH 500 0
DWIDTH 11 0
BBX 11 22 0 -5
BITMAP
1000
0800
0400
4080
4080
4080
4080
4180
4280
4480
4880
5080
6080
4080
4080
4080
4080
0000
0000
0000
0000
0000
ENDCHAR
STARTCHAR afii10062
ENCODING 1038
SWIDTH 500 0
DWIDTH 11 0
BBX 11 22 0 -5
BITMAP
2100
2100
1E00
4080
4080
4080
4080
4080
4080
2080
1F80
0080
0080
0080
0080
0100
3E00
0000
0000
0000
0000
0000
ENDCHAR
STARTCHAR afii10145
ENCODING 1039
SWIDTH 500 0
DWIDTH 11 0
BBX 11 22 0 -5
BITMAP
0000
0000
0000
4080
4080
4080
4080
4080
4080
4080
4080
4080
4080
4080
4080
4080
7F80
0C00
0C00
0C00
0000
0000
ENDCHAR
STARTCHAR afii10017
ENCODING 1040
SWIDTH 500 0
DWIDTH 11 0
BBX 11 22 0 -5
BITMAP
0000
0000
0000
1E00
2100
4080
4080
4080
4080
4080
7F80
4080
4080
4080
4080
4080
4080
0000
0000
0000
0000
0000
ENDCHAR
STARTCHAR afii10018
ENCODING 1041
SWIDTH 500 0
DWIDTH 11 0
BBX 11 22 0 -5
BITMAP
0000
0000
0000
7F00
4000
4000
4000
4000
7E00
4100
4080
4080
4080
4080
4080
4100
7E00
0000
0000
0000
0000
0000
ENDCHAR
STARTCHAR afii10019
ENCODING 1042
SWIDTH 500 0
DWIDTH 11 0
BBX 11 22 0 -5
BITMAP
0000
0000
0000
7E00
4100
4080
4080
4080
4100
7E00
4100
4080
4080
4080
4080
4100
7E00
0000
0000
0000
0000
0000
ENDCHAR
STARTCHAR afii10020
ENCODING 1043
SWIDTH 500 0
DWIDTH 11 0
BBX 11 22 0 -5
BITMAP
0000
0000
0000
7F80
4000
4000
4000
4000
4000
4000
4000
4000
4000
4000
4000
4000
4000
0000
0000
0000
0000
0000
ENDCHAR
STARTCHAR afii10021
ENCODING 1044
SWIDTH 500 0
DWIDTH 11 0
BBX 11 22 0 -5
BITMAP
0000
0000
0000
0F80
1080
2080
2080
2080
2080
2080
2080
2080
2080
2080
2080
4080
FFC0
8040
8040
0000
0000
0000
ENDCHAR
STARTCHAR afii10022
ENCODING 1045
SWIDTH 500 0
DWIDTH 11 0
BBX 11 22 0 -5
BITMAP
0000
0000
0000
7F80
4000
4000
4000
4000
4000
7E00
4000
4000
4000
4000
4000
4000
7F80
0000
0000
0000
0000
0000
ENDCHAR
STARTCHAR afii10024
ENCODING 1046
SWIDTH 500 0
DWIDTH 11 0
BBX 11 22 0 -5
BITMAP
0000
0000
0000
4440
4440
4440
4440
2480
1500
0E00
1500
2480
4440
4440
4440
4440
4440
0000
0000
0000
0000
0000
ENDCHAR
STARTCHAR afii10025
ENCODING 1047
SWIDTH 500 0
DWIDTH 11 0
BBX 11 22 0 -5
BITMAP
0000
0000
0000
1E00
2100
4080
0080
0080
0100
1E00
0100
0080
0080
0080
4080
2100
1E00
0000
0000
0000
0000
0000
ENDCHAR
STARTCHAR afii10026
ENCODING 1048
SWIDTH 500 0
DWIDTH 11 0
BBX 11 22 0 -5
BITMAP
0000
0000
0000
4080
4080
4080
4080
4180
4280
4480
4880
5080
6080
4080
4080
4080
4080
0000
0000
0000
0000
0000
ENDCHAR
STARTCHAR afii10027
ENCODING 1049
SWIDTH 500 0
DWIDTH 11 0
BBX 11 22 0 -5
BITMAP
2100
2100
1E00
4080
4080
4080
4080
4180
4280
4480
4880
5080
6080
4080
4080
4080
4080
0000
0000
0000
0000
0000
ENDCHAR
STARTCHAR afii10028
ENCODING 1050
SWIDTH 500 0
DWIDTH 11 0
BBX 11 22 0 -5
BITMAP
0000
0000
0000
4080
4100
4200
4400
4800
5000
6000
6000
5000
4800
4400
4200
4100
4080
0000
0000
0000
0000
0000
ENDCHAR
STARTCHAR afii10029
ENCODING 1051
SWIDTH 500 0
DWIDTH 11 0
BBX 11 22 0 -5
BITMAP
0000
0000
0000
0F80
1080
2080
2080
2080
2080
2080
2080
2080
2080
2080
2080
4080
8080
0000
0000
0000
0000
0000
ENDCHAR
STARTCHAR afii10030
ENCODING 1052
SWIDTH 500 0
DWIDTH 11 0
BBX 11 22 0 -5
BITMAP
0000
0000
0000
4040
60C0
5140
5140
4A40
4440
4440
4040
4040
4040
4040
4040
4040
4040
0000
0000
0000
0000
0000
ENDCHAR
STARTCHAR afii10031
ENCODING 1053
SWIDTH 500 0
DWIDTH 11 0
BBX 11 22 0 -5
BITMAP
0000
0000
0000
4080
4080
4080
4080
4080
4080
7F80
4080
4080
4080
4080
4080
4080
4080
0000
0000
0000
0000
0000
ENDCHAR
STARTCHAR afii10032
ENCODING 1054
SWIDTH 500 0
DWIDTH 11 0
BBX 11 22 0 -5
BITMAP
0000
0000
0000
1E00
2100
4080
4080
4080
4080
4080
4080
4080
4080
4080
4080
2100
1E00
0000
0000
0000
0000
0000
ENDCHAR
STARTCHAR afii10033
ENCODING 1055
SWIDTH 500 0
DWIDTH 11 0
BBX 11 22 0 -5
BITMAP
0000
0000
0000
7F80
4080
4080
4080
4080
4080
4080
4080
4080
4080
4080
4080
4080
4080
0000
0000
0000
0000
0000
ENDCHAR
STARTCHAR afii10034
ENCODING 1056
SWIDTH 500 0
DWIDTH 11 0
BBX 11 22 0 -5
BITMAP
0000
0000
0000
7E00
4100
4080
4080
4080
4080
4100
7E00
4000
4000
4000
4000
4000
4000
0000
0000
0000
0000
0000
ENDCHAR
STARTCHAR afii10035
ENCODING 1057
SWIDTH 500 0
DWIDTH 11 0
BBX 11 22 0 -5
BITMAP
0000
0000
0000
1E00
2100
4080
4080
4000
4000
4000
4000
4000
4000
4080
4080
2100
1E00
0000
0000
0000
0000
0000
ENDCHAR
STARTCHAR afii10036
ENCODING 1058
SWIDTH 500 0
DWIDTH 11 0
BBX 11 22 0 -5
BITMAP
0000
0000
0000
7FC0
0400
0400
0400
0400
0400
0400
0400
0400
0400
0400
0400
0400
0400
0000
0000
0000
0000
0000
ENDCHAR
STARTCHAR afii10037
ENCODING 1059
SWIDTH 500 0
DWIDTH 11 0
BBX 11 22 0 -5
BITMAP
0000
0000
0000
4080
4080
4080
4080
4080
4080
2080
1F80
0080
0080
0080
0080
0100
3E00
0000
0000
0000
0000
0000
ENDCHAR
STARTCHAR afii10038
ENCODING 1060
SWIDTH 500 0
DWIDTH 11 0
BBX 11 22 0 -5
BITMAP
0000
0000
0400
1F00
2480
4440
4440
4440
4440
4440
4440
4440
4440
4440
4440
2480
1F00
0400
0000
0000
0000
0000
ENDCHAR
STARTCHAR afii10039
ENCODING 1061
SWIDTH 500 0
DWIDTH 11 0
BBX 11 22 0 -5
BITMAP
0000
0000
0000
4080
4080
2100
2100
1200
1200
0C00
0C00
1200
1200
2100
2100
4080
4080
0000
0000
0000
0000
0000
ENDCHAR
STARTCHAR afii10040
ENCODING 1062
SWIDTH 500 0
DWIDTH 11 0
BBX 11 22 0 -5
BITMAP
0000
0000
0000
4080
4080
4080
4080
4080
4080
4080
4080
4080
4080
4080
4080
2080
1FC0
0040
0040
0040
0000
0000
ENDCHAR
STARTCHAR afii10041
ENCODING 1063
SWIDTH 500 0
DWIDTH 11 0
BBX 11 22 0 -5
BITMAP
0000
0000
0000
4080
4080
4080
4080
4080
4080
2080
1F80
0080
0080
0080
0080
0080
0080
0000
0000
0000
0000
0000
ENDCHAR
STARTCHAR afii10042
ENCODING 1064
SWIDTH 500 0
DWIDTH 11 0
BBX 11 22 0 -5
BITMAP
0000
0000
0000
4440
4440
4440
4440
4440
4440
4440
4440
4440
4440
4440
4440
2440
1FC0
0000
0000
0000
0000
0000
ENDCHAR
STARTCHAR afii10043
ENCODING 1065
SWIDTH 500 0
DWIDTH 11 0
BBX 11 22 0 -5
BITMAP
0000
0000
0000
4440
4440
4440
4440
4440
4440
4440
4440
4440
4440
4440
4440
2440
1FE0
0020
0020
0020
0000
0000
ENDCHAR
STARTCHAR afii10044
ENCODING 1066
SWIDTH 500 0
DWIDTH 11 0
BBX 11 22 0 -5
BITMAP
0000
0000
0000
C000
C000
4000
4000
7E00
4100
4080
4080
4080
4080
4080
4080
4100
7E00
0000
0000
0000
0000
0000
ENDCHAR
STARTCHAR afii10045
ENCODING 1067
SWIDTH 500 0
DWIDTH 11 0
BBX 11 22 0 -5
BITMAP
0000
0000
0000
4040
4040
4040
4040
7840
4440
4240
4240
4240
4240
4240
4240
4440
7840
0000
0000
0000
0000
0000
ENDCHAR
STARTCHAR afii10046
ENCODING 1068
SWIDTH 500 0
DWIDTH 11 0
BBX 11 22 0 -5
BITMAP
0000
0000
0000
4000
4000
4000
4000
7E00
4100
4080
4080
4080
4080
4080
4080
4100
7E00
0000
0000
0000
0000
0000
ENDCHAR
STARTCHAR afii10047
ENCODING 1069
SWIDTH 500 0
DWIDTH 11 0
BBX 11 22 0 -5
BITMAP
0000
0000
0000
1E00
2100
4080
0080
0080
0080
0F80
0080
0080
0080
0080
4080
2100
1E00
0000
0000
0000
0000
0000
ENDCHAR
STARTCHAR afii10048
ENCODING 1070
SWIDTH 500 0
DWIDTH 11 0
BBX 11 22 0 -5
BITMAP
0000
0000
0000
4780
4840
4840
4840
4840
4840
7840
4840
4840
4840
4840
4840
4840
4780
0000
0000
0000
0000
0000
ENDCHAR
STARTCHAR afii10049
ENCODING 1071
SWIDTH 500 0
DWIDTH 11 0
BBX 11 22 0 -5
BITMAP
0000
0000
0000
1F80
2080
4080
4080
4080
4080
2080
1F80
0280
0480
0880
1080
2080
4080
0000
0000
0000
0000
0000
ENDCHAR
STARTCHAR afii10065
ENCODING 1072
SWIDTH 500 0
DWIDTH 11 0
BBX 11 22 0 -5
BITMAP
0000
0000
0000
0000
0000
0000
0000
3E00
0100
0080
0080
3F80
4080
4080
4080
4080
3F80
0000
0000
0000
0000
0000
ENDCHAR
STARTCHAR afii10066
ENCODING 1073
SWIDTH 500 0
DWIDTH 11 0
BBX 11 22 0 -5
BITMAP
0000
0000
0000
1F00
2000
4000
4000
4000
7E00
4100
4080
4080
4080
4080
4080
4100
7E00
0000
0000
0000
0000
0000
ENDCHAR
STARTCHAR afii10067
ENCODING 1074
SWIDTH 500 0
DWIDTH 11 0
BBX 11 22 0 -5
BITMAP
0000
0000
0000
3C00
4200
4100
4100
4100
4200
7E00
4100
4080
4080
4080
4080
4100
7E00
0000
0000
0000
0000
0000
ENDCHAR
STARTCHAR afii10068
ENCODING 1075
SWIDTH 500 0
DWIDTH 11 0
BBX 11 22 0 -5
BITMAP
0000
0000
0000
0000
0000
0000
0000
7F80
4000
4000
4000
4000
4000
4000
4000
4000
4000
0000
0000
0000
0000
0000
ENDCHAR
STARTCHAR afii10069
ENCODING 1076
SWIDTH 500 0
DWIDTH 11 0
BBX 11 22 0 -5
BITMAP
0000
0000
0000
0000
0000
0000
0000
1F80
2080
4080
4080
4080
4080
4080
4080
2080
1F80
0080
0080
0100
3E00
0000
ENDCHAR
STARTCHAR afii10070
ENCODING 1077
SWIDTH 500 0
DWIDTH 11 0
BBX 11 22 0 -5
BITMAP
0000
0000
0000
0000
0000
0000
0000
1E00
2100
4080
4080
7F80
4000
4000
4000
2080
1F00
0000
0000
0000
0000
0000
ENDCHAR
STARTCHAR afii10072
ENCODING 1078
SWIDTH 500 0
DWIDTH 11 0
BBX 11 22 0 -5
BITMAP
0000
0000
0000
0000
0000
0000
0000
4440
4440
2480
1500
0E00
1500
2480
4440
4440
4440
0000
0000
0000
0000
0000
ENDCHAR
STARTCHAR afii10073
ENCODING 1079
SWIDTH 500 0
DWIDTH 11 0
BBX 11 22 0 -5
BITMAP
0000
0000
0000
0000
0000
0000
0000
3F00
4080
0080
0080
0F00
0080
0080
0080
4080
3F00
0000
0000
0000
0000
0000
ENDCHAR
STARTCHAR afii10074
ENCODING 1080
SWIDTH 500 0
DWIDTH 11 0
BBX 11 22 0 -5
BITMAP
0000
0000
0000
0000
0000
0000
0000
4080
4080
4080
4080
4080
4080
4080
4080
2080
1F80
0000
0000
0000
0000
0000
ENDCHAR
STARTCHAR afii10075
ENCODING 1081
SWIDTH 500 0
DWIDTH 11 0
BBX 11 22 0 -5
BITMAP
0000
0000
0000
2100
2100
1E00
0000
4080
4080
4080
4080
4080
4080
4080
4080
2080
1F80
0000
0000
0000
0000
0000
ENDCHAR
STARTCHAR afii10076
ENCODING 1082
SWIDTH 500 0
DWIDTH 11 0
BBX 11 22 0 -5
BITMAP
0000
0000
0000
0000
0000
0000
0000
2080
2100
2200
2400
3800
3800
2400
2200
2100
2080
0000
0000
0000
0000
0000
ENDCHAR
STARTCHAR afii10077
ENCODING 1083
SWIDTH 500 0
DWIDTH 11 0
BBX 11 22 0 -5
BITMAP
0000
0000
0000
0000
0000
0000
0000
0F80
1080
2080
2080
2080
2080
2080
2080
2080
4080
0000
0000
0000
0000
0000
ENDCHAR
STARTCHAR afii10078
ENCODING 1084
SWIDTH 500 0
DWIDTH 11 0
BBX 11 22 0 -5
BITMAP
0000
0000
0000
0000
0000
0000
0000
4040
60C0
5140
4A40
4440
4040
4040
4040
4040
4040
0000
0000
0000
0000
0000
ENDCHAR
STARTCHAR afii10079
ENCODING 1085
SWIDTH 500 0
DWIDTH 11 0
BBX 11 22 0 -5
BITMAP
0000
0000
0000
0000
0000
0000
0000
4080
4080
4080
4080
7F80
4080
4080
4080
4080
4080
0000
0000
0000
0000
0000
ENDCHAR
STARTCHAR afii10080
ENCODING 1086
SWIDTH 500 0
DWIDTH 11 0
BBX 11 22 0 -5
BITMAP
0000
0000
0000
0000
0000
0000
0000
1E00
2100
4080
4080
4080
4080
4080
4080
2100
1E00
0000
0000
0000
0000
0000
ENDCHAR
STARTCHAR afii10081
ENCODING 1087
SWIDTH 500 0
DWIDTH 11 0
BBX 11 22 0 -5
BITMAP
0000
0000
0000
0000
0000
0000
0000
7F80
4080
4080
4080
4080
4080
4080
4080
4080
4080
0000
0000
0000
0000
0000
ENDCHAR
STARTCHAR afii10082
ENCODING 1088
SWIDTH 500 0
DWIDTH 11 0
BBX 11 22 0 -5
BITMAP
0000
0000
0000
0000
0000
0000
0000
7E00
4100
4080
4080
4080
4080
4080
4080
4100
7E00
4000
4000
4000
4000
0000
ENDCHAR
STARTCHAR afii10083
ENCODING 1089
SWIDTH 500 0
DWIDTH 11 0
BBX 11 22 0 -5
BITMAP
0000
0000
0000
0000
0000
0000
0000
1E00
2100
4080
4000
4000
4000
4000
4080
2100
1E00
0000
0000
0000
0000
0000
ENDCHAR
STARTCHAR afii10084
ENCODING 1090
SWIDTH 500 0
DWIDTH 11 0
BBX 11 22 0 -5
BITMAP
0000
0000
0000
0000
0000
0000
0000
7FC0
0400
0400
0400
0400
0400
0400
0400
0400
0400
0000
0000
0000
0000
0000
ENDCHAR
STARTCHAR afii10085
ENCODING 1091
SWIDTH 500 0
DWIDTH 11 0
BBX 11 22 0 -5
BITMAP
0000
0000
0000
0000
0000
0000
0000
4080
4080
4080
4080
4080
4080
4080
4080
2080
1F80
0080
0080
0100
3E00
0000
ENDCHAR
STARTCHAR afii10086
ENCODING 1092
SWIDTH 500 0
DWIDTH 11 0
BBX 11 22 0 -5
BITMAP
0000
0000
0000
0000
0000
0400
0400
1F00
2480
4440
4440
4440
4440
4440
4440
2480
1F00
0400
0400
0000
0000
0000
ENDCHAR
STARTCHAR afii10087
ENCODING 1093
SWIDTH 500 0
DWIDTH 11 0
BBX 11 22 0 -5
BITMAP
0000
0000
0000
0000
0000
0000
0000
4080
4080
2100
1200
0C00
0C00
1200
2100
4080
4080
0000
0000
0000
0000
0000
ENDCHAR
STARTCHAR afii10088
ENCODING 1094
SWIDTH 500 0
DWIDTH 11 0
BBX 11 22 0 -5
BITMAP
0000
0000
0000
0000
0000
0000
0000
4080
4080
4080
4080
4080
4080
4080
4080
2080
1FC0
0040
0040
0040
0000
0000
ENDCHAR
STARTCHAR afii10089
ENCODING 1095
SWIDTH 500 0
DWIDTH 11 0
BBX 11 22 0 -5
BITMAP
0000
0000
0000
0000
0000
0000
0000
4080
4080
4080
4080
2080
1F80
0080
0080
0080
0080
0000
0000
0000
0000
0000
ENDCHAR
STARTCHAR afii10090
ENCODING 1096
SWIDTH 500 0
DWIDTH 11 0
BBX 11 22 0 -5
BITMAP
0000
0000
0000
0000
0000
0000
0000
4440
4440
4440
4440
4440
4440
4440
4440
2440
1FC0
0000
0000
0000
0000
0000
ENDCHAR
STARTCHAR afii10091
ENCODING 1097
SWIDTH 500 0
DWIDTH 11 0
BBX 11 22 0 -5
BITMAP
0000
0000
0000
0000
0000
0000
0000
4440
4440
4440
4440
4440
4440
4440
4440
2440
1FE0
0020
0020
0020
0000
0000
ENDCHAR
STARTCHAR afii10092
ENCODING 1098
SWIDTH 500 0
DWIDTH 11 0
BBX 11 22 0 -5
BITMAP
0000
0000
0000
0000
0000
0000
0000
E000
2000
2000
3E00
2100
2080
2080
2080
2100
3E00
0000
0000
0000
0000
0000
ENDCHAR
STARTCHAR afii10093
ENCODING 1099
SWIDTH 500 0
DWIDTH 11 0
BBX 11 22 0 -5
BITMAP
0000
0000
0000
0000
0000
0000
0000
4040
4040
4040
7840
4440
4240
4240
4240
4440
7840
0000
0000
0000
0000
0000
ENDCHAR
STARTCHAR afii10094
ENCODING 1100
SWIDTH 500 0
DWIDTH 11 0
BBX 11 22 0 -5
BITMAP
0000
0000
0000
0000
0000
0000
0000
2000
2000
2000
3E00
2100
2080
2080
2080
2100
3E00
0000
0000
0000
0000
0000
ENDCHAR
STARTCHAR afii10095
ENCODING 1101
SWIDTH 500 0
DWIDTH 11 0
BBX 11 22 0 -5
BITMAP
0000
0000
0000
0000
0000
0000
0000
1E00
2100
4080
0080
0F80
0080
0080
4080
2100
1E00
0000
0000
0000
0000
0000
ENDCHAR
STARTCHAR afii10096
ENCODING 1102
SWIDTH 500 0
DWIDTH 11 0
BBX 11 22 0 -5
BITMAP
0000
0000
0000
0000
0000
0000
0000
4780
4840
4840
4840
7840
4840
4840
4840
4840
4780
0000
0000
0000
0000
0000
ENDCHAR
STARTCHAR afii10097
ENCODING 1103
SWIDTH 500 0
DWIDTH 11 0
BBX 11 22 0 -5
BITMAP
0000
0000
0000
0000
0000
0000
0000
3F80
4080
4080
4080
4080
3F80
0480
0880
1080
2080
0000
0000
0000
0000
0000
ENDCHAR
STARTCHAR uni0450
ENCODING 1104
SWIDTH 500 0
DWIDTH 11 0
BBX 11 22 0 -5
BITMAP
0000
0000
0000
1000
0800
0400
0000
1E00
2100
4080
4080
7F80
4000
4000
4000
2080
1F00
0000
0000
0000
0000
0000
ENDCHAR
STARTCHAR afii10071
ENCODING 1105
SWIDTH 500 0
DWIDTH 11 0
BBX 11 22 0 -5
BITMAP
0000
0000
0000
2100
2100
2100
0000
1E00
2100
4080
4080
7F80
4000
4000
4000
2080
1F00
0000
0000
0000
0000
0000
ENDCHAR
STARTCHAR afii10099
ENCODING 1106
SWIDTH 500 0
DWIDTH 11 0
BBX 11 22 0 -5
BITMAP
0000
0000
0000
4000
FC00
4000
4000
7E00
4100
4080
4080
4080
4080
4080
4080
4080
4080
0080
0080
0100
0600
0000
ENDCHAR
STARTCHAR afii10100
ENCODING 1107
SWIDTH 500 0
DWIDTH 11 0
BBX 11 22 0 -5
BITMAP
0000
0000
0000
0200
0400
0800
0000
7F80
4000
4000
4000
4000
4000
4000
4000
4000
4000
0000
0000
0000
0000
0000
ENDCHAR
STARTCHAR afii10101
ENCODING 1108
SWIDTH 500 0
DWIDTH 11 0
BBX 11 22 0 -5
BITMAP
0000
0000
0000
0000
0000
0000
0000
1E00
2100
4080
4000
7C00
4000
4000
4080
2100
1E00
0000
0000
0000
0000
0000
ENDCHAR
STARTCHAR afii10102
ENCODING 1109
SWIDTH 500 0
DWIDTH 11 0
BBX 11 22 0 -5
BITMAP
0000
0000
0000
0000
0000
0000
0000
3F00
4080
4000
4000
3F00
0080
0080
0080
4080
3F00
0000
0000
0000
0000
0000
ENDCHAR
STARTCHAR afii10103
ENCODING 1110
SWIDTH 500 0
DWIDTH 11 0
BBX 11 22 0 -5
BITMAP
0000
0000
0000
0400
0400
0400
0000
1C00
0400
0400
0400
0400
0400
0400
0400
0400
1F00
0000
0000
0000
0000
0000
ENDCHAR
STARTCHAR afii10104
ENCODING 1111
SWIDTH 500 0
DWIDTH 11 0
BBX 11 22 0 -5
BITMAP
0000
0000
0000
2100
2100
2100
0000
1C00
0400
0400
0400
0400
0400
0400
0400
0400
1F00
0000
0000
0000
0000
0000
ENDCHAR
STARTCHAR afii10105
ENCODING 1112
SWIDTH 500 0
DWIDTH 11 0
BBX 11 22 0 -5
BITMAP
0000
0000
0000
0100
0100
0100
0000
0700
0100
0100
0100
0100
0100
0100
0100
0100
0100
2100
2100
2100
1E00
0000
ENDCHAR
STARTCHAR afii10106
ENCODING 1113
SWIDTH 500 0
DWIDTH 11 0
BBX 11 22 0 -5
BITMAP
0000
0000
0000
0000
0000
0000
0000
3800
4800
8800
8F00
8880
8840
8840
8840
8880
8F00
0000
0000
0000
0000
0000
ENDCHAR
STARTCHAR afii10107
ENCODING 1114
SWIDTH 500 0
DWIDTH 11 0
BBX 11 22 0 -5
BITMAP
0000
0000
0000
0000
0000
0000
0000
8800
8800
8800
8F00
F880
8840
8840
8840
8880
8F00
0000
0000
0000
0000
0000
ENDCHAR
STARTCHAR afii10108
ENCODING 1115
SWIDTH 500 0
DWIDTH 11 0
BBX 11 22 0 -5
BITMAP
0000
0000
0000
4000
FC00
4000
4000
7E00
4100
4080
4080
4080
4080
4080
4080
4080
4080
0000
0000
0000
0000
0000
ENDCHAR
STARTCHAR afii10109
ENCODING 1116
SWIDTH 500 0
DWIDTH 11 0
BBX 11 22 0 -5
BITMAP
0000
0000
0000
0100
0200
0400
0000
2080
2100
2200
2400
3800
3800
2400
2200
2100
2080
0000
0000
0000
0000
0000
ENDCHAR
STARTCHAR uni045D
ENCODING 1117
SWIDTH 500 0
DWIDTH 11 0
BBX 11 22 0 -5
BITMAP
0000
0000
0000
1000
0800
0400
0000
4080
4080
4080
4080
4080
4080
4080
4080
2080
1F80
0000
0000
0000
0000
0000
ENDCHAR
STARTCHAR afii10110
ENCODING 1118
SWIDTH 500 0
DWIDTH 11 0
BBX 11 22 0 -5
BITMAP
0000
0000
0000
2100
2100
1E00
0000
4080
4080
4080
4080
4080
4080
4080
4080
2080
1F80
0080
0080
0100
3E00
0000
ENDCHAR
STARTCHAR afii10193
ENCODING 1119
SWIDTH 500 0
DWIDTH 11 0
BBX 11 22 0 -5
BITMAP
0000
0000
0000
0000
0000
0000
0000
4080
4080
4080
4080
4080
4080
4080
4080
4080
7F80
0C00
0C00
0C00
0000
0000
ENDCHAR
STARTCHAR afii10146
ENCODING 1122
SWIDTH 500 0
DWIDTH 11 0
BBX 11 22 0 -5
BITMAP
0000
0000
0000
4000
4000
FC00
4000
4000
7E00
4100
4080
4080
4080
4080
4080
4100
7E00
0000
0000
0000
0000
0000
ENDCHAR
STARTCHAR afii10194
ENCODING 1123
SWIDTH 500 0
DWIDTH 11 0
BBX 11 22 0 -5
BITMAP
0000
0000
0000
2000
2000
2000
FC00
2000
2000
2000
3E00
2100
2080
2080
2080
2100
3E00
0000
0000
0000
0000
0000
ENDCHAR
STARTCHAR uni046A
ENCODING 1130
SWIDTH 500 0
DWIDTH 11 0
BBX 11 22 0 -5
BITMAP
0000
0000
0000
7FC0
4040
2080
2080
1100
1100
0E00
1500
2480
4440
4440
4440
4440
4440
0000
0000
0000
0000
0000
ENDCHAR
STARTCHAR uni046B
ENCODING 1131
SWIDTH 500 0
DWIDTH 11 0
BBX 11 22 0 -5
BITMAP
0000
0000
0000
0000
0000
0000
0000
7FC0
4040
2080
1100
0E00
1500
2480
4440
4440
4440
0000
0000
0000
0000
0000
ENDCHAR
STARTCHAR afii10050
ENCODING 1168
SWIDTH 500 0
DWIDTH 11 0
BBX 11 22 0 -5
BITMAP
0080
0080
0080
7F80
4000
4000
4000
4000
4000
4000
4000
4000
4000
4000
4000
4000
4000
0000
0000
0000
0000
0000
ENDCHAR
STARTCHAR afii10098
ENCODING 1169
SWIDTH 500 0
DWIDTH 11 0
BBX 11 22 0 -5
BITMAP
0000
0000
0000
0000
0080
0080
0080
7F80
4000
4000
4000
4000
4000
4000
4000
4000
4000
0000
0000
0000
0000
0000
ENDCHAR
STARTCHAR uni0492
ENCODING 1170
SWIDTH 500 0
DWIDTH 11 0
BBX 11 22 0 -5
BITMAP
0000
0000
0000
7F80
4000
4000
4000
4000
4000
FC00
4000
4000
4000
4000
4000
4000
4000
0000
0000
0000
0000
0000
ENDCHAR
STARTCHAR uni0493
ENCODING 1171
SWIDTH 500 0
DWIDTH 11 0
BBX 11 22 0 -5
BITMAP
0000
0000
0000
0000
0000
0000
0000
7F80
4000
4000
4000
4000
FC00
4000
4000
4000
4000
0000
0000
0000
0000
0000
ENDCHAR
STARTCHAR uni0494
ENCODING 1172
SWIDTH 500 0
DWIDTH 11 0
BBX 11 22 0 -5
BITMAP
0000
0000
0000
7F80
4000
4000
4000
4000
4000
4000
7E00
4100
4080
4080
4080
4080
4080
0080
0100
0200
0000
0000
ENDCHAR
STARTCHAR uni0495
ENCODING 1173
SWIDTH 500 0
DWIDTH 11 0
BBX 11 22 0 -5
BITMAP
0000
0000
0000
0000
0000
0000
0000
7F80
4000
4000
4000
4000
7C00
4200
4100
4100
4100
0100
0200
0400
0000
0000
ENDCHAR
STARTCHAR uni0496
ENCODING 1174
SWIDTH 500 0
DWIDTH 11 0
BBX 11 22 0 -5
BITMAP
0000
0000
0000
4440
4440
4440
4440
2480
1500
0E00
1500
2480
4440
4440
4440
4440
4460
0020
0020
0020
0000
0000
ENDCHAR
STARTCHAR uni0497
ENCODING 1175
SWIDTH 500 0
DWIDTH 11 0
BBX 11 22 0 -5
BITMAP
0000
0000
0000
0000
0000
0000
0000
4440
4440
2480
1500
0E00
1500
2480
4440
4440
4460
0020
0020
0020
0000
0000
ENDCHAR
STARTCHAR uni0498
ENCODING 1176
SWIDTH 500 0
DWIDTH 11 0
BBX 11 22 0 -5
BITMAP
0000
0000
0000
1E00
2100
4080
0080
0080
0100
1E00
0100
0080
0080
0080
4080
2100
1E00
0400
0400
0400
0400
0000
ENDCHAR
STARTCHAR uni0499
ENCODING 1177
SWIDTH 500 0
DWIDTH 11 0
BBX 11 22 0 -5
BITMAP
0000
0000
0000
0000
0000
0000
0000
3F00
4080
0080
0080
0F00
0080
0080
0080
4080
3F00
0400
0400
0400
0400
0000
ENDCHAR
STARTCHAR uni049A
ENCODING 1178
SWIDTH 500 0
DWIDTH 11 0
BBX 11 22 0 -5
BITMAP
0000
0000
0000
4080
4100
4200
4400
4800
5000
6000
6000
5000
4800
4400
4200
4100
40C0
0040
0040
0040
0000
0000
ENDCHAR
STARTCHAR uni049B
ENCODING 1179
SWIDTH 500 0
DWIDTH 11 0
BBX 11 22 0 -5
BITMAP
0000
0000
0000
0000
0000
0000
0000
2080
2100
2200
2400
3800
3800
2400
2200
2100
20C0
0040
0040
0040
0000
0000
ENDCHAR
STARTCHAR uni049C
ENCODING 1180
SWIDTH 500 0
DWIDTH 11 0
BBX 11 22 0 -5
BITMAP
0000
0000
0000
4080
4080
4100
5200
5400
5800
7000
7000
5800
5400
5200
4100
4080
4080
0000
0000
0000
0000
0000
ENDCHAR
STARTCHAR uni049D
ENCODING 1181
SWIDTH 500 0
DWIDTH 11 0
BBX 11 22 0 -5
BITMAP
0000
0000
0000
0000
0000
0000
0000
2080
2900
2A00
2C00
3800
3800
2C00
2A00
2900
2080
0000
0000
0000
0000
0000
ENDCHAR
STARTCHAR uni04A0
ENCODING 1184
SWIDTH 500 0
DWIDTH 11 0
BBX 11 22 0 -5
BITMAP
0000
0000
0000
C080
C100
4200
4400
4800
5000
6000
6000
5000
4800
4400
4200
4100
4080
0000
0000
0000
0000
0000
ENDCHAR
STARTCHAR uni04A1
ENCODING 1185
SWIDTH 500 0
DWIDTH 11 0
BBX 11 22 0 -5
BITMAP
0000
0000
0000
0000
0000
0000
0000
E080
2100
2200
2400
3800
3800
2400
2200
2100
2080
0000
0000
0000
0000
0000
ENDCHAR
STARTCHAR uni04A2
ENCODING 1186
SWIDTH 500 0
DWIDTH 11 0
BBX 11 22 0 -5
BITMAP
0000
0000
0000
4080
4080
4080
4080
4080
4080
7F80
4080
4080
4080
4080
4080
4080
40C0
0040
0040
0040
0000
0000
ENDCHAR
STARTCHAR uni04A3
ENCODING 1187
SWIDTH 500 0
DWIDTH 11 0
BBX 11 22 0 -5
BITMAP
0000
0000
0000
0000
0000
0000
0000
4080
4080
4080
4080
7F80
4080
4080
4080
4080
40C0
0040
0040
0040
0000
0000
ENDCHAR
STARTCHAR uni04A4
ENCODING 1188
SWIDTH 500 0
DWIDTH 11 0
BBX 11 22 0 -5
BITMAP
0000
0000
0000
43C0
4200
4200
4200
4200
4200
7E00
4200
4200
4200
4200
4200
4200
4200
0000
0000
0000
0000
0000
ENDCHAR
STARTCHAR uni04A5
ENCODING 1189
SWIDTH 500 0
DWIDTH 11 0
BBX 11 22 0 -5
BITMAP
0000
0000
0000
0000
0000
0000
0000
43C0
4200
4200
4200
7E00
4200
4200
4200
4200
4200
0000
0000
0000
0000
0000
ENDCHAR
STARTCHAR uni04AA
ENCODING 1194
SWIDTH 500 0
DWIDTH 11 0
BBX 11 22 0 -5
BITMAP
0000
0000
0000
1E00
2100
4080
4080
4000
4000
4000
4000
4000
4000
4080
4080
2100
1E00
0400
0400
0400
0400
0000
ENDCHAR
STARTCHAR uni04AB
ENCODING 1195
SWIDTH 500 0
DWIDTH 11 0
BBX 11 22 0 -5
BITMAP
0000
0000
0000
0000
0000
0000
0000
1E00
2100
4080
4000
4000
4000
4000
4080
2100
1E00
0400
0400
0400
0400
0000
ENDCHAR
STARTCHAR uni04AE
ENCODING 1198
SWIDTH 500 0
DWIDTH 11 0
BBX 11 22 0 -5
BITMAP
0000
0000
0000
4040
4040
2080
2080
1100
1100
0A00
0A00
0400
0400
0400
0400
0400
0400
0000
0000
0000
0000
0000
ENDCHAR
STARTCHAR uni04AF
ENCODING 1199
SWIDTH 500 0
DWIDTH 11 0
BBX 11 22 0 -5
BITMAP
0000
0000
0000
0000
0000
0000
0000
4040
4040
4040
2080
2080
1100
1100
0A00
0A00
0400
0400
0400
0400
0400
0000
ENDCHAR
STARTCHAR uni04B0
ENCODING 1200
SWIDTH 500 0
DWIDTH 11 0
BBX 11 22 0 -5
BITMAP
0000
0000
0000
4040
4040
2080
2080
1100
1100
0A00
0A00
0400
3F80
0400
0400
0400
0400
0000
0000
0000
0000
0000
ENDCHAR
STARTCHAR uni04B1
ENCODING 1201
SWIDTH 500 0
DWIDTH 11 0
BBX 11 22 0 -5
BITMAP
0000
0000
0000
0000
0000
0000
0000
4040
4040
4040
2080
2080
1100
1100
0A00
0A00
0400
3F80
0400
0400
0400
0000
ENDCHAR
STARTCHAR uni04B2
ENCODING 1202
SWIDTH 500 0
DWIDTH 11 0
BBX 11 22 0 -5
BITMAP
0000
0000
0000
4080
4080
2100
2100
1200
1200
0C00
0C00
1200
1200
2100
2100
4080
40C0
0040
0040
0040
0000
0000
ENDCHAR
STARTCHAR uni04B3
ENCODING 1203
SWIDTH 500 0
DWIDTH 11 0
BBX 11 22 0 -5
BITMAP
0000
0000
0000
0000
0000
0000
0000
4080
4080
2100
1200
0C00
0C00
1200
2100
4080
40C0
0040
0040
0040
0000
0000
ENDCHAR
STARTCHAR uni04B6
ENCODING 1206
SWIDTH 500 0
DWIDTH 11 0
BBX 11 22 0 -5
BITMAP
0000
0000
0000
4080
4080
4080
4080
4080
4080
2080
1F80
0080
0080
0080
0080
0080
00C0
0040
0040
0040
0000
0000
ENDCHAR
STARTCHAR uni04B7
ENCODING 1207
SWIDTH 500 0
DWIDTH 11 0
BBX 11 22 0 -5
BITMAP
0000
0000
0000
0000
0000
0000
0000
4080
4080
4080
4080
2080
1F80
0080
0080
0080
00C0
0040
0040
0040
0000
0000
ENDCHAR
STARTCHAR uni04B8
ENCODING 1208
SWIDTH 500 0
DWIDTH 11 0
BBX 11 22 0 -5
BITMAP
0000
0000
0000
4080
4080
4080
4080
4480
4480
2480
1F80
0480
0480
0480
0080
0080
0080
0000
0000
0000
0000
0000
ENDCHAR
STARTCHAR uni04B9
ENCODING 1209
SWIDTH 500 0
DWIDTH 11 0
BBX 11 22 0 -5
BITMAP
0000
0000
0000
0000
0000
0000
0000
4080
4080
4480
4480
2480
1F80
0480
0480
0080
0080
0000
0000
0000
0000
0000
ENDCHAR
STARTCHAR uni04BA
ENCODING 1210
SWIDTH 500 0
DWIDTH 11 0
BBX 11 22 0 -5
BITMAP
0000
0000
0000
4000
4000
4000
4000
4000
7E00
4100
4080
4080
4080
4080
4080
4080
4080
0000
0000
0000
0000
0000
ENDCHAR
STARTCHAR uni04BB
ENCODING 1211
SWIDTH 500 0
DWIDTH 11 0
BBX 11 22 0 -5
BITMAP
0000
0000
0000
0000
0000
0000
0000
4000
4000
4000
7E00
4100
4080
4080
4080
4080
4080
0000
0000
0000
0000
0000
ENDCHAR
STARTCHAR uni04C0
ENCODING 1216
SWIDTH 500 0
DWIDTH 11 0
BBX 11 22 0 -5
BITMAP
0000
0000
0000
1F00
0400
0400
0400
0400
0400
0400
0400
0400
0400
0400
0400
0400
1F00
0000
0000
0000
0000
0000
ENDCHAR
STARTCHAR uni04C1
ENCODING 1217
SWIDTH 500 0
DWIDTH 11 0
BBX 11 22 0 -5
BITMAP
2100
2100
1E00
0000
4440
4440
4440
4440
2480
1500
0E00
1500
2480
4440
4440
4440
4440
0000
0000
0000
0000
0000
ENDCHAR
STARTCHAR uni04C2
ENCODING 1218
SWIDTH 500 0
DWIDTH 11 0
BBX 11 22 0 -5
BITMAP
0000
0000
0000
2100
2100
1E00
0000
4440
4440
2480
1500
0E00
1500
2480
4440
4440
4440
0000
0000
0000
0000
0000
ENDCHAR
STARTCHAR uni04CF
ENCODING 1231
SWIDTH 500 0
DWIDTH 11 0
BBX 11 22 0 -5
BITMAP
0000
0000
0000
3800
0800
0800
0800
0800
0800
0800
0800
0800
0800
0800
0800
0800
0700
0000
0000
0000
0000
0000
ENDCHAR
STARTCHAR uni04D0
ENCODING 1232
SWIDTH 500 0
DWIDTH 11 0
BBX 11 22 0 -5
BITMAP
2100
2100
1E00
0000
1E00
2100
4080
4080
4080
4080
4080
7F80
4080
4080
4080
4080
4080
0000
0000
0000
0000
0000
ENDCHAR
STARTCHAR uni04D1
ENCODING 1233
SWIDTH 500 0
DWIDTH 11 0
BBX 11 22 0 -5
BITMAP
0000
0000
0000
2100
2100
1E00
0000
3E00
0100
0080
0080
3F80
4080
4080
4080
4080
3F80
0000
0000
0000
0000
0000
ENDCHAR
STARTCHAR uni04D2
ENCODING 1234
SWIDTH 500 0
DWIDTH 11 0
BBX 11 22 0 -5
BITMAP
2100
2100
2100
0000
1E00
2100
4080
4080
4080
4080
4080
7F80
4080
4080
4080
4080
4080
0000
0000
0000
0000
0000
ENDCHAR
STARTCHAR uni04D3
ENCODING 1235
SWIDTH 500 0
DWIDTH 11 0
BBX 11 22 0 -5
BITMAP
0000
0000
0000
2100
2100
2100
0000
3E00
0100
0080
0080
3F80
4080
4080
4080
4080
3F80
0000
0000
0000
0000
0000
ENDCHAR
STARTCHAR uni04D4
ENCODING 1236
SWIDTH 500 0
DWIDTH 11 0
BBX 11 22 0 -5
BITMAP
0000
0000
0000
3FC0
4400
8400
8400
8400
8400
FFC0
8400
8400
8400
8400
8400
8400
87C0
0000
0000
0000
0000
0000
ENDCHAR
STARTCHAR uni04D5
ENCODING 1237
SWIDTH 500 0
DWIDTH 11 0
BBX 11 22 0 -5
BITMAP
0000
0000
0000
0000
0000
0000
0000
3B80
0440
0440
0440
3FC0
4400
4400
4400
4440
3B80
0000
0000
0000
0000
0000
ENDCHAR
STARTCHAR uni04D6
ENCODING 1238
SWIDTH 500 0
DWIDTH 11 0
BBX 11 22 0 -5
BITMAP
2100
2100
1E00
0000
7F80
4000
4000
4000
4000
4000
7E00
4000
4000
4000
4000
4000
7F80
0000
0000
0000
0000
0000
ENDCHAR
STARTCHAR uni04D7
ENCODING 1239
SWIDTH 500 0
DWIDTH 11 0
BBX 11 22 0 -5
BITMAP
0000
0000
0000
2100
2100
1E00
0000
1E00
2100
4080
4080
7F80
4000
4000
4000
2080
1F00
0000
0000
0000
0000
0000
ENDCHAR
STARTCHAR uni04D8
ENCODING 1240
SWIDTH 500 0
DWIDTH 11 0
BBX 11 22 0 -5
BITMAP
0000
0000
0000
1E00
2100
4080
0080
0080
0080
7F80
4080
4080
4080
4080
4080
2100
1E00
0000
0000
0000
0000
0000
ENDCHAR
STARTCHAR afii10846
ENCODING 1241
SWIDTH 500 0
DWIDTH 11 0
BBX 11 22 0 -5
BITMAP
0000
0000
0000
0000
0000
0000
0000
3E00
4100
0080
0080
0080
7F80
4080
4080
2100
1E00
0000
0000
0000
0000
0000
ENDCHAR
STARTCHAR uni04DA
ENCODING 1242
SWIDTH 500 0
DWIDTH 11 0
BBX 11 22 0 -5
BITMAP
2100
2100
2100
0000
1E00
2100
4080
0080
0080
0080
7F80
4080
4080
4080
4080
2100
1E00
0000
0000
0000
0000
0000
ENDCHAR
STARTCHAR uni04DB
ENCODING 1243
SWIDTH 500 0
DWIDTH 11 0
BBX 11 22 0 -5
BITMAP
0000
0000
0000
2100
2100
2100
0000
3E00
4100
0080
0080
0080
7F80
4080
4080
2100
1E00
0000
0000
0000
0000
0000
ENDCHAR
STARTCHAR uni04DC
ENCODING 1244
SWIDTH 500 0
DWIDTH 11 0
BBX 11 22 0 -5
BITMAP
1100
1100
1100
0000
4440
4440
4440
4440
2480
1500
0E00
1500
2480
4440
4440
4440
4440
0000
0000
0000
0000
0000
ENDCHAR
STARTCHAR uni04DD
ENCODING 1245
SWIDTH 500 0
DWIDTH 11 0
BBX 11 22 0 -5
BITMAP
0000
0000
0000
1100
1100
1100
0000
4440
4440
2480
1500
0E00
1500
2480
4440
4440
4440
0000
0000
0000
0000
0000
ENDCHAR
STARTCHAR uni04DE
ENCODING 1246
SWIDTH 500 0
DWIDTH 11 0
BBX 11 22 0 -5
BITMAP
2100
2100
2100
0000
1E00
2100
4080
0080
0080
0100
1E00
0100
0080
0080
4080
2100
1E00
0000
0000
0000
0000
0000
ENDCHAR
STARTCHAR uni04DF
ENCODING 1247
SWIDTH 500 0
DWIDTH 11 0
BBX 11 22 0 -5
BITMAP
0000
0000
0000
2100
2100
2100
0000
3F00
4080
0080
0080
0F00
0080
0080
0080
4080
3F00
0000
0000
0000
0000
0000
ENDCHAR
STARTCHAR uni04E2
ENCODING 1250
SWIDTH 500 0
DWIDTH 11 0
BBX 11 22 0 -5
BITMAP
0000
3F00
0000
4080
4080
4080
4080
4180
4280
4480
4880
5080
6080
4080
4080
4080
4080
0000
0000
0000
0000
0000
ENDCHAR
STARTCHAR uni04E3
ENCODING 1251
SWIDTH 500 0
DWIDTH 11 0
BBX 11 22 0 -5
BITMAP
0000
0000
0000
0000
0000
3F00
0000
4080
4080
4080
4080
4080
4080
4080
4080
2080
1F80
0000
0000
0000
0000
0000
ENDCHAR
STARTCHAR uni04E4
ENCODING 1252
SWIDTH 500 0
DWIDTH 11 0
BBX 11 22 0 -5
BITMAP
2100
2100
2100
0000
4080
4080
4080
4180
4280
4480
4880
5080
6080
4080
4080
4080
4080
0000
0000
0000
0000
0000
ENDCHAR
STARTCHAR uni04E5
ENCODING 1253
SWIDTH 500 0
DWIDTH 11 0
BBX 11 22 0 -5
BITMAP
0000
0000
0000
2100
2100
2100
0000
4080
4080
4080
4080
4080
4080
4080
4080
2080
1F80
0000
0000
0000
0000
0000
ENDCHAR
STARTCHAR uni04E6
ENCODING 1254
SWIDTH 500 0
DWIDTH 11 0
BBX 11 22 0 -5
BITMAP
2100
2100
2100
0000
1E00
2100
4080
4080
4080
4080
4080
4080
4080
4080
4080
2100
1E00
0000
0000
0000
0000
0000
ENDCHAR
STARTCHAR uni04E7
ENCODING 1255
SWIDTH 500 0
DWIDTH 11 0
BBX 11 22 0 -5
BITMAP
0000
0000
0000
2100
2100
2100
0000
1E00
2100
4080
4080
4080
4080
4080
4080
2100
1E00
0000
0000
0000
0000
0000
ENDCHAR
STARTCHAR uni04E8
ENCODING 1256
SWIDTH 500 0
DWIDTH 11 0
BBX 11 22 0 -5
BITMAP
0000
0000
0000
1E00
2100
4080
4080
4080
4080
7F80
4080
4080
4080
4080
4080
2100
1E00
0000
0000
0000
0000
0000
ENDCHAR
STARTCHAR uni04E9
ENCODING 1257
SWIDTH 500 0
DWIDTH 11 0
BBX 11 22 0 -5
BITMAP
0000
0000
0000
0000
0000
0000
0000
1E00
2100
4080
4080
7F80
4080
4080
4080
2100
1E00
0000
0000
0000
0000
0000
ENDCHAR
STARTCHAR uni04EA
ENCODING 1258
SWIDTH 500 0
DWIDTH 11 0
BBX 11 22 0 -5
BITMAP
2100
2100
2100
0000
1E00
2100
4080
4080
4080
4080
7F80
4080
4080
4080
4080
2100
1E00
0000
0000
0000
0000
0000
ENDCHAR
STARTCHAR uni04EB
ENCODING 1259
SWIDTH 500 0
DWIDTH 11 0
BBX 11 22 0 -5
BITMAP
0000
0000
0000
2100
2100
2100
0000
1E00
2100
4080
4080
7F80
4080
4080
4080
2100
1E00
0000
0000
0000
0000
0000
ENDCHAR
STARTCHAR uni04EC
ENCODING 1260
SWIDTH 500 0
DWIDTH 11 0
BBX 11 22 0 -5
BITMAP
2100
2100
2100
0000
1E00
2100
4080
0080
0080
0080
0F80
0080
0080
0080
4080
2100
1E00
0000
0000
0000
0000
0000
ENDCHAR
STARTCHAR uni04ED
ENCODING 1261
SWIDTH 500 0
DWIDTH 11 0
BBX 11 22 0 -5
BITMAP
0000
0000
0000
2100
2100
2100
0000
1E00
2100
4080
0080
0F80
0080
0080
4080
2100
1E00
0000
0000
0000
0000
0000
ENDCHAR
STARTCHAR uni04EE
ENCODING 1262
SWIDTH 500 0
DWIDTH 11 0
BBX 11 22 0 -5
BITMAP
0000
3F00
0000
4080
4080
4080
4080
4080
4080
2080
1F80
0080
0080
0080
0080
0100
3E00
0000
0000
0000
0000
0000
ENDCHAR
STARTCHAR uni04EF
ENCODING 1263
SWIDTH 500 0
DWIDTH 11 0
BBX 11 22 0 -5
BITMAP
0000
0000
0000
0000
0000
3F00
0000
4080
4080
4080
4080
4080
4080
4080
4080
2080
1F80
0080
0080
0100
3E00
0000
ENDCHAR
STARTCHAR uni04F0
ENCODING 1264
SWIDTH 500 0
DWIDTH 11 0
BBX 11 22 0 -5
BITMAP
2100
2100
2100
0000
4080
4080
4080
4080
4080
4080
2080
1F80
0080
0080
0080
0100
3E00
0000
0000
0000
0000
0000
ENDCHAR
STARTCHAR uni04F1
ENCODING 1265
SWIDTH 500 0
DWIDTH 11 0
BBX 11 22 0 -5
BITMAP
0000
0000
0000
2100
2100
2100
0000
4080
4080
4080
4080
4080
4080
4080
4080
2080
1F80
0080
0080
0100
3E00
0000
ENDCHAR
STARTCHAR uni04F2
ENCODING 1266
SWIDTH 500 0
DWIDTH 11 0
BBX 11 22 0 -5
BITMAP
0440
0880
1100
0000
4080
4080
4080
4080
4080
4080
2080
1F80
0080
0080
0080
0100
3E00
0000
0000
0000
0000
0000
ENDCHAR
STARTCHAR uni04F3
ENCODING 1267
SWIDTH 500 0
DWIDTH 11 0
BBX 11 22 0 -5
BITMAP
0000
0000
0000
0440
0880
1100
0000
4080
4080
4080
4080
4080
4080
4080
4080
2080
1F80
0080
0080
0100
3E00
0000
ENDCHAR
STARTCHAR uni04F4
ENCODING 1268
SWIDTH 500 0
DWIDTH 11 0
BBX 11 22 0 -5
BITMAP
2100
2100
2100
0000
4080
4080
4080
4080
4080
2080
1F80
0080
0080
0080
0080
0080
0080
0000
0000
0000
0000
0000
ENDCHAR
STARTCHAR uni04F5
ENCODING 1269
SWIDTH 500 0
DWIDTH 11 0
BBX 11 22 0 -5
BITMAP
0000
0000
0000
2100
2100
2100
0000
4080
4080
4080
4080
2080
1F80
0080
0080
0080
0080
0000
0000
0000
0000
0000
ENDCHAR
STARTCHAR uni04F8
ENCODING 1272
SWIDTH 500 0
DWIDTH 11 0
BBX 11 22 0 -5
BITMAP
2100
2100
2100
0000
4040
4040
4040
4040
7840
4440
4240
4240
4240
4240
4240
4440
7840
0000
0000
0000
0000
0000
ENDCHAR
STARTCHAR uni04F9
ENCODING 1273
SWIDTH 500 0
DWIDTH 11 0
BBX 11 22 0 -5
BITMAP
0000
0000
0000
2100
2100
2100
0000
4040
4040
4040
7840
4440
4240
4240
4240
4440
7840
0000
0000
0000
0000
0000
ENDCHAR
STARTCHAR afii57664
ENCODING 1488
SWIDTH 500 0
DWIDTH 11 0
BBX 11 22 0 -5
BITMAP
0000
0000
0000
2040
2040
1040
1040
0840
0840
1480
2500
4200
4200
4100
4100
4080
4080
0000
0000
0000
0000
0000
ENDCHAR
STARTCHAR afii57665
ENCODING 1489
SWIDTH 500 0
DWIDTH 11 0
BBX 11 22 0 -5
BITMAP
0000
0000
0000
FC00
0200
0100
0100
0100
0100
0100
0100
0100
0100
0100
0100
0100
FFC0
0000
0000
0000
0000
0000
ENDCHAR
STARTCHAR afii57666
ENCODING 1490
SWIDTH 500 0
DWIDTH 11 0
BBX 11 22 0 -5
BITMAP
0000
0000
0000
7800
0400
0200
0200
0200
0200
0200
0200
0600
0A00
1100
2100
4080
8080
0000
0000
0000
0000
0000
ENDCHAR
STARTCHAR afii57667
ENCODING 1491
SWIDTH 500 0
DWIDTH 11 0
BBX 11 22 0 -5
BITMAP
0000
0000
0000
FFC0
0100
0100
0100
0100
0100
0100
0100
0100
0100
0100
0100
0100
0100
0000
0000
0000
0000
0000
ENDCHAR
STARTCHAR afii57668
ENCODING 1492
SWIDTH 500 0
DWIDTH 11 0
BBX 11 22 0 -5
BITMAP
0000
0000
0000
7E00
0100
0080
0080
4080
4080
4080
4080
4080
4080
4080
4080
4080
4080
0000
0000
0000
0000
0000
ENDCHAR
STARTCHAR afii57669
ENCODING 1493
SWIDTH 500 0
DWIDTH 11 0
BBX 11 22 0 -5
BITMAP
0000
0000
0000
3000
0800
0400
0400
0400
0400
0400
0400
0400
0400
0400
0400
0400
0400
0000
0000
0000
0000
0000
ENDCHAR
STARTCHAR afii57670
ENCODING 1494
SWIDTH 500 0
DWIDTH 11 0
BBX 11 22 0 -5
BITMAP
0000
0000
0000
3F80
0100
0200
0400
0400
0400
0400
0400
0400
0400
0400
0400
0400
0400
0000
0000
0000
0000
0000
ENDCHAR
STARTCHAR afii57671
ENCODING 1495
SWIDTH 500 0
DWIDTH 11 0
BBX 11 22 0 -5
BITMAP
0000
0000
0000
7E00
4100
4080
4080
4080
4080
4080
4080
4080
4080
4080
4080
4080
4080
0000
0000
0000
0000
0000
ENDCHAR
STARTCHAR afii57672
ENCODING 1496
SWIDTH 500 0
DWIDTH 11 0
BBX 11 22 0 -5
BITMAP
0000
0000
0000
4600
4100
4080
4080
4080
4080
4080
4080
4080
4080
4080
4080
2100
1E00
0000
0000
0000
0000
0000
ENDCHAR
STARTCHAR afii57673
ENCODING 1497
SWIDTH 500 0
DWIDTH 11 0
BBX 11 22 0 -5
BITMAP
0000
0000
0000
3000
0800
0400
0400
0400
0400
0400
0000
0000
0000
0000
0000
0000
0000
0000
0000
0000
0000
0000
ENDCHAR
STARTCHAR afii57674
ENCODING 1498
SWIDTH 500 0
DWIDTH 11 0
BBX 11 22 0 -5
BITMAP
0000
0000
0000
7E00
0100
0080
0080
0080
0080
0080
0080
0080
0080
0080
0080
0080
0080
0080
0080
0080
0080
0000
ENDCHAR
STARTCHAR afii57675
ENCODING 1499
SWIDTH 500 0
DWIDTH 11 0
BBX 11 22 0 -5
BITMAP
0000
0000
0000
7E00
0100
0080
0080
0080
0080
0080
0080
0080
0080
0080
0080
0100
7E00
0000
0000
0000
0000
0000
ENDCHAR
STARTCHAR afii57676
ENCODING 1500
SWIDTH 500 0
DWIDTH 11 0
BBX 11 22 0 -5
BITMAP
4000
4000
4000
7F80
0080
0080
0080
0080
0080
0100
0200
0400
0800
1000
1000
1000
1000
0000
0000
0000
0000
0000
ENDCHAR
STARTCHAR afii57677
ENCODING 1501
SWIDTH 500 0
DWIDTH 11 0
BBX 11 22 0 -5
BITMAP
0000
0000
0000
7E00
4100
4080
4080
4080
4080
4080
4080
4080
4080
4080
4080
4080
7F80
0000
0000
0000
0000
0000
ENDCHAR
STARTCHAR afii57678
ENCODING 1502
SWIDTH 500 0
DWIDTH 11 0
BBX 11 22 0 -5
BITMAP
0000
0000
0000
EF00
3080
2040
2040
2040
2040
2040
2040
2040
2040
2040
2040
2040
23C0
0000
0000
0000
0000
0000
ENDCHAR
STARTCHAR afii57679
ENCODING 1503
SWIDTH 500 0
DWIDTH 11 0
BBX 11 22 0 -5
BITMAP
0000
0000
0000
7800
0400
0200
0200
0200
0200
0200
0200
0200
0200
0200
0200
0200
0200
0200
0200
0200
0200
0000
ENDCHAR
STARTCHAR afii57680
ENCODING 1504
SWIDTH 500 0
DWIDTH 11 0
BBX 11 22 0 -5
BITMAP
0000
0000
0000
3C00
0200
0100
0100
0100
0100
0100
0100
0100
0100
0100
0100
0100
3F00
0000
0000
0000
0000
0000
ENDCHAR
STARTCHAR afii57681
ENCODING 1505
SWIDTH 500 0
DWIDTH 11 0
BBX 11 22 0 -5
BITMAP
0000
0000
0000
FF00
2080
2040
2040
2040
2040
2040
2040
2040
2040
2040
2040
1080
0F00
0000
0000
0000
0000
0000
ENDCHAR
STARTCHAR afii57682
ENCODING 1506
SWIDTH 500 0
DWIDTH 11 0
BBX 11 22 0 -5
BITMAP
0000
0000
0000
4080
4080
4080
2080
2080
2080
1080
1100
0900
0900
0600
0C00
1800
6000
0000
0000
0000
0000
0000
ENDCHAR
STARTCHAR afii57683
ENCODING 1507
SWIDTH 500 0
DWIDTH 11 0
BBX 11 22 0 -5
BITMAP
0000
0000
0000
7E00
4100
4080
4080
4080
2080
1880
0080
0080
0080
0080
0080
0080
0080
0080
0080
0080
0080
0000
ENDCHAR
STARTCHAR afii57684
ENCODING 1508
SWIDTH 500 0
DWIDTH 11 0
BBX 11 22 0 -5
BITMAP
0000
0000
0000
7E00
4100
4080
4080
4080
2080
1880
0080
0080
0080
0080
0080
0100
7E00
0000
0000
0000
0000
0000
ENDCHAR
STARTCHAR afii57685
ENCODING 1509
SWIDTH 500 0
DWIDTH 11 0
BBX 11 22 0 -5
BITMAP
0000
0000
0000
4080
4080
2080
2080
1100
1200
0C00
0800
0800
0800
0800
0800
0800
0800
0800
0800
0800
0800
0000
ENDCHAR
STARTCHAR afii57686
ENCODING 1510
SWIDTH 500 0
DWIDTH 11 0
BBX 11 22 0 -5
BITMAP
0000
0000
0000
4080
4080
2080
2080
1100
1200
0C00
0800
0400
0400
0200
0200
0100
7F00
0000
0000
0000
0000
0000
ENDCHAR
STARTCHAR afii57687
ENCODING 1511
SWIDTH 500 0
DWIDTH 11 0
BBX 11 22 0 -5
BITMAP
0000
0000
0000
7F80
0080
0080
0080
4080
4080
4100
4200
4400
4800
4800
4800
4800
4800
4000
4000
4000
4000
0000
ENDCHAR
STARTCHAR afii57688
ENCODING 1512
SWIDTH 500 0
DWIDTH 11 0
BBX 11 22 0 -5
BITMAP
0000
0000
0000
7E00
0100
0080
0080
0080
0080
0080
0080
0080
0080
0080
0080
0080
0080
0000
0000
0000
0000
0000
ENDCHAR
STARTCHAR afii57689
ENCODING 1513
SWIDTH 500 0
DWIDTH 11 0
BBX 11 22 0 -5
BITMAP
0000
0000
0000
4440
4440
4440
4440
4440
4440
4440
4840
7040
4040
4040
4040
4080
7F00
0000
0000
0000
0000
0000
ENDCHAR
STARTCHAR afii57690
ENCODING 1514
SWIDTH 500 0
DWIDTH 11 0
BBX 11 22 0 -5
BITMAP
0000
0000
0000
FF00
2080
2040
2040
2040
2040
2040
2040
2040
2040
2040
2040
2040
C040
0000
0000
0000
0000
0000
ENDCHAR
STARTCHAR uni1E0C
ENCODING 7692
SWIDTH 500 0
DWIDTH 11 0
BBX 11 22 0 -5
BITMAP
0000
0000
0000
7E00
4100
4080
4080
4080
4080
4080
4080
4080
4080
4080
4080
4100
7E00
0000
0800
0800
0800
0000
ENDCHAR
STARTCHAR uni1E0D
ENCODING 7693
SWIDTH 500 0
DWIDTH 11 0
BBX 11 22 0 -5
BITMAP
0000
0000
0000
0080
0080
0080
0080
1F80
2080
4080
4080
4080
4080
4080
4080
2080
1F80
0000
0400
0400
0400
0000
ENDCHAR
STARTCHAR Klinebelow
ENCODING 7732
SWIDTH 500 0
DWIDTH 11 0
BBX 11 22 0 -5
BITMAP
0000
0000
0000
4080
4100
4200
4400
4800
5000
6000
6000
5000
4800
4400
4200
4100
4080
0000
3F00
0000
0000
0000
ENDCHAR
STARTCHAR klinebelow
ENCODING 7733
SWIDTH 500 0
DWIDTH 11 0
BBX 11 22 0 -5
BITMAP
0000
0000
0000
2000
2000
2000
2000
2080
2100
2200
2400
3800
3800
2400
2200
2100
2080
0000
1F00
0000
0000
0000
ENDCHAR
STARTCHAR uni1E36
ENCODING 7734
SWIDTH 500 0
DWIDTH 11 0
BBX 11 22 0 -5
BITMAP
0000
0000
0000
4000
4000
4000
4000
4000
4000
4000
4000
4000
4000
4000
4000
4000
7F80
0000
0400
0400
0400
0000
ENDCHAR
STARTCHAR uni1E37
ENCODING 7735
SWIDTH 500 0
DWIDTH 11 0
BBX 11 22 0 -5
BITMAP
0000
0000
0000
3800
0800
0800
0800
0800
0800
0800
0800
0800
0800
0800
0800
0800
0700
0000
0200
0200
0200
0000
ENDCHAR
STARTCHAR uni1E40
ENCODING 7744
SWIDTH 500 0
DWIDTH 11 0
BBX 11 22 0 -5
BITMAP
0400
0400
0400
4040
60C0
5140
5140
4A40
4440
4440
4040
4040
4040
4040
4040
4040
4040
0000
0000
0000
0000
0000
ENDCHAR
STARTCHAR uni1E41
ENCODING 7745
SWIDTH 500 0
DWIDTH 11 0
BBX 11 22 0 -5
BITMAP
0000
0000
0000
0800
0800
0800
0000
7F00
4480
4440
4440
4440
4440
4440
4440
4440
4440
0000
0000
0000
0000
0000
ENDCHAR
STARTCHAR uni1E42
ENCODING 7746
SWIDTH 500 0
DWIDTH 11 0
BBX 11 22 0 -5
BITMAP
0000
0000
0000
4040
60C0
5140
5140
4A40
4440
4440
4040
4040
4040
4040
4040
4040
4040
0000
0400
0400
0400
0000
ENDCHAR
STARTCHAR uni1E43
ENCODING 7747
SWIDTH 500 0
DWIDTH 11 0
BBX 11 22 0 -5
BITMAP
0000
0000
0000
0000
0000
0000
0000
7F00
4480
4440
4440
4440
4440
4440
4440
4440
4440
0000
0400
0400
0400
0000
ENDCHAR
STARTCHAR uni1E44
ENCODING 7748
SWIDTH 500 0
DWIDTH 11 0
BBX 11 22 0 -5
BITMAP
0400
0400
0400
4080
4080
4080
4080
6080
5080
4880
4480
4280
4180
4080
4080
4080
4080
0000
0000
0000
0000
0000
ENDCHAR
STARTCHAR uni1E45
ENCODING 7749
SWIDTH 500 0
DWIDTH 11 0
BBX 11 22 0 -5
BITMAP
0000
0000
0000
0800
0800
0800
0000
7E00
4100
4080
4080
4080
4080
4080
4080
4080
4080
0000
0000
0000
0000
0000
ENDCHAR
STARTCHAR uni1E46
ENCODING 7750
SWIDTH 500 0
DWIDTH 11 0
BBX 11 22 0 -5
BITMAP
0000
0000
0000
4080
4080
4080
4080
6080
5080
4880
4480
4280
4180
4080
4080
4080
4080
0000
0400
0400
0400
0000
ENDCHAR
STARTCHAR uni1E47
ENCODING 7751
SWIDTH 500 0
DWIDTH 11 0
BBX 11 22 0 -5
BITMAP
0000
0000
0000
0000
0000
0000
0000
7E00
4100
4080
4080
4080
4080
4080
4080
4080
4080
0000
0400
0400
0400
0000
ENDCHAR
STARTCHAR uni1E6C
ENCODING 7788
SWIDTH 500 0
DWIDTH 11 0
BBX 11 22 0 -5
BITMAP
0000
0000
0000
7FC0
0400
0400
0400
0400
0400
0400
0400
0400
0400
0400
0400
0400
0400
0000
0400
0400
0400
0000
ENDCHAR
STARTCHAR uni1E6D
ENCODING 7789
SWIDTH 500 0
DWIDTH 11 0
BBX 11 22 0 -5
BITMAP
0000
0000
0000
0800
0800
0800
0800
7F00
0800
0800
0800
0800
0800
0800
0800
0800
0780
0000
0200
0200
0200
0000
ENDCHAR
STARTCHAR Edotbelow
ENCODING 7864
SWIDTH 500 0
DWIDTH 11 0
BBX 11 22 0 -5
BITMAP
0000
0000
0000
7F80
4000
4000
4000
4000
4000
7E00
4000
4000
4000
4000
4000
4000
7F80
0000
0400
0400
0400
0000
ENDCHAR
STARTCHAR edotbelow
ENCODING 7865
SWIDTH 500 0
DWIDTH 11 0
BBX 11 22 0 -5
BITMAP
0000
0000
0000
0000
0000
0000
0000
1E00
2100
4080
4080
7F80
4000
4000
4000
2080
1F00
0000
0400
0400
0400
0000
ENDCHAR
STARTCHAR Etilde
ENCODING 7868
SWIDTH 500 0
DWIDTH 11 0
BBX 11 22 0 -5
BITMAP
1880
2480
2300
0000
7F80
4000
4000
4000
4000
4000
7E00
4000
4000
4000
4000
4000
7F80
0000
0000
0000
0000
0000
ENDCHAR
STARTCHAR etilde
ENCODING 7869
SWIDTH 500 0
DWIDTH 11 0
BBX 11 22 0 -5
BITMAP
0000
0000
0000
1880
2480
2300
0000
1E00
2100
4080
4080
7F80
4000
4000
4000
2080
1F00
0000
0000
0000
0000
0000
ENDCHAR
STARTCHAR uni1ECA
ENCODING 7882
SWIDTH 500 0
DWIDTH 11 0
BBX 11 22 0 -5
BITMAP
0000
0000
0000
1F00
0400
0400
0400
0400
0400
0400
0400
0400
0400
0400
0400
0400
1F00
0000
0400
0400
0400
0000
ENDCHAR
STARTCHAR uni1ECB
ENCODING 7883
SWIDTH 500 0
DWIDTH 11 0
BBX 11 22 0 -5
BITMAP
0000
0000
0000
0400
0400
0400
0000
1C00
0400
0400
0400
0400
0400
0400
0400
0400
1F00
0000
0400
0400
0400
0000
ENDCHAR
STARTCHAR Odotbelow
ENCODING 7884
SWIDTH 500 0
DWIDTH 11 0
BBX 11 22 0 -5
BITMAP
0000
0000
0000
1E00
2100
4080
4080
4080
4080
4080
4080
4080
4080
4080
4080
2100
1E00
0000
0400
0400
0400
0000
ENDCHAR
STARTCHAR odotbelow
ENCODING 7885
SWIDTH 500 0
DWIDTH 11 0
BBX 11 22 0 -5
BITMAP
0000
0000
0000
0000
0000
0000
0000
1E00
2100
4080
4080
4080
4080
4080
4080
2100
1E00
0000
0400
0400
0400
0000
ENDCHAR
STARTCHAR uni1EE4
ENCODING 7908
SWIDTH 500 0
DWIDTH 11 0
BBX 11 22 0 -5
BITMAP
0000
0000
0000
4080
4080
4080
4080
4080
4080
4080
4080
4080
4080
4080
4080
2100
1E00
0000
0400
0400
0400
0000
ENDCHAR
STARTCHAR uni1EE5
ENCODING 7909
SWIDTH 500 0
DWIDTH 11 0
BBX 11 22 0 -5
BITMAP
0000
0000
0000
0000
0000
0000
0000
4080
4080
4080
4080
4080
4080
4080
4080
2080
1F80
0000
0400
0400
0400
0000
ENDCHAR
STARTCHAR Ytilde
ENCODING 7928
SWIDTH 500 0
DWIDTH 11 0
BBX 11 22 0 -5
BITMAP
1880
2480
2300
0000
4040
4040
2080
2080
1100
1100
0A00
0400
0400
0400
0400
0400
0400
0000
0000
0000
0000
0000
ENDCHAR
STARTCHAR ytilde
ENCODING 7929
SWIDTH 500 0
DWIDTH 11 0
BBX 11 22 0 -5
BITMAP
0000
0000
0000
1880
2480
2300
0000
4080
4080
4080
4080
4080
4080
4080
4080
2080
1F80
0080
0080
0100
3E00
0000
ENDCHAR
STARTCHAR uni2000
ENCODING 8192
SWIDTH 500 0
DWIDTH 11 0
BBX 11 22 0 -5
BITMAP
0000
0000
0000
0000
0000
0000
0000
0000
0000
0000
0000
0000
0000
0000
0000
0000
0000
0000
0000
0000
0000
0000
ENDCHAR
STARTCHAR uni2001
ENCODING 8193
SWIDTH 500 0
DWIDTH 11 0
BBX 11 22 0 -5
BITMAP
0000
0000
0000
0000
0000
0000
0000
0000
0000
0000
0000
0000
0000
0000
0000
0000
0000
0000
0000
0000
0000
0000
ENDCHAR
STARTCHAR enspace
ENCODING 8194
SWIDTH 500 0
DWIDTH 11 0
BBX 11 22 0 -5
BITMAP
0000
0000
0000
0000
0000
0000
0000
0000
0000
0000
0000
0000
0000
0000
0000
0000
0000
0000
0000
0000
0000
0000
ENDCHAR
STARTCHAR uni2003
ENCODING 8195
SWIDTH 500 0
DWIDTH 11 0
BBX 11 22 0 -5
BITMAP
0000
0000
0000
0000
0000
0000
0000
0000
0000
0000
0000
0000
0000
0000
0000
0000
0000
0000
0000
0000
0000
0000
ENDCHAR
STARTCHAR uni2004
ENCODING 8196
SWIDTH 500 0
DWIDTH 11 0
BBX 11 22 0 -5
BITMAP
0000
0000
0000
0000
0000
0000
0000
0000
0000
0000
0000
0000
0000
0000
0000
0000
0000
0000
0000
0000
0000
0000
ENDCHAR
STARTCHAR uni2005
ENCODING 8197
SWIDTH 500 0
DWIDTH 11 0
BBX 11 22 0 -5
BITMAP
0000
0000
0000
0000
0000
0000
0000
0000
0000
0000
0000
0000
0000
0000
0000
0000
0000
0000
0000
0000
0000
0000
ENDCHAR
STARTCHAR uni2006
ENCODING 8198
SWIDTH 500 0
DWIDTH 11 0
BBX 11 22 0 -5
BITMAP
0000
0000
0000
0000
0000
0000
0000
0000
0000
0000
0000
0000
0000
0000
0000
0000
0000
0000
0000
0000
0000
0000
ENDCHAR
STARTCHAR uni2007
ENCODING 8199
SWIDTH 500 0
DWIDTH 11 0
BBX 11 22 0 -5
BITMAP
0000
0000
0000
0000
0000
0000
0000
0000
0000
0000
0000
0000
0000
0000
0000
0000
0000
0000
0000
0000
0000
0000
ENDCHAR
STARTCHAR uni2008
ENCODING 8200
SWIDTH 500 0
DWIDTH 11 0
BBX 11 22 0 -5
BITMAP
0000
0000
0000
0000
0000
0000
0000
0000
0000
0000
0000
0000
0000
0000
0000
0000
0000
0000
0000
0000
0000
0000
ENDCHAR
STARTCHAR uni2009
ENCODING 8201
SWIDTH 500 0
DWIDTH 11 0
BBX 11 22 0 -5
BITMAP
0000
0000
0000
0000
0000
0000
0000
0000
0000
0000
0000
0000
0000
0000
0000
0000
0000
0000
0000
0000
0000
0000
ENDCHAR
STARTCHAR uni200A
ENCODING 8202
SWIDTH 500 0
DWIDTH 11 0
BBX 11 22 0 -5
BITMAP
0000
0000
0000
0000
0000
0000
0000
0000
0000
0000
0000
0000
0000
0000
0000
0000
0000
0000
0000
0000
0000
0000
ENDCHAR
STARTCHAR uni200B
ENCODING 8203
SWIDTH 500 0
DWIDTH 11 0
BBX 11 22 0 -5
BITMAP
0000
0000
0000
0000
0000
0000
0000
0000
0000
0000
0000
0000
0000
0000
0000
0000
0000
0000
0000
0000
0000
0000
ENDCHAR
STARTCHAR afii61664
ENCODING 8204
SWIDTH 500 0
DWIDTH 11 0
BBX 11 22 0 -5
BITMAP
0000
0000
0000
0000
0000
0000
0000
0000
0000
0000
0000
0000
0000
0000
0000
0000
0000
0000
0000
0000
0000
0000
ENDCHAR
STARTCHAR afii301
ENCODING 8205
SWIDTH 500 0
DWIDTH 11 0
BBX 11 22 0 -5
BITMAP
0000
0000
0000
0000
0000
0000
0000
0000
0000
0000
0000
0000
0000
0000
0000
0000
0000
0000
0000
0000
0000
0000
ENDCHAR
STARTCHAR afii299
ENCODING 8206
SWIDTH 500 0
DWIDTH 11 0
BBX 11 22 0 -5
BITMAP
0000
0000
0000
0000
0000
0000
0000
0000
0000
0000
0000
0000
0000
0000
0000
0000
0000
0000
0000
0000
0000
0000
ENDCHAR
STARTCHAR afii300
ENCODING 8207
SWIDTH 500 0
DWIDTH 11 0
BBX 11 22 0 -5
BITMAP
0000
0000
0000
0000
0000
0000
0000
0000
0000
0000
0000
0000
0000
0000
0000
0000
0000
0000
0000
0000
0000
0000
ENDCHAR
STARTCHAR hyphentwo
ENCODING 8208
SWIDTH 500 0
DWIDTH 11 0
BBX 11 22 0 -5
BITMAP
0000
0000
0000
0000
0000
0000
0000
0000
0000
0000
7F80
0000
0000
0000
0000
0000
0000
0000
0000
0000
0000
0000
ENDCHAR
STARTCHAR uni2011
ENCODING 8209
SWIDTH 500 0
DWIDTH 11 0
BBX 11 22 0 -5
BITMAP
0000
0000
0000
0000
0000
0000
0000
0000
0000
0000
7F80
0000
0000
0000
0000
0000
0000
0000
0000
0000
0000
0000
ENDCHAR
STARTCHAR figuredash
ENCODING 8210
SWIDTH 500 0
DWIDTH 11 0
BBX 11 22 0 -5
BITMAP
0000
0000
0000
0000
0000
0000
0000
0000
0000
0000
7F80
0000
0000
0000
0000
0000
0000
0000
0000
0000
0000
0000
ENDCHAR
STARTCHAR endash
ENCODING 8211
SWIDTH 500 0
DWIDTH 11 0
BBX 11 22 0 -5
BITMAP
0000
0000
0000
0000
0000
0000
0000
0000
0000
0000
7F80
0000
0000
0000
0000
0000
0000
0000
0000
0000
0000
0000
ENDCHAR
STARTCHAR emdash
ENCODING 8212
SWIDTH 500 0
DWIDTH 11 0
BBX 11 22 0 -5
BITMAP
0000
0000
0000
0000
0000
0000
0000
0000
0000
0000
7FC0
0000
0000
0000
0000
0000
0000
0000
0000
0000
0000
0000
ENDCHAR
STARTCHAR afii00208
ENCODING 8213
SWIDTH 500 0
DWIDTH 11 0
BBX 11 22 0 -5
BITMAP
0000
0000
0000
0000
0000
0000
0000
0000
0000
0000
7FC0
0000
0000
0000
0000
0000
0000
0000
0000
0000
0000
0000
ENDCHAR
STARTCHAR dblverticalbar
ENCODING 8214
SWIDTH 500 0
DWIDTH 11 0
BBX 11 22 0 -5
BITMAP
0000
0000
0000
1200
1200
1200
1200
1200
1200
1200
1200
1200
1200
1200
1200
1200
1200
0000
0000
0000
0000
0000
ENDCHAR
STARTCHAR underscoredbl
ENCODING 8215
SWIDTH 500 0
DWIDTH 11 0
BBX 11 22 0 -5
BITMAP
0000
0000
0000
0000
0000
0000
0000
0000
0000
0000
0000
0000
0000
0000
0000
0000
0000
0000
7F80
0000
0000
7F80
ENDCHAR
STARTCHAR quoteleft
ENCODING 8216
SWIDTH 500 0
DWIDTH 11 0
BBX 11 22 0 -5
BITMAP
0000
0200
0400
0400
0400
0400
0000
0000
0000
0000
0000
0000
0000
0000
0000
0000
0000
0000
0000
0000
0000
0000
ENDCHAR
STARTCHAR quoteright
ENCODING 8217
SWIDTH 500 0
DWIDTH 11 0
BBX 11 22 0 -5
BITMAP
0000
0400
0400
0400
0400
0800
0000
0000
0000
0000
0000
0000
0000
0000
0000
0000
0000
0000
0000
0000
0000
0000
ENDCHAR
STARTCHAR quotesinglbase
ENCODING 8218
SWIDTH 500 0
DWIDTH 11 0
BBX 11 22 0 -5
BITMAP
0000
0000
0000
0000
0000
0000
0000
0000
0000
0000
0000
0000
0000
0400
0400
0400
0400
0800
0000
0000
0000
0000
ENDCHAR
STARTCHAR quotereversed
ENCODING 8219
SWIDTH 500 0
DWIDTH 11 0
BBX 11 22 0 -5
BITMAP
0000
0400
0400
0400
0400
0200
0000
0000
0000
0000
0000
0000
0000
0000
0000
0000
0000
0000
0000
0000
0000
0000
ENDCHAR
STARTCHAR quotedblleft
ENCODING 8220
SWIDTH 500 0
DWIDTH 11 0
BBX 11 22 0 -5
BITMAP
0000
0880
1100
1100
1100
1100
0000
0000
0000
0000
0000
0000
0000
0000
0000
0000
0000
0000
0000
0000
0000
0000
ENDCHAR
STARTCHAR quotedblright
ENCODING 8221
SWIDTH 500 0
DWIDTH 11 0
BBX 11 22 0 -5
BITMAP
0000
1100
1100
1100
1100
2200
0000
0000
0000
0000
0000
0000
0000
0000
0000
0000
0000
0000
0000
0000
0000
0000
ENDCHAR
STARTCHAR quotedblbase
ENCODING 8222
SWIDTH 500 0
DWIDTH 11 0
BBX 11 22 0 -5
BITMAP
0000
0000
0000
0000
0000
0000
0000
0000
0000
0000
0000
0000
0000
1100
1100
1100
1100
2200
0000
0000
0000
0000
ENDCHAR
STARTCHAR uni201F
ENCODING 8223
SWIDTH 500 0
DWIDTH 11 0
BBX 11 22 0 -5
BITMAP
0000
2200
2200
2200
2200
1100
0000
0000
0000
0000
0000
0000
0000
0000
0000
0000
0000
0000
0000
0000
0000
0000
ENDCHAR
STARTCHAR dagger
ENCODING 8224
SWIDTH 500 0
DWIDTH 11 0
BBX 11 22 0 -5
BITMAP
0000
0000
0000
0400
0400
0400
3F80
0400
0400
0400
0400
0400
0400
0400
0400
0400
0400
0000
0000
0000
0000
0000
ENDCHAR
STARTCHAR daggerdbl
ENCODING 8225
SWIDTH 500 0
DWIDTH 11 0
BBX 11 22 0 -5
BITMAP
0000
0000
0000
0400
0400
0400
3F80
0400
0400
0400
0400
0400
0400
3F80
0400
0400
0400
0000
0000
0000
0000
0000
ENDCHAR
STARTCHAR bullet
ENCODING 8226
SWIDTH 500 0
DWIDTH 11 0
BBX 11 22 0 -5
BITMAP
0000
0000
0000
0000
0000
0000
0000
0000
0E00
1F00
1F00
1F00
0E00
0000
0000
0000
0000
0000
0000
0000
0000
0000
ENDCHAR
STARTCHAR ellipsis
ENCODING 8230
SWIDTH 500 0
DWIDTH 11 0
BBX 11 22 0 -5
BITMAP
0000
0000
0000
0000
0000
0000
0000
0000
0000
0000
0000
0000
0000
0000
4440
4440
4440
0000
0000
0000
0000
0000
ENDCHAR
STARTCHAR perthousand
ENCODING 8240
SWIDTH 500 0
DWIDTH 11 0
BBX 11 22 0 -5
BITMAP
0000
0000
0000
6200
9200
9400
6400
0800
0800
1000
1000
2000
2000
4D80
5240
9240
8D80
0000
0000
0000
0000
0000
ENDCHAR
STARTCHAR minute
ENCODING 8242
SWIDTH 500 0
DWIDTH 11 0
BBX 11 22 0 -5
BITMAP
0000
0400
0400
0400
0400
0400
0400
0000
0000
0000
0000
0000
0000
0000
0000
0000
0000
0000
0000
0000
0000
0000
ENDCHAR
STARTCHAR second
ENCODING 8243
SWIDTH 500 0
DWIDTH 11 0
BBX 11 22 0 -5
BITMAP
0000
1100
1100
1100
1100
1100
1100
0000
0000
0000
0000
0000
0000
0000
0000
0000
0000
0000
0000
0000
0000
0000
ENDCHAR
STARTCHAR guilsinglleft
ENCODING 8249
SWIDTH 500 0
DWIDTH 11 0
BBX 11 22 0 -5
BITMAP
0000
0000
0000
0000
0000
0000
0000
0100
0200
0400
0800
1000
1000
0800
0400
0200
0100
0000
0000
0000
0000
0000
ENDCHAR
STARTCHAR guilsinglright
ENCODING 8250
SWIDTH 500 0
DWIDTH 11 0
BBX 11 22 0 -5
BITMAP
0000
0000
0000
0000
0000
0000
0000
1000
0800
0400
0200
0100
0100
0200
0400
0800
1000
0000
0000
0000
0000
0000
ENDCHAR
STARTCHAR exclamdbl
ENCODING 8252
SWIDTH 500 0
DWIDTH 11 0
BBX 11 22 0 -5
BITMAP
0000
0000
0000
1100
1100
1100
1100
1100
1100
1100
1100
1100
0000
0000
1100
1100
1100
0000
0000
0000
0000
0000
ENDCHAR
STARTCHAR overline
ENCODING 8254
SWIDTH 500 0
DWIDTH 11 0
BBX 11 22 0 -5
BITMAP
0000
7F80
0000
0000
0000
0000
0000
0000
0000
0000
0000
0000
0000
0000
0000
0000
0000
0000
0000
0000
0000
0000
ENDCHAR
STARTCHAR uni2070
ENCODING 8304
SWIDTH 500 0
DWIDTH 11 0
BBX 11 22 0 -5
BITMAP
0000
0E00
1100
1100
1100
1100
1100
1100
0E00
0000
0000
0000
0000
0000
0000
0000
0000
0000
0000
0000
0000
0000
ENDCHAR
STARTCHAR uni2071
ENCODING 8305
SWIDTH 500 0
DWIDTH 11 0
BBX 11 22 0 -5
BITMAP
0400
0400
0000
0C00
0400
0400
0400
0400
0E00
0000
0000
0000
0000
0000
0000
0000
0000
0000
0000
0000
0000
0000
ENDCHAR
STARTCHAR uni2074
ENCODING 8308
SWIDTH 500 0
DWIDTH 11 0
BBX 11 22 0 -5
BITMAP
0000
0100
0300
0500
0900
1100
1F00
0100
0100
0000
0000
0000
0000
0000
0000
0000
0000
0000
0000
0000
0000
0000
ENDCHAR
STARTCHAR uni2075
ENCODING 8309
SWIDTH 500 0
DWIDTH 11 0
BBX 11 22 0 -5
BITMAP
0000
1F00
1000
1000
1E00
0100
0100
1100
0E00
0000
0000
0000
0000
0000
0000
0000
0000
0000
0000
0000
0000
0000
ENDCHAR
STARTCHAR uni2076
ENCODING 8310
SWIDTH 500 0
DWIDTH 11 0
BBX 11 22 0 -5
BITMAP
0000
0E00
1000
1000
1E00
1100
1100
1100
0E00
0000
0000
0000
0000
0000
0000
0000
0000
0000
0000
0000
0000
0000
ENDCHAR
STARTCHAR uni2077
ENCODING 8311
SWIDTH 500 0
DWIDTH 11 0
BBX 11 22 0 -5
BITMAP
0000
1F00
0100
0100
0200
0200
0400
0400
0400
0000
0000
0000
0000
0000
0000
0000
0000
0000
0000
0000
0000
0000
ENDCHAR
STARTCHAR uni2078
ENCODING 8312
SWIDTH 500 0
DWIDTH 11 0
BBX 11 22 0 -5
BITMAP
0000
0E00
1100
1100
0E00
1100
1100
1100
0E00
0000
0000
0000
0000
0000
0000
0000
0000
0000
0000
0000
0000
0000
ENDCHAR
STARTCHAR uni2079
ENCODING 8313
SWIDTH 500 0
DWIDTH 11 0
BBX 11 22 0 -5
BITMAP
0000
0E00
1100
1100
1100
0F00
0100
0100
0E00
0000
0000
0000
0000
0000
0000
0000
0000
0000
0000
0000
0000
0000
ENDCHAR
STARTCHAR uni207A
ENCODING 8314
SWIDTH 500 0
DWIDTH 11 0
BBX 11 22 0 -5
BITMAP
0000
0000
0400
0400
0400
3F80
0400
0400
0400
0000
0000
0000
0000
0000
0000
0000
0000
0000
0000
0000
0000
0000
ENDCHAR
STARTCHAR uni207B
ENCODING 8315
SWIDTH 500 0
DWIDTH 11 0
BBX 11 22 0 -5
BITMAP
0000
0000
0000
0000
0000
3F00
0000
0000
0000
0000
0000
0000
0000
0000
0000
0000
0000
0000
0000
0000
0000
0000
ENDCHAR
STARTCHAR uni207C
ENCODING 8316
SWIDTH 500 0
DWIDTH 11 0
BBX 11 22 0 -5
BITMAP
0000
0000
0000
3F00
0000
0000
3F00
0000
0000
0000
0000
0000
0000
0000
0000
0000
0000
0000
0000
0000
0000
0000
ENDCHAR
STARTCHAR uni207D
ENCODING 8317
SWIDTH 500 0
DWIDTH 11 0
BBX 11 22 0 -5
BITMAP
0000
0200
0400
0800
0800
0800
0800
0400
0200
0000
0000
0000
0000
0000
0000
0000
0000
0000
0000
0000
0000
0000
ENDCHAR
STARTCHAR uni207E
ENCODING 8318
SWIDTH 500 0
DWIDTH 11 0
BBX 11 22 0 -5
BITMAP
0000
0800
0400
0200
0200
0200
0200
0400
0800
0000
0000
0000
0000
0000
0000
0000
0000
0000
0000
0000
0000
0000
ENDCHAR
STARTCHAR nsuperior
ENCODING 8319
SWIDTH 500 0
DWIDTH 11 0
BBX 11 22 0 -5
BITMAP
0000
0000
3E00
2100
2100
2100
2100
2100
2100
0000
0000
0000
0000
0000
0000
0000
0000
0000
0000
0000
0000
0000
ENDCHAR
STARTCHAR uni2080
ENCODING 8320
SWIDTH 500 0
DWIDTH 11 0
BBX 11 22 0 -5
BITMAP
0000
0000
0000
0000
0000
0000
0000
0000
0000
0000
0000
0E00
1100
1100
1100
1100
1100
1100
0E00
0000
0000
0000
ENDCHAR
STARTCHAR uni2081
ENCODING 8321
SWIDTH 500 0
DWIDTH 11 0
BBX 11 22 0 -5
BITMAP
0000
0000
0000
0000
0000
0000
0000
0000
0000
0000
0000
0400
0C00
0400
0400
0400
0400
0400
0E00
0000
0000
0000
ENDCHAR
STARTCHAR uni2082
ENCODING 8322
SWIDTH 500 0
DWIDTH 11 0
BBX 11 22 0 -5
BITMAP
0000
0000
0000
0000
0000
0000
0000
0000
0000
0000
0000
0E00
1100
1100
0100
0200
0400
0800
1F00
0000
0000
0000
ENDCHAR
STARTCHAR uni2083
ENCODING 8323
SWIDTH 500 0
DWIDTH 11 0
BBX 11 22 0 -5
BITMAP
0000
0000
0000
0000
0000
0000
0000
0000
0000
0000
0000
0E00
1100
0100
0600
0100
0100
1100
0E00
0000
0000
0000
ENDCHAR
STARTCHAR uni2084
ENCODING 8324
SWIDTH 500 0
DWIDTH 11 0
BBX 11 22 0 -5
BITMAP
0000
0000
0000
0000
0000
0000
0000
0000
0000
0000
0000
0100
0300
0500
0900
1100
1F00
0100
0100
0000
0000
0000
ENDCHAR
STARTCHAR uni2085
ENCODING 8325
SWIDTH 500 0
DWIDTH 11 0
BBX 11 22 0 -5
BITMAP
0000
0000
0000
0000
0000
0000
0000
0000
0000
0000
0000
1F00
1000
1000
1E00
0100
0100
1100
0E00
0000
0000
0000
ENDCHAR
STARTCHAR uni2086
ENCODING 8326
SWIDTH 500 0
DWIDTH 11 0
BBX 11 22 0 -5
BITMAP
0000
0000
0000
0000
0000
0000
0000
0000
0000
0000
0000
0E00
1000
1000
1E00
1100
1100
1100
0E00
0000
0000
0000
ENDCHAR
STARTCHAR uni2087
ENCODING 8327
SWIDTH 500 0
DWIDTH 11 0
BBX 11 22 0 -5
BITMAP
0000
0000
0000
0000
0000
0000
0000
0000
0000
0000
0000
1F00
0100
0100
0200
0200
0400
0400
0400
0000
0000
0000
ENDCHAR
STARTCHAR uni2088
ENCODING 8328
SWIDTH 500 0
DWIDTH 11 0
BBX 11 22 0 -5
BITMAP
0000
0000
0000
0000
0000
0000
0000
0000
0000
0000
0000
0E00
1100
1100
0E00
1100
1100
1100
0E00
0000
0000
0000
ENDCHAR
STARTCHAR uni2089
ENCODING 8329
SWIDTH 500 0
DWIDTH 11 0
BBX 11 22 0 -5
BITMAP
0000
0000
0000
0000
0000
0000
0000
0000
0000
0000
0000
0E00
1100
1100
1100
0F00
0100
0100
0E00
0000
0000
0000
ENDCHAR
STARTCHAR uni208A
ENCODING 8330
SWIDTH 500 0
DWIDTH 11 0
BBX 11 22 0 -5
BITMAP
0000
0000
0000
0000
0000
0000
0000
0000
0000
0000
0000
0000
0400
0400
0400
3F80
0400
0400
0400
0000
0000
0000
ENDCHAR
STARTCHAR uni208B
ENCODING 8331
SWIDTH 500 0
DWIDTH 11 0
BBX 11 22 0 -5
BITMAP
0000
0000
0000
0000
0000
0000
0000
0000
0000
0000
0000
0000
0000
0000
0000
3F00
0000
0000
0000
0000
0000
0000
ENDCHAR
STARTCHAR uni208C
ENCODING 8332
SWIDTH 500 0
DWIDTH 11 0
BBX 11 22 0 -5
BITMAP
0000
0000
0000
0000
0000
0000
0000
0000
0000
0000
0000
0000
0000
3F00
0000
0000
3F00
0000
0000
0000
0000
0000
ENDCHAR
STARTCHAR uni208D
ENCODING 8333
SWIDTH 500 0
DWIDTH 11 0
BBX 11 22 0 -5
BITMAP
0000
0000
0000
0000
0000
0000
0000
0000
0000
0000
0000
0200
0400
0800
0800
0800
0800
0400
0200
0000
0000
0000
ENDCHAR
STARTCHAR uni208E
ENCODING 8334
SWIDTH 500 0
DWIDTH 11 0
BBX 11 22 0 -5
BITMAP
0000
0000
0000
0000
0000
0000
0000
0000
0000
0000
0000
0800
0400
0200
0200
0200
0200
0400
0800
0000
0000
0000
ENDCHAR
STARTCHAR uni2090
ENCODING 8336
SWIDTH 500 0
DWIDTH 11 0
BBX 11 22 0 -5
BITMAP
0000
0000
0000
0000
0000
0000
0000
0000
0000
0000
0000
0000
1E00
0100
1F00
2100
2100
2100
1F00
0000
0000
0000
ENDCHAR
STARTCHAR uni2091
ENCODING 8337
SWIDTH 500 0
DWIDTH 11 0
BBX 11 22 0 -5
BITMAP
0000
0000
0000
0000
0000
0000
0000
0000
0000
0000
0000
0000
1E00
2100
2100
3F00
2000
2000
1E00
0000
0000
0000
ENDCHAR
STARTCHAR uni2092
ENCODING 8338
SWIDTH 500 0
DWIDTH 11 0
BBX 11 22 0 -5
BITMAP
0000
0000
0000
0000
0000
0000
0000
0000
0000
0000
0000
0000
1E00
2100
2100
2100
2100
2100
1E00
0000
0000
0000
ENDCHAR
STARTCHAR uni2093
ENCODING 8339
SWIDTH 500 0
DWIDTH 11 0
BBX 11 22 0 -5
BITMAP
0000
0000
0000
0000
0000
0000
0000
0000
0000
0000
0000
0000
2100
2100
1200
0C00
1200
2100
2100
0000
0000
0000
ENDCHAR
STARTCHAR uni2094
ENCODING 8340
SWIDTH 500 0
DWIDTH 11 0
BBX 11 22 0 -5
BITMAP
0000
0000
0000
0000
0000
0000
0000
0000
0000
0000
0000
0000
1E00
0100
0100
3F00
2100
2100
1E00
0000
0000
0000
ENDCHAR
STARTCHAR uni2095
ENCODING 8341
SWIDTH 500 0
DWIDTH 11 0
BBX 11 22 0 -5
BITMAP
0000
0000
0000
0000
0000
0000
0000
0000
0000
2000
2000
2000
3E00
2100
2100
2100
2100
2100
2100
0000
0000
0000
ENDCHAR
STARTCHAR uni2096
ENCODING 8342
SWIDTH 500 0
DWIDTH 11 0
BBX 11 22 0 -5
BITMAP
0000
0000
0000
0000
0000
0000
0000
0000
0000
2000
2000
2000
2100
2200
2400
3800
2400
2200
2100
0000
0000
0000
ENDCHAR
STARTCHAR uni2097
ENCODING 8343
SWIDTH 500 0
DWIDTH 11 0
BBX 11 22 0 -5
BITMAP
0000
0000
0000
0000
0000
0000
0000
0000
0000
1800
0800
0800
0800
0800
0800
0800
0800
0800
0600
0000
0000
0000
ENDCHAR
STARTCHAR uni2098
ENCODING 8344
SWIDTH 500 0
DWIDTH 11 0
BBX 11 22 0 -5
BITMAP
0000
0000
0000
0000
0000
0000
0000
0000
0000
0000
0000
0000
3F00
2480
2480
2480
2480
2480
2480
0000
0000
0000
ENDCHAR
STARTCHAR uni209A
ENCODING 8346
SWIDTH 500 0
DWIDTH 11 0
BBX 11 22 0 -5
BITMAP
0000
0000
0000
0000
0000
0000
0000
0000
0000
0000
0000
0000
3E00
2100
2100
2100
2100
2100
3E00
2000
2000
2000
ENDCHAR
STARTCHAR peseta
ENCODING 8359
SWIDTH 500 0
DWIDTH 11 0
BBX 11 22 0 -5
BITMAP
0000
0000
0000
7800
4400
4200
4200
4200
4200
4400
7900
4100
47C0
4100
4100
4100
40C0
0000
0000
0000
0000
0000
ENDCHAR
STARTCHAR afii57636
ENCODING 8362
SWIDTH 500 0
DWIDTH 11 0
BBX 11 22 0 -5
BITMAP
0000
0000
0000
7840
4440
4240
4240
4A40
4A40
4A40
4A40
4A40
4A40
4840
4840
4880
4F00
0000
0000
0000
0000
0000
ENDCHAR
STARTCHAR Euro
ENCODING 8364
SWIDTH 500 0
DWIDTH 11 0
BBX 11 22 0 -5
BITMAP
0000
0000
0000
1E00
2100
4080
4000
4000
FC00
4000
4000
FC00
4000
4000
4080
2100
1E00
0000
0000
0000
0000
0000
ENDCHAR
STARTCHAR uni20AE
ENCODING 8366
SWIDTH 500 0
DWIDTH 11 0
BBX 11 22 0 -5
BITMAP
0000
0000
0000
7FC0
0400
0400
0400
0580
0600
0C00
3580
0600
0C00
3400
0400
0400
0400
0000
0000
0000
0000
0000
ENDCHAR
STARTCHAR uni2102
ENCODING 8450
SWIDTH 500 0
DWIDTH 11 0
BBX 11 22 0 -5
BITMAP
0000
0000
0000
1E00
3100
5080
5080
5000
5000
5000
5000
5000
5000
5080
5080
3100
1E00
0000
0000
0000
0000
0000
ENDCHAR
STARTCHAR uni210E
ENCODING 8462
SWIDTH 500 0
DWIDTH 11 0
BBX 11 22 0 -5
BITMAP
0000
0000
0000
4000
4000
4000
4000
7E00
4100
4080
4080
4080
4080
4080
4080
4080
4080
0000
0000
0000
0000
0000
ENDCHAR
STARTCHAR uni210F
ENCODING 8463
SWIDTH 500 0
DWIDTH 11 0
BBX 11 22 0 -5
BITMAP
0000
0000
0000
4000
FC00
4000
4000
7E00
4100
4080
4080
4080
4080
4080
4080
4080
4080
0000
0000
0000
0000
0000
ENDCHAR
STARTCHAR uni2115
ENCODING 8469
SWIDTH 500 0
DWIDTH 11 0
BBX 11 22 0 -5
BITMAP
0000
0000
0000
4080
4080
4080
6080
5080
6880
5480
4A80
4580
4280
4180
4080
4080
4080
0000
0000
0000
0000
0000
ENDCHAR
STARTCHAR afii61352
ENCODING 8470
SWIDTH 500 0
DWIDTH 11 0
BBX 11 22 0 -5
BITMAP
0000
0000
0000
8400
84C0
8520
C520
C4C0
A400
A400
9400
95E0
8C00
8C00
85E0
8400
8400
0000
0000
0000
0000
0000
ENDCHAR
STARTCHAR uni211A
ENCODING 8474
SWIDTH 500 0
DWIDTH 11 0
BBX 11 22 0 -5
BITMAP
0000
0000
0000
1E00
3100
5080
5080
5080
5080
5080
5080
5080
5080
5080
5480
3300
1F00
0080
0040
0000
0000
0000
ENDCHAR
STARTCHAR uni211D
ENCODING 8477
SWIDTH 500 0
DWIDTH 11 0
BBX 11 22 0 -5
BITMAP
0000
0000
0000
7E00
5100
5080
5080
5080
5080
5100
5E00
5400
5A00
5500
5280
5140
70C0
0000
0000
0000
0000
0000
ENDCHAR
STARTCHAR trademark
ENCODING 8482
SWIDTH 500 0
DWIDTH 11 0
BBX 11 22 0 -5
BITMAP
0000
0000
0000
FC40
26C0
2540
2440
2440
2440
0000
0000
0000
0000
0000
0000
0000
0000
0000
0000
0000
0000
0000
ENDCHAR
STARTCHAR uni2124
ENCODING 8484
SWIDTH 500 0
DWIDTH 11 0
BBX 11 22 0 -5
BITMAP
0000
0000
0000
7F80
0080
0080
0180
0280
0500
0A00
1400
2800
5000
6000
4000
4000
7F80
0000
0000
0000
0000
0000
ENDCHAR
STARTCHAR Ohm
ENCODING 8486
SWIDTH 500 0
DWIDTH 11 0
BBX 11 22 0 -5
BITMAP
0000
0000
0000
1E00
2100
4080
4080
4080
4080
4080
4080
4080
4080
2100
1200
1200
7380
0000
0000
0000
0000
0000
ENDCHAR
STARTCHAR aleph
ENCODING 8501
SWIDTH 500 0
DWIDTH 11 0
BBX 11 22 0 -5
BITMAP
0000
0000
0000
4200
4200
2100
2100
1080
1040
2880
4900
8600
8400
8200
8200
4100
2100
0000
0000
0000
0000
0000
ENDCHAR
STARTCHAR arrowleft
ENCODING 8592
SWIDTH 500 0
DWIDTH 11 0
BBX 11 22 0 -5
BITMAP
0000
0000
0000
0000
0000
0000
0000
1000
2000
4000
FFC0
4000
2000
1000
0000
0000
0000
0000
0000
0000
0000
0000
ENDCHAR
STARTCHAR arrowup
ENCODING 8593
SWIDTH 500 0
DWIDTH 11 0
BBX 11 22 0 -5
BITMAP
0000
0000
0000
0400
0E00
1500
2480
0400
0400
0400
0400
0400
0400
0400
0400
0400
0400
0000
0000
0000
0000
0000
ENDCHAR
STARTCHAR arrowright
ENCODING 8594
SWIDTH 500 0
DWIDTH 11 0
BBX 11 22 0 -5
BITMAP
0000
0000
0000
0000
0000
0000
0000
0200
0100
0080
FFC0
0080
0100
0200
0000
0000
0000
0000
0000
0000
0000
0000
ENDCHAR
STARTCHAR arrowdown
ENCODING 8595
SWIDTH 500 0
DWIDTH 11 0
BBX 11 22 0 -5
BITMAP
0000
0000
0000
0400
0400
0400
0400
0400
0400
0400
0400
0400
0400
2480
1500
0E00
0400
0000
0000
0000
0000
0000
ENDCHAR
STARTCHAR arrowboth
ENCODING 8596
SWIDTH 500 0
DWIDTH 11 0
BBX 11 22 0 -5
BITMAP
0000
0000
0000
0000
0000
0000
0000
1100
2080
4040
FFE0
4040
2080
1100
0000
0000
0000
0000
0000
0000
0000
0000
ENDCHAR
STARTCHAR arrowupdn
ENCODING 8597
SWIDTH 500 0
DWIDTH 11 0
BBX 11 22 0 -5
BITMAP
0000
0000
0000
0400
0E00
1500
2480
0400
0400
0400
0400
0400
0400
2480
1500
0E00
0400
0000
0000
0000
0000
0000
ENDCHAR
STARTCHAR uni21A4
ENCODING 8612
SWIDTH 500 0
DWIDTH 11 0
BBX 11 22 0 -5
BITMAP
0000
0000
0000
0000
0000
0000
0000
1040
2040
4040
FFC0
4040
2040
1040
0000
0000
0000
0000
0000
0000
0000
0000
ENDCHAR
STARTCHAR uni21A6
ENCODING 8614
SWIDTH 500 0
DWIDTH 11 0
BBX 11 22 0 -5
BITMAP
0000
0000
0000
0000
0000
0000
0000
8200
8100
8080
FFC0
8080
8100
8200
0000
0000
0000
0000
0000
0000
0000
0000
ENDCHAR
STARTCHAR arrowupdnbse
ENCODING 8616
SWIDTH 500 0
DWIDTH 11 0
BBX 11 22 0 -5
BITMAP
0000
0000
0000
0400
0E00
1500
2480
0400
0400
0400
0400
0400
2480
1500
0E00
0400
3F80
0000
0000
0000
0000
0000
ENDCHAR
STARTCHAR uni21B2
ENCODING 8626
SWIDTH 500 0
DWIDTH 11 0
BBX 11 22 0 -5
BITMAP
0000
0000
0000
0040
0040
0040
0040
0040
0040
0040
1040
2040
4040
FFC0
4000
2000
1000
0000
0000
0000
0000
0000
ENDCHAR
STARTCHAR uni21B3
ENCODING 8627
SWIDTH 500 0
DWIDTH 11 0
BBX 11 22 0 -5
BITMAP
0000
0000
0000
8000
8000
8000
8000
8000
8000
8000
8200
8100
8080
FFC0
0080
0100
0200
0000
0000
0000
0000
0000
ENDCHAR
STARTCHAR carriagereturn
ENCODING 8629
SWIDTH 500 0
DWIDTH 11 0
BBX 11 22 0 -5
BITMAP
0000
0000
0000
0000
0000
0000
0040
0040
0040
0040
1040
2040
4040
FFC0
4000
2000
1000
0000
0000
0000
0000
0000
ENDCHAR
STARTCHAR uni21BB
ENCODING 8635
SWIDTH 500 0
DWIDTH 11 0
BBX 11 22 0 -5
BITMAP
0000
0000
0000
0000
0000
7800
1800
2880
4840
4040
4040
4040
4040
2080
1F00
0000
0000
0000
0000
0000
0000
0000
ENDCHAR
STARTCHAR uni21CB
ENCODING 8651
SWIDTH 500 0
DWIDTH 11 0
BBX 11 22 0 -5
BITMAP
0000
0000
0000
0000
0000
0000
1000
2000
4000
FFC0
0000
0000
FFC0
0080
0100
0200
0000
0000
0000
0000
0000
0000
ENDCHAR
STARTCHAR uni21CC
ENCODING 8652
SWIDTH 500 0
DWIDTH 11 0
BBX 11 22 0 -5
BITMAP
0000
0000
0000
0000
0000
0000
0200
0100
0080
FFC0
0000
0000
FFC0
4000
2000
1000
0000
0000
0000
0000
0000
0000
ENDCHAR
STARTCHAR arrowdblleft
ENCODING 8656
SWIDTH 500 0
DWIDTH 11 0
BBX 11 22 0 -5
BITMAP
0000
0000
0000
0000
0000
0000
0000
1000
2000
7FC0
C000
C000
7FC0
2000
1000
0000
0000
0000
0000
0000
0000
0000
ENDCHAR
STARTCHAR arrowdblup
ENCODING 8657
SWIDTH 500 0
DWIDTH 11 0
BBX 11 22 0 -5
BITMAP
0000
0000
0000
0C00
1E00
3300
5280
1200
1200
1200
1200
1200
1200
1200
1200
1200
1200
0000
0000
0000
0000
0000
ENDCHAR
STARTCHAR arrowdblright
ENCODING 8658
SWIDTH 500 0
DWIDTH 11 0
BBX 11 22 0 -5
BITMAP
0000
0000
0000
0000
0000
0000
0000
0200
0100
FF80
00C0
00C0
FF80
0100
0200
0000
0000
0000
0000
0000
0000
0000
ENDCHAR
STARTCHAR arrowdbldown
ENCODING 8659
SWIDTH 500 0
DWIDTH 11 0
BBX 11 22 0 -5
BITMAP
0000
0000
0000
1200
1200
1200
1200
1200
1200
1200
1200
1200
1200
5280
3300
1E00
0C00
0000
0000
0000
0000
0000
ENDCHAR
STARTCHAR arrowdblboth
ENCODING 8660
SWIDTH 500 0
DWIDTH 11 0
BBX 11 22 0 -5
BITMAP
0000
0000
0000
0000
0000
0000
0000
1100
2080
7FC0
C060
C060
7FC0
2080
1100
0000
0000
0000
0000
0000
0000
0000
ENDCHAR
STARTCHAR uni21D5
ENCODING 8661
SWIDTH 500 0
DWIDTH 11 0
BBX 11 22 0 -5
BITMAP
0000
0000
0000
0C00
1E00
3300
5280
1200
1200
1200
1200
1200
1200
5280
3300
1E00
0C00
0000
0000
0000
0000
0000
ENDCHAR
STARTCHAR universal
ENCODING 8704
SWIDTH 500 0
DWIDTH 11 0
BBX 11 22 0 -5
BITMAP
0000
0000
0000
4040
4040
4040
2080
3F80
2080
1100
1100
1100
0A00
0A00
0A00
0400
0400
0000
0000
0000
0000
0000
ENDCHAR
STARTCHAR existential
ENCODING 8707
SWIDTH 500 0
DWIDTH 11 0
BBX 11 22 0 -5
BITMAP
0000
0000
0000
0000
7F80
0080
0080
0080
0080
0080
7F80
0080
0080
0080
0080
0080
7F80
0000
0000
0000
0000
0000
ENDCHAR
STARTCHAR uni2204
ENCODING 8708
SWIDTH 500 0
DWIDTH 11 0
BBX 11 22 0 -5
BITMAP
0000
0000
0080
0080
7F80
0180
0280
0280
0480
0480
7F80
0880
0880
1080
1080
2080
7F80
4000
4000
0000
0000
0000
ENDCHAR
STARTCHAR emptyset
ENCODING 8709
SWIDTH 500 0
DWIDTH 11 0
BBX 11 22 0 -5
BITMAP
0000
0000
0000
0000
0000
0000
0040
1E80
2100
4280
4480
4880
5080
2100
5E00
8000
0000
0000
0000
0000
0000
0000
ENDCHAR
STARTCHAR increment
ENCODING 8710
SWIDTH 500 0
DWIDTH 11 0
BBX 11 22 0 -5
BITMAP
0000
0000
0000
0400
0400
0400
0A00
0A00
1100
1100
1100
2080
2080
2080
4040
4040
7FC0
0000
0000
0000
0000
0000
ENDCHAR
STARTCHAR gradient
ENCODING 8711
SWIDTH 500 0
DWIDTH 11 0
BBX 11 22 0 -5
BITMAP
0000
0000
0000
7FC0
4040
4040
2080
2080
2080
1100
1100
1100
0A00
0A00
0400
0400
0400
0000
0000
0000
0000
0000
ENDCHAR
STARTCHAR element
ENCODING 8712
SWIDTH 500 0
DWIDTH 11 0
BBX 11 22 0 -5
BITMAP
0000
0000
0000
0000
0F80
1000
2000
4000
4000
4000
7F80
4000
4000
4000
2000
1000
0F80
0000
0000
0000
0000
0000
ENDCHAR
STARTCHAR notelement
ENCODING 8713
SWIDTH 500 0
DWIDTH 11 0
BBX 11 22 0 -5
BITMAP
0000
0000
0080
0080
0F80
1100
2100
4200
4200
4400
7F80
4400
4800
4800
3000
1000
2F80
2000
2000
0000
0000
0000
ENDCHAR
STARTCHAR uni220A
ENCODING 8714
SWIDTH 500 0
DWIDTH 11 0
BBX 11 22 0 -5
BITMAP
0000
0000
0000
0000
0000
0000
1F80
2000
4000
4000
7F80
4000
4000
2000
1F80
0000
0000
0000
0000
0000
0000
0000
ENDCHAR
STARTCHAR suchthat
ENCODING 8715
SWIDTH 500 0
DWIDTH 11 0
BBX 11 22 0 -5
BITMAP
0000
0000
0000
0000
7C00
0200
0100
0080
0080
0080
7F80
0080
0080
0080
0100
0200
7C00
0000
0000
0000
0000
0000
ENDCHAR
STARTCHAR uni220C
ENCODING 8716
SWIDTH 500 0
DWIDTH 11 0
BBX 11 22 0 -5
BITMAP
0000
0000
4000
4000
7C00
2200
2100
1080
1080
0880
7F80
0880
0480
0480
0300
0200
7D00
0100
0100
0000
0000
0000
ENDCHAR
STARTCHAR uni220D
ENCODING 8717
SWIDTH 500 0
DWIDTH 11 0
BBX 11 22 0 -5
BITMAP
0000
0000
0000
0000
0000
0000
7E00
0100
0080
0080
7F80
0080
0080
0100
7E00
0000
0000
0000
0000
0000
0000
0000
ENDCHAR
STARTCHAR minus
ENCODING 8722
SWIDTH 500 0
DWIDTH 11 0
BBX 11 22 0 -5
BITMAP
0000
0000
0000
0000
0000
0000
0000
0000
0000
0000
7F80
0000
0000
0000
0000
0000
0000
0000
0000
0000
0000
0000
ENDCHAR
STARTCHAR uni2213
ENCODING 8723
SWIDTH 500 0
DWIDTH 11 0
BBX 11 22 0 -5
BITMAP
0000
0000
0000
0000
0000
7FC0
0000
0000
0400
0400
0400
0400
7FC0
0400
0400
0400
0400
0000
0000
0000
0000
0000
ENDCHAR
STARTCHAR uni2214
ENCODING 8724
SWIDTH 500 0
DWIDTH 11 0
BBX 11 22 0 -5
BITMAP
0000
0000
0000
0400
0400
0400
0000
0000
0400
0400
0400
0400
7FC0
0400
0400
0400
0400
0000
0000
0000
0000
0000
ENDCHAR
STARTCHAR uni2215
ENCODING 8725
SWIDTH 500 0
DWIDTH 11 0
BBX 11 22 0 -5
BITMAP
0000
0000
0000
0000
0000
0000
0040
0080
0100
0200
0400
0800
1000
2000
4000
0000
0000
0000
0000
0000
0000
0000
ENDCHAR
STARTCHAR uni2216
ENCODING 8726
SWIDTH 500 0
DWIDTH 11 0
BBX 11 22 0 -5
BITMAP
0000
0000
0000
0000
0000
0000
4000
2000
1000
0800
0400
0200
0100
0080
0040
0000
0000
0000
0000
0000
0000
0000
ENDCHAR
STARTCHAR bulletoperator
ENCODING 8729
SWIDTH 500 0
DWIDTH 11 0
BBX 11 22 0 -5
BITMAP
0000
0000
0000
0000
0000
0000
0000
0000
0000
0E00
0E00
0E00
0000
0000
0000
0000
0000
0000
0000
0000
0000
0000
ENDCHAR
STARTCHAR radical
ENCODING 8730
SWIDTH 500 0
DWIDTH 11 0
BBX 11 22 0 -5
BITMAP
0000
01C0
0100
0100
0100
0100
0100
0100
0100
4100
4100
4100
2100
1100
0900
0500
0300
0000
0000
0000
0000
0000
ENDCHAR
STARTCHAR infinity
ENCODING 8734
SWIDTH 500 0
DWIDTH 11 0
BBX 11 22 0 -5
BITMAP
0000
0000
0000
0000
0000
0000
0000
3B80
4440
4440
4440
4440
4440
3B80
0000
0000
0000
0000
0000
0000
0000
0000
ENDCHAR
STARTCHAR orthogonal
ENCODING 8735
SWIDTH 500 0
DWIDTH 11 0
BBX 11 22 0 -5
BITMAP
0000
0000
0000
0000
0000
0000
4000
4000
4000
4000
4000
4000
4000
7F80
0000
0000
0000
0000
0000
0000
0000
0000
ENDCHAR
STARTCHAR uni2225
ENCODING 8741
SWIDTH 500 0
DWIDTH 11 0
BBX 11 22 0 -5
BITMAP
0000
0000
0000
1200
1200
1200
1200
1200
1200
1200
1200
1200
1200
1200
1200
1200
1200
0000
0000
0000
0000
0000
ENDCHAR
STARTCHAR logicaland
ENCODING 8743
SWIDTH 500 0
DWIDTH 11 0
BBX 11 22 0 -5
BITMAP
0000
0000
0000
0000
0000
0000
0000
0400
0400
0A00
0A00
1100
1100
2080
2080
4040
4040
0000
0000
0000
0000
0000
ENDCHAR
STARTCHAR logicalor
ENCODING 8744
SWIDTH 500 0
DWIDTH 11 0
BBX 11 22 0 -5
BITMAP
0000
0000
0000
0000
0000
0000
0000
4040
4040
2080
2080
1100
1100
0A00
0A00
0400
0400
0000
0000
0000
0000
0000
ENDCHAR
STARTCHAR intersection
ENCODING 8745
SWIDTH 500 0
DWIDTH 11 0
BBX 11 22 0 -5
BITMAP
0000
0000
0000
0000
0000
0000
1E00
2100
4080
4080
4080
4080
4080
4080
4080
4080
4080
0000
0000
0000
0000
0000
ENDCHAR
STARTCHAR union
ENCODING 8746
SWIDTH 500 0
DWIDTH 11 0
BBX 11 22 0 -5
BITMAP
0000
0000
0000
0000
0000
0000
4080
4080
4080
4080
4080
4080
4080
4080
4080
2100
1E00
0000
0000
0000
0000
0000
ENDCHAR
STARTCHAR approxequal
ENCODING 8776
SWIDTH 500 0
DWIDTH 11 0
BBX 11 22 0 -5
BITMAP
0000
0000
0000
0000
0000
0000
0000
3080
4C80
4300
0000
3080
4C80
4300
0000
0000
0000
0000
0000
0000
0000
0000
ENDCHAR
STARTCHAR notequal
ENCODING 8800
SWIDTH 500 0
DWIDTH 11 0
BBX 11 22 0 -5
BITMAP
0000
0000
0000
0000
0000
0000
0080
7F80
0200
0400
0800
1000
7F80
4000
0000
0000
0000
0000
0000
0000
0000
0000
ENDCHAR
STARTCHAR equivalence
ENCODING 8801
SWIDTH 500 0
DWIDTH 11 0
BBX 11 22 0 -5
BITMAP
0000
0000
0000
0000
0000
0000
7F80
0000
0000
0000
7F80
0000
0000
0000
7F80
0000
0000
0000
0000
0000
0000
0000
ENDCHAR
STARTCHAR lessequal
ENCODING 8804
SWIDTH 500 0
DWIDTH 11 0
BBX 11 22 0 -5
BITMAP
0000
0000
0000
0100
0200
0400
0800
1000
2000
2000
1000
0800
0400
0200
0100
0000
7F80
0000
0000
0000
0000
0000
ENDCHAR
STARTCHAR greaterequal
ENCODING 8805
SWIDTH 500 0
DWIDTH 11 0
BBX 11 22 0 -5
BITMAP
0000
0000
0000
2000
1000
0800
0400
0200
0100
0100
0200
0400
0800
1000
2000
0000
7F80
0000
0000
0000
0000
0000
ENDCHAR
STARTCHAR uni226A
ENCODING 8810
SWIDTH 500 0
DWIDTH 11 0
BBX 11 22 0 -5
BITMAP
0000
0000
0000
0000
0440
0880
1100
2200
4400
8800
8800
4400
2200
1100
0880
0440
0000
0000
0000
0000
0000
0000
ENDCHAR
STARTCHAR uni226B
ENCODING 8811
SWIDTH 500 0
DWIDTH 11 0
BBX 11 22 0 -5
BITMAP
0000
0000
0000
0000
8800
4400
2200
1100
0880
0440
0440
0880
1100
2200
4400
8800
0000
0000
0000
0000
0000
0000
ENDCHAR
STARTCHAR propersubset
ENCODING 8834
SWIDTH 500 0
DWIDTH 11 0
BBX 11 22 0 -5
BITMAP
0000
0000
0000
0000
0000
0FC0
1000
2000
4000
4000
4000
4000
2000
1000
0FC0
0000
0000
0000
0000
0000
0000
0000
ENDCHAR
STARTCHAR propersuperset
ENCODING 8835
SWIDTH 500 0
DWIDTH 11 0
BBX 11 22 0 -5
BITMAP
0000
0000
0000
0000
0000
7E00
0100
0080
0040
0040
0040
0040
0080
0100
7E00
0000
0000
0000
0000
0000
0000
0000
ENDCHAR
STARTCHAR reflexsubset
ENCODING 8838
SWIDTH 500 0
DWIDTH 11 0
BBX 11 22 0 -5
BITMAP
0000
0000
0000
0000
0FC0
1000
2000
4000
4000
4000
4000
2000
1000
0FC0
0000
0000
7FC0
0000
0000
0000
0000
0000
ENDCHAR
STARTCHAR reflexsuperset
ENCODING 8839
SWIDTH 500 0
DWIDTH 11 0
BBX 11 22 0 -5
BITMAP
0000
0000
0000
0000
7E00
0100
0080
0040
0040
0040
0040
0080
0100
7E00
0000
0000
7FC0
0000
0000
0000
0000
0000
ENDCHAR
STARTCHAR perpendicular
ENCODING 8869
SWIDTH 500 0
DWIDTH 11 0
BBX 11 22 0 -5
BITMAP
0000
0000
0000
0000
0000
0000
0400
0400
0400
0400
0400
0400
0400
0400
0400
0400
7FC0
0000
0000
0000
0000
0000
ENDCHAR
STARTCHAR uni22C2
ENCODING 8898
SWIDTH 500 0
DWIDTH 11 0
BBX 11 22 0 -5
BITMAP
0000
0000
0000
1E00
2100
4080
4080
4080
4080
4080
4080
4080
4080
4080
4080
4080
4080
0000
0000
0000
0000
0000
ENDCHAR
STARTCHAR uni22C3
ENCODING 8899
SWIDTH 500 0
DWIDTH 11 0
BBX 11 22 0 -5
BITMAP
0000
0000
0000
4080
4080
4080
4080
4080
4080
4080
4080
4080
4080
4080
4080
2100
1E00
0000
0000
0000
0000
0000
ENDCHAR
STARTCHAR uni2300
ENCODING 8960
SWIDTH 500 0
DWIDTH 11 0
BBX 11 22 0 -5
BITMAP
0000
0000
0000
0000
0000
0000
0040
1E80
2100
4280
4480
4880
5080
2100
5E00
8000
0000
0000
0000
0000
0000
0000
ENDCHAR
STARTCHAR house
ENCODING 8962
SWIDTH 500 0
DWIDTH 11 0
BBX 11 22 0 -5
BITMAP
0000
0000
0000
0000
0000
0000
0C00
1200
2100
4080
8040
8040
8040
8040
8040
8040
FFC0
0000
0000
0000
0000
0000
ENDCHAR
STARTCHAR uni2308
ENCODING 8968
SWIDTH 500 0
DWIDTH 11 0
BBX 11 22 0 -5
BITMAP
0000
0000
0000
1E00
1000
1000
1000
1000
1000
1000
1000
1000
1000
1000
1000
1000
1000
0000
0000
0000
0000
0000
ENDCHAR
STARTCHAR uni2309
ENCODING 8969
SWIDTH 500 0
DWIDTH 11 0
BBX 11 22 0 -5
BITMAP
0000
0000
0000
1E00
0200
0200
0200
0200
0200
0200
0200
0200
0200
0200
0200
0200
0200
0000
0000
0000
0000
0000
ENDCHAR
STARTCHAR uni230A
ENCODING 8970
SWIDTH 500 0
DWIDTH 11 0
BBX 11 22 0 -5
BITMAP
0000
0000
0000
1000
1000
1000
1000
1000
1000
1000
1000
1000
1000
1000
1000
1000
1E00
0000
0000
0000
0000
0000
ENDCHAR
STARTCHAR uni230B
ENCODING 8971
SWIDTH 500 0
DWIDTH 11 0
BBX 11 22 0 -5
BITMAP
0000
0000
0000
0200
0200
0200
0200
0200
0200
0200
0200
0200
0200
0200
0200
0200
1E00
0000
0000
0000
0000
0000
ENDCHAR
STARTCHAR revlogicalnot
ENCODING 8976
SWIDTH 500 0
DWIDTH 11 0
BBX 11 22 0 -5
BITMAP
0000
0000
0000
0000
0000
0000
0000
0000
7F80
4000
4000
4000
4000
0000
0000
0000
0000
0000
0000
0000
0000
0000
ENDCHAR
STARTCHAR uni2319
ENCODING 8985
SWIDTH 500 0
DWIDTH 11 0
BBX 11 22 0 -5
BITMAP
0000
0000
0000
0000
0000
0000
0000
0000
4000
4000
4000
4000
7F80
0000
0000
0000
0000
0000
0000
0000
0000
0000
ENDCHAR
STARTCHAR integraltp
ENCODING 8992
SWIDTH 500 0
DWIDTH 11 0
BBX 11 22 0 -5
BITMAP
0000
0000
0000
0380
0440
0440
0400
0400
0400
0400
0400
0400
0400
0400
0400
0400
0400
0400
0400
0400
0400
0400
ENDCHAR
STARTCHAR integralbt
ENCODING 8993
SWIDTH 500 0
DWIDTH 11 0
BBX 11 22 0 -5
BITMAP
0400
0400
0400
0400
0400
0400
0400
0400
0400
0400
0400
0400
0400
0400
4400
4400
3800
0000
0000
0000
0000
0000
ENDCHAR
STARTCHAR uni239B
ENCODING 9115
SWIDTH 500 0
DWIDTH 11 0
BBX 11 22 0 -5
BITMAP
0080
0100
0200
0400
0400
0800
0800
0800
1000
1000
1000
1000
2000
2000
2000
2000
2000
2000
2000
2000
2000
2000
ENDCHAR
STARTCHAR uni239C
ENCODING 9116
SWIDTH 500 0
DWIDTH 11 0
BBX 11 22 0 -5
BITMAP
2000
2000
2000
2000
2000
2000
2000
2000
2000
2000
2000
2000
2000
2000
2000
2000
2000
2000
2000
2000
2000
2000
ENDCHAR
STARTCHAR uni239D
ENCODING 9117
SWIDTH 500 0
DWIDTH 11 0
BBX 11 22 0 -5
BITMAP
2000
2000
2000
2000
2000
2000
2000
2000
2000
2000
1000
1000
1000
1000
0800
0800
0800
0400
0400
0200
0100
0080
ENDCHAR
STARTCHAR uni239E
ENCODING 9118
SWIDTH 500 0
DWIDTH 11 0
BBX 11 22 0 -5
BITMAP
2000
1000
0800
0400
0400
0200
0200
0200
0100
0100
0100
0100
0080
0080
0080
0080
0080
0080
0080
0080
0080
0080
ENDCHAR
STARTCHAR uni239F
ENCODING 9119
SWIDTH 500 0
DWIDTH 11 0
BBX 11 22 0 -5
BITMAP
0080
0080
0080
0080
0080
0080
0080
0080
0080
0080
0080
0080
0080
0080
0080
0080
0080
0080
0080
0080
0080
0080
ENDCHAR
STARTCHAR uni23A0
ENCODING 9120
SWIDTH 500 0
DWIDTH 11 0
BBX 11 22 0 -5
BITMAP
0080
0080
0080
0080
0080
0080
0080
0080
0080
0080
0100
0100
0100
0100
0200
0200
0200
0400
0400
0800
1000
2000
ENDCHAR
STARTCHAR uni23A1
ENCODING 9121
SWIDTH 500 0
DWIDTH 11 0
BBX 11 22 0 -5
BITMAP
3F80
2000
2000
2000
2000
2000
2000
2000
2000
2000
2000
2000
2000
2000
2000
2000
2000
2000
2000
2000
2000
2000
ENDCHAR
STARTCHAR uni23A2
ENCODING 9122
SWIDTH 500 0
DWIDTH 11 0
BBX 11 22 0 -5
BITMAP
2000
2000
2000
2000
2000
2000
2000
2000
2000
2000
2000
2000
2000
2000
2000
2000
2000
2000
2000
2000
2000
2000
ENDCHAR
STARTCHAR uni23A3
ENCODING 9123
SWIDTH 500 0
DWIDTH 11 0
BBX 11 22 0 -5
BITMAP
2000
2000
2000
2000
2000
2000
2000
2000
2000
2000
2000
2000
2000
2000
2000
2000
2000
2000
2000
2000
2000
3F80
ENDCHAR
STARTCHAR uni23A4
ENCODING 9124
SWIDTH 500 0
DWIDTH 11 0
BBX 11 22 0 -5
BITMAP
3F80
0080
0080
0080
0080
0080
0080
0080
0080
0080
0080
0080
0080
0080
0080
0080
0080
0080
0080
0080
0080
0080
ENDCHAR
STARTCHAR uni23A5
ENCODING 9125
SWIDTH 500 0
DWIDTH 11 0
BBX 11 22 0 -5
BITMAP
0080
0080
0080
0080
0080
0080
0080
0080
0080
0080
0080
0080
0080
0080
0080
0080
0080
0080
0080
0080
0080
0080
ENDCHAR
STARTCHAR uni23A6
ENCODING 9126
SWIDTH 500 0
DWIDTH 11 0
BBX 11 22 0 -5
BITMAP
0080
0080
0080
0080
0080
0080
0080
0080
0080
0080
0080
0080
0080
0080
0080
0080
0080
0080
0080
0080
0080
3F80
ENDCHAR
STARTCHAR uni23A7
ENCODING 9127
SWIDTH 500 0
DWIDTH 11 0
BBX 11 22 0 -5
BITMAP
01C0
0600
0400
0800
0800
0800
0800
0800
0800
0800
0800
0800
0800
0800
0800
0800
0800
0800
0800
0800
0800
0800
ENDCHAR
STARTCHAR uni23A8
ENCODING 9128
SWIDTH 500 0
DWIDTH 11 0
BBX 11 22 0 -5
BITMAP
0800
0800
0800
0800
0800
0800
0800
0800
0800
1000
6000
6000
1000
0800
0800
0800
0800
0800
0800
0800
0800
0800
ENDCHAR
STARTCHAR uni23A9
ENCODING 9129
SWIDTH 500 0
DWIDTH 11 0
BBX 11 22 0 -5
BITMAP
0800
0800
0800
0800
0800
0800
0800
0800
0800
0800
0800
0800
0800
0800
0800
0800
0800
0800
0800
0400
0600
01C0
ENDCHAR
STARTCHAR uni23AB
ENCODING 9131
SWIDTH 500 0
DWIDTH 11 0
BBX 11 22 0 -5
BITMAP
7000
0C00
0400
0200
0200
0200
0200
0200
0200
0200
0200
0200
0200
0200
0200
0200
0200
0200
0200
0200
0200
0200
ENDCHAR
STARTCHAR uni23AC
ENCODING 9132
SWIDTH 500 0
DWIDTH 11 0
BBX 11 22 0 -5
BITMAP
0200
0200
0200
0200
0200
0200
0200
0200
0200
0100
00C0
00C0
0100
0200
0200
0200
0200
0200
0200
0200
0200
0200
ENDCHAR
STARTCHAR uni23AD
ENCODING 9133
SWIDTH 500 0
DWIDTH 11 0
BBX 11 22 0 -5
BITMAP
0200
0200
0200
0200
0200
0200
0200
0200
0200
0200
0200
0200
0200
0200
0200
0200
0200
0200
0200
0400
0C00
7000
ENDCHAR
STARTCHAR uni23AE
ENCODING 9134
SWIDTH 500 0
DWIDTH 11 0
BBX 11 22 0 -5
BITMAP
0400
0400
0400
0400
0400
0400
0400
0400
0400
0400
0400
0400
0400
0400
0400
0400
0400
0400
0400
0400
0400
0400
ENDCHAR
STARTCHAR uni23AF
ENCODING 9135
SWIDTH 500 0
DWIDTH 11 0
BBX 11 22 0 -5
BITMAP
0000
0000
0000
0000
0000
0000
0000
0000
0000
0000
FFE0
0000
0000
0000
0000
0000
0000
0000
0000
0000
0000
0000
ENDCHAR
STARTCHAR uni23BA
ENCODING 9146
SWIDTH 500 0
DWIDTH 11 0
BBX 11 22 0 -5
BITMAP
FFE0
0000
0000
0000
0000
0000
0000
0000
0000
0000
0000
0000
0000
0000
0000
0000
0000
0000
0000
0000
0000
0000
ENDCHAR
STARTCHAR uni23BB
ENCODING 9147
SWIDTH 500 0
DWIDTH 11 0
BBX 11 22 0 -5
BITMAP
0000
0000
0000
0000
0000
FFE0
0000
0000
0000
0000
0000
0000
0000
0000
0000
0000
0000
0000
0000
0000
0000
0000
ENDCHAR
STARTCHAR uni23BC
ENCODING 9148
SWIDTH 500 0
DWIDTH 11 0
BBX 11 22 0 -5
BITMAP
0000
0000
0000
0000
0000
0000
0000
0000
0000
0000
0000
0000
0000
0000
0000
0000
FFE0
0000
0000
0000
0000
0000
ENDCHAR
STARTCHAR uni23BD
ENCODING 9149
SWIDTH 500 0
DWIDTH 11 0
BBX 11 22 0 -5
BITMAP
0000
0000
0000
0000
0000
0000
0000
0000
0000
0000
0000
0000
0000
0000
0000
0000
0000
0000
0000
0000
0000
FFE0
ENDCHAR
STARTCHAR uni23D0
ENCODING 9168
SWIDTH 500 0
DWIDTH 11 0
BBX 11 22 0 -5
BITMAP
0400
0400
0400
0400
0400
0400
0400
0400
0400
0400
0400
0400
0400
0400
0400
0400
0400
0400
0400
0400
0400
0400
ENDCHAR
STARTCHAR uni2409
ENCODING 9225
SWIDTH 500 0
DWIDTH 11 0
BBX 11 22 0 -5
BITMAP
0000
0000
4400
4400
4400
7C00
4400
4400
4400
0000
0F80
0200
0200
0200
0200
0200
0200
0000
0000
0000
0000
0000
ENDCHAR
STARTCHAR uni240A
ENCODING 9226
SWIDTH 500 0
DWIDTH 11 0
BBX 11 22 0 -5
BITMAP
0000
0000
4000
4000
4000
4000
4000
4000
7C00
0000
0F80
0800
0800
0E00
0800
0800
0800
0000
0000
0000
0000
0000
ENDCHAR
STARTCHAR uni240B
ENCODING 9227
SWIDTH 500 0
DWIDTH 11 0
BBX 11 22 0 -5
BITMAP
0000
0000
4400
4400
4400
2800
2800
1000
1000
0000
0F80
0200
0200
0200
0200
0200
0200
0000
0000
0000
0000
0000
ENDCHAR
STARTCHAR uni240C
ENCODING 9228
SWIDTH 500 0
DWIDTH 11 0
BBX 11 22 0 -5
BITMAP
0000
0000
7C00
4000
4000
7000
4000
4000
4000
0000
0F80
0800
0800
0E00
0800
0800
0800
0000
0000
0000
0000
0000
ENDCHAR
STARTCHAR uni240D
ENCODING 9229
SWIDTH 500 0
DWIDTH 11 0
BBX 11 22 0 -5
BITMAP
0000
0000
3800
4400
4000
4000
4000
4400
3800
0000
0F00
0880
0880
0F00
0A00
0900
0880
0000
0000
0000
0000
0000
ENDCHAR
STARTCHAR uni2424
ENCODING 9252
SWIDTH 500 0
DWIDTH 11 0
BBX 11 22 0 -5
BITMAP
0000
0000
4400
4400
6400
5400
4C00
4400
4400
0000
0800
0800
0800
0800
0800
0800
0F80
0000
0000
0000
0000
0000
ENDCHAR
STARTCHAR SF100000
ENCODING 9472
SWIDTH 500 0
DWIDTH 11 0
BBX 11 22 0 -5
BITMAP
0000
0000
0000
0000
0000
0000
0000
0000
0000
0000
FFE0
0000
0000
0000
0000
0000
0000
0000
0000
0000
0000
0000
ENDCHAR
STARTCHAR uni2501
ENCODING 9473
SWIDTH 500 0
DWIDTH 11 0
BBX 11 22 0 -5
BITMAP
0000
0000
0000
0000
0000
0000
0000
0000
0000
0000
FFE0
FFE0
0000
0000
0000
0000
0000
0000
0000
0000
0000
0000
ENDCHAR
STARTCHAR SF110000
ENCODING 9474
SWIDTH 500 0
DWIDTH 11 0
BBX 11 22 0 -5
BITMAP
0400
0400
0400
0400
0400
0400
0400
0400
0400
0400
0400
0400
0400
0400
0400
0400
0400
0400
0400
0400
0400
0400
ENDCHAR
STARTCHAR uni2503
ENCODING 9475
SWIDTH 500 0
DWIDTH 11 0
BBX 11 22 0 -5
BITMAP
0C00
0C00
0C00
0C00
0C00
0C00
0C00
0C00
0C00
0C00
0C00
0C00
0C00
0C00
0C00
0C00
0C00
0C00
0C00
0C00
0C00
0C00
ENDCHAR
STARTCHAR uni2508
ENCODING 9480
SWIDTH 500 0
DWIDTH 11 0
BBX 11 22 0 -5
BITMAP
0000
0000
0000
0000
0000
0000
0000
0000
0000
0000
D6C0
0000
0000
0000
0000
0000
0000
0000
0000
0000
0000
0000
ENDCHAR
STARTCHAR uni2509
ENCODING 9481
SWIDTH 500 0
DWIDTH 11 0
BBX 11 22 0 -5
BITMAP
0000
0000
0000
0000
0000
0000
0000
0000
0000
0000
D6C0
D6C0
0000
0000
0000
0000
0000
0000
0000
0000
0000
0000
ENDCHAR
STARTCHAR uni250A
ENCODING 9482
SWIDTH 500 0
DWIDTH 11 0
BBX 11 22 0 -5
BITMAP
0400
0400
0400
0400
0400
0000
0400
0400
0400
0400
0000
0400
0400
0400
0400
0000
0400
0400
0400
0400
0400
0000
ENDCHAR
STARTCHAR uni250B
ENCODING 9483
SWIDTH 500 0
DWIDTH 11 0
BBX 11 22 0 -5
BITMAP
0C00
0C00
0C00
0C00
0C00
0000
0C00
0C00
0C00
0C00
0000
0C00
0C00
0C00
0C00
0C00
0000
0C00
0C00
0C00
0C00
0000
ENDCHAR
STARTCHAR SF010000
ENCODING 9484
SWIDTH 500 0
DWIDTH 11 0
BBX 11 22 0 -5
BITMAP
0000
0000
0000
0000
0000
0000
0000
0000
0000
0000
07E0
0400
0400
0400
0400
0400
0400
0400
0400
0400
0400
0400
ENDCHAR
STARTCHAR uni250D
ENCODING 9485
SWIDTH 500 0
DWIDTH 11 0
BBX 11 22 0 -5
BITMAP
0000
0000
0000
0000
0000
0000
0000
0000
0000
0000
07E0
07E0
0400
0400
0400
0400
0400
0400
0400
0400
0400
0400
ENDCHAR
STARTCHAR uni250E
ENCODING 9486
SWIDTH 500 0
DWIDTH 11 0
BBX 11 22 0 -5
BITMAP
0000
0000
0000
0000
0000
0000
0000
0000
0000
0000
0FE0
0C00
0C00
0C00
0C00
0C00
0C00
0C00
0C00
0C00
0C00
0C00
ENDCHAR
STARTCHAR uni250F
ENCODING 9487
SWIDTH 500 0
DWIDTH 11 0
BBX 11 22 0 -5
BITMAP
0000
0000
0000
0000
0000
0000
0000
0000
0000
0000
0FE0
0FE0
0C00
0C00
0C00
0C00
0C00
0C00
0C00
0C00
0C00
0C00
ENDCHAR
STARTCHAR SF030000
ENCODING 9488
SWIDTH 500 0
DWIDTH 11 0
BBX 11 22 0 -5
BITMAP
0000
0000
0000
0000
0000
0000
0000
0000
0000
0000
FC00
0400
0400
0400
0400
0400
0400
0400
0400
0400
0400
0400
ENDCHAR
STARTCHAR uni2511
ENCODING 9489
SWIDTH 500 0
DWIDTH 11 0
BBX 11 22 0 -5
BITMAP
0000
0000
0000
0000
0000
0000
0000
0000
0000
0000
FC00
FC00
0400
0400
0400
0400
0400
0400
0400
0400
0400
0400
ENDCHAR
STARTCHAR uni2512
ENCODING 9490
SWIDTH 500 0
DWIDTH 11 0
BBX 11 22 0 -5
BITMAP
0000
0000
0000
0000
0000
0000
0000
0000
0000
0000
FC00
0C00
0C00
0C00
0C00
0C00
0C00
0C00
0C00
0C00
0C00
0C00
ENDCHAR
STARTCHAR uni2513
ENCODING 9491
SWIDTH 500 0
DWIDTH 11 0
BBX 11 22 0 -5
BITMAP
0000
0000
0000
0000
0000
0000
0000
0000
0000
0000
FC00
FC00
0C00
0C00
0C00
0C00
0C00
0C00
0C00
0C00
0C00
0C00
ENDCHAR
STARTCHAR SF020000
ENCODING 9492
SWIDTH 500 0
DWIDTH 11 0
BBX 11 22 0 -5
BITMAP
0400
0400
0400
0400
0400
0400
0400
0400
0400
0400
07E0
0000
0000
0000
0000
0000
0000
0000
0000
0000
0000
0000
ENDCHAR
STARTCHAR uni2515
ENCODING 9493
SWIDTH 500 0
DWIDTH 11 0
BBX 11 22 0 -5
BITMAP
0400
0400
0400
0400
0400
0400
0400
0400
0400
0400
07E0
07E0
0000
0000
0000
0000
0000
0000
0000
0000
0000
0000
ENDCHAR
STARTCHAR uni2516
ENCODING 9494
SWIDTH 500 0
DWIDTH 11 0
BBX 11 22 0 -5
BITMAP
0C00
0C00
0C00
0C00
0C00
0C00
0C00
0C00
0C00
0C00
0FE0
0000
0000
0000
0000
0000
0000
0000
0000
0000
0000
0000
ENDCHAR
STARTCHAR uni2517
ENCODING 9495
SWIDTH 500 0
DWIDTH 11 0
BBX 11 22 0 -5
BITMAP
0C00
0C00
0C00
0C00
0C00
0C00
0C00
0C00
0C00
0C00
0FE0
0FE0
0000
0000
0000
0000
0000
0000
0000
0000
0000
0000
ENDCHAR
STARTCHAR SF040000
ENCODING 9496
SWIDTH 500 0
DWIDTH 11 0
BBX 11 22 0 -5
BITMAP
0400
0400
0400
0400
0400
0400
0400
0400
0400
0400
FC00
0000
0000
0000
0000
0000
0000
0000
0000
0000
0000
0000
ENDCHAR
STARTCHAR uni2519
ENCODING 9497
SWIDTH 500 0
DWIDTH 11 0
BBX 11 22 0 -5
BITMAP
0400
0400
0400
0400
0400
0400
0400
0400
0400
0400
FC00
FC00
0000
0000
0000
0000
0000
0000
0000
0000
0000
0000
ENDCHAR
STARTCHAR uni251A
ENCODING 9498
SWIDTH 500 0
DWIDTH 11 0
BBX 11 22 0 -5
BITMAP
0C00
0C00
0C00
0C00
0C00
0C00
0C00
0C00
0C00
0C00
FC00
0000
0000
0000
0000
0000
0000
0000
0000
0000
0000
0000
ENDCHAR
STARTCHAR uni251B
ENCODING 9499
SWIDTH 500 0
DWIDTH 11 0
BBX 11 22 0 -5
BITMAP
0C00
0C00
0C00
0C00
0C00
0C00
0C00
0C00
0C00
0C00
FC00
FC00
0000
0000
0000
0000
0000
0000
0000
0000
0000
0000
ENDCHAR
STARTCHAR SF080000
ENCODING 9500
SWIDTH 500 0
DWIDTH 11 0
BBX 11 22 0 -5
BITMAP
0400
0400
0400
0400
0400
0400
0400
0400
0400
0400
07E0
0400
0400
0400
0400
0400
0400
0400
0400
0400
0400
0400
ENDCHAR
STARTCHAR uni251D
ENCODING 9501
SWIDTH 500 0
DWIDTH 11 0
BBX 11 22 0 -5
BITMAP
0400
0400
0400
0400
0400
0400
0400
0400
0400
0400
07E0
07E0
0400
0400
0400
0400
0400
0400
0400
0400
0400
0400
ENDCHAR
STARTCHAR uni251E
ENCODING 9502
SWIDTH 500 0
DWIDTH 11 0
BBX 11 22 0 -5
BITMAP
0C00
0C00
0C00
0C00
0C00
0C00
0C00
0C00
0C00
0C00
0FE0
0400
0400
0400
0400
0400
0400
0400
0400
0400
0400
0400
ENDCHAR
STARTCHAR uni251F
ENCODING 9503
SWIDTH 500 0
DWIDTH 11 0
BBX 11 22 0 -5
BITMAP
0400
0400
0400
0400
0400
0400
0400
0400
0400
0400
0FE0
0C00
0C00
0C00
0C00
0C00
0C00
0C00
0C00
0C00
0C00
0C00
ENDCHAR
STARTCHAR uni2520
ENCODING 9504
SWIDTH 500 0
DWIDTH 11 0
BBX 11 22 0 -5
BITMAP
0C00
0C00
0C00
0C00
0C00
0C00
0C00
0C00
0C00
0C00
0FE0
0C00
0C00
0C00
0C00
0C00
0C00
0C00
0C00
0C00
0C00
0C00
ENDCHAR
STARTCHAR uni2521
ENCODING 9505
SWIDTH 500 0
DWIDTH 11 0
BBX 11 22 0 -5
BITMAP
0C00
0C00
0C00
0C00
0C00
0C00
0C00
0C00
0C00
0C00
0FE0
0FE0
0400
0400
0400
0400
0400
0400
0400
0400
0400
0400
ENDCHAR
STARTCHAR uni2522
ENCODING 9506
SWIDTH 500 0
DWIDTH 11 0
BBX 11 22 0 -5
BITMAP
0400
0400
0400
0400
0400
0400
0400
0400
0400
0400
0FE0
0FE0
0C00
0C00
0C00
0C00
0C00
0C00
0C00
0C00
0C00
0C00
ENDCHAR
STARTCHAR uni2523
ENCODING 9507
SWIDTH 500 0
DWIDTH 11 0
BBX 11 22 0 -5
BITMAP
0C00
0C00
0C00
0C00
0C00
0C00
0C00
0C00
0C00
0C00
0FE0
0FE0
0C00
0C00
0C00
0C00
0C00
0C00
0C00
0C00
0C00
0C00
ENDCHAR
STARTCHAR SF090000
ENCODING 9508
SWIDTH 500 0
DWIDTH 11 0
BBX 11 22 0 -5
BITMAP
0400
0400
0400
0400
0400
0400
0400
0400
0400
0400
FC00
0400
0400
0400
0400
0400
0400
0400
0400
0400
0400
0400
ENDCHAR
STARTCHAR uni2525
ENCODING 9509
SWIDTH 500 0
DWIDTH 11 0
BBX 11 22 0 -5
BITMAP
0400
0400
0400
0400
0400
0400
0400
0400
0400
0400
FC00
FC00
0400
0400
0400
0400
0400
0400
0400
0400
0400
0400
ENDCHAR
STARTCHAR uni2526
ENCODING 9510
SWIDTH 500 0
DWIDTH 11 0
BBX 11 22 0 -5
BITMAP
0C00
0C00
0C00
0C00
0C00
0C00
0C00
0C00
0C00
0C00
FC00
0400
0400
0400
0400
0400
0400
0400
0400
0400
0400
0400
ENDCHAR
STARTCHAR uni2527
ENCODING 9511
SWIDTH 500 0
DWIDTH 11 0
BBX 11 22 0 -5
BITMAP
0400
0400
0400
0400
0400
0400
0400
0400
0400
0400
FC00
0C00
0C00
0C00
0C00
0C00
0C00
0C00
0C00
0C00
0C00
0C00
ENDCHAR
STARTCHAR uni2528
ENCODING 9512
SWIDTH 500 0
DWIDTH 11 0
BBX 11 22 0 -5
BITMAP
0C00
0C00
0C00
0C00
0C00
0C00
0C00
0C00
0C00
0C00
FC00
0C00
0C00
0C00
0C00
0C00
0C00
0C00
0C00
0C00
0C00
0C00
ENDCHAR
STARTCHAR uni2529
ENCODING 9513
SWIDTH 500 0
DWIDTH 11 0
BBX 11 22 0 -5
BITMAP
0C00
0C00
0C00
0C00
0C00
0C00
0C00
0C00
0C00
0C00
FC00
FC00
0400
0400
0400
0400
0400
0400
0400
0400
0400
0400
ENDCHAR
STARTCHAR uni252A
ENCODING 9514
SWIDTH 500 0
DWIDTH 11 0
BBX 11 22 0 -5
BITMAP
0400
0400
0400
0400
0400
0400
0400
0400
0400
0400
FC00
FC00
0C00
0C00
0C00
0C00
0C00
0C00
0C00
0C00
0C00
0C00
ENDCHAR
STARTCHAR uni252B
ENCODING 9515
SWIDTH 500 0
DWIDTH 11 0
BBX 11 22 0 -5
BITMAP
0C00
0C00
0C00
0C00
0C00
0C00
0C00
0C00
0C00
0C00
FC00
FC00
0C00
0C00
0C00
0C00
0C00
0C00
0C00
0C00
0C00
0C00
ENDCHAR
STARTCHAR SF060000
ENCODING 9516
SWIDTH 500 0
DWIDTH 11 0
BBX 11 22 0 -5
BITMAP
0000
0000
0000
0000
0000
0000
0000
0000
0000
0000
FFE0
0400
0400
0400
0400
0400
0400
0400
0400
0400
0400
0400
ENDCHAR
STARTCHAR uni252D
ENCODING 9517
SWIDTH 500 0
DWIDTH 11 0
BBX 11 22 0 -5
BITMAP
0000
0000
0000
0000
0000
0000
0000
0000
0000
0000
FFE0
FC00
0400
0400
0400
0400
0400
0400
0400
0400
0400
0400
ENDCHAR
STARTCHAR uni252E
ENCODING 9518
SWIDTH 500 0
DWIDTH 11 0
BBX 11 22 0 -5
BITMAP
0000
0000
0000
0000
0000
0000
0000
0000
0000
0000
FFE0
07E0
0400
0400
0400
0400
0400
0400
0400
0400
0400
0400
ENDCHAR
STARTCHAR uni252F
ENCODING 9519
SWIDTH 500 0
DWIDTH 11 0
BBX 11 22 0 -5
BITMAP
0000
0000
0000
0000
0000
0000
0000
0000
0000
0000
FFE0
FFE0
0400
0400
0400
0400
0400
0400
0400
0400
0400
0400
ENDCHAR
STARTCHAR uni2530
ENCODING 9520
SWIDTH 500 0
DWIDTH 11 0
BBX 11 22 0 -5
BITMAP
0000
0000
0000
0000
0000
0000
0000
0000
0000
0000
FFE0
0C00
0C00
0C00
0C00
0C00
0C00
0C00
0C00
0C00
0C00
0C00
ENDCHAR
STARTCHAR uni2531
ENCODING 9521
SWIDTH 500 0
DWIDTH 11 0
BBX 11 22 0 -5
BITMAP
0000
0000
0000
0000
0000
0000
0000
0000
0000
0000
FFE0
FC00
0C00
0C00
0C00
0C00
0C00
0C00
0C00
0C00
0C00
0C00
ENDCHAR
STARTCHAR uni2532
ENCODING 9522
SWIDTH 500 0
DWIDTH 11 0
BBX 11 22 0 -5
BITMAP
0000
0000
0000
0000
0000
0000
0000
0000
0000
0000
FFE0
0FE0
0C00
0C00
0C00
0C00
0C00
0C00
0C00
0C00
0C00
0C00
ENDCHAR
STARTCHAR uni2533
ENCODING 9523
SWIDTH 500 0
DWIDTH 11 0
BBX 11 22 0 -5
BITMAP
0000
0000
0000
0000
0000
0000
0000
0000
0000
0000
FFE0
FFE0
0C00
0C00
0C00
0C00
0C00
0C00
0C00
0C00
0C00
0C00
ENDCHAR
STARTCHAR SF070000
ENCODING 9524
SWIDTH 500 0
DWIDTH 11 0
BBX 11 22 0 -5
BITMAP
0400
0400
0400
0400
0400
0400
0400
0400
0400
0400
FFE0
0000
0000
0000
0000
0000
0000
0000
0000
0000
0000
0000
ENDCHAR
STARTCHAR uni2535
ENCODING 9525
SWIDTH 500 0
DWIDTH 11 0
BBX 11 22 0 -5
BITMAP
0400
0400
0400
0400
0400
0400
0400
0400
0400
0400
FFE0
FC00
0000
0000
0000
0000
0000
0000
0000
0000
0000
0000
ENDCHAR
STARTCHAR uni2536
ENCODING 9526
SWIDTH 500 0
DWIDTH 11 0
BBX 11 22 0 -5
BITMAP
0400
0400
0400
0400
0400
0400
0400
0400
0400
0400
FFE0
07E0
0000
0000
0000
0000
0000
0000
0000
0000
0000
0000
ENDCHAR
STARTCHAR uni2537
ENCODING 9527
SWIDTH 500 0
DWIDTH 11 0
BBX 11 22 0 -5
BITMAP
0400
0400
0400
0400
0400
0400
0400
0400
0400
0400
FFE0
FFE0
0000
0000
0000
0000
0000
0000
0000
0000
0000
0000
ENDCHAR
STARTCHAR uni2538
ENCODING 9528
SWIDTH 500 0
DWIDTH 11 0
BBX 11 22 0 -5
BITMAP
0C00
0C00
0C00
0C00
0C00
0C00
0C00
0C00
0C00
0C00
FFE0
0000
0000
0000
0000
0000
0000
0000
0000
0000
0000
0000
ENDCHAR
STARTCHAR uni2539
ENCODING 9529
SWIDTH 500 0
DWIDTH 11 0
BBX 11 22 0 -5
BITMAP
0C00
0C00
0C00
0C00
0C00
0C00
0C00
0C00
0C00
0C00
FFE0
FC00
0000
0000
0000
0000
0000
0000
0000
0000
0000
0000
ENDCHAR
STARTCHAR uni253A
ENCODING 9530
SWIDTH 500 0
DWIDTH 11 0
BBX 11 22 0 -5
BITMAP
0C00
0C00
0C00
0C00
0C00
0C00
0C00
0C00
0C00
0C00
FFE0
0FE0
0000
0000
0000
0000
0000
0000
0000
0000
0000
0000
ENDCHAR
STARTCHAR uni253B
ENCODING 9531
SWIDTH 500 0
DWIDTH 11 0
BBX 11 22 0 -5
BITMAP
0C00
0C00
0C00
0C00
0C00
0C00
0C00
0C00
0C00
0C00
FFE0
FFE0
0000
0000
0000
0000
0000
0000
0000
0000
0000
0000
ENDCHAR
STARTCHAR SF050000
ENCODING 9532
SWIDTH 500 0
DWIDTH 11 0
BBX 11 22 0 -5
BITMAP
0400
0400
0400
0400
0400
0400
0400
0400
0400
0400
FFE0
0400
0400
0400
0400
0400
0400
0400
0400
0400
0400
0400
ENDCHAR
STARTCHAR uni253D
ENCODING 9533
SWIDTH 500 0
DWIDTH 11 0
BBX 11 22 0 -5
BITMAP
0400
0400
0400
0400
0400
0400
0400
0400
0400
0400
FFE0
FC00
0400
0400
0400
0400
0400
0400
0400
0400
0400
0400
ENDCHAR
STARTCHAR uni253E
ENCODING 9534
SWIDTH 500 0
DWIDTH 11 0
BBX 11 22 0 -5
BITMAP
0400
0400
0400
0400
0400
0400
0400
0400
0400
0400
FFE0
07E0
0400
0400
0400
0400
0400
0400
0400
0400
0400
0400
ENDCHAR
STARTCHAR uni253F
ENCODING 9535
SWIDTH 500 0
DWIDTH 11 0
BBX 11 22 0 -5
BITMAP
0400
0400
0400
0400
0400
0400
0400
0400
0400
0400
FFE0
FFE0
0400
0400
0400
0400
0400
0400
0400
0400
0400
0400
ENDCHAR
STARTCHAR uni2540
ENCODING 9536
SWIDTH 500 0
DWIDTH 11 0
BBX 11 22 0 -5
BITMAP
0C00
0C00
0C00
0C00
0C00
0C00
0C00
0C00
0C00
0C00
FFE0
0400
0400
0400
0400
0400
0400
0400
0400
0400
0400
0400
ENDCHAR
STARTCHAR uni2541
ENCODING 9537
SWIDTH 500 0
DWIDTH 11 0
BBX 11 22 0 -5
BITMAP
0400
0400
0400
0400
0400
0400
0400
0400
0400
0400
FFE0
0C00
0C00
0C00
0C00
0C00
0C00
0C00
0C00
0C00
0C00
0C00
ENDCHAR
STARTCHAR uni2542
ENCODING 9538
SWIDTH 500 0
DWIDTH 11 0
BBX 11 22 0 -5
BITMAP
0C00
0C00
0C00
0C00
0C00
0C00
0C00
0C00
0C00
0C00
FFE0
0C00
0C00
0C00
0C00
0C00
0C00
0C00
0C00
0C00
0C00
0C00
ENDCHAR
STARTCHAR uni2543
ENCODING 9539
SWIDTH 500 0
DWIDTH 11 0
BBX 11 22 0 -5
BITMAP
0C00
0C00
0C00
0C00
0C00
0C00
0C00
0C00
0C00
0C00
FFE0
FC00
0400
0400
0400
0400
0400
0400
0400
0400
0400
0400
ENDCHAR
STARTCHAR uni2544
ENCODING 9540
SWIDTH 500 0
DWIDTH 11 0
BBX 11 22 0 -5
BITMAP
0C00
0C00
0C00
0C00
0C00
0C00
0C00
0C00
0C00
0C00
FFE0
07E0
0400
0400
0400
0400
0400
0400
0400
0400
0400
0400
ENDCHAR
STARTCHAR uni2545
ENCODING 9541
SWIDTH 500 0
DWIDTH 11 0
BBX 11 22 0 -5
BITMAP
0400
0400
0400
0400
0400
0400
0400
0400
0400
0400
FFE0
FC00
0C00
0C00
0C00
0C00
0C00
0C00
0C00
0C00
0C00
0C00
ENDCHAR
STARTCHAR uni2546
ENCODING 9542
SWIDTH 500 0
DWIDTH 11 0
BBX 11 22 0 -5
BITMAP
0400
0400
0400
0400
0400
0400
0400
0400
0400
0400
FFE0
0FE0
0C00
0C00
0C00
0C00
0C00
0C00
0C00
0C00
0C00
0C00
ENDCHAR
STARTCHAR uni2547
ENCODING 9543
SWIDTH 500 0
DWIDTH 11 0
BBX 11 22 0 -5
BITMAP
0C00
0C00
0C00
0C00
0C00
0C00
0C00
0C00
0C00
0C00
FFE0
FFE0
0400
0400
0400
0400
0400
0400
0400
0400
0400
0400
ENDCHAR
STARTCHAR uni2548
ENCODING 9544
SWIDTH 500 0
DWIDTH 11 0
BBX 11 22 0 -5
BITMAP
0400
0400
0400
0400
0400
0400
0400
0400
0400
0400
FFE0
FFE0
0C00
0C00
0C00
0C00
0C00
0C00
0C00
0C00
0C00
0C00
ENDCHAR
STARTCHAR uni2549
ENCODING 9545
SWIDTH 500 0
DWIDTH 11 0
BBX 11 22 0 -5
BITMAP
0C00
0C00
0C00
0C00
0C00
0C00
0C00
0C00
0C00
0C00
FFE0
FC00
0C00
0C00
0C00
0C00
0C00
0C00
0C00
0C00
0C00
0C00
ENDCHAR
STARTCHAR uni254A
ENCODING 9546
SWIDTH 500 0
DWIDTH 11 0
BBX 11 22 0 -5
BITMAP
0C00
0C00
0C00
0C00
0C00
0C00
0C00
0C00
0C00
0C00
FFE0
0FE0
0C00
0C00
0C00
0C00
0C00
0C00
0C00
0C00
0C00
0C00
ENDCHAR
STARTCHAR uni254B
ENCODING 9547
SWIDTH 500 0
DWIDTH 11 0
BBX 11 22 0 -5
BITMAP
0C00
0C00
0C00
0C00
0C00
0C00
0C00
0C00
0C00
0C00
FFE0
FFE0
0C00
0C00
0C00
0C00
0C00
0C00
0C00
0C00
0C00
0C00
ENDCHAR
STARTCHAR SF430000
ENCODING 9552
SWIDTH 500 0
DWIDTH 11 0
BBX 11 22 0 -5
BITMAP
0000
0000
0000
0000
0000
0000
0000
0000
0000
FFE0
0000
0000
FFE0
0000
0000
0000
0000
0000
0000
0000
0000
0000
ENDCHAR
STARTCHAR SF240000
ENCODING 9553
SWIDTH 500 0
DWIDTH 11 0
BBX 11 22 0 -5
BITMAP
1200
1200
1200
1200
1200
1200
1200
1200
1200
1200
1200
1200
1200
1200
1200
1200
1200
1200
1200
1200
1200
1200
ENDCHAR
STARTCHAR SF510000
ENCODING 9554
SWIDTH 500 0
DWIDTH 11 0
BBX 11 22 0 -5
BITMAP
0000
0000
0000
0000
0000
0000
0000
0000
0000
07E0
0400
0400
07E0
0400
0400
0400
0400
0400
0400
0400
0400
0400
ENDCHAR
STARTCHAR SF520000
ENCODING 9555
SWIDTH 500 0
DWIDTH 11 0
BBX 11 22 0 -5
BITMAP
0000
0000
0000
0000
0000
0000
0000
0000
0000
0000
1FE0
1200
1200
1200
1200
1200
1200
1200
1200
1200
1200
1200
ENDCHAR
STARTCHAR SF390000
ENCODING 9556
SWIDTH 500 0
DWIDTH 11 0
BBX 11 22 0 -5
BITMAP
0000
0000
0000
0000
0000
0000
0000
0000
0000
1FE0
1000
1000
13E0
1200
1200
1200
1200
1200
1200
1200
1200
1200
ENDCHAR
STARTCHAR SF220000
ENCODING 9557
SWIDTH 500 0
DWIDTH 11 0
BBX 11 22 0 -5
BITMAP
0000
0000
0000
0000
0000
0000
0000
0000
0000
FC00
0400
0400
FC00
0400
0400
0400
0400
0400
0400
0400
0400
0400
ENDCHAR
STARTCHAR SF210000
ENCODING 9558
SWIDTH 500 0
DWIDTH 11 0
BBX 11 22 0 -5
BITMAP
0000
0000
0000
0000
0000
0000
0000
0000
0000
0000
FE00
1200
1200
1200
1200
1200
1200
1200
1200
1200
1200
1200
ENDCHAR
STARTCHAR SF250000
ENCODING 9559
SWIDTH 500 0
DWIDTH 11 0
BBX 11 22 0 -5
BITMAP
0000
0000
0000
0000
0000
0000
0000
0000
0000
FE00
0200
0200
F200
1200
1200
1200
1200
1200
1200
1200
1200
1200
ENDCHAR
STARTCHAR SF500000
ENCODING 9560
SWIDTH 500 0
DWIDTH 11 0
BBX 11 22 0 -5
BITMAP
0400
0400
0400
0400
0400
0400
0400
0400
0400
07E0
0400
0400
07E0
0000
0000
0000
0000
0000
0000
0000
0000
0000
ENDCHAR
STARTCHAR SF490000
ENCODING 9561
SWIDTH 500 0
DWIDTH 11 0
BBX 11 22 0 -5
BITMAP
1200
1200
1200
1200
1200
1200
1200
1200
1200
1200
1FE0
0000
0000
0000
0000
0000
0000
0000
0000
0000
0000
0000
ENDCHAR
STARTCHAR SF380000
ENCODING 9562
SWIDTH 500 0
DWIDTH 11 0
BBX 11 22 0 -5
BITMAP
1200
1200
1200
1200
1200
1200
1200
1200
1200
13E0
1000
1000
1FE0
0000
0000
0000
0000
0000
0000
0000
0000
0000
ENDCHAR
STARTCHAR SF280000
ENCODING 9563
SWIDTH 500 0
DWIDTH 11 0
BBX 11 22 0 -5
BITMAP
0400
0400
0400
0400
0400
0400
0400
0400
0400
FC00
0400
0400
FC00
0000
0000
0000
0000
0000
0000
0000
0000
0000
ENDCHAR
STARTCHAR SF270000
ENCODING 9564
SWIDTH 500 0
DWIDTH 11 0
BBX 11 22 0 -5
BITMAP
1200
1200
1200
1200
1200
1200
1200
1200
1200
1200
FE00
0000
0000
0000
0000
0000
0000
0000
0000
0000
0000
0000
ENDCHAR
STARTCHAR SF260000
ENCODING 9565
SWIDTH 500 0
DWIDTH 11 0
BBX 11 22 0 -5
BITMAP
1200
1200
1200
1200
1200
1200
1200
1200
1200
F200
0200
0200
FE00
0000
0000
0000
0000
0000
0000
0000
0000
0000
ENDCHAR
STARTCHAR SF360000
ENCODING 9566
SWIDTH 500 0
DWIDTH 11 0
BBX 11 22 0 -5
BITMAP
0400
0400
0400
0400
0400
0400
0400
0400
0400
07E0
0400
0400
07E0
0400
0400
0400
0400
0400
0400
0400
0400
0400
ENDCHAR
STARTCHAR SF370000
ENCODING 9567
SWIDTH 500 0
DWIDTH 11 0
BBX 11 22 0 -5
BITMAP
1200
1200
1200
1200
1200
1200
1200
1200
1200
1200
1FE0
1200
1200
1200
1200
1200
1200
1200
1200
1200
1200
1200
ENDCHAR
STARTCHAR SF420000
ENCODING 9568
SWIDTH 500 0
DWIDTH 11 0
BBX 11 22 0 -5
BITMAP
1200
1200
1200
1200
1200
1200
1200
1200
1200
13E0
1000
1000
13E0
1200
1200
1200
1200
1200
1200
1200
1200
1200
ENDCHAR
STARTCHAR SF190000
ENCODING 9569
SWIDTH 500 0
DWIDTH 11 0
BBX 11 22 0 -5
BITMAP
0400
0400
0400
0400
0400
0400
0400
0400
0400
FC00
0400
0400
FC00
0400
0400
0400
0400
0400
0400
0400
0400
0400
ENDCHAR
STARTCHAR SF200000
ENCODING 9570
SWIDTH 500 0
DWIDTH 11 0
BBX 11 22 0 -5
BITMAP
1200
1200
1200
1200
1200
1200
1200
1200
1200
1200
FE00
1200
1200
1200
1200
1200
1200
1200
1200
1200
1200
1200
ENDCHAR
STARTCHAR SF230000
ENCODING 9571
SWIDTH 500 0
DWIDTH 11 0
BBX 11 22 0 -5
BITMAP
1200
1200
1200
1200
1200
1200
1200
1200
1200
F200
0200
0200
F200
1200
1200
1200
1200
1200
1200
1200
1200
1200
ENDCHAR
STARTCHAR SF470000
ENCODING 9572
SWIDTH 500 0
DWIDTH 11 0
BBX 11 22 0 -5
BITMAP
0000
0000
0000
0000
0000
0000
0000
0000
0000
FFE0
0000
0000
FFE0
0400
0400
0400
0400
0400
0400
0400
0400
0400
ENDCHAR
STARTCHAR SF480000
ENCODING 9573
SWIDTH 500 0
DWIDTH 11 0
BBX 11 22 0 -5
BITMAP
0000
0000
0000
0000
0000
0000
0000
0000
0000
0000
FFE0
1200
1200
1200
1200
1200
1200
1200
1200
1200
1200
1200
ENDCHAR
STARTCHAR SF410000
ENCODING 9574
SWIDTH 500 0
DWIDTH 11 0
BBX 11 22 0 -5
BITMAP
0000
0000
0000
0000
0000
0000
0000
0000
0000
FFE0
0000
0000
F3E0
1200
1200
1200
1200
1200
1200
1200
1200
1200
ENDCHAR
STARTCHAR SF450000
ENCODING 9575
SWIDTH 500 0
DWIDTH 11 0
BBX 11 22 0 -5
BITMAP
0400
0400
0400
0400
0400
0400
0400
0400
0400
FFE0
0000
0000
FFE0
0000
0000
0000
0000
0000
0000
0000
0000
0000
ENDCHAR
STARTCHAR SF460000
ENCODING 9576
SWIDTH 500 0
DWIDTH 11 0
BBX 11 22 0 -5
BITMAP
1200
1200
1200
1200
1200
1200
1200
1200
1200
1200
FFE0
0000
0000
0000
0000
0000
0000
0000
0000
0000
0000
0000
ENDCHAR
STARTCHAR SF400000
ENCODING 9577
SWIDTH 500 0
DWIDTH 11 0
BBX 11 22 0 -5
BITMAP
1200
1200
1200
1200
1200
1200
1200
1200
1200
F3E0
0000
0000
FFE0
0000
0000
0000
0000
0000
0000
0000
0000
0000
ENDCHAR
STARTCHAR SF540000
ENCODING 9578
SWIDTH 500 0
DWIDTH 11 0
BBX 11 22 0 -5
BITMAP
0400
0400
0400
0400
0400
0400
0400
0400
0400
FFE0
0400
0400
FFE0
0400
0400
0400
0400
0400
0400
0400
0400
0400
ENDCHAR
STARTCHAR SF530000
ENCODING 9579
SWIDTH 500 0
DWIDTH 11 0
BBX 11 22 0 -5
BITMAP
1200
1200
1200
1200
1200
1200
1200
1200
1200
1200
FFE0
1200
1200
1200
1200
1200
1200
1200
1200
1200
1200
1200
ENDCHAR
STARTCHAR SF440000
ENCODING 9580
SWIDTH 500 0
DWIDTH 11 0
BBX 11 22 0 -5
BITMAP
1200
1200
1200
1200
1200
1200
1200
1200
1200
F3E0
0000
0000
F3E0
1200
1200
1200
1200
1200
1200
1200
1200
1200
ENDCHAR
STARTCHAR uni256D
ENCODING 9581
SWIDTH 500 0
DWIDTH 11 0
BBX 11 22 0 -5
BITMAP
0000
0000
0000
0000
0000
0000
0000
0000
0000
0000
0060
0180
0200
0200
0400
0400
0400
0400
0400
0400
0400
0400
ENDCHAR
STARTCHAR uni256E
ENCODING 9582
SWIDTH 500 0
DWIDTH 11 0
BBX 11 22 0 -5
BITMAP
0000
0000
0000
0000
0000
0000
0000
0000
0000
0000
C000
3000
0800
0800
0400
0400
0400
0400
0400
0400
0400
0400
ENDCHAR
STARTCHAR uni256F
ENCODING 9583
SWIDTH 500 0
DWIDTH 11 0
BBX 11 22 0 -5
BITMAP
0400
0400
0400
0400
0400
0400
0400
0800
0800
3000
C000
0000
0000
0000
0000
0000
0000
0000
0000
0000
0000
0000
ENDCHAR
STARTCHAR uni2570
ENCODING 9584
SWIDTH 500 0
DWIDTH 11 0
BBX 11 22 0 -5
BITMAP
0400
0400
0400
0400
0400
0400
0400
0200
0200
0180
0060
0000
0000
0000
0000
0000
0000
0000
0000
0000
0000
0000
ENDCHAR
STARTCHAR uni2571
ENCODING 9585
SWIDTH 500 0
DWIDTH 11 0
BBX 11 22 0 -5
BITMAP
0020
0020
0040
0040
0080
0080
0100
0100
0200
0200
0400
0400
0800
0800
1000
1000
2000
2000
4000
4000
8000
8000
ENDCHAR
STARTCHAR uni2572
ENCODING 9586
SWIDTH 500 0
DWIDTH 11 0
BBX 11 22 0 -5
BITMAP
8000
8000
4000
4000
2000
2000
1000
1000
0800
0800
0400
0400
0200
0200
0100
0100
0080
0080
0040
0040
0020
0020
ENDCHAR
STARTCHAR uni2573
ENCODING 9587
SWIDTH 500 0
DWIDTH 11 0
BBX 11 22 0 -5
BITMAP
8020
8020
4040
4040
2080
2080
1100
1100
0A00
0A00
0400
0400
0A00
0A00
1100
1100
2080
2080
4040
4040
8020
8020
ENDCHAR
STARTCHAR uni2574
ENCODING 9588
SWIDTH 500 0
DWIDTH 11 0
BBX 11 22 0 -5
BITMAP
0000
0000
0000
0000
0000
0000
0000
0000
0000
0000
FC00
0000
0000
0000
0000
0000
0000
0000
0000
0000
0000
0000
ENDCHAR
STARTCHAR uni2575
ENCODING 9589
SWIDTH 500 0
DWIDTH 11 0
BBX 11 22 0 -5
BITMAP
0400
0400
0400
0400
0400
0400
0400
0400
0400
0400
0400
0000
0000
0000
0000
0000
0000
0000
0000
0000
0000
0000
ENDCHAR
STARTCHAR uni2576
ENCODING 9590
SWIDTH 500 0
DWIDTH 11 0
BBX 11 22 0 -5
BITMAP
0000
0000
0000
0000
0000
0000
0000
0000
0000
0000
07E0
0000
0000
0000
0000
0000
0000
0000
0000
0000
0000
0000
ENDCHAR
STARTCHAR uni2577
ENCODING 9591
SWIDTH 500 0
DWIDTH 11 0
BBX 11 22 0 -5
BITMAP
0000
0000
0000
0000
0000
0000
0000
0000
0000
0000
0400
0400
0400
0400
0400
0400
0400
0400
0400
0400
0400
0400
ENDCHAR
STARTCHAR uni2578
ENCODING 9592
SWIDTH 500 0
DWIDTH 11 0
BBX 11 22 0 -5
BITMAP
0000
0000
0000
0000
0000
0000
0000
0000
0000
0000
FC00
FC00
0000
0000
0000
0000
0000
0000
0000
0000
0000
0000
ENDCHAR
STARTCHAR uni2579
ENCODING 9593
SWIDTH 500 0
DWIDTH 11 0
BBX 11 22 0 -5
BITMAP
0C00
0C00
0C00
0C00
0C00
0C00
0C00
0C00
0C00
0C00
0C00
0000
0000
0000
0000
0000
0000
0000
0000
0000
0000
0000
ENDCHAR
STARTCHAR uni257A
ENCODING 9594
SWIDTH 500 0
DWIDTH 11 0
BBX 11 22 0 -5
BITMAP
0000
0000
0000
0000
0000
0000
0000
0000
0000
0000
07E0
07E0
0000
0000
0000
0000
0000
0000
0000
0000
0000
0000
ENDCHAR
STARTCHAR uni257B
ENCODING 9595
SWIDTH 500 0
DWIDTH 11 0
BBX 11 22 0 -5
BITMAP
0000
0000
0000
0000
0000
0000
0000
0000
0000
0000
0C00
0C00
0C00
0C00
0C00
0C00
0C00
0C00
0C00
0C00
0C00
0C00
ENDCHAR
STARTCHAR uni257C
ENCODING 9596
SWIDTH 500 0
DWIDTH 11 0
BBX 11 22 0 -5
BITMAP
0000
0000
0000
0000
0000
0000
0000
0000
0000
0000
FFE0
07E0
0000
0000
0000
0000
0000
0000
0000
0000
0000
0000
ENDCHAR
STARTCHAR uni257D
ENCODING 9597
SWIDTH 500 0
DWIDTH 11 0
BBX 11 22 0 -5
BITMAP
0400
0400
0400
0400
0400
0400
0400
0400
0400
0400
0C00
0C00
0C00
0C00
0C00
0C00
0C00
0C00
0C00
0C00
0C00
0C00
ENDCHAR
STARTCHAR uni257E
ENCODING 9598
SWIDTH 500 0
DWIDTH 11 0
BBX 11 22 0 -5
BITMAP
0000
0000
0000
0000
0000
0000
0000
0000
0000
0000
FFE0
FC00
0000
0000
0000
0000
0000
0000
0000
0000
0000
0000
ENDCHAR
STARTCHAR uni257F
ENCODING 9599
SWIDTH 500 0
DWIDTH 11 0
BBX 11 22 0 -5
BITMAP
0C00
0C00
0C00
0C00
0C00
0C00
0C00
0C00
0C00
0C00
0C00
0400
0400
0400
0400
0400
0400
0400
0400
0400
0400
0400
ENDCHAR
STARTCHAR upblock
ENCODING 9600
SWIDTH 500 0
DWIDTH 11 0
BBX 11 22 0 -5
BITMAP
FFE0
FFE0
FFE0
FFE0
FFE0
FFE0
FFE0
FFE0
FFE0
FFE0
FFE0
0000
0000
0000
0000
0000
0000
0000
0000
0000
0000
0000
ENDCHAR
STARTCHAR uni2581
ENCODING 9601
SWIDTH 500 0
DWIDTH 11 0
BBX 11 22 0 -5
BITMAP
0000
0000
0000
0000
0000
0000
0000
0000
0000
0000
0000
0000
0000
0000
0000
0000
0000
0000
0000
FFE0
FFE0
FFE0
ENDCHAR
STARTCHAR uni2582
ENCODING 9602
SWIDTH 500 0
DWIDTH 11 0
BBX 11 22 0 -5
BITMAP
0000
0000
0000
0000
0000
0000
0000
0000
0000
0000
0000
0000
0000
0000
0000
0000
0000
FFE0
FFE0
FFE0
FFE0
FFE0
ENDCHAR
STARTCHAR uni2583
ENCODING 9603
SWIDTH 500 0
DWIDTH 11 0
BBX 11 22 0 -5
BITMAP
0000
0000
0000
0000
0000
0000
0000
0000
0000
0000
0000
0000
0000
0000
FFE0
FFE0
FFE0
FFE0
FFE0
FFE0
FFE0
FFE0
ENDCHAR
STARTCHAR dnblock
ENCODING 9604
SWIDTH 500 0
DWIDTH 11 0
BBX 11 22 0 -5
BITMAP
0000
0000
0000
0000
0000
0000
0000
0000
0000
0000
0000
FFE0
FFE0
FFE0
FFE0
FFE0
FFE0
FFE0
FFE0
FFE0
FFE0
FFE0
ENDCHAR
STARTCHAR uni2585
ENCODING 9605
SWIDTH 500 0
DWIDTH 11 0
BBX 11 22 0 -5
BITMAP
0000
0000
0000
0000
0000
0000
0000
0000
FFE0
FFE0
FFE0
FFE0
FFE0
FFE0
FFE0
FFE0
FFE0
FFE0
FFE0
FFE0
FFE0
FFE0
ENDCHAR
STARTCHAR uni2586
ENCODING 9606
SWIDTH 500 0
DWIDTH 11 0
BBX 11 22 0 -5
BITMAP
0000
0000
0000
0000
0000
0000
FFE0
FFE0
FFE0
FFE0
FFE0
FFE0
FFE0
FFE0
FFE0
FFE0
FFE0
FFE0
FFE0
FFE0
FFE0
FFE0
ENDCHAR
STARTCHAR uni2587
ENCODING 9607
SWIDTH 500 0
DWIDTH 11 0
BBX 11 22 0 -5
BITMAP
0000
0000
0000
FFE0
FFE0
FFE0
FFE0
FFE0
FFE0
FFE0
FFE0
FFE0
FFE0
FFE0
FFE0
FFE0
FFE0
FFE0
FFE0
FFE0
FFE0
FFE0
ENDCHAR
STARTCHAR block
ENCODING 9608
SWIDTH 500 0
DWIDTH 11 0
BBX 11 22 0 -5
BITMAP
FFE0
FFE0
FFE0
FFE0
FFE0
FFE0
FFE0
FFE0
FFE0
FFE0
FFE0
FFE0
FFE0
FFE0
FFE0
FFE0
FFE0
FFE0
FFE0
FFE0
FFE0
FFE0
ENDCHAR
STARTCHAR uni2589
ENCODING 9609
SWIDTH 500 0
DWIDTH 11 0
BBX 11 22 0 -5
BITMAP
FFC0
FFC0
FFC0
FFC0
FFC0
FFC0
FFC0
FFC0
FFC0
FFC0
FFC0
FFC0
FFC0
FFC0
FFC0
FFC0
FFC0
FFC0
FFC0
FFC0
FFC0
FFC0
ENDCHAR
STARTCHAR uni258A
ENCODING 9610
SWIDTH 500 0
DWIDTH 11 0
BBX 11 22 0 -5
BITMAP
FF00
FF00
FF00
FF00
FF00
FF00
FF00
FF00
FF00
FF00
FF00
FF00
FF00
FF00
FF00
FF00
FF00
FF00
FF00
FF00
FF00
FF00
ENDCHAR
STARTCHAR uni258B
ENCODING 9611
SWIDTH 500 0
DWIDTH 11 0
BBX 11 22 0 -5
BITMAP
FE00
FE00
FE00
FE00
FE00
FE00
FE00
FE00
FE00
FE00
FE00
FE00
FE00
FE00
FE00
FE00
FE00
FE00
FE00
FE00
FE00
FE00
ENDCHAR
STARTCHAR lfblock
ENCODING 9612
SWIDTH 500 0
DWIDTH 11 0
BBX 11 22 0 -5
BITMAP
F800
F800
F800
F800
F800
F800
F800
F800
F800
F800
F800
F800
F800
F800
F800
F800
F800
F800
F800
F800
F800
F800
ENDCHAR
STARTCHAR uni258D
ENCODING 9613
SWIDTH 500 0
DWIDTH 11 0
BBX 11 22 0 -5
BITMAP
F000
F000
F000
F000
F000
F000
F000
F000
F000
F000
F000
F000
F000
F000
F000
F000
F000
F000
F000
F000
F000
F000
ENDCHAR
STARTCHAR uni258E
ENCODING 9614
SWIDTH 500 0
DWIDTH 11 0
BBX 11 22 0 -5
BITMAP
E000
E000
E000
E000
E000
E000
E000
E000
E000
E000
E000
E000
E000
E000
E000
E000
E000
E000
E000
E000
E000
E000
ENDCHAR
STARTCHAR uni258F
ENCODING 9615
SWIDTH 500 0
DWIDTH 11 0
BBX 11 22 0 -5
BITMAP
8000
8000
8000
8000
8000
8000
8000
8000
8000
8000
8000
8000
8000
8000
8000
8000
8000
8000
8000
8000
8000
8000
ENDCHAR
STARTCHAR rtblock
ENCODING 9616
SWIDTH 500 0
DWIDTH 11 0
BBX 11 22 0 -5
BITMAP
07E0
07E0
07E0
07E0
07E0
07E0
07E0
07E0
07E0
07E0
07E0
07E0
07E0
07E0
07E0
07E0
07E0
07E0
07E0
07E0
07E0
07E0
ENDCHAR
STARTCHAR ltshade
ENCODING 9617
SWIDTH 500 0
DWIDTH 11 0
BBX 11 22 0 -5
BITMAP
AAA0
0000
AAA0
0000
AAA0
0000
AAA0
0000
AAA0
0000
AAA0
0000
AAA0
0000
AAA0
0000
AAA0
0000
AAA0
0000
AAA0
0000
ENDCHAR
STARTCHAR shade
ENCODING 9618
SWIDTH 500 0
DWIDTH 11 0
BBX 11 22 0 -5
BITMAP
AAA0
5540
AAA0
5540
AAA0
5540
AAA0
5540
AAA0
5540
AAA0
5540
AAA0
5540
AAA0
5540
AAA0
5540
AAA0
5540
AAA0
5540
ENDCHAR
STARTCHAR dkshade
ENCODING 9619
SWIDTH 500 0
DWIDTH 11 0
BBX 11 22 0 -5
BITMAP
FFE0
AAA0
FFE0
AAA0
FFE0
AAA0
FFE0
AAA0
FFE0
AAA0
FFE0
AAA0
FFE0
AAA0
FFE0
AAA0
FFE0
AAA0
FFE0
AAA0
FFE0
AAA0
ENDCHAR
STARTCHAR uni2596
ENCODING 9622
SWIDTH 500 0
DWIDTH 11 0
BBX 11 22 0 -5
BITMAP
0000
0000
0000
0000
0000
0000
0000
0000
0000
0000
0000
F800
F800
F800
F800
F800
F800
F800
F800
F800
F800
F800
ENDCHAR
STARTCHAR uni2597
ENCODING 9623
SWIDTH 500 0
DWIDTH 11 0
BBX 11 22 0 -5
BITMAP
0000
0000
0000
0000
0000
0000
0000
0000
0000
0000
0000
07E0
07E0
07E0
07E0
07E0
07E0
07E0
07E0
07E0
07E0
07E0
ENDCHAR
STARTCHAR uni2598
ENCODING 9624
SWIDTH 500 0
DWIDTH 11 0
BBX 11 22 0 -5
BITMAP
F800
F800
F800
F800
F800
F800
F800
F800
F800
F800
F800
0000
0000
0000
0000
0000
0000
0000
0000
0000
0000
0000
ENDCHAR
STARTCHAR uni2599
ENCODING 9625
SWIDTH 500 0
DWIDTH 11 0
BBX 11 22 0 -5
BITMAP
F800
F800
F800
F800
F800
F800
F800
F800
F800
F800
F800
FFE0
FFE0
FFE0
FFE0
FFE0
FFE0
FFE0
FFE0
FFE0
FFE0
FFE0
ENDCHAR
STARTCHAR uni259A
ENCODING 9626
SWIDTH 500 0
DWIDTH 11 0
BBX 11 22 0 -5
BITMAP
F800
F800
F800
F800
F800
F800
F800
F800
F800
F800
F800
07E0
07E0
07E0
07E0
07E0
07E0
07E0
07E0
07E0
07E0
07E0
ENDCHAR
STARTCHAR uni259B
ENCODING 9627
SWIDTH 500 0
DWIDTH 11 0
BBX 11 22 0 -5
BITMAP
FFE0
FFE0
FFE0
FFE0
FFE0
FFE0
FFE0
FFE0
FFE0
FFE0
FFE0
F800
F800
F800
F800
F800
F800
F800
F800
F800
F800
F800
ENDCHAR
STARTCHAR uni259C
ENCODING 9628
SWIDTH 500 0
DWIDTH 11 0
BBX 11 22 0 -5
BITMAP
FFE0
FFE0
FFE0
FFE0
FFE0
FFE0
FFE0
FFE0
FFE0
FFE0
FFE0
07E0
07E0
07E0
07E0
07E0
07E0
07E0
07E0
07E0
07E0
07E0
ENDCHAR
STARTCHAR uni259D
ENCODING 9629
SWIDTH 500 0
DWIDTH 11 0
BBX 11 22 0 -5
BITMAP
07E0
07E0
07E0
07E0
07E0
07E0
07E0
07E0
07E0
07E0
07E0
0000
0000
0000
0000
0000
0000
0000
0000
0000
0000
0000
ENDCHAR
STARTCHAR uni259E
ENCODING 9630
SWIDTH 500 0
DWIDTH 11 0
BBX 11 22 0 -5
BITMAP
07E0
07E0
07E0
07E0
07E0
07E0
07E0
07E0
07E0
07E0
07E0
F800
F800
F800
F800
F800
F800
F800
F800
F800
F800
F800
ENDCHAR
STARTCHAR uni259F
ENCODING 9631
SWIDTH 500 0
DWIDTH 11 0
BBX 11 22 0 -5
BITMAP
07E0
07E0
07E0
07E0
07E0
07E0
07E0
07E0
07E0
07E0
07E0
FFE0
FFE0
FFE0
FFE0
FFE0
FFE0
FFE0
FFE0
FFE0
FFE0
FFE0
ENDCHAR
STARTCHAR filledbox
ENCODING 9632
SWIDTH 500 0
DWIDTH 11 0
BBX 11 22 0 -5
BITMAP
0000
0000
0000
0000
0000
0000
3F00
3F00
3F00
3F00
3F00
3F00
3F00
3F00
3F00
0000
0000
0000
0000
0000
0000
0000
ENDCHAR
STARTCHAR filledrect
ENCODING 9644
SWIDTH 500 0
DWIDTH 11 0
BBX 11 22 0 -5
BITMAP
0000
0000
0000
0000
0000
0000
0000
0000
0000
0000
0000
7FC0
7FC0
7FC0
7FC0
7FC0
7FC0
0000
0000
0000
0000
0000
ENDCHAR
STARTCHAR uni25AE
ENCODING 9646
SWIDTH 500 0
DWIDTH 11 0
BBX 11 22 0 -5
BITMAP
0000
0000
0000
7F80
7F80
7F80
7F80
7F80
7F80
7F80
7F80
7F80
7F80
7F80
7F80
7F80
7F80
0000
0000
0000
0000
0000
ENDCHAR
STARTCHAR triagup
ENCODING 9650
SWIDTH 500 0
DWIDTH 11 0
BBX 11 22 0 -5
BITMAP
0000
0000
0000
0000
0000
0000
0C00
0C00
1E00
1E00
3F00
3F00
7F80
7F80
FFC0
FFC0
0000
0000
0000
0000
0000
0000
ENDCHAR
STARTCHAR uni25B6
ENCODING 9654
SWIDTH 500 0
DWIDTH 11 0
BBX 11 22 0 -5
BITMAP
0000
0000
0000
0000
0000
0000
C000
F000
FC00
FF00
FFC0
FFC0
FF00
FC00
F000
C000
0000
0000
0000
0000
0000
0000
ENDCHAR
STARTCHAR triagrt
ENCODING 9658
SWIDTH 500 0
DWIDTH 11 0
BBX 11 22 0 -5
BITMAP
0000
0000
0000
0000
0000
0000
C000
F000
FC00
FF00
FFC0
FFC0
FF00
FC00
F000
C000
0000
0000
0000
0000
0000
0000
ENDCHAR
STARTCHAR triagdn
ENCODING 9660
SWIDTH 500 0
DWIDTH 11 0
BBX 11 22 0 -5
BITMAP
0000
0000
0000
0000
0000
0000
FFC0
FFC0
7F80
7F80
3F00
3F00
1E00
1E00
0C00
0C00
0000
0000
0000
0000
0000
0000
ENDCHAR
STARTCHAR uni25C0
ENCODING 9664
SWIDTH 500 0
DWIDTH 11 0
BBX 11 22 0 -5
BITMAP
0000
0000
0000
0000
0000
0000
0060
01E0
07E0
1FE0
7FE0
7FE0
1FE0
07E0
01E0
0060
0000
0000
0000
0000
0000
0000
ENDCHAR
STARTCHAR triaglf
ENCODING 9668
SWIDTH 500 0
DWIDTH 11 0
BBX 11 22 0 -5
BITMAP
0000
0000
0000
0000
0000
0000
0060
01E0
07E0
1FE0
7FE0
7FE0
1FE0
07E0
01E0
0060
0000
0000
0000
0000
0000
0000
ENDCHAR
STARTCHAR blackdiamond
ENCODING 9670
SWIDTH 500 0
DWIDTH 11 0
BBX 11 22 0 -5
BITMAP
0000
0000
0000
0000
0000
0000
0400
0E00
1F00
3F80
7FC0
3F80
1F00
0E00
0400
0000
0000
0000
0000
0000
0000
0000
ENDCHAR
STARTCHAR lozenge
ENCODING 9674
SWIDTH 500 0
DWIDTH 11 0
BBX 11 22 0 -5
BITMAP
0000
0000
0000
0000
0000
0000
0400
0A00
1100
2080
4040
2080
1100
0A00
0400
0000
0000
0000
0000
0000
0000
0000
ENDCHAR
STARTCHAR circle
ENCODING 9675
SWIDTH 500 0
DWIDTH 11 0
BBX 11 22 0 -5
BITMAP
0000
0000
0000
0000
0000
0000
0000
0000
0E00
1100
1100
1100
0E00
0000
0000
0000
0000
0000
0000
0000
0000
0000
ENDCHAR
STARTCHAR H18533
ENCODING 9679
SWIDTH 500 0
DWIDTH 11 0
BBX 11 22 0 -5
BITMAP
0000
0000
0000
0000
0000
0000
0000
0000
0E00
1F00
1F00
1F00
0E00
0000
0000
0000
0000
0000
0000
0000
0000
0000
ENDCHAR
STARTCHAR invbullet
ENCODING 9688
SWIDTH 500 0
DWIDTH 11 0
BBX 11 22 0 -5
BITMAP
FFE0
FFE0
FFE0
FFE0
FFE0
FFE0
FFE0
FFE0
F1E0
E0E0
E0E0
E0E0
F1E0
FFE0
FFE0
FFE0
FFE0
FFE0
FFE0
FFE0
FFE0
FFE0
ENDCHAR
STARTCHAR invcircle
ENCODING 9689
SWIDTH 500 0
DWIDTH 11 0
BBX 11 22 0 -5
BITMAP
FFE0
FFE0
FFE0
FFE0
FFE0
FFE0
FFE0
FFE0
F1E0
EEE0
EEE0
EEE0
F1E0
FFE0
FFE0
FFE0
FFE0
FFE0
FFE0
FFE0
FFE0
FFE0
ENDCHAR
STARTCHAR smileface
ENCODING 9786
SWIDTH 500 0
DWIDTH 11 0
BBX 11 22 0 -5
BITMAP
0000
0000
0000
3F00
4080
8040
B340
B340
8040
8040
8040
BF40
9E40
8040
8040
4080
3F00
0000
0000
0000
0000
0000
ENDCHAR
STARTCHAR invsmileface
ENCODING 9787
SWIDTH 500 0
DWIDTH 11 0
BBX 11 22 0 -5
BITMAP
0000
0000
0000
3F00
7F80
FFC0
CCC0
CCC0
FFC0
FFC0
FFC0
C0C0
E1C0
FFC0
FFC0
7F80
3F00
0000
0000
0000
0000
0000
ENDCHAR
STARTCHAR sun
ENCODING 9788
SWIDTH 500 0
DWIDTH 11 0
BBX 11 22 0 -5
BITMAP
0000
0000
0000
0000
0400
0400
4440
2480
1500
0E00
7BC0
0E00
1500
2480
4440
0400
0400
0000
0000
0000
0000
0000
ENDCHAR
STARTCHAR female
ENCODING 9792
SWIDTH 500 0
DWIDTH 11 0
BBX 11 22 0 -5
BITMAP
0000
0000
0000
1F00
2080
4040
4040
4040
4040
4040
2080
1F00
0400
0400
7FC0
0400
0400
0000
0000
0000
0000
0000
ENDCHAR
STARTCHAR male
ENCODING 9794
SWIDTH 500 0
DWIDTH 11 0
BBX 11 22 0 -5
BITMAP
0000
0000
0000
07C0
00C0
0140
0240
0440
1E00
2100
4080
4080
4080
4080
4080
2100
1E00
0000
0000
0000
0000
0000
ENDCHAR
STARTCHAR spade
ENCODING 9824
SWIDTH 500 0
DWIDTH 11 0
BBX 11 22 0 -5
BITMAP
0000
0000
0000
0400
0400
0400
0E00
1F00
3F80
7FC0
7FC0
7FC0
7FC0
3580
0400
0400
1F00
0000
0000
0000
0000
0000
ENDCHAR
STARTCHAR club
ENCODING 9827
SWIDTH 500 0
DWIDTH 11 0
BBX 11 22 0 -5
BITMAP
0000
0000
0000
0E00
1F00
1F00
0E00
0400
0400
3580
7FC0
7FC0
7FC0
3580
0400
0400
1F00
0000
0000
0000
0000
0000
ENDCHAR
STARTCHAR heart
ENCODING 9829
SWIDTH 500 0
DWIDTH 11 0
BBX 11 22 0 -5
BITMAP
0000
0000
0000
0000
0000
3180
7BC0
7FC0
7FC0
7FC0
7FC0
7FC0
3F80
1F00
0E00
0400
0000
0000
0000
0000
0000
0000
ENDCHAR
STARTCHAR diamond
ENCODING 9830
SWIDTH 500 0
DWIDTH 11 0
BBX 11 22 0 -5
BITMAP
0000
0000
0000
0000
0000
0000
0400
0E00
1F00
3F80
7FC0
3F80
1F00
0E00
0400
0000
0000
0000
0000
0000
0000
0000
ENDCHAR
STARTCHAR musicalnote
ENCODING 9834
SWIDTH 500 0
DWIDTH 11 0
BBX 11 22 0 -5
BITMAP
0000
0000
0000
1FC0
1040
1040
1040
1FC0
1000
1000
1000
1000
1000
1000
1000
1000
E000
0000
0000
0000
0000
0000
ENDCHAR
STARTCHAR musicalnotedbl
ENCODING 9835
SWIDTH 500 0
DWIDTH 11 0
BBX 11 22 0 -5
BITMAP
0000
0000
0000
7F80
4080
4080
4080
7F80
4080
4080
4080
4080
4080
4080
4080
4100
8000
0000
0000
0000
0000
0000
ENDCHAR
STARTCHAR uni2713
ENCODING 10003
SWIDTH 500 0
DWIDTH 11 0
BBX 11 22 0 -5
BITMAP
0000
0000
0000
0040
0040
0080
0080
0100
0100
8200
8200
4400
4400
2800
2800
1000
1000
0000
0000
0000
0000
0000
ENDCHAR
STARTCHAR uni2714
ENCODING 10004
SWIDTH 500 0
DWIDTH 11 0
BBX 11 22 0 -5
BITMAP
0000
0000
0000
0060
0060
00C0
00C0
0180
0180
C300
C300
6600
6600
3C00
3C00
1800
1800
0000
0000
0000
0000
0000
ENDCHAR
STARTCHAR uni2717
ENCODING 10007
SWIDTH 500 0
DWIDTH 11 0
BBX 11 22 0 -5
BITMAP
0000
0000
0000
0100
0100
4200
2200
1400
0C00
0C00
0A00
1100
1080
2000
2000
4000
4000
0000
0000
0000
0000
0000
ENDCHAR
STARTCHAR uni2718
ENCODING 10008
SWIDTH 500 0
DWIDTH 11 0
BBX 11 22 0 -5
BITMAP
0000
0000
0000
0180
0180
6300
3300
1E00
0E00
0E00
0F00
1980
18C0
3000
3000
6000
6000
0000
0000
0000
0000
0000
ENDCHAR
STARTCHAR uni27E8
ENCODING 10216
SWIDTH 500 0
DWIDTH 11 0
BBX 11 22 0 -5
BITMAP
0000
0000
0000
0200
0200
0400
0400
0800
0800
1000
1000
0800
0800
0400
0400
0200
0200
0000
0000
0000
0000
0000
ENDCHAR
STARTCHAR uni27E9
ENCODING 10217
SWIDTH 500 0
DWIDTH 11 0
BBX 11 22 0 -5
BITMAP
0000
0000
0000
1000
1000
0800
0800
0400
0400
0200
0200
0400
0400
0800
0800
1000
1000
0000
0000
0000
0000
0000
ENDCHAR
STARTCHAR uni27EA
ENCODING 10218
SWIDTH 500 0
DWIDTH 11 0
BBX 11 22 0 -5
BITMAP
0000
0000
0000
0880
0880
1100
1100
2200
2200
4400
4400
2200
2200
1100
1100
0880
0880
0000
0000
0000
0000
0000
ENDCHAR
STARTCHAR uni27EB
ENCODING 10219
SWIDTH 500 0
DWIDTH 11 0
BBX 11 22 0 -5
BITMAP
0000
0000
0000
4400
4400
2200
2200
1100
1100
0880
0880
1100
1100
2200
2200
4400
4400
0000
0000
0000
0000
0000
ENDCHAR
STARTCHAR uni2800
ENCODING 10240
SWIDTH 500 0
DWIDTH 11 0
BBX 11 22 0 -5
BITMAP
0000
0000
0000
0000
0000
0000
0000
0000
0000
0000
0000
0000
0000
0000
0000
0000
0000
0000
0000
0000
0000
0000
ENDCHAR
STARTCHAR uni2801
ENCODING 10241
SWIDTH 500 0
DWIDTH 11 0
BBX 11 22 0 -5
BITMAP
0000
2000
2000
2000
0000
0000
0000
0000
0000
0000
0000
0000
0000
0000
0000
0000
0000
0000
0000
0000
0000
0000
ENDCHAR
STARTCHAR uni2802
ENCODING 10242
SWIDTH 500 0
DWIDTH 11 0
BBX 11 22 0 -5
BITMAP
0000
0000
0000
0000
0000
0000
2000
2000
2000
0000
0000
0000
0000
0000
0000
0000
0000
0000
0000
0000
0000
0000
ENDCHAR
STARTCHAR uni2803
ENCODING 10243
SWIDTH 500 0
DWIDTH 11 0
BBX 11 22 0 -5
BITMAP
0000
2000
2000
2000
0000
0000
2000
2000
2000
0000
0000
0000
0000
0000
0000
0000
0000
0000
0000
0000
0000
0000
ENDCHAR
STARTCHAR uni2804
ENCODING 10244
SWIDTH 500 0
DWIDTH 11 0
BBX 11 22 0 -5
BITMAP
0000
0000
0000
0000
0000
0000
0000
0000
0000
0000
0000
0000
2000
2000
2000
0000
0000
0000
0000
0000
0000
0000
ENDCHAR
STARTCHAR uni2805
ENCODING 10245
SWIDTH 500 0
DWIDTH 11 0
BBX 11 22 0 -5
BITMAP
0000
2000
2000
2000
0000
0000
0000
0000
0000
0000
0000
0000
2000
2000
2000
0000
0000
0000
0000
0000
0000
0000
ENDCHAR
STARTCHAR uni2806
ENCODING 10246
SWIDTH 500 0
DWIDTH 11 0
BBX 11 22 0 -5
BITMAP
0000
0000
0000
0000
0000
0000
2000
2000
2000
0000
0000
0000
2000
2000
2000
0000
0000
0000
0000
0000
0000
0000
ENDCHAR
STARTCHAR uni2807
ENCODING 10247
SWIDTH 500 0
DWIDTH 11 0
BBX 11 22 0 -5
BITMAP
0000
2000
2000
2000
0000
0000
2000
2000
2000
0000
0000
0000
2000
2000
2000
0000
0000
0000
0000
0000
0000
0000
ENDCHAR
STARTCHAR uni2808
ENCODING 10248
SWIDTH 500 0
DWIDTH 11 0
BBX 11 22 0 -5
BITMAP
0000
0100
0100
0100
0000
0000
0000
0000
0000
0000
0000
0000
0000
0000
0000
0000
0000
0000
0000
0000
0000
0000
ENDCHAR
STARTCHAR uni2809
ENCODING 10249
SWIDTH 500 0
DWIDTH 11 0
BBX 11 22 0 -5
BITMAP
0000
2100
2100
2100
0000
0000
0000
0000
0000
0000
0000
0000
0000
0000
0000
0000
0000
0000
0000
0000
0000
0000
ENDCHAR
STARTCHAR uni280A
ENCODING 10250
SWIDTH 500 0
DWIDTH 11 0
BBX 11 22 0 -5
BITMAP
0000
0100
0100
0100
0000
0000
2000
2000
2000
0000
0000
0000
0000
0000
0000
0000
0000
0000
0000
0000
0000
0000
ENDCHAR
STARTCHAR uni280B
ENCODING 10251
SWIDTH 500 0
DWIDTH 11 0
BBX 11 22 0 -5
BITMAP
0000
2100
2100
2100
0000
0000
2000
2000
2000
0000
0000
0000
0000
0000
0000
0000
0000
0000
0000
0000
0000
0000
ENDCHAR
STARTCHAR uni280C
ENCODING 10252
SWIDTH 500 0
DWIDTH 11 0
BBX 11 22 0 -5
BITMAP
0000
0100
0100
0100
0000
0000
0000
0000
0000
0000
0000
0000
2000
2000
2000
0000
0000
0000
0000
0000
0000
0000
ENDCHAR
STARTCHAR uni280D
ENCODING 10253
SWIDTH 500 0
DWIDTH 11 0
BBX 11 22 0 -5
BITMAP
0000
2100
2100
2100
0000
0000
0000
0000
0000
0000
0000
0000
2000
2000
2000
0000
0000
0000
0000
0000
0000
0000
ENDCHAR
STARTCHAR uni280E
ENCODING 10254
SWIDTH 500 0
DWIDTH 11 0
BBX 11 22 0 -5
BITMAP
0000
0100
0100
0100
0000
0000
2000
2000
2000
0000
0000
0000
2000
2000
2000
0000
0000
0000
0000
0000
0000
0000
ENDCHAR
STARTCHAR uni280F
ENCODING 10255
SWIDTH 500 0
DWIDTH 11 0
BBX 11 22 0 -5
BITMAP
0000
2100
2100
2100
0000
0000
2000
2000
2000
0000
0000
0000
2000
2000
2000
0000
0000
0000
0000
0000
0000
0000
ENDCHAR
STARTCHAR uni2810
ENCODING 10256
SWIDTH 500 0
DWIDTH 11 0
BBX 11 22 0 -5
BITMAP
0000
0000
0000
0000
0000
0000
0100
0100
0100
0000
0000
0000
0000
0000
0000
0000
0000
0000
0000
0000
0000
0000
ENDCHAR
STARTCHAR uni2811
ENCODING 10257
SWIDTH 500 0
DWIDTH 11 0
BBX 11 22 0 -5
BITMAP
0000
2000
2000
2000
0000
0000
0100
0100
0100
0000
0000
0000
0000
0000
0000
0000
0000
0000
0000
0000
0000
0000
ENDCHAR
STARTCHAR uni2812
ENCODING 10258
SWIDTH 500 0
DWIDTH 11 0
BBX 11 22 0 -5
BITMAP
0000
0000
0000
0000
0000
0000
2100
2100
2100
0000
0000
0000
0000
0000
0000
0000
0000
0000
0000
0000
0000
0000
ENDCHAR
STARTCHAR uni2813
ENCODING 10259
SWIDTH 500 0
DWIDTH 11 0
BBX 11 22 0 -5
BITMAP
0000
2000
2000
2000
0000
0000
2100
2100
2100
0000
0000
0000
0000
0000
0000
0000
0000
0000
0000
0000
0000
0000
ENDCHAR
STARTCHAR uni2814
ENCODING 10260
SWIDTH 500 0
DWIDTH 11 0
BBX 11 22 0 -5
BITMAP
0000
0000
0000
0000
0000
0000
0100
0100
0100
0000
0000
0000
2000
2000
2000
0000
0000
0000
0000
0000
0000
0000
ENDCHAR
STARTCHAR uni2815
ENCODING 10261
SWIDTH 500 0
DWIDTH 11 0
BBX 11 22 0 -5
BITMAP
0000
2000
2000
2000
0000
0000
0100
0100
0100
0000
0000
0000
2000
2000
2000
0000
0000
0000
0000
0000
0000
0000
ENDCHAR
STARTCHAR uni2816
ENCODING 10262
SWIDTH 500 0
DWIDTH 11 0
BBX 11 22 0 -5
BITMAP
0000
0000
0000
0000
0000
0000
2100
2100
2100
0000
0000
0000
2000
2000
2000
0000
0000
0000
0000
0000
0000
0000
ENDCHAR
STARTCHAR uni2817
ENCODING 10263
SWIDTH 500 0
DWIDTH 11 0
BBX 11 22 0 -5
BITMAP
0000
2000
2000
2000
0000
0000
2100
2100
2100
0000
0000
0000
2000
2000
2000
0000
0000
0000
0000
0000
0000
0000
ENDCHAR
STARTCHAR uni2818
ENCODING 10264
SWIDTH 500 0
DWIDTH 11 0
BBX 11 22 0 -5
BITMAP
0000
0100
0100
0100
0000
0000
0100
0100
0100
0000
0000
0000
0000
0000
0000
0000
0000
0000
0000
0000
0000
0000
ENDCHAR
STARTCHAR uni2819
ENCODING 10265
SWIDTH 500 0
DWIDTH 11 0
BBX 11 22 0 -5
BITMAP
0000
2100
2100
2100
0000
0000
0100
0100
0100
0000
0000
0000
0000
0000
0000
0000
0000
0000
0000
0000
0000
0000
ENDCHAR
STARTCHAR uni281A
ENCODING 10266
SWIDTH 500 0
DWIDTH 11 0
BBX 11 22 0 -5
BITMAP
0000
0100
0100
0100
0000
0000
2100
2100
2100
0000
0000
0000
0000
0000
0000
0000
0000
0000
0000
0000
0000
0000
ENDCHAR
STARTCHAR uni281B
ENCODING 10267
SWIDTH 500 0
DWIDTH 11 0
BBX 11 22 0 -5
BITMAP
0000
2100
2100
2100
0000
0000
2100
2100
2100
0000
0000
0000
0000
0000
0000
0000
0000
0000
0000
0000
0000
0000
ENDCHAR
STARTCHAR uni281C
ENCODING 10268
SWIDTH 500 0
DWIDTH 11 0
BBX 11 22 0 -5
BITMAP
0000
0100
0100
0100
0000
0000
0100
0100
0100
0000
0000
0000
2000
2000
2000
0000
0000
0000
0000
0000
0000
0000
ENDCHAR
STARTCHAR uni281D
ENCODING 10269
SWIDTH 500 0
DWIDTH 11 0
BBX 11 22 0 -5
BITMAP
0000
2100
2100
2100
0000
0000
0100
0100
0100
0000
0000
0000
2000
2000
2000
0000
0000
0000
0000
0000
0000
0000
ENDCHAR
STARTCHAR uni281E
ENCODING 10270
SWIDTH 500 0
DWIDTH 11 0
BBX 11 22 0 -5
BITMAP
0000
0100
0100
0100
0000
0000
2100
2100
2100
0000
0000
0000
2000
2000
2000
0000
0000
0000
0000
0000
0000
0000
ENDCHAR
STARTCHAR uni281F
ENCODING 10271
SWIDTH 500 0
DWIDTH 11 0
BBX 11 22 0 -5
BITMAP
0000
2100
2100
2100
0000
0000
2100
2100
2100
0000
0000
0000
2000
2000
2000
0000
0000
0000
0000
0000
0000
0000
ENDCHAR
STARTCHAR uni2820
ENCODING 10272
SWIDTH 500 0
DWIDTH 11 0
BBX 11 22 0 -5
BITMAP
0000
0000
0000
0000
0000
0000
0000
0000
0000
0000
0000
0000
0100
0100
0100
0000
0000
0000
0000
0000
0000
0000
ENDCHAR
STARTCHAR uni2821
ENCODING 10273
SWIDTH 500 0
DWIDTH 11 0
BBX 11 22 0 -5
BITMAP
0000
2000
2000
2000
0000
0000
0000
0000
0000
0000
0000
0000
0100
0100
0100
0000
0000
0000
0000
0000
0000
0000
ENDCHAR
STARTCHAR uni2822
ENCODING 10274
SWIDTH 500 0
DWIDTH 11 0
BBX 11 22 0 -5
BITMAP
0000
0000
0000
0000
0000
0000
2000
2000
2000
0000
0000
0000
0100
0100
0100
0000
0000
0000
0000
0000
0000
0000
ENDCHAR
STARTCHAR uni2823
ENCODING 10275
SWIDTH 500 0
DWIDTH 11 0
BBX 11 22 0 -5
BITMAP
0000
2000
2000
2000
0000
0000
2000
2000
2000
0000
0000
0000
0100
0100
0100
0000
0000
0000
0000
0000
0000
0000
ENDCHAR
STARTCHAR uni2824
ENCODING 10276
SWIDTH 500 0
DWIDTH 11 0
BBX 11 22 0 -5
BITMAP
0000
0000
0000
0000
0000
0000
0000
0000
0000
0000
0000
0000
2100
2100
2100
0000
0000
0000
0000
0000
0000
0000
ENDCHAR
STARTCHAR uni2825
ENCODING 10277
SWIDTH 500 0
DWIDTH 11 0
BBX 11 22 0 -5
BITMAP
0000
2000
2000
2000
0000
0000
0000
0000
0000
0000
0000
0000
2100
2100
2100
0000
0000
0000
0000
0000
0000
0000
ENDCHAR
STARTCHAR uni2826
ENCODING 10278
SWIDTH 500 0
DWIDTH 11 0
BBX 11 22 0 -5
BITMAP
0000
0000
0000
0000
0000
0000
2000
2000
2000
0000
0000
0000
2100
2100
2100
0000
0000
0000
0000
0000
0000
0000
ENDCHAR
STARTCHAR uni2827
ENCODING 10279
SWIDTH 500 0
DWIDTH 11 0
BBX 11 22 0 -5
BITMAP
0000
2000
2000
2000
0000
0000
2000
2000
2000
0000
0000
0000
2100
2100
2100
0000
0000
0000
0000
0000
0000
0000
ENDCHAR
STARTCHAR uni2828
ENCODING 10280
SWIDTH 500 0
DWIDTH 11 0
BBX 11 22 0 -5
BITMAP
0000
0100
0100
0100
0000
0000
0000
0000
0000
0000
0000
0000
0100
0100
0100
0000
0000
0000
0000
0000
0000
0000
ENDCHAR
STARTCHAR uni2829
ENCODING 10281
SWIDTH 500 0
DWIDTH 11 0
BBX 11 22 0 -5
BITMAP
0000
2100
2100
2100
0000
0000
0000
0000
0000
0000
0000
0000
0100
0100
0100
0000
0000
0000
0000
0000
0000
0000
ENDCHAR
STARTCHAR uni282A
ENCODING 10282
SWIDTH 500 0
DWIDTH 11 0
BBX 11 22 0 -5
BITMAP
0000
0100
0100
0100
0000
0000
2000
2000
2000
0000
0000
0000
0100
0100
0100
0000
0000
0000
0000
0000
0000
0000
ENDCHAR
STARTCHAR uni282B
ENCODING 10283
SWIDTH 500 0
DWIDTH 11 0
BBX 11 22 0 -5
BITMAP
0000
2100
2100
2100
0000
0000
2000
2000
2000
0000
0000
0000
0100
0100
0100
0000
0000
0000
0000
0000
0000
0000
ENDCHAR
STARTCHAR uni282C
ENCODING 10284
SWIDTH 500 0
DWIDTH 11 0
BBX 11 22 0 -5
BITMAP
0000
0100
0100
0100
0000
0000
0000
0000
0000
0000
0000
0000
2100
2100
2100
0000
0000
0000
0000
0000
0000
0000
ENDCHAR
STARTCHAR uni282D
ENCODING 10285
SWIDTH 500 0
DWIDTH 11 0
BBX 11 22 0 -5
BITMAP
0000
2100
2100
2100
0000
0000
0000
0000
0000
0000
0000
0000
2100
2100
2100
0000
0000
0000
0000
0000
0000
0000
ENDCHAR
STARTCHAR uni282E
ENCODING 10286
SWIDTH 500 0
DWIDTH 11 0
BBX 11 22 0 -5
BITMAP
0000
0100
0100
0100
0000
0000
2000
2000
2000
0000
0000
0000
2100
2100
2100
0000
0000
0000
0000
0000
0000
0000
ENDCHAR
STARTCHAR uni282F
ENCODING 10287
SWIDTH 500 0
DWIDTH 11 0
BBX 11 22 0 -5
BITMAP
0000
2100
2100
2100
0000
0000
2000
2000
2000
0000
0000
0000
2100
2100
2100
0000
0000
0000
0000
0000
0000
0000
ENDCHAR
STARTCHAR uni2830
ENCODING 10288
SWIDTH 500 0
DWIDTH 11 0
BBX 11 22 0 -5
BITMAP
0000
0000
0000
0000
0000
0000
0100
0100
0100
0000
0000
0000
0100
0100
0100
0000
0000
0000
0000
0000
0000
0000
ENDCHAR
STARTCHAR uni2831
ENCODING 10289
SWIDTH 500 0
DWIDTH 11 0
BBX 11 22 0 -5
BITMAP
0000
2000
2000
2000
0000
0000
0100
0100
0100
0000
0000
0000
0100
0100
0100
0000
0000
0000
0000
0000
0000
0000
ENDCHAR
STARTCHAR uni2832
ENCODING 10290
SWIDTH 500 0
DWIDTH 11 0
BBX 11 22 0 -5
BITMAP
0000
0000
0000
0000
0000
0000
2100
2100
2100
0000
0000
0000
0100
0100
0100
0000
0000
0000
0000
0000
0000
0000
ENDCHAR
STARTCHAR uni2833
ENCODING 10291
SWIDTH 500 0
DWIDTH 11 0
BBX 11 22 0 -5
BITMAP
0000
2000
2000
2000
0000
0000
2100
2100
2100
0000
0000
0000
0100
0100
0100
0000
0000
0000
0000
0000
0000
0000
ENDCHAR
STARTCHAR uni2834
ENCODING 10292
SWIDTH 500 0
DWIDTH 11 0
BBX 11 22 0 -5
BITMAP
0000
0000
0000
0000
0000
0000
0100
0100
0100
0000
0000
0000
2100
2100
2100
0000
0000
0000
0000
0000
0000
0000
ENDCHAR
STARTCHAR uni2835
ENCODING 10293
SWIDTH 500 0
DWIDTH 11 0
BBX 11 22 0 -5
BITMAP
0000
2000
2000
2000
0000
0000
0100
0100
0100
0000
0000
0000
2100
2100
2100
0000
0000
0000
0000
0000
0000
0000
ENDCHAR
STARTCHAR uni2836
ENCODING 10294
SWIDTH 500 0
DWIDTH 11 0
BBX 11 22 0 -5
BITMAP
0000
0000
0000
0000
0000
0000
2100
2100
2100
0000
0000
0000
2100
2100
2100
0000
0000
0000
0000
0000
0000
0000
ENDCHAR
STARTCHAR uni2837
ENCODING 10295
SWIDTH 500 0
DWIDTH 11 0
BBX 11 22 0 -5
BITMAP
0000
2000
2000
2000
0000
0000
2100
2100
2100
0000
0000
0000
2100
2100
2100
0000
0000
0000
0000
0000
0000
0000
ENDCHAR
STARTCHAR uni2838
ENCODING 10296
SWIDTH 500 0
DWIDTH 11 0
BBX 11 22 0 -5
BITMAP
0000
0100
0100
0100
0000
0000
0100
0100
0100
0000
0000
0000
0100
0100
0100
0000
0000
0000
0000
0000
0000
0000
ENDCHAR
STARTCHAR uni2839
ENCODING 10297
SWIDTH 500 0
DWIDTH 11 0
BBX 11 22 0 -5
BITMAP
0000
2100
2100
2100
0000
0000
0100
0100
0100
0000
0000
0000
0100
0100
0100
0000
0000
0000
0000
0000
0000
0000
ENDCHAR
STARTCHAR uni283A
ENCODING 10298
SWIDTH 500 0
DWIDTH 11 0
BBX 11 22 0 -5
BITMAP
0000
0100
0100
0100
0000
0000
2100
2100
2100
0000
0000
0000
0100
0100
0100
0000
0000
0000
0000
0000
0000
0000
ENDCHAR
STARTCHAR uni283B
ENCODING 10299
SWIDTH 500 0
DWIDTH 11 0
BBX 11 22 0 -5
BITMAP
0000
2100
2100
2100
0000
0000
2100
2100
2100
0000
0000
0000
0100
0100
0100
0000
0000
0000
0000
0000
0000
0000
ENDCHAR
STARTCHAR uni283C
ENCODING 10300
SWIDTH 500 0
DWIDTH 11 0
BBX 11 22 0 -5
BITMAP
0000
0100
0100
0100
0000
0000
0100
0100
0100
0000
0000
0000
2100
2100
2100
0000
0000
0000
0000
0000
0000
0000
ENDCHAR
STARTCHAR uni283D
ENCODING 10301
SWIDTH 500 0
DWIDTH 11 0
BBX 11 22 0 -5
BITMAP
0000
2100
2100
2100
0000
0000
0100
0100
0100
0000
0000
0000
2100
2100
2100
0000
0000
0000
0000
0000
0000
0000
ENDCHAR
STARTCHAR uni283E
ENCODING 10302
SWIDTH 500 0
DWIDTH 11 0
BBX 11 22 0 -5
BITMAP
0000
0100
0100
0100
0000
0000
2100
2100
2100
0000
0000
0000
2100
2100
2100
0000
0000
0000
0000
0000
0000
0000
ENDCHAR
STARTCHAR uni283F
ENCODING 10303
SWIDTH 500 0
DWIDTH 11 0
BBX 11 22 0 -5
BITMAP
0000
2100
2100
2100
0000
0000
2100
2100
2100
0000
0000
0000
2100
2100
2100
0000
0000
0000
0000
0000
0000
0000
ENDCHAR
STARTCHAR uni2840
ENCODING 10304
SWIDTH 500 0
DWIDTH 11 0
BBX 11 22 0 -5
BITMAP
0000
0000
0000
0000
0000
0000
0000
0000
0000
0000
0000
0000
0000
0000
0000
0000
0000
2000
2000
2000
0000
0000
ENDCHAR
STARTCHAR uni2841
ENCODING 10305
SWIDTH 500 0
DWIDTH 11 0
BBX 11 22 0 -5
BITMAP
0000
2000
2000
2000
0000
0000
0000
0000
0000
0000
0000
0000
0000
0000
0000
0000
0000
2000
2000
2000
0000
0000
ENDCHAR
STARTCHAR uni2842
ENCODING 10306
SWIDTH 500 0
DWIDTH 11 0
BBX 11 22 0 -5
BITMAP
0000
0000
0000
0000
0000
0000
2000
2000
2000
0000
0000
0000
0000
0000
0000
0000
0000
2000
2000
2000
0000
0000
ENDCHAR
STARTCHAR uni2843
ENCODING 10307
SWIDTH 500 0
DWIDTH 11 0
BBX 11 22 0 -5
BITMAP
0000
2000
2000
2000
0000
0000
2000
2000
2000
0000
0000
0000
0000
0000
0000
0000
0000
2000
2000
2000
0000
0000
ENDCHAR
STARTCHAR uni2844
ENCODING 10308
SWIDTH 500 0
DWIDTH 11 0
BBX 11 22 0 -5
BITMAP
0000
0000
0000
0000
0000
0000
0000
0000
0000
0000
0000
0000
2000
2000
2000
0000
0000
2000
2000
2000
0000
0000
ENDCHAR
STARTCHAR uni2845
ENCODING 10309
SWIDTH 500 0
DWIDTH 11 0
BBX 11 22 0 -5
BITMAP
0000
2000
2000
2000
0000
0000
0000
0000
0000
0000
0000
0000
2000
2000
2000
0000
0000
2000
2000
2000
0000
0000
ENDCHAR
STARTCHAR uni2846
ENCODING 10310
SWIDTH 500 0
DWIDTH 11 0
BBX 11 22 0 -5
BITMAP
0000
0000
0000
0000
0000
0000
2000
2000
2000
0000
0000
0000
2000
2000
2000
0000
0000
2000
2000
2000
0000
0000
ENDCHAR
STARTCHAR uni2847
ENCODING 10311
SWIDTH 500 0
DWIDTH 11 0
BBX 11 22 0 -5
BITMAP
0000
2000
2000
2000
0000
0000
2000
2000
2000
0000
0000
0000
2000
2000
2000
0000
0000
2000
2000
2000
0000
0000
ENDCHAR
STARTCHAR uni2848
ENCODING 10312
SWIDTH 500 0
DWIDTH 11 0
BBX 11 22 0 -5
BITMAP
0000
0100
0100
0100
0000
0000
0000
0000
0000
0000
0000
0000
0000
0000
0000
0000
0000
2000
2000
2000
0000
0000
ENDCHAR
STARTCHAR uni2849
ENCODING 10313
SWIDTH 500 0
DWIDTH 11 0
BBX 11 22 0 -5
BITMAP
0000
2100
2100
2100
0000
0000
0000
0000
0000
0000
0000
0000
0000
0000
0000
0000
0000
2000
2000
2000
0000
0000
ENDCHAR
STARTCHAR uni284A
ENCODING 10314
SWIDTH 500 0
DWIDTH 11 0
BBX 11 22 0 -5
BITMAP
0000
0100
0100
0100
0000
0000
2000
2000
2000
0000
0000
0000
0000
0000
0000
0000
0000
2000
2000
2000
0000
0000
ENDCHAR
STARTCHAR uni284B
ENCODING 10315
SWIDTH 500 0
DWIDTH 11 0
BBX 11 22 0 -5
BITMAP
0000
2100
2100
2100
0000
0000
2000
2000
2000
0000
0000
0000
0000
0000
0000
0000
0000
2000
2000
2000
0000
0000
ENDCHAR
STARTCHAR uni284C
ENCODING 10316
SWIDTH 500 0
DWIDTH 11 0
BBX 11 22 0 -5
BITMAP
0000
0100
0100
0100
0000
0000
0000
0000
0000
0000
0000
0000
2000
2000
2000
0000
0000
2000
2000
2000
0000
0000
ENDCHAR
STARTCHAR uni284D
ENCODING 10317
SWIDTH 500 0
DWIDTH 11 0
BBX 11 22 0 -5
BITMAP
0000
2100
2100
2100
0000
0000
0000
0000
0000
0000
0000
0000
2000
2000
2000
0000
0000
2000
2000
2000
0000
0000
ENDCHAR
STARTCHAR uni284E
ENCODING 10318
SWIDTH 500 0
DWIDTH 11 0
BBX 11 22 0 -5
BITMAP
0000
0100
0100
0100
0000
0000
2000
2000
2000
0000
0000
0000
2000
2000
2000
0000
0000
2000
2000
2000
0000
0000
ENDCHAR
STARTCHAR uni284F
ENCODING 10319
SWIDTH 500 0
DWIDTH 11 0
BBX 11 22 0 -5
BITMAP
0000
2100
2100
2100
0000
0000
2000
2000
2000
0000
0000
0000
2000
2000
2000
0000
0000
2000
2000
2000
0000
0000
ENDCHAR
STARTCHAR uni2850
ENCODING 10320
SWIDTH 500 0
DWIDTH 11 0
BBX 11 22 0 -5
BITMAP
0000
0000
0000
0000
0000
0000
0100
0100
0100
0000
0000
0000
0000
0000
0000
0000
0000
2000
2000
2000
0000
0000
ENDCHAR
STARTCHAR uni2851
ENCODING 10321
SWIDTH 500 0
DWIDTH 11 0
BBX 11 22 0 -5
BITMAP
0000
2000
2000
2000
0000
0000
0100
0100
0100
0000
0000
0000
0000
0000
0000
0000
0000
2000
2000
2000
0000
0000
ENDCHAR
STARTCHAR uni2852
ENCODING 10322
SWIDTH 500 0
DWIDTH 11 0
BBX 11 22 0 -5
BITMAP
0000
0000
0000
0000
0000
0000
2100
2100
2100
0000
0000
0000
0000
0000
0000
0000
0000
2000
2000
2000
0000
0000
ENDCHAR
STARTCHAR uni2853
ENCODING 10323
SWIDTH 500 0
DWIDTH 11 0
BBX 11 22 0 -5
BITMAP
0000
2000
2000
2000
0000
0000
2100
2100
2100
0000
0000
0000
0000
0000
0000
0000
0000
2000
2000
2000
0000
0000
ENDCHAR
STARTCHAR uni2854
ENCODING 10324
SWIDTH 500 0
DWIDTH 11 0
BBX 11 22 0 -5
BITMAP
0000
0000
0000
0000
0000
0000
0100
0100
0100
0000
0000
0000
2000
2000
2000
0000
0000
2000
2000
2000
0000
0000
ENDCHAR
STARTCHAR uni2855
ENCODING 10325
SWIDTH 500 0
DWIDTH 11 0
BBX 11 22 0 -5
BITMAP
0000
2000
2000
2000
0000
0000
0100
0100
0100
0000
0000
0000
2000
2000
2000
0000
0000
2000
2000
2000
0000
0000
ENDCHAR
STARTCHAR uni2856
ENCODING 10326
SWIDTH 500 0
DWIDTH 11 0
BBX 11 22 0 -5
BITMAP
0000
0000
0000
0000
0000
0000
2100
2100
2100
0000
0000
0000
2000
2000
2000
0000
0000
2000
2000
2000
0000
0000
ENDCHAR
STARTCHAR uni2857
ENCODING 10327
SWIDTH 500 0
DWIDTH 11 0
BBX 11 22 0 -5
BITMAP
0000
2000
2000
2000
0000
0000
2100
2100
2100
0000
0000
0000
2000
2000
2000
0000
0000
2000
2000
2000
0000
0000
ENDCHAR
STARTCHAR uni2858
ENCODING 10328
SWIDTH 500 0
DWIDTH 11 0
BBX 11 22 0 -5
BITMAP
0000
0100
0100
0100
0000
0000
0100
0100
0100
0000
0000
0000
0000
0000
0000
0000
0000
2000
2000
2000
0000
0000
ENDCHAR
STARTCHAR uni2859
ENCODING 10329
SWIDTH 500 0
DWIDTH 11 0
BBX 11 22 0 -5
BITMAP
0000
2100
2100
2100
0000
0000
0100
0100
0100
0000
0000
0000
0000
0000
0000
0000
0000
2000
2000
2000
0000
0000
ENDCHAR
STARTCHAR uni285A
ENCODING 10330
SWIDTH 500 0
DWIDTH 11 0
BBX 11 22 0 -5
BITMAP
0000
0100
0100
0100
0000
0000
2100
2100
2100
0000
0000
0000
0000
0000
0000
0000
0000
2000
2000
2000
0000
0000
ENDCHAR
STARTCHAR uni285B
ENCODING 10331
SWIDTH 500 0
DWIDTH 11 0
BBX 11 22 0 -5
BITMAP
0000
2100
2100
2100
0000
0000
2100
2100
2100
0000
0000
0000
0000
0000
0000
0000
0000
2000
2000
2000
0000
0000
ENDCHAR
STARTCHAR uni285C
ENCODING 10332
SWIDTH 500 0
DWIDTH 11 0
BBX 11 22 0 -5
BITMAP
0000
0100
0100
0100
0000
0000
0100
0100
0100
0000
0000
0000
2000
2000
2000
0000
0000
2000
2000
2000
0000
0000
ENDCHAR
STARTCHAR uni285D
ENCODING 10333
SWIDTH 500 0
DWIDTH 11 0
BBX 11 22 0 -5
BITMAP
0000
2100
2100
2100
0000
0000
0100
0100
0100
0000
0000
0000
2000
2000
2000
0000
0000
2000
2000
2000
0000
0000
ENDCHAR
STARTCHAR uni285E
ENCODING 10334
SWIDTH 500 0
DWIDTH 11 0
BBX 11 22 0 -5
BITMAP
0000
0100
0100
0100
0000
0000
2100
2100
2100
0000
0000
0000
2000
2000
2000
0000
0000
2000
2000
2000
0000
0000
ENDCHAR
STARTCHAR uni285F
ENCODING 10335
SWIDTH 500 0
DWIDTH 11 0
BBX 11 22 0 -5
BITMAP
0000
2100
2100
2100
0000
0000
2100
2100
2100
0000
0000
0000
2000
2000
2000
0000
0000
2000
2000
2000
0000
0000
ENDCHAR
STARTCHAR uni2860
ENCODING 10336
SWIDTH 500 0
DWIDTH 11 0
BBX 11 22 0 -5
BITMAP
0000
0000
0000
0000
0000
0000
0000
0000
0000
0000
0000
0000
0100
0100
0100
0000
0000
2000
2000
2000
0000
0000
ENDCHAR
STARTCHAR uni2861
ENCODING 10337
SWIDTH 500 0
DWIDTH 11 0
BBX 11 22 0 -5
BITMAP
0000
2000
2000
2000
0000
0000
0000
0000
0000
0000
0000
0000
0100
0100
0100
0000
0000
2000
2000
2000
0000
0000
ENDCHAR
STARTCHAR uni2862
ENCODING 10338
SWIDTH 500 0
DWIDTH 11 0
BBX 11 22 0 -5
BITMAP
0000
0000
0000
0000
0000
0000
2000
2000
2000
0000
0000
0000
0100
0100
0100
0000
0000
2000
2000
2000
0000
0000
ENDCHAR
STARTCHAR uni2863
ENCODING 10339
SWIDTH 500 0
DWIDTH 11 0
BBX 11 22 0 -5
BITMAP
0000
2000
2000
2000
0000
0000
2000
2000
2000
0000
0000
0000
0100
0100
0100
0000
0000
2000
2000
2000
0000
0000
ENDCHAR
STARTCHAR uni2864
ENCODING 10340
SWIDTH 500 0
DWIDTH 11 0
BBX 11 22 0 -5
BITMAP
0000
0000
0000
0000
0000
0000
0000
0000
0000
0000
0000
0000
2100
2100
2100
0000
0000
2000
2000
2000
0000
0000
ENDCHAR
STARTCHAR uni2865
ENCODING 10341
SWIDTH 500 0
DWIDTH 11 0
BBX 11 22 0 -5
BITMAP
0000
2000
2000
2000
0000
0000
0000
0000
0000
0000
0000
0000
2100
2100
2100
0000
0000
2000
2000
2000
0000
0000
ENDCHAR
STARTCHAR uni2866
ENCODING 10342
SWIDTH 500 0
DWIDTH 11 0
BBX 11 22 0 -5
BITMAP
0000
0000
0000
0000
0000
0000
2000
2000
2000
0000
0000
0000
2100
2100
2100
0000
0000
2000
2000
2000
0000
0000
ENDCHAR
STARTCHAR uni2867
ENCODING 10343
SWIDTH 500 0
DWIDTH 11 0
BBX 11 22 0 -5
BITMAP
0000
2000
2000
2000
0000
0000
2000
2000
2000
0000
0000
0000
2100
2100
2100
0000
0000
2000
2000
2000
0000
0000
ENDCHAR
STARTCHAR uni2868
ENCODING 10344
SWIDTH 500 0
DWIDTH 11 0
BBX 11 22 0 -5
BITMAP
0000
0100
0100
0100
0000
0000
0000
0000
0000
0000
0000
0000
0100
0100
0100
0000
0000
2000
2000
2000
0000
0000
ENDCHAR
STARTCHAR uni2869
ENCODING 10345
SWIDTH 500 0
DWIDTH 11 0
BBX 11 22 0 -5
BITMAP
0000
2100
2100
2100
0000
0000
0000
0000
0000
0000
0000
0000
0100
0100
0100
0000
0000
2000
2000
2000
0000
0000
ENDCHAR
STARTCHAR uni286A
ENCODING 10346
SWIDTH 500 0
DWIDTH 11 0
BBX 11 22 0 -5
BITMAP
0000
0100
0100
0100
0000
0000
2000
2000
2000
0000
0000
0000
0100
0100
0100
0000
0000
2000
2000
2000
0000
0000
ENDCHAR
STARTCHAR uni286B
ENCODING 10347
SWIDTH 500 0
DWIDTH 11 0
BBX 11 22 0 -5
BITMAP
0000
2100
2100
2100
0000
0000
2000
2000
2000
0000
0000
0000
0100
0100
0100
0000
0000
2000
2000
2000
0000
0000
ENDCHAR
STARTCHAR uni286C
ENCODING 10348
SWIDTH 500 0
DWIDTH 11 0
BBX 11 22 0 -5
BITMAP
0000
0100
0100
0100
0000
0000
0000
0000
0000
0000
0000
0000
2100
2100
2100
0000
0000
2000
2000
2000
0000
0000
ENDCHAR
STARTCHAR uni286D
ENCODING 10349
SWIDTH 500 0
DWIDTH 11 0
BBX 11 22 0 -5
BITMAP
0000
2100
2100
2100
0000
0000
0000
0000
0000
0000
0000
0000
2100
2100
2100
0000
0000
2000
2000
2000
0000
0000
ENDCHAR
STARTCHAR uni286E
ENCODING 10350
SWIDTH 500 0
DWIDTH 11 0
BBX 11 22 0 -5
BITMAP
0000
0100
0100
0100
0000
0000
2000
2000
2000
0000
0000
0000
2100
2100
2100
0000
0000
2000
2000
2000
0000
0000
ENDCHAR
STARTCHAR uni286F
ENCODING 10351
SWIDTH 500 0
DWIDTH 11 0
BBX 11 22 0 -5
BITMAP
0000
2100
2100
2100
0000
0000
2000
2000
2000
0000
0000
0000
2100
2100
2100
0000
0000
2000
2000
2000
0000
0000
ENDCHAR
STARTCHAR uni2870
ENCODING 10352
SWIDTH 500 0
DWIDTH 11 0
BBX 11 22 0 -5
BITMAP
0000
0000
0000
0000
0000
0000
0100
0100
0100
0000
0000
0000
0100
0100
0100
0000
0000
2000
2000
2000
0000
0000
ENDCHAR
STARTCHAR uni2871
ENCODING 10353
SWIDTH 500 0
DWIDTH 11 0
BBX 11 22 0 -5
BITMAP
0000
2000
2000
2000
0000
0000
0100
0100
0100
0000
0000
0000
0100
0100
0100
0000
0000
2000
2000
2000
0000
0000
ENDCHAR
STARTCHAR uni2872
ENCODING 10354
SWIDTH 500 0
DWIDTH 11 0
BBX 11 22 0 -5
BITMAP
0000
0000
0000
0000
0000
0000
2100
2100
2100
0000
0000
0000
0100
0100
0100
0000
0000
2000
2000
2000
0000
0000
ENDCHAR
STARTCHAR uni2873
ENCODING 10355
SWIDTH 500 0
DWIDTH 11 0
BBX 11 22 0 -5
BITMAP
0000
2000
2000
2000
0000
0000
2100
2100
2100
0000
0000
0000
0100
0100
0100
0000
0000
2000
2000
2000
0000
0000
ENDCHAR
STARTCHAR uni2874
ENCODING 10356
SWIDTH 500 0
DWIDTH 11 0
BBX 11 22 0 -5
BITMAP
0000
0000
0000
0000
0000
0000
0100
0100
0100
0000
0000
0000
2100
2100
2100
0000
0000
2000
2000
2000
0000
0000
ENDCHAR
STARTCHAR uni2875
ENCODING 10357
SWIDTH 500 0
DWIDTH 11 0
BBX 11 22 0 -5
BITMAP
0000
2000
2000
2000
0000
0000
0100
0100
0100
0000
0000
0000
2100
2100
2100
0000
0000
2000
2000
2000
0000
0000
ENDCHAR
STARTCHAR uni2876
ENCODING 10358
SWIDTH 500 0
DWIDTH 11 0
BBX 11 22 0 -5
BITMAP
0000
0000
0000
0000
0000
0000
2100
2100
2100
0000
0000
0000
2100
2100
2100
0000
0000
2000
2000
2000
0000
0000
ENDCHAR
STARTCHAR uni2877
ENCODING 10359
SWIDTH 500 0
DWIDTH 11 0
BBX 11 22 0 -5
BITMAP
0000
2000
2000
2000
0000
0000
2100
2100
2100
0000
0000
0000
2100
2100
2100
0000
0000
2000
2000
2000
0000
0000
ENDCHAR
STARTCHAR uni2878
ENCODING 10360
SWIDTH 500 0
DWIDTH 11 0
BBX 11 22 0 -5
BITMAP
0000
0100
0100
0100
0000
0000
0100
0100
0100
0000
0000
0000
0100
0100
0100
0000
0000
2000
2000
2000
0000
0000
ENDCHAR
STARTCHAR uni2879
ENCODING 10361
SWIDTH 500 0
DWIDTH 11 0
BBX 11 22 0 -5
BITMAP
0000
2100
2100
2100
0000
0000
0100
0100
0100
0000
0000
0000
0100
0100
0100
0000
0000
2000
2000
2000
0000
0000
ENDCHAR
STARTCHAR uni287A
ENCODING 10362
SWIDTH 500 0
DWIDTH 11 0
BBX 11 22 0 -5
BITMAP
0000
0100
0100
0100
0000
0000
2100
2100
2100
0000
0000
0000
0100
0100
0100
0000
0000
2000
2000
2000
0000
0000
ENDCHAR
STARTCHAR uni287B
ENCODING 10363
SWIDTH 500 0
DWIDTH 11 0
BBX 11 22 0 -5
BITMAP
0000
2100
2100
2100
0000
0000
2100
2100
2100
0000
0000
0000
0100
0100
0100
0000
0000
2000
2000
2000
0000
0000
ENDCHAR
STARTCHAR uni287C
ENCODING 10364
SWIDTH 500 0
DWIDTH 11 0
BBX 11 22 0 -5
BITMAP
0000
0100
0100
0100
0000
0000
0100
0100
0100
0000
0000
0000
2100
2100
2100
0000
0000
2000
2000
2000
0000
0000
ENDCHAR
STARTCHAR uni287D
ENCODING 10365
SWIDTH 500 0
DWIDTH 11 0
BBX 11 22 0 -5
BITMAP
0000
2100
2100
2100
0000
0000
0100
0100
0100
0000
0000
0000
2100
2100
2100
0000
0000
2000
2000
2000
0000
0000
ENDCHAR
STARTCHAR uni287E
ENCODING 10366
SWIDTH 500 0
DWIDTH 11 0
BBX 11 22 0 -5
BITMAP
0000
0100
0100
0100
0000
0000
2100
2100
2100
0000
0000
0000
2100
2100
2100
0000
0000
2000
2000
2000
0000
0000
ENDCHAR
STARTCHAR uni287F
ENCODING 10367
SWIDTH 500 0
DWIDTH 11 0
BBX 11 22 0 -5
BITMAP
0000
2100
2100
2100
0000
0000
2100
2100
2100
0000
0000
0000
2100
2100
2100
0000
0000
2000
2000
2000
0000
0000
ENDCHAR
STARTCHAR uni2880
ENCODING 10368
SWIDTH 500 0
DWIDTH 11 0
BBX 11 22 0 -5
BITMAP
0000
0000
0000
0000
0000
0000
0000
0000
0000
0000
0000
0000
0000
0000
0000
0000
0000
0100
0100
0100
0000
0000
ENDCHAR
STARTCHAR uni2881
ENCODING 10369
SWIDTH 500 0
DWIDTH 11 0
BBX 11 22 0 -5
BITMAP
0000
2000
2000
2000
0000
0000
0000
0000
0000
0000
0000
0000
0000
0000
0000
0000
0000
0100
0100
0100
0000
0000
ENDCHAR
STARTCHAR uni2882
ENCODING 10370
SWIDTH 500 0
DWIDTH 11 0
BBX 11 22 0 -5
BITMAP
0000
0000
0000
0000
0000
0000
2000
2000
2000
0000
0000
0000
0000
0000
0000
0000
0000
0100
0100
0100
0000
0000
ENDCHAR
STARTCHAR uni2883
ENCODING 10371
SWIDTH 500 0
DWIDTH 11 0
BBX 11 22 0 -5
BITMAP
0000
2000
2000
2000
0000
0000
2000
2000
2000
0000
0000
0000
0000
0000
0000
0000
0000
0100
0100
0100
0000
0000
ENDCHAR
STARTCHAR uni2884
ENCODING 10372
SWIDTH 500 0
DWIDTH 11 0
BBX 11 22 0 -5
BITMAP
0000
0000
0000
0000
0000
0000
0000
0000
0000
0000
0000
0000
2000
2000
2000
0000
0000
0100
0100
0100
0000
0000
ENDCHAR
STARTCHAR uni2885
ENCODING 10373
SWIDTH 500 0
DWIDTH 11 0
BBX 11 22 0 -5
BITMAP
0000
2000
2000
2000
0000
0000
0000
0000
0000
0000
0000
0000
2000
2000
2000
0000
0000
0100
0100
0100
0000
0000
ENDCHAR
STARTCHAR uni2886
ENCODING 10374
SWIDTH 500 0
DWIDTH 11 0
BBX 11 22 0 -5
BITMAP
0000
0000
0000
0000
0000
0000
2000
2000
2000
0000
0000
0000
2000
2000
2000
0000
0000
0100
0100
0100
0000
0000
ENDCHAR
STARTCHAR uni2887
ENCODING 10375
SWIDTH 500 0
DWIDTH 11 0
BBX 11 22 0 -5
BITMAP
0000
2000
2000
2000
0000
0000
2000
2000
2000
0000
0000
0000
2000
2000
2000
0000
0000
0100
0100
0100
0000
0000
ENDCHAR
STARTCHAR uni2888
ENCODING 10376
SWIDTH 500 0
DWIDTH 11 0
BBX 11 22 0 -5
BITMAP
0000
0100
0100
0100
0000
0000
0000
0000
0000
0000
0000
0000
0000
0000
0000
0000
0000
0100
0100
0100
0000
0000
ENDCHAR
STARTCHAR uni2889
ENCODING 10377
SWIDTH 500 0
DWIDTH 11 0
BBX 11 22 0 -5
BITMAP
0000
2100
2100
2100
0000
0000
0000
0000
0000
0000
0000
0000
0000
0000
0000
0000
0000
0100
0100
0100
0000
0000
ENDCHAR
STARTCHAR uni288A
ENCODING 10378
SWIDTH 500 0
DWIDTH 11 0
BBX 11 22 0 -5
BITMAP
0000
0100
0100
0100
0000
0000
2000
2000
2000
0000
0000
0000
0000
0000
0000
0000
0000
0100
0100
0100
0000
0000
ENDCHAR
STARTCHAR uni288B
ENCODING 10379
SWIDTH 500 0
DWIDTH 11 0
BBX 11 22 0 -5
BITMAP
0000
2100
2100
2100
0000
0000
2000
2000
2000
0000
0000
0000
0000
0000
0000
0000
0000
0100
0100
0100
0000
0000
ENDCHAR
STARTCHAR uni288C
ENCODING 10380
SWIDTH 500 0
DWIDTH 11 0
BBX 11 22 0 -5
BITMAP
0000
0100
0100
0100
0000
0000
0000
0000
0000
0000
0000
0000
2000
2000
2000
0000
0000
0100
0100
0100
0000
0000
ENDCHAR
STARTCHAR uni288D
ENCODING 10381
SWIDTH 500 0
DWIDTH 11 0
BBX 11 22 0 -5
BITMAP
0000
2100
2100
2100
0000
0000
0000
0000
0000
0000
0000
0000
2000
2000
2000
0000
0000
0100
0100
0100
0000
0000
ENDCHAR
STARTCHAR uni288E
ENCODING 10382
SWIDTH 500 0
DWIDTH 11 0
BBX 11 22 0 -5
BITMAP
0000
0100
0100
0100
0000
0000
2000
2000
2000
0000
0000
0000
2000
2000
2000
0000
0000
0100
0100
0100
0000
0000
ENDCHAR
STARTCHAR uni288F
ENCODING 10383
SWIDTH 500 0
DWIDTH 11 0
BBX 11 22 0 -5
BITMAP
0000
2100
2100
2100
0000
0000
2000
2000
2000
0000
0000
0000
2000
2000
2000
0000
0000
0100
0100
0100
0000
0000
ENDCHAR
STARTCHAR uni2890
ENCODING 10384
SWIDTH 500 0
DWIDTH 11 0
BBX 11 22 0 -5
BITMAP
0000
0000
0000
0000
0000
0000
0100
0100
0100
0000
0000
0000
0000
0000
0000
0000
0000
0100
0100
0100
0000
0000
ENDCHAR
STARTCHAR uni2891
ENCODING 10385
SWIDTH 500 0
DWIDTH 11 0
BBX 11 22 0 -5
BITMAP
0000
2000
2000
2000
0000
0000
0100
0100
0100
0000
0000
0000
0000
0000
0000
0000
0000
0100
0100
0100
0000
0000
ENDCHAR
STARTCHAR uni2892
ENCODING 10386
SWIDTH 500 0
DWIDTH 11 0
BBX 11 22 0 -5
BITMAP
0000
0000
0000
0000
0000
0000
2100
2100
2100
0000
0000
0000
0000
0000
0000
0000
0000
0100
0100
0100
0000
0000
ENDCHAR
STARTCHAR uni2893
ENCODING 10387
SWIDTH 500 0
DWIDTH 11 0
BBX 11 22 0 -5
BITMAP
0000
2000
2000
2000
0000
0000
2100
2100
2100
0000
0000
0000
0000
0000
0000
0000
0000
0100
0100
0100
0000
0000
ENDCHAR
STARTCHAR uni2894
ENCODING 10388
SWIDTH 500 0
DWIDTH 11 0
BBX 11 22 0 -5
BITMAP
0000
0000
0000
0000
0000
0000
0100
0100
0100
0000
0000
0000
2000
2000
2000
0000
0000
0100
0100
0100
0000
0000
ENDCHAR
STARTCHAR uni2895
ENCODING 10389
SWIDTH 500 0
DWIDTH 11 0
BBX 11 22 0 -5
BITMAP
0000
2000
2000
2000
0000
0000
0100
0100
0100
0000
0000
0000
2000
2000
2000
0000
0000
0100
0100
0100
0000
0000
ENDCHAR
STARTCHAR uni2896
ENCODING 10390
SWIDTH 500 0
DWIDTH 11 0
BBX 11 22 0 -5
BITMAP
0000
0000
0000
0000
0000
0000
2100
2100
2100
0000
0000
0000
2000
2000
2000
0000
0000
0100
0100
0100
0000
0000
ENDCHAR
STARTCHAR uni2897
ENCODING 10391
SWIDTH 500 0
DWIDTH 11 0
BBX 11 22 0 -5
BITMAP
0000
2000
2000
2000
0000
0000
2100
2100
2100
0000
0000
0000
2000
2000
2000
0000
0000
0100
0100
0100
0000
0000
ENDCHAR
STARTCHAR uni2898
ENCODING 10392
SWIDTH 500 0
DWIDTH 11 0
BBX 11 22 0 -5
BITMAP
0000
0100
0100
0100
0000
0000
0100
0100
0100
0000
0000
0000
0000
0000
0000
0000
0000
0100
0100
0100
0000
0000
ENDCHAR
STARTCHAR uni2899
ENCODING 10393
SWIDTH 500 0
DWIDTH 11 0
BBX 11 22 0 -5
BITMAP
0000
2100
2100
2100
0000
0000
0100
0100
0100
0000
0000
0000
0000
0000
0000
0000
0000
0100
0100
0100
0000
0000
ENDCHAR
STARTCHAR uni289A
ENCODING 10394
SWIDTH 500 0
DWIDTH 11 0
BBX 11 22 0 -5
BITMAP
0000
0100
0100
0100
0000
0000
2100
2100
2100
0000
0000
0000
0000
0000
0000
0000
0000
0100
0100
0100
0000
0000
ENDCHAR
STARTCHAR uni289B
ENCODING 10395
SWIDTH 500 0
DWIDTH 11 0
BBX 11 22 0 -5
BITMAP
0000
2100
2100
2100
0000
0000
2100
2100
2100
0000
0000
0000
0000
0000
0000
0000
0000
0100
0100
0100
0000
0000
ENDCHAR
STARTCHAR uni289C
ENCODING 10396
SWIDTH 500 0
DWIDTH 11 0
BBX 11 22 0 -5
BITMAP
0000
0100
0100
0100
0000
0000
0100
0100
0100
0000
0000
0000
2000
2000
2000
0000
0000
0100
0100
0100
0000
0000
ENDCHAR
STARTCHAR uni289D
ENCODING 10397
SWIDTH 500 0
DWIDTH 11 0
BBX 11 22 0 -5
BITMAP
0000
2100
2100
2100
0000
0000
0100
0100
0100
0000
0000
0000
2000
2000
2000
0000
0000
0100
0100
0100
0000
0000
ENDCHAR
STARTCHAR uni289E
ENCODING 10398
SWIDTH 500 0
DWIDTH 11 0
BBX 11 22 0 -5
BITMAP
0000
0100
0100
0100
0000
0000
2100
2100
2100
0000
0000
0000
2000
2000
2000
0000
0000
0100
0100
0100
0000
0000
ENDCHAR
STARTCHAR uni289F
ENCODING 10399
SWIDTH 500 0
DWIDTH 11 0
BBX 11 22 0 -5
BITMAP
0000
2100
2100
2100
0000
0000
2100
2100
2100
0000
0000
0000
2000
2000
2000
0000
0000
0100
0100
0100
0000
0000
ENDCHAR
STARTCHAR uni28A0
ENCODING 10400
SWIDTH 500 0
DWIDTH 11 0
BBX 11 22 0 -5
BITMAP
0000
0000
0000
0000
0000
0000
0000
0000
0000
0000
0000
0000
0100
0100
0100
0000
0000
0100
0100
0100
0000
0000
ENDCHAR
STARTCHAR uni28A1
ENCODING 10401
SWIDTH 500 0
DWIDTH 11 0
BBX 11 22 0 -5
BITMAP
0000
2000
2000
2000
0000
0000
0000
0000
0000
0000
0000
0000
0100
0100
0100
0000
0000
0100
0100
0100
0000
0000
ENDCHAR
STARTCHAR uni28A2
ENCODING 10402
SWIDTH 500 0
DWIDTH 11 0
BBX 11 22 0 -5
BITMAP
0000
0000
0000
0000
0000
0000
2000
2000
2000
0000
0000
0000
0100
0100
0100
0000
0000
0100
0100
0100
0000
0000
ENDCHAR
STARTCHAR uni28A3
ENCODING 10403
SWIDTH 500 0
DWIDTH 11 0
BBX 11 22 0 -5
BITMAP
0000
2000
2000
2000
0000
0000
2000
2000
2000
0000
0000
0000
0100
0100
0100
0000
0000
0100
0100
0100
0000
0000
ENDCHAR
STARTCHAR uni28A4
ENCODING 10404
SWIDTH 500 0
DWIDTH 11 0
BBX 11 22 0 -5
BITMAP
0000
0000
0000
0000
0000
0000
0000
0000
0000
0000
0000
0000
2100
2100
2100
0000
0000
0100
0100
0100
0000
0000
ENDCHAR
STARTCHAR uni28A5
ENCODING 10405
SWIDTH 500 0
DWIDTH 11 0
BBX 11 22 0 -5
BITMAP
0000
2000
2000
2000
0000
0000
0000
0000
0000
0000
0000
0000
2100
2100
2100
0000
0000
0100
0100
0100
0000
0000
ENDCHAR
STARTCHAR uni28A6
ENCODING 10406
SWIDTH 500 0
DWIDTH 11 0
BBX 11 22 0 -5
BITMAP
0000
0000
0000
0000
0000
0000
2000
2000
2000
0000
0000
0000
2100
2100
2100
0000
0000
0100
0100
0100
0000
0000
ENDCHAR
STARTCHAR uni28A7
ENCODING 10407
SWIDTH 500 0
DWIDTH 11 0
BBX 11 22 0 -5
BITMAP
0000
2000
2000
2000
0000
0000
2000
2000
2000
0000
0000
0000
2100
2100
2100
0000
0000
0100
0100
0100
0000
0000
ENDCHAR
STARTCHAR uni28A8
ENCODING 10408
SWIDTH 500 0
DWIDTH 11 0
BBX 11 22 0 -5
BITMAP
0000
0100
0100
0100
0000
0000
0000
0000
0000
0000
0000
0000
0100
0100
0100
0000
0000
0100
0100
0100
0000
0000
ENDCHAR
STARTCHAR uni28A9
ENCODING 10409
SWIDTH 500 0
DWIDTH 11 0
BBX 11 22 0 -5
BITMAP
0000
2100
2100
2100
0000
0000
0000
0000
0000
0000
0000
0000
0100
0100
0100
0000
0000
0100
0100
0100
0000
0000
ENDCHAR
STARTCHAR uni28AA
ENCODING 10410
SWIDTH 500 0
DWIDTH 11 0
BBX 11 22 0 -5
BITMAP
0000
0100
0100
0100
0000
0000
2000
2000
2000
0000
0000
0000
0100
0100
0100
0000
0000
0100
0100
0100
0000
0000
ENDCHAR
STARTCHAR uni28AB
ENCODING 10411
SWIDTH 500 0
DWIDTH 11 0
BBX 11 22 0 -5
BITMAP
0000
2100
2100
2100
0000
0000
2000
2000
2000
0000
0000
0000
0100
0100
0100
0000
0000
0100
0100
0100
0000
0000
ENDCHAR
STARTCHAR uni28AC
ENCODING 10412
SWIDTH 500 0
DWIDTH 11 0
BBX 11 22 0 -5
BITMAP
0000
0100
0100
0100
0000
0000
0000
0000
0000
0000
0000
0000
2100
2100
2100
0000
0000
0100
0100
0100
0000
0000
ENDCHAR
STARTCHAR uni28AD
ENCODING 10413
SWIDTH 500 0
DWIDTH 11 0
BBX 11 22 0 -5
BITMAP
0000
2100
2100
2100
0000
0000
0000
0000
0000
0000
0000
0000
2100
2100
2100
0000
0000
0100
0100
0100
0000
0000
ENDCHAR
STARTCHAR uni28AE
ENCODING 10414
SWIDTH 500 0
DWIDTH 11 0
BBX 11 22 0 -5
BITMAP
0000
0100
0100
0100
0000
0000
2000
2000
2000
0000
0000
0000
2100
2100
2100
0000
0000
0100
0100
0100
0000
0000
ENDCHAR
STARTCHAR uni28AF
ENCODING 10415
SWIDTH 500 0
DWIDTH 11 0
BBX 11 22 0 -5
BITMAP
0000
2100
2100
2100
0000
0000
2000
2000
2000
0000
0000
0000
2100
2100
2100
0000
0000
0100
0100
0100
0000
0000
ENDCHAR
STARTCHAR uni28B0
ENCODING 10416
SWIDTH 500 0
DWIDTH 11 0
BBX 11 22 0 -5
BITMAP
0000
0000
0000
0000
0000
0000
0100
0100
0100
0000
0000
0000
0100
0100
0100
0000
0000
0100
0100
0100
0000
0000
ENDCHAR
STARTCHAR uni28B1
ENCODING 10417
SWIDTH 500 0
DWIDTH 11 0
BBX 11 22 0 -5
BITMAP
0000
2000
2000
2000
0000
0000
0100
0100
0100
0000
0000
0000
0100
0100
0100
0000
0000
0100
0100
0100
0000
0000
ENDCHAR
STARTCHAR uni28B2
ENCODING 10418
SWIDTH 500 0
DWIDTH 11 0
BBX 11 22 0 -5
BITMAP
0000
0000
0000
0000
0000
0000
2100
2100
2100
0000
0000
0000
0100
0100
0100
0000
0000
0100
0100
0100
0000
0000
ENDCHAR
STARTCHAR uni28B3
ENCODING 10419
SWIDTH 500 0
DWIDTH 11 0
BBX 11 22 0 -5
BITMAP
0000
2000
2000
2000
0000
0000
2100
2100
2100
0000
0000
0000
0100
0100
0100
0000
0000
0100
0100
0100
0000
0000
ENDCHAR
STARTCHAR uni28B4
ENCODING 10420
SWIDTH 500 0
DWIDTH 11 0
BBX 11 22 0 -5
BITMAP
0000
0000
0000
0000
0000
0000
0100
0100
0100
0000
0000
0000
2100
2100
2100
0000
0000
0100
0100
0100
0000
0000
ENDCHAR
STARTCHAR uni28B5
ENCODING 10421
SWIDTH 500 0
DWIDTH 11 0
BBX 11 22 0 -5
BITMAP
0000
2000
2000
2000
0000
0000
0100
0100
0100
0000
0000
0000
2100
2100
2100
0000
0000
0100
0100
0100
0000
0000
ENDCHAR
STARTCHAR uni28B6
ENCODING 10422
SWIDTH 500 0
DWIDTH 11 0
BBX 11 22 0 -5
BITMAP
0000
0000
0000
0000
0000
0000
2100
2100
2100
0000
0000
0000
2100
2100
2100
0000
0000
0100
0100
0100
0000
0000
ENDCHAR
STARTCHAR uni28B7
ENCODING 10423
SWIDTH 500 0
DWIDTH 11 0
BBX 11 22 0 -5
BITMAP
0000
2000
2000
2000
0000
0000
2100
2100
2100
0000
0000
0000
2100
2100
2100
0000
0000
0100
0100
0100
0000
0000
ENDCHAR
STARTCHAR uni28B8
ENCODING 10424
SWIDTH 500 0
DWIDTH 11 0
BBX 11 22 0 -5
BITMAP
0000
0100
0100
0100
0000
0000
0100
0100
0100
0000
0000
0000
0100
0100
0100
0000
0000
0100
0100
0100
0000
0000
ENDCHAR
STARTCHAR uni28B9
ENCODING 10425
SWIDTH 500 0
DWIDTH 11 0
BBX 11 22 0 -5
BITMAP
0000
2100
2100
2100
0000
0000
0100
0100
0100
0000
0000
0000
0100
0100
0100
0000
0000
0100
0100
0100
0000
0000
ENDCHAR
STARTCHAR uni28BA
ENCODING 10426
SWIDTH 500 0
DWIDTH 11 0
BBX 11 22 0 -5
BITMAP
0000
0100
0100
0100
0000
0000
2100
2100
2100
0000
0000
0000
0100
0100
0100
0000
0000
0100
0100
0100
0000
0000
ENDCHAR
STARTCHAR uni28BB
ENCODING 10427
SWIDTH 500 0
DWIDTH 11 0
BBX 11 22 0 -5
BITMAP
0000
2100
2100
2100
0000
0000
2100
2100
2100
0000
0000
0000
0100
0100
0100
0000
0000
0100
0100
0100
0000
0000
ENDCHAR
STARTCHAR uni28BC
ENCODING 10428
SWIDTH 500 0
DWIDTH 11 0
BBX 11 22 0 -5
BITMAP
0000
0100
0100
0100
0000
0000
0100
0100
0100
0000
0000
0000
2100
2100
2100
0000
0000
0100
0100
0100
0000
0000
ENDCHAR
STARTCHAR uni28BD
ENCODING 10429
SWIDTH 500 0
DWIDTH 11 0
BBX 11 22 0 -5
BITMAP
0000
2100
2100
2100
0000
0000
0100
0100
0100
0000
0000
0000
2100
2100
2100
0000
0000
0100
0100
0100
0000
0000
ENDCHAR
STARTCHAR uni28BE
ENCODING 10430
SWIDTH 500 0
DWIDTH 11 0
BBX 11 22 0 -5
BITMAP
0000
0100
0100
0100
0000
0000
2100
2100
2100
0000
0000
0000
2100
2100
2100
0000
0000
0100
0100
0100
0000
0000
ENDCHAR
STARTCHAR uni28BF
ENCODING 10431
SWIDTH 500 0
DWIDTH 11 0
BBX 11 22 0 -5
BITMAP
0000
2100
2100
2100
0000
0000
2100
2100
2100
0000
0000
0000
2100
2100
2100
0000
0000
0100
0100
0100
0000
0000
ENDCHAR
STARTCHAR uni28C0
ENCODING 10432
SWIDTH 500 0
DWIDTH 11 0
BBX 11 22 0 -5
BITMAP
0000
0000
0000
0000
0000
0000
0000
0000
0000
0000
0000
0000
0000
0000
0000
0000
0000
2100
2100
2100
0000
0000
ENDCHAR
STARTCHAR uni28C1
ENCODING 10433
SWIDTH 500 0
DWIDTH 11 0
BBX 11 22 0 -5
BITMAP
0000
2000
2000
2000
0000
0000
0000
0000
0000
0000
0000
0000
0000
0000
0000
0000
0000
2100
2100
2100
0000
0000
ENDCHAR
STARTCHAR uni28C2
ENCODING 10434
SWIDTH 500 0
DWIDTH 11 0
BBX 11 22 0 -5
BITMAP
0000
0000
0000
0000
0000
0000
2000
2000
2000
0000
0000
0000
0000
0000
0000
0000
0000
2100
2100
2100
0000
0000
ENDCHAR
STARTCHAR uni28C3
ENCODING 10435
SWIDTH 500 0
DWIDTH 11 0
BBX 11 22 0 -5
BITMAP
0000
2000
2000
2000
0000
0000
2000
2000
2000
0000
0000
0000
0000
0000
0000
0000
0000
2100
2100
2100
0000
0000
ENDCHAR
STARTCHAR uni28C4
ENCODING 10436
SWIDTH 500 0
DWIDTH 11 0
BBX 11 22 0 -5
BITMAP
0000
0000
0000
0000
0000
0000
0000
0000
0000
0000
0000
0000
2000
2000
2000
0000
0000
2100
2100
2100
0000
0000
ENDCHAR
STARTCHAR uni28C5
ENCODING 10437
SWIDTH 500 0
DWIDTH 11 0
BBX 11 22 0 -5
BITMAP
0000
2000
2000
2000
0000
0000
0000
0000
0000
0000
0000
0000
2000
2000
2000
0000
0000
2100
2100
2100
0000
0000
ENDCHAR
STARTCHAR uni28C6
ENCODING 10438
SWIDTH 500 0
DWIDTH 11 0
BBX 11 22 0 -5
BITMAP
0000
0000
0000
0000
0000
0000
2000
2000
2000
0000
0000
0000
2000
2000
2000
0000
0000
2100
2100
2100
0000
0000
ENDCHAR
STARTCHAR uni28C7
ENCODING 10439
SWIDTH 500 0
DWIDTH 11 0
BBX 11 22 0 -5
BITMAP
0000
2000
2000
2000
0000
0000
2000
2000
2000
0000
0000
0000
2000
2000
2000
0000
0000
2100
2100
2100
0000
0000
ENDCHAR
STARTCHAR uni28C8
ENCODING 10440
SWIDTH 500 0
DWIDTH 11 0
BBX 11 22 0 -5
BITMAP
0000
0100
0100
0100
0000
0000
0000
0000
0000
0000
0000
0000
0000
0000
0000
0000
0000
2100
2100
2100
0000
0000
ENDCHAR
STARTCHAR uni28C9
ENCODING 10441
SWIDTH 500 0
DWIDTH 11 0
BBX 11 22 0 -5
BITMAP
0000
2100
2100
2100
0000
0000
0000
0000
0000
0000
0000
0000
0000
0000
0000
0000
0000
2100
2100
2100
0000
0000
ENDCHAR
STARTCHAR uni28CA
ENCODING 10442
SWIDTH 500 0
DWIDTH 11 0
BBX 11 22 0 -5
BITMAP
0000
0100
0100
0100
0000
0000
2000
2000
2000
0000
0000
0000
0000
0000
0000
0000
0000
2100
2100
2100
0000
0000
ENDCHAR
STARTCHAR uni28CB
ENCODING 10443
SWIDTH 500 0
DWIDTH 11 0
BBX 11 22 0 -5
BITMAP
0000
2100
2100
2100
0000
0000
2000
2000
2000
0000
0000
0000
0000
0000
0000
0000
0000
2100
2100
2100
0000
0000
ENDCHAR
STARTCHAR uni28CC
ENCODING 10444
SWIDTH 500 0
DWIDTH 11 0
BBX 11 22 0 -5
BITMAP
0000
0100
0100
0100
0000
0000
0000
0000
0000
0000
0000
0000
2000
2000
2000
0000
0000
2100
2100
2100
0000
0000
ENDCHAR
STARTCHAR uni28CD
ENCODING 10445
SWIDTH 500 0
DWIDTH 11 0
BBX 11 22 0 -5
BITMAP
0000
2100
2100
2100
0000
0000
0000
0000
0000
0000
0000
0000
2000
2000
2000
0000
0000
2100
2100
2100
0000
0000
ENDCHAR
STARTCHAR uni28CE
ENCODING 10446
SWIDTH 500 0
DWIDTH 11 0
BBX 11 22 0 -5
BITMAP
0000
0100
0100
0100
0000
0000
2000
2000
2000
0000
0000
0000
2000
2000
2000
0000
0000
2100
2100
2100
0000
0000
ENDCHAR
STARTCHAR uni28CF
ENCODING 10447
SWIDTH 500 0
DWIDTH 11 0
BBX 11 22 0 -5
BITMAP
0000
2100
2100
2100
0000
0000
2000
2000
2000
0000
0000
0000
2000
2000
2000
0000
0000
2100
2100
2100
0000
0000
ENDCHAR
STARTCHAR uni28D0
ENCODING 10448
SWIDTH 500 0
DWIDTH 11 0
BBX 11 22 0 -5
BITMAP
0000
0000
0000
0000
0000
0000
0100
0100
0100
0000
0000
0000
0000
0000
0000
0000
0000
2100
2100
2100
0000
0000
ENDCHAR
STARTCHAR uni28D1
ENCODING 10449
SWIDTH 500 0
DWIDTH 11 0
BBX 11 22 0 -5
BITMAP
0000
2000
2000
2000
0000
0000
0100
0100
0100
0000
0000
0000
0000
0000
0000
0000
0000
2100
2100
2100
0000
0000
ENDCHAR
STARTCHAR uni28D2
ENCODING 10450
SWIDTH 500 0
DWIDTH 11 0
BBX 11 22 0 -5
BITMAP
0000
0000
0000
0000
0000
0000
2100
2100
2100
0000
0000
0000
0000
0000
0000
0000
0000
2100
2100
2100
0000
0000
ENDCHAR
STARTCHAR uni28D3
ENCODING 10451
SWIDTH 500 0
DWIDTH 11 0
BBX 11 22 0 -5
BITMAP
0000
2000
2000
2000
0000
0000
2100
2100
2100
0000
0000
0000
0000
0000
0000
0000
0000
2100
2100
2100
0000
0000
ENDCHAR
STARTCHAR uni28D4
ENCODING 10452
SWIDTH 500 0
DWIDTH 11 0
BBX 11 22 0 -5
BITMAP
0000
0000
0000
0000
0000
0000
0100
0100
0100
0000
0000
0000
2000
2000
2000
0000
0000
2100
2100
2100
0000
0000
ENDCHAR
STARTCHAR uni28D5
ENCODING 10453
SWIDTH 500 0
DWIDTH 11 0
BBX 11 22 0 -5
BITMAP
0000
2000
2000
2000
0000
0000
0100
0100
0100
0000
0000
0000
2000
2000
2000
0000
0000
2100
2100
2100
0000
0000
ENDCHAR
STARTCHAR uni28D6
ENCODING 10454
SWIDTH 500 0
DWIDTH 11 0
BBX 11 22 0 -5
BITMAP
0000
0000
0000
0000
0000
0000
2100
2100
2100
0000
0000
0000
2000
2000
2000
0000
0000
2100
2100
2100
0000
0000
ENDCHAR
STARTCHAR uni28D7
ENCODING 10455
SWIDTH 500 0
DWIDTH 11 0
BBX 11 22 0 -5
BITMAP
0000
2000
2000
2000
0000
0000
2100
2100
2100
0000
0000
0000
2000
2000
2000
0000
0000
2100
2100
2100
0000
0000
ENDCHAR
STARTCHAR uni28D8
ENCODING 10456
SWIDTH 500 0
DWIDTH 11 0
BBX 11 22 0 -5
BITMAP
0000
0100
0100
0100
0000
0000
0100
0100
0100
0000
0000
0000
0000
0000
0000
0000
0000
2100
2100
2100
0000
0000
ENDCHAR
STARTCHAR uni28D9
ENCODING 10457
SWIDTH 500 0
DWIDTH 11 0
BBX 11 22 0 -5
BITMAP
0000
2100
2100
2100
0000
0000
0100
0100
0100
0000
0000
0000
0000
0000
0000
0000
0000
2100
2100
2100
0000
0000
ENDCHAR
STARTCHAR uni28DA
ENCODING 10458
SWIDTH 500 0
DWIDTH 11 0
BBX 11 22 0 -5
BITMAP
0000
0100
0100
0100
0000
0000
2100
2100
2100
0000
0000
0000
0000
0000
0000
0000
0000
2100
2100
2100
0000
0000
ENDCHAR
STARTCHAR uni28DB
ENCODING 10459
SWIDTH 500 0
DWIDTH 11 0
BBX 11 22 0 -5
BITMAP
0000
2100
2100
2100
0000
0000
2100
2100
2100
0000
0000
0000
0000
0000
0000
0000
0000
2100
2100
2100
0000
0000
ENDCHAR
STARTCHAR uni28DC
ENCODING 10460
SWIDTH 500 0
DWIDTH 11 0
BBX 11 22 0 -5
BITMAP
0000
0100
0100
0100
0000
0000
0100
0100
0100
0000
0000
0000
2000
2000
2000
0000
0000
2100
2100
2100
0000
0000
ENDCHAR
STARTCHAR uni28DD
ENCODING 10461
SWIDTH 500 0
DWIDTH 11 0
BBX 11 22 0 -5
BITMAP
0000
2100
2100
2100
0000
0000
0100
0100
0100
0000
0000
0000
2000
2000
2000
0000
0000
2100
2100
2100
0000
0000
ENDCHAR
STARTCHAR uni28DE
ENCODING 10462
SWIDTH 500 0
DWIDTH 11 0
BBX 11 22 0 -5
BITMAP
0000
0100
0100
0100
0000
0000
2100
2100
2100
0000
0000
0000
2000
2000
2000
0000
0000
2100
2100
2100
0000
0000
ENDCHAR
STARTCHAR uni28DF
ENCODING 10463
SWIDTH 500 0
DWIDTH 11 0
BBX 11 22 0 -5
BITMAP
0000
2100
2100
2100
0000
0000
2100
2100
2100
0000
0000
0000
2000
2000
2000
0000
0000
2100
2100
2100
0000
0000
ENDCHAR
STARTCHAR uni28E0
ENCODING 10464
SWIDTH 500 0
DWIDTH 11 0
BBX 11 22 0 -5
BITMAP
0000
0000
0000
0000
0000
0000
0000
0000
0000
0000
0000
0000
0100
0100
0100
0000
0000
2100
2100
2100
0000
0000
ENDCHAR
STARTCHAR uni28E1
ENCODING 10465
SWIDTH 500 0
DWIDTH 11 0
BBX 11 22 0 -5
BITMAP
0000
2000
2000
2000
0000
0000
0000
0000
0000
0000
0000
0000
0100
0100
0100
0000
0000
2100
2100
2100
0000
0000
ENDCHAR
STARTCHAR uni28E2
ENCODING 10466
SWIDTH 500 0
DWIDTH 11 0
BBX 11 22 0 -5
BITMAP
0000
0000
0000
0000
0000
0000
2000
2000
2000
0000
0000
0000
0100
0100
0100
0000
0000
2100
2100
2100
0000
0000
ENDCHAR
STARTCHAR uni28E3
ENCODING 10467
SWIDTH 500 0
DWIDTH 11 0
BBX 11 22 0 -5
BITMAP
0000
2000
2000
2000
0000
0000
2000
2000
2000
0000
0000
0000
0100
0100
0100
0000
0000
2100
2100
2100
0000
0000
ENDCHAR
STARTCHAR uni28E4
ENCODING 10468
SWIDTH 500 0
DWIDTH 11 0
BBX 11 22 0 -5
BITMAP
0000
0000
0000
0000
0000
0000
0000
0000
0000
0000
0000
0000
2100
2100
2100
0000
0000
2100
2100
2100
0000
0000
ENDCHAR
STARTCHAR uni28E5
ENCODING 10469
SWIDTH 500 0
DWIDTH 11 0
BBX 11 22 0 -5
BITMAP
0000
2000
2000
2000
0000
0000
0000
0000
0000
0000
0000
0000
2100
2100
2100
0000
0000
2100
2100
2100
0000
0000
ENDCHAR
STARTCHAR uni28E6
ENCODING 10470
SWIDTH 500 0
DWIDTH 11 0
BBX 11 22 0 -5
BITMAP
0000
0000
0000
0000
0000
0000
2000
2000
2000
0000
0000
0000
2100
2100
2100
0000
0000
2100
2100
2100
0000
0000
ENDCHAR
STARTCHAR uni28E7
ENCODING 10471
SWIDTH 500 0
DWIDTH 11 0
BBX 11 22 0 -5
BITMAP
0000
2000
2000
2000
0000
0000
2000
2000
2000
0000
0000
0000
2100
2100
2100
0000
0000
2100
2100
2100
0000
0000
ENDCHAR
STARTCHAR uni28E8
ENCODING 10472
SWIDTH 500 0
DWIDTH 11 0
BBX 11 22 0 -5
BITMAP
0000
0100
0100
0100
0000
0000
0000
0000
0000
0000
0000
0000
0100
0100
0100
0000
0000
2100
2100
2100
0000
0000
ENDCHAR
STARTCHAR uni28E9
ENCODING 10473
SWIDTH 500 0
DWIDTH 11 0
BBX 11 22 0 -5
BITMAP
0000
2100
2100
2100
0000
0000
0000
0000
0000
0000
0000
0000
0100
0100
0100
0000
0000
2100
2100
2100
0000
0000
ENDCHAR
STARTCHAR uni28EA
ENCODING 10474
SWIDTH 500 0
DWIDTH 11 0
BBX 11 22 0 -5
BITMAP
0000
0100
0100
0100
0000
0000
2000
2000
2000
0000
0000
0000
0100
0100
0100
0000
0000
2100
2100
2100
0000
0000
ENDCHAR
STARTCHAR uni28EB
ENCODING 10475
SWIDTH 500 0
DWIDTH 11 0
BBX 11 22 0 -5
BITMAP
0000
2100
2100
2100
0000
0000
2000
2000
2000
0000
0000
0000
0100
0100
0100
0000
0000
2100
2100
2100
0000
0000
ENDCHAR
STARTCHAR uni28EC
ENCODING 10476
SWIDTH 500 0
DWIDTH 11 0
BBX 11 22 0 -5
BITMAP
0000
0100
0100
0100
0000
0000
0000
0000
0000
0000
0000
0000
2100
2100
2100
0000
0000
2100
2100
2100
0000
0000
ENDCHAR
STARTCHAR uni28ED
ENCODING 10477
SWIDTH 500 0
DWIDTH 11 0
BBX 11 22 0 -5
BITMAP
0000
2100
2100
2100
0000
0000
0000
0000
0000
0000
0000
0000
2100
2100
2100
0000
0000
2100
2100
2100
0000
0000
ENDCHAR
STARTCHAR uni28EE
ENCODING 10478
SWIDTH 500 0
DWIDTH 11 0
BBX 11 22 0 -5
BITMAP
0000
0100
0100
0100
0000
0000
2000
2000
2000
0000
0000
0000
2100
2100
2100
0000
0000
2100
2100
2100
0000
0000
ENDCHAR
STARTCHAR uni28EF
ENCODING 10479
SWIDTH 500 0
DWIDTH 11 0
BBX 11 22 0 -5
BITMAP
0000
2100
2100
2100
0000
0000
2000
2000
2000
0000
0000
0000
2100
2100
2100
0000
0000
2100
2100
2100
0000
0000
ENDCHAR
STARTCHAR uni28F0
ENCODING 10480
SWIDTH 500 0
DWIDTH 11 0
BBX 11 22 0 -5
BITMAP
0000
0000
0000
0000
0000
0000
0100
0100
0100
0000
0000
0000
0100
0100
0100
0000
0000
2100
2100
2100
0000
0000
ENDCHAR
STARTCHAR uni28F1
ENCODING 10481
SWIDTH 500 0
DWIDTH 11 0
BBX 11 22 0 -5
BITMAP
0000
2000
2000
2000
0000
0000
0100
0100
0100
0000
0000
0000
0100
0100
0100
0000
0000
2100
2100
2100
0000
0000
ENDCHAR
STARTCHAR uni28F2
ENCODING 10482
SWIDTH 500 0
DWIDTH 11 0
BBX 11 22 0 -5
BITMAP
0000
0000
0000
0000
0000
0000
2100
2100
2100
0000
0000
0000
0100
0100
0100
0000
0000
2100
2100
2100
0000
0000
ENDCHAR
STARTCHAR uni28F3
ENCODING 10483
SWIDTH 500 0
DWIDTH 11 0
BBX 11 22 0 -5
BITMAP
0000
2000
2000
2000
0000
0000
2100
2100
2100
0000
0000
0000
0100
0100
0100
0000
0000
2100
2100
2100
0000
0000
ENDCHAR
STARTCHAR uni28F4
ENCODING 10484
SWIDTH 500 0
DWIDTH 11 0
BBX 11 22 0 -5
BITMAP
0000
0000
0000
0000
0000
0000
0100
0100
0100
0000
0000
0000
2100
2100
2100
0000
0000
2100
2100
2100
0000
0000
ENDCHAR
STARTCHAR uni28F5
ENCODING 10485
SWIDTH 500 0
DWIDTH 11 0
BBX 11 22 0 -5
BITMAP
0000
2000
2000
2000
0000
0000
0100
0100
0100
0000
0000
0000
2100
2100
2100
0000
0000
2100
2100
2100
0000
0000
ENDCHAR
STARTCHAR uni28F6
ENCODING 10486
SWIDTH 500 0
DWIDTH 11 0
BBX 11 22 0 -5
BITMAP
0000
0000
0000
0000
0000
0000
2100
2100
2100
0000
0000
0000
2100
2100
2100
0000
0000
2100
2100
2100
0000
0000
ENDCHAR
STARTCHAR uni28F7
ENCODING 10487
SWIDTH 500 0
DWIDTH 11 0
BBX 11 22 0 -5
BITMAP
0000
2000
2000
2000
0000
0000
2100
2100
2100
0000
0000
0000
2100
2100
2100
0000
0000
2100
2100
2100
0000
0000
ENDCHAR
STARTCHAR uni28F8
ENCODING 10488
SWIDTH 500 0
DWIDTH 11 0
BBX 11 22 0 -5
BITMAP
0000
0100
0100
0100
0000
0000
0100
0100
0100
0000
0000
0000
0100
0100
0100
0000
0000
2100
2100
2100
0000
0000
ENDCHAR
STARTCHAR uni28F9
ENCODING 10489
SWIDTH 500 0
DWIDTH 11 0
BBX 11 22 0 -5
BITMAP
0000
2100
2100
2100
0000
0000
0100
0100
0100
0000
0000
0000
0100
0100
0100
0000
0000
2100
2100
2100
0000
0000
ENDCHAR
STARTCHAR uni28FA
ENCODING 10490
SWIDTH 500 0
DWIDTH 11 0
BBX 11 22 0 -5
BITMAP
0000
0100
0100
0100
0000
0000
2100
2100
2100
0000
0000
0000
0100
0100
0100
0000
0000
2100
2100
2100
0000
0000
ENDCHAR
STARTCHAR uni28FB
ENCODING 10491
SWIDTH 500 0
DWIDTH 11 0
BBX 11 22 0 -5
BITMAP
0000
2100
2100
2100
0000
0000
2100
2100
2100
0000
0000
0000
0100
0100
0100
0000
0000
2100
2100
2100
0000
0000
ENDCHAR
STARTCHAR uni28FC
ENCODING 10492
SWIDTH 500 0
DWIDTH 11 0
BBX 11 22 0 -5
BITMAP
0000
0100
0100
0100
0000
0000
0100
0100
0100
0000
0000
0000
2100
2100
2100
0000
0000
2100
2100
2100
0000
0000
ENDCHAR
STARTCHAR uni28FD
ENCODING 10493
SWIDTH 500 0
DWIDTH 11 0
BBX 11 22 0 -5
BITMAP
0000
2100
2100
2100
0000
0000
0100
0100
0100
0000
0000
0000
2100
2100
2100
0000
0000
2100
2100
2100
0000
0000
ENDCHAR
STARTCHAR uni28FE
ENCODING 10494
SWIDTH 500 0
DWIDTH 11 0
BBX 11 22 0 -5
BITMAP
0000
0100
0100
0100
0000
0000
2100
2100
2100
0000
0000
0000
2100
2100
2100
0000
0000
2100
2100
2100
0000
0000
ENDCHAR
STARTCHAR uni28FF
ENCODING 10495
SWIDTH 500 0
DWIDTH 11 0
BBX 11 22 0 -5
BITMAP
0000
2100
2100
2100
0000
0000
2100
2100
2100
0000
0000
0000
2100
2100
2100
0000
0000
2100
2100
2100
0000
0000
ENDCHAR
STARTCHAR uni2E2C
ENCODING 11820
SWIDTH 500 0
DWIDTH 11 0
BBX 11 22 0 -5
BITMAP
0000
0000
0000
0000
0000
0000
4080
4080
4080
0000
0000
0000
0000
4080
4080
4080
0000
0000
0000
0000
0000
0000
ENDCHAR
STARTCHAR uniE0A0
ENCODING 57504
SWIDTH 500 0
DWIDTH 11 0
BBX 11 22 0 -5
BITMAP
8000
8000
8200
8700
8A80
9240
8200
8200
8200
8200
8400
0800
1000
2000
4000
8000
8000
8000
8000
8000
8000
8000
ENDCHAR
STARTCHAR uniE0A1
ENCODING 57505
SWIDTH 500 0
DWIDTH 11 0
BBX 11 22 0 -5
BITMAP
0000
0000
4000
4000
4000
4000
4000
4000
4000
7E00
0000
0000
0840
0840
0C40
0A40
0940
08C0
0840
0840
0000
0000
ENDCHAR
STARTCHAR uniE0A2
ENCODING 57506
SWIDTH 500 0
DWIDTH 11 0
BBX 11 22 0 -5
BITMAP
0000
0000
1F00
2080
2080
2080
2080
2080
2080
7FC0
7FC0
7FC0
7BC0
71C0
71C0
7BC0
7FC0
7FC0
7FC0
0000
0000
0000
ENDCHAR
STARTCHAR uniE0B0
ENCODING 57520
SWIDTH 500 0
DWIDTH 11 0
BBX 11 22 0 -5
BITMAP
8000
C000
E000
F000
F800
FC00
FE00
FF00
FF80
FFC0
FFE0
FFE0
FFC0
FF80
FF00
FE00
FC00
F800
F000
E000
C000
8000
ENDCHAR
STARTCHAR uniE0B1
ENCODING 57521
SWIDTH 500 0
DWIDTH 11 0
BBX 11 22 0 -5
BITMAP
8000
4000
2000
1000
0800
0400
0200
0100
0080
0040
0020
0020
0040
0080
0100
0200
0400
0800
1000
2000
4000
8000
ENDCHAR
STARTCHAR uniE0B2
ENCODING 57522
SWIDTH 500 0
DWIDTH 11 0
BBX 11 22 0 -5
BITMAP
0020
0060
00E0
01E0
03E0
07E0
0FE0
1FE0
3FE0
7FE0
FFE0
FFE0
7FE0
3FE0
1FE0
0FE0
07E0
03E0
01E0
00E0
0060
0020
ENDCHAR
STARTCHAR uniE0B3
ENCODING 57523
SWIDTH 500 0
DWIDTH 11 0
BBX 11 22 0 -5
BITMAP
0020
0040
0080
0100
0200
0400
0800
1000
2000
4000
8000
8000
4000
2000
1000
0800
0400
0200
0100
0080
0040
0020
ENDCHAR
STARTCHAR uniF6BE
ENCODING 63166
SWIDTH 500 0
DWIDTH 11 0
BBX 11 22 0 -5
BITMAP
0000
0000
0000
0000
0000
0000
0000
0700
0100
0100
0100
0100
0100
0100
0100
0100
0100
2100
2100
2100
1E00
0000
ENDCHAR
STARTCHAR uniFFFD
ENCODING 65533
SWIDTH 500 0
DWIDTH 11 0
BBX 11 22 0 -5
BITMAP
0000
0000
0000
7F80
4080
4080
4080
4080
4080
4080
4080
4080
4080
4080
4080
4080
7F80
0000
0000
0000
0000
0000
ENDCHAR
COMMENT End of Terminus glyphs. Terplus additions follow.
STARTCHAR uni0180
ENCODING 384
SWIDTH 500 0
DWIDTH 11 0
BBX 11 22 0 -5
BITMAP
0000
0000
0000
4000
F800
4000
4000
7E00
4100
4080
4080
4080
4080
4080
4080
4100
7E00
0000
0000
0000
0000
0000
ENDCHAR
STARTCHAR uni0181
ENCODING 385
SWIDTH 500 0
DWIDTH 11 0
BBX 11 22 0 -5
BITMAP
3000
4800
4000
7E00
4100
4080
4080
4080
4100
7E00
4100
4080
4080
4080
4080
4100
7E00
0000
0000
0000
0000
0000
ENDCHAR
STARTCHAR uni0182
ENCODING 386
SWIDTH 500 0
DWIDTH 11 0
BBX 11 22 0 -5
BITMAP
0000
0000
0000
7F00
4000
4000
4000
4000
7E00
4100
4080
4080
4080
4080
4080
4100
7E00
0000
0000
0000
0000
0000
ENDCHAR
STARTCHAR uni0183
ENCODING 387
SWIDTH 500 0
DWIDTH 11 0
BBX 11 22 0 -5
BITMAP
0000
0000
0000
1F00
2000
4000
4000
4000
7E00
4100
4080
4080
4080
4080
4080
4100
7E00
0000
0000
0000
0000
0000
ENDCHAR
STARTCHAR uni0184
ENCODING 388
SWIDTH 500 0
DWIDTH 11 0
BBX 11 22 0 -5
BITMAP
0000
0000
0000
4000
4000
4000
4000
7E00
4100
4080
4080
4080
4080
4080
4080
4100
7E00
0000
0000
0000
0000
0000
ENDCHAR
STARTCHAR uni0185
ENCODING 389
SWIDTH 500 0
DWIDTH 11 0
BBX 11 22 0 -5
BITMAP
0000
0000
0000
0000
0000
0000
0000
2000
2000
2000
3E00
2100
2080
2080
2080
2100
3E00
0000
0000
0000
0000
0000
ENDCHAR
STARTCHAR uni0187
ENCODING 391
SWIDTH 500 0
DWIDTH 11 0
BBX 11 22 0 -5
BITMAP
0000
0000
0300
1E80
2180
4080
4080
4000
4000
4000
4000
4000
4000
4080
4080
2100
1E00
0000
0000
0000
0000
0000
ENDCHAR
STARTCHAR uni0188
ENCODING 392
SWIDTH 500 0
DWIDTH 11 0
BBX 11 22 0 -5
BITMAP
0000
0000
0000
0000
0000
0000
0300
1E80
2180
4080
4080
4000
4000
4000
4080
2100
1E00
0000
0000
0000
0000
0000
ENDCHAR
STARTCHAR uni0189
ENCODING 393
SWIDTH 500 0
DWIDTH 11 0
BBX 11 22 0 -5
BITMAP
0000
0000
0000
7E00
4100
4080
4080
4080
4080
F880
4080
4080
4080
4080
4080
4100
7E00
0000
0000
0000
0000
0000
ENDCHAR
STARTCHAR uni018A
ENCODING 394
SWIDTH 500 0
DWIDTH 11 0
BBX 11 22 0 -5
BITMAP
3000
4800
4000
7E00
4100
4080
4080
4080
4080
4080
4080
4080
4080
4080
4080
4100
7E00
0000
0000
0000
0000
0000
ENDCHAR
STARTCHAR uni018B
ENCODING 395
SWIDTH 500 0
DWIDTH 11 0
BBX 11 22 0 -5
BITMAP
0000
0000
0000
3F80
0080
0080
0080
0080
1F80
2080
4080
4080
4080
4080
4080
2080
1F80
0000
0000
0000
0000
0000
ENDCHAR
STARTCHAR uni018C
ENCODING 396
SWIDTH 500 0
DWIDTH 11 0
BBX 11 22 0 -5
BITMAP
0000
0000
0000
3E00
0100
0080
0080
0080
1F80
2080
4080
4080
4080
4080
4080
2080
1F80
0000
0000
0000
0000
0000
ENDCHAR
STARTCHAR uni018D
ENCODING 397
SWIDTH 500 0
DWIDTH 11 0
BBX 11 22 0 -5
BITMAP
0000
0000
0000
1E00
2100
4080
4080
4080
4080
4080
4080
2100
1E00
0800
0400
0200
3F00
0000
0000
0000
0000
0000
ENDCHAR
STARTCHAR uni0191
ENCODING 401
SWIDTH 500 0
DWIDTH 11 0
BBX 11 22 0 -5
BITMAP
0000
0000
0000
3FC0
2000
2000
2000
2000
2000
3F00
2000
2000
2000
2000
2000
2000
3000
5000
2000
0000
0000
0000
ENDCHAR
STARTCHAR uni0193
ENCODING 403
SWIDTH 500 0
DWIDTH 11 0
BBX 11 22 0 -5
BITMAP
0000
0000
0300
1E80
2180
4080
4080
4000
4000
4000
4780
4080
4080
4080
4080
2100
1E00
0000
0000
0000
0000
0000
ENDCHAR
STARTCHAR uni0194
ENCODING 404
SWIDTH 500 0
DWIDTH 11 0
BBX 11 22 0 -5
BITMAP
0000
0000
0000
4080
4080
2100
2100
2200
1200
1400
1400
0800
0800
1400
1400
0800
0800
0000
0000
0000
0000
0000
ENDCHAR
STARTCHAR uni0195
ENCODING 405
SWIDTH 500 0
DWIDTH 11 0
BBX 11 22 0 -5
BITMAP
0000
0000
0000
8000
8000
8000
8000
E440
9440
9440
9440
9440
9440
9440
9440
9440
93C0
0000
0000
0000
0000
0000
ENDCHAR
STARTCHAR uni0196
ENCODING 406
SWIDTH 500 0
DWIDTH 11 0
BBX 11 22 0 -5
BITMAP
0000
0000
0000
3800
0800
0800
0800
0800
0800
0800
0800
0800
0800
0800
0800
0800
0700
0000
0000
0000
0000
0000
ENDCHAR
STARTCHAR uni0197
ENCODING 407
SWIDTH 500 0
DWIDTH 11 0
BBX 11 22 0 -5
BITMAP
0000
0000
0000
1F00
0400
0400
0400
0400
0400
3F80
0400
0400
0400
0400
0400
0400
1F00
0000
0000
0000
0000
0000
ENDCHAR
STARTCHAR uni0198
ENCODING 408
SWIDTH 500 0
DWIDTH 11 0
BBX 11 22 0 -5
BITMAP
0300
0480
0080
4080
4180
4200
4400
4800
5000
6000
6000
5000
4800
4400
4200
4100
4080
0000
0000
0000
0000
0000
ENDCHAR
STARTCHAR uni0199
ENCODING 409
SWIDTH 500 0
DWIDTH 11 0
BBX 11 22 0 -5
BITMAP
0000
0000
0000
2000
2300
2480
2080
2080
2180
2200
2400
3800
3800
2400
2200
2100
2080
0000
0000
0000
0000
0000
ENDCHAR
STARTCHAR uni019A
ENCODING 410
SWIDTH 500 0
DWIDTH 11 0
BBX 11 22 0 -5
BITMAP
0000
0000
0000
3800
0800
0800
7F80
0800
0800
0800
0800
0800
0800
0800
0800
0800
0700
0000
0000
0000
0000
0000
ENDCHAR
STARTCHAR uni019B
ENCODING 411
SWIDTH 500 0
DWIDTH 11 0
BBX 11 22 0 -5
BITMAP
0000
0000
0000
1000
1000
0800
0800
0C80
0F00
1E00
3200
6100
2100
2100
4080
4080
4080
0000
0000
0000
0000
0000
ENDCHAR
STARTCHAR uni019C
ENCODING 412
SWIDTH 500 0
DWIDTH 11 0
BBX 11 22 0 -5
BITMAP
0000
0000
0000
4040
4040
4040
4040
4040
4040
4040
4440
4440
4A40
5140
5140
60C0
4040
0000
0000
0000
0000
0000
ENDCHAR
STARTCHAR uni019F
ENCODING 415
SWIDTH 500 0
DWIDTH 11 0
BBX 11 22 0 -5
BITMAP
0000
0000
0000
1E00
2100
4080
4080
4080
4080
7F80
4080
4080
4080
4080
4080
2100
1E00
0000
0000
0000
0000
0000
ENDCHAR
STARTCHAR uni01A0
ENCODING 416
SWIDTH 500 0
DWIDTH 11 0
BBX 11 22 0 -5
BITMAP
0000
0000
0040
1C40
2280
4100
4100
4100
4100
4100
4100
4100
4100
4100
4100
2200
1C00
0000
0000
0000
0000
0000
ENDCHAR
STARTCHAR uni01A1
ENCODING 417
SWIDTH 500 0
DWIDTH 11 0
BBX 11 22 0 -5
BITMAP
0000
0000
0000
0000
0000
0000
0040
1C40
2280
4100
4100
4100
4100
4100
4100
2200
1C00
0000
0000
0000
0000
0000
ENDCHAR
STARTCHAR uni01A2
ENCODING 418
SWIDTH 500 0
DWIDTH 11 0
BBX 11 22 0 -5
BITMAP
0000
0000
0080
1E80
2180
4080
4080
4080
4080
4080
4080
4080
4080
4080
4080
2180
1E80
0080
0080
0000
0000
0000
ENDCHAR
STARTCHAR uni01A3
ENCODING 419
SWIDTH 500 0
DWIDTH 11 0
BBX 11 22 0 -5
BITMAP
0000
0000
0000
0000
0000
0000
0080
1E80
2180
4080
4080
4080
4080
4080
4080
2180
1E80
0080
0080
0000
0000
0000
ENDCHAR
STARTCHAR uni01A4
ENCODING 420
SWIDTH 500 0
DWIDTH 11 0
BBX 11 22 0 -5
BITMAP
3000
4800
4000
7E00
4100
4080
4080
4080
4080
4100
7E00
4000
4000
4000
4000
4000
4000
0000
0000
0000
0000
0000
ENDCHAR
STARTCHAR uni01A5
ENCODING 421
SWIDTH 500 0
DWIDTH 11 0
BBX 11 22 0 -5
BITMAP
0000
0000
0000
0000
3000
4800
4000
7E00
4100
4080
4080
4080
4080
4080
4080
4100
7E00
4000
4000
4000
4000
0000
ENDCHAR
STARTCHAR uni01A6
ENCODING 422
SWIDTH 500 0
DWIDTH 11 0
BBX 11 22 0 -5
BITMAP
0000
0000
0000
7E00
4100
4080
4080
4080
4080
4100
FFC0
5000
4800
4400
4200
4100
4080
0000
0000
0000
0000
0000
ENDCHAR
STARTCHAR uni01A7
ENCODING 423
SWIDTH 500 0
DWIDTH 11 0
BBX 11 22 0 -5
BITMAP
0000
0000
0000
1E00
2100
4080
0080
0080
0100
1E00
2000
4000
4000
4000
4080
2100
1E00
0000
0000
0000
0000
0000
ENDCHAR
STARTCHAR uni01A8
ENCODING 424
SWIDTH 500 0
DWIDTH 11 0
BBX 11 22 0 -5
BITMAP
0000
0000
0000
0000
0000
0000
0000
3F00
4080
0080
0080
3F00
4000
4000
4000
4080
3F00
0000
0000
0000
0000
0000
ENDCHAR
STARTCHAR uni01A9
ENCODING 425
SWIDTH 500 0
DWIDTH 11 0
BBX 11 22 0 -5
BITMAP
0000
0000
0000
7F80
4000
2000
1000
0800
0400
0200
0200
0400
0800
1000
2000
4000
7F80
0000
0000
0000
0000
0000
ENDCHAR
STARTCHAR uni01AA
ENCODING 426
SWIDTH 500 0
DWIDTH 11 0
BBX 11 22 0 -5
BITMAP
0000
0000
0000
7800
4400
7400
0400
0400
0400
0400
0400
0400
0400
0400
0400
0400
0400
0440
03C0
0000
0000
0000
ENDCHAR
STARTCHAR uni01AB
ENCODING 427
SWIDTH 500 0
DWIDTH 11 0
BBX 11 22 0 -5
BITMAP
0000
0000
0000
0800
0800
0800
0800
7F00
0800
0800
0800
0800
0800
0800
0800
0800
0780
1400
0800
0000
0000
0000
ENDCHAR
STARTCHAR uni01AC
ENCODING 428
SWIDTH 500 0
DWIDTH 11 0
BBX 11 22 0 -5
BITMAP
3000
4800
4000
7FC0
0400
0400
0400
0400
0400
0400
0400
0400
0400
0400
0400
0400
0400
0000
0000
0000
0000
0000
ENDCHAR
STARTCHAR uni01AD
ENCODING 429
SWIDTH 500 0
DWIDTH 11 0
BBX 11 22 0 -5
BITMAP
3000
4800
4000
4800
0800
0800
0800
7F00
0800
0800
0800
0800
0800
0800
0800
0800
0780
0000
0000
0000
0000
0000
ENDCHAR
STARTCHAR uni01AE
ENCODING 430
SWIDTH 500 0
DWIDTH 11 0
BBX 11 22 0 -5
BITMAP
0000
0000
0000
7FC0
0400
0400
0400
0400
0400
0400
0400
0400
0400
0400
0400
0400
0400
0500
0200
0000
0000
0000
ENDCHAR
STARTCHAR uni01AF
ENCODING 431
SWIDTH 500 0
DWIDTH 11 0
BBX 11 22 0 -5
BITMAP
0000
0000
0040
4140
4180
4100
4100
4100
4100
4100
4100
4100
4100
4100
4100
2200
1C00
0000
0000
0000
0000
0000
ENDCHAR
STARTCHAR uni01B0
ENCODING 432
SWIDTH 500 0
DWIDTH 11 0
BBX 11 22 0 -5
BITMAP
0000
0000
0000
0000
0000
0000
0040
4140
4180
4100
4100
4100
4100
4100
4100
2100
1F00
0000
0000
0000
0000
0000
ENDCHAR
STARTCHAR uni01B1
ENCODING 433
SWIDTH 500 0
DWIDTH 11 0
BBX 11 22 0 -5
BITMAP
0000
0000
0000
7380
1200
1200
2100
4080
4080
4080
4080
4080
4080
4080
4080
2100
1E00
0000
0000
0000
0000
0000
ENDCHAR
STARTCHAR uni01B2
ENCODING 434
SWIDTH 500 0
DWIDTH 11 0
BBX 11 22 0 -5
BITMAP
0300
0480
0080
4080
4080
4080
4080
4080
4080
4080
4080
4080
4080
4080
4080
2100
1E00
0000
0000
0000
0000
0000
ENDCHAR
STARTCHAR uni01B3
ENCODING 435
SWIDTH 500 0
DWIDTH 11 0
BBX 11 22 0 -5
BITMAP
0180
0240
0040
4040
4040
2080
2080
1100
1100
0A00
0A00
0400
0400
0400
0400
0400
0400
0000
0000
0000
0000
0000
ENDCHAR
STARTCHAR uni01B4
ENCODING 436
SWIDTH 500 0
DWIDTH 11 0
BBX 11 22 0 -5
BITMAP
0000
0000
0000
0000
0300
0480
0080
4080
4080
4080
4080
4080
4080
4080
4080
2080
1F80
0080
0080
0100
3E00
0000
ENDCHAR
STARTCHAR uni01B8
ENCODING 440
SWIDTH 500 0
DWIDTH 11 0
BBX 11 22 0 -5
BITMAP
0000
0000
0000
7F80
2000
1000
0800
0400
1E00
2000
4000
4000
4000
4000
4080
2100
1E00
0000
0000
0000
0000
0000
ENDCHAR
STARTCHAR uni01B9
ENCODING 441
SWIDTH 500 0
DWIDTH 11 0
BBX 11 22 0 -5
BITMAP
0000
0000
0000
0000
0000
0000
0000
7F80
2000
1000
0800
0400
1E00
2000
4000
4000
4000
4000
4080
2100
1E00
0000
ENDCHAR
STARTCHAR uni01BA
ENCODING 442
SWIDTH 500 0
DWIDTH 11 0
BBX 11 22 0 -5
BITMAP
0000
0000
0000
0000
0000
0000
0000
7F80
0100
0200
0400
0800
1E00
0100
0080
0080
0080
0080
4080
2180
1E80
0040
ENDCHAR
STARTCHAR uni01BB
ENCODING 443
SWIDTH 500 0
DWIDTH 11 0
BBX 11 22 0 -5
BITMAP
0000
0000
0000
1E00
2100
4080
4080
4080
0080
FFC0
0200
0400
0800
1000
2000
4000
7F80
0000
0000
0000
0000
0000
ENDCHAR
STARTCHAR uni01BC
ENCODING 444
SWIDTH 500 0
DWIDTH 11 0
BBX 11 22 0 -5
BITMAP
0000
0000
0000
7F80
4000
4000
4000
4000
7E00
0100
0080
0080
0080
4080
4080
2100
1E00
0000
0000
0000
0000
0000
ENDCHAR
STARTCHAR uni01BD
ENCODING 445
SWIDTH 500 0
DWIDTH 11 0
BBX 11 22 0 -5
BITMAP
0000
0000
0000
0000
0000
0000
0000
7F80
4000
4000
7E00
0100
0080
4080
4080
2100
1E00
0000
0000
0000
0000
0000
ENDCHAR
STARTCHAR uni01BE
ENCODING 446
SWIDTH 500 0
DWIDTH 11 0
BBX 11 22 0 -5
BITMAP
0000
0000
0000
0800
0800
0800
0800
0800
0800
FFC0
1000
2000
4000
4080
4080
2100
1E00
0000
0000
0000
0000
0000
ENDCHAR
STARTCHAR uni01BF
ENCODING 447
SWIDTH 500 0
DWIDTH 11 0
BBX 11 22 0 -5
BITMAP
0000
0000
0000
0000
0000
0000
0000
7E00
4180
4080
4080
4180
4600
5800
6000
4000
6000
4000
4000
4000
4000
0000
ENDCHAR
STARTCHAR uni01C0
ENCODING 448
SWIDTH 500 0
DWIDTH 11 0
BBX 11 22 0 -5
BITMAP
0000
0000
0000
0400
0400
0400
0400
0400
0400
0400
0400
0400
0400
0400
0400
0400
0400
0000
0000
0000
0000
0000
ENDCHAR
STARTCHAR uni01C1
ENCODING 449
SWIDTH 500 0
DWIDTH 11 0
BBX 11 22 0 -5
BITMAP
0000
0000
0000
0A00
0A00
0A00
0A00
0A00
0A00
0A00
0A00
0A00
0A00
0A00
0A00
0A00
0A00
0000
0000
0000
0000
0000
ENDCHAR
STARTCHAR uni01C2
ENCODING 450
SWIDTH 500 0
DWIDTH 11 0
BBX 11 22 0 -5
BITMAP
0000
0000
0000
0400
0400
0400
0400
0400
1F00
0400
1F00
0400
0400
0400
0400
0400
0400
0000
0000
0000
0000
0000
ENDCHAR
STARTCHAR uni01C3
ENCODING 451
SWIDTH 500 0
DWIDTH 11 0
BBX 11 22 0 -5
BITMAP
0000
0000
0000
0400
0400
0400
0400
0400
0400
0400
0400
0400
0000
0000
0400
0400
0400
0000
0000
0000
0000
0000
ENDCHAR
STARTCHAR uni01C4
ENCODING 452
SWIDTH 500 0
DWIDTH 11 0
BBX 11 22 0 -5
BITMAP
0440
0280
0100
E000
97C0
9040
9040
9080
9080
9080
9100
9200
9200
9200
9400
9400
E7C0
0000
0000
0000
0000
0000
ENDCHAR
STARTCHAR uni01C5
ENCODING 453
SWIDTH 500 0
DWIDTH 11 0
BBX 11 22 0 -5
BITMAP
0000
0000
0000
E440
9280
9100
9000
97C0
9040
9080
9080
9100
9100
9200
9200
9400
E7C0
0000
0000
0000
0000
0000
ENDCHAR
STARTCHAR uni01C6
ENCODING 454
SWIDTH 500 0
DWIDTH 11 0
BBX 11 22 0 -5
BITMAP
0000
0000
0000
1440
1280
1100
1000
77C0
9040
9080
9080
9100
9100
9200
9200
9400
77C0
0000
0000
0000
0000
0000
ENDCHAR
STARTCHAR uni01C7
ENCODING 455
SWIDTH 500 0
DWIDTH 11 0
BBX 11 22 0 -5
BITMAP
0000
0000
0000
87C0
8040
8040
8040
8040
8040
8040
8040
8040
8040
8040
8040
8440
F380
0000
0000
0000
0000
0000
ENDCHAR
STARTCHAR uni01C8
ENCODING 456
SWIDTH 500 0
DWIDTH 11 0
BBX 11 22 0 -5
BITMAP
0000
0000
0000
8040
8040
8040
8000
8040
8040
8040
8040
8040
8040
8040
8040
8040
F040
0440
0380
0000
0000
0000
ENDCHAR
STARTCHAR uni01C9
ENCODING 457
SWIDTH 500 0
DWIDTH 11 0
BBX 11 22 0 -5
BITMAP
0000
0000
0000
C040
4040
4040
4000
4040
4040
4040
4040
4040
4040
4040
4040
4040
7040
0440
0380
0000
0000
0000
ENDCHAR
STARTCHAR uni01CA
ENCODING 458
SWIDTH 500 0
DWIDTH 11 0
BBX 11 22 0 -5
BITMAP
0000
0000
0000
97C0
9040
9040
D040
D040
D040
D040
B040
B040
B040
B040
9040
9440
9380
0000
0000
0000
0000
0000
ENDCHAR
STARTCHAR uni01CB
ENCODING 459
SWIDTH 500 0
DWIDTH 11 0
BBX 11 22 0 -5
BITMAP
0000
0000
0000
9040
9040
9040
D000
D040
D040
D040
B040
B040
B040
B040
9040
9040
9040
0440
0380
0000
0000
0000
ENDCHAR
STARTCHAR uni01CC
ENCODING 460
SWIDTH 500 0
DWIDTH 11 0
BBX 11 22 0 -5
BITMAP
0000
0000
0000
0040
0040
0040
0000
E040
9040
9040
9040
9040
9040
9040
9040
9040
9040
0440
0380
0000
0000
0000
ENDCHAR
STARTCHAR uni01D5
ENCODING 469
SWIDTH 500 0
DWIDTH 11 0
BBX 11 22 0 -5
BITMAP
7E00
0000
4200
4200
4200
0000
4080
4080
4080
4080
4080
4080
4080
4080
4080
2100
1E00
0000
0000
0000
0000
0000
ENDCHAR
STARTCHAR uni01D6
ENCODING 470
SWIDTH 500 0
DWIDTH 11 0
BBX 11 22 0 -5
BITMAP
0000
7E00
0000
4200
4200
4200
0000
4080
4080
4080
4080
4080
4080
4080
4080
2080
1F80
0000
0000
0000
0000
0000
ENDCHAR
STARTCHAR uni01D7
ENCODING 471
SWIDTH 500 0
DWIDTH 11 0
BBX 11 22 0 -5
BITMAP
0400
0800
1000
0000
4200
4200
4200
0000
4080
4080
4080
4080
4080
4080
4080
2100
1E00
0000
0000
0000
0000
0000
ENDCHAR
STARTCHAR uni01D8
ENCODING 472
SWIDTH 500 0
DWIDTH 11 0
BBX 11 22 0 -5
BITMAP
0400
0800
1000
0000
4200
4200
4200
0000
4080
4080
4080
4080
4080
4080
4080
2080
1F80
0000
0000
0000
0000
0000
ENDCHAR
STARTCHAR uni01D9
ENCODING 473
SWIDTH 500 0
DWIDTH 11 0
BBX 11 22 0 -5
BITMAP
4200
2400
1800
0000
4200
4200
4200
0000
4080
4080
4080
4080
4080
4080
4080
2100
1E00
0000
0000
0000
0000
0000
ENDCHAR
STARTCHAR uni01DA
ENCODING 474
SWIDTH 500 0
DWIDTH 11 0
BBX 11 22 0 -5
BITMAP
4200
2400
1800
0000
4200
4200
4200
0000
4080
4080
4080
4080
4080
4080
4080
2080
1F80
0000
0000
0000
0000
0000
ENDCHAR
STARTCHAR uni01DB
ENCODING 475
SWIDTH 500 0
DWIDTH 11 0
BBX 11 22 0 -5
BITMAP
1000
0800
0400
0000
4200
4200
4200
0000
4080
4080
4080
4080
4080
4080
4080
2100
1E00
0000
0000
0000
0000
0000
ENDCHAR
STARTCHAR uni01DC
ENCODING 476
SWIDTH 500 0
DWIDTH 11 0
BBX 11 22 0 -5
BITMAP
1000
0800
0400
0000
4200
4200
4200
0000
4080
4080
4080
4080
4080
4080
4080
2080
1F80
0000
0000
0000
0000
0000
ENDCHAR
STARTCHAR uni01DD
ENCODING 477
SWIDTH 500 0
DWIDTH 11 0
BBX 11 22 0 -5
BITMAP
0000
0000
0000
0000
0000
0000
0000
3E00
4100
0080
0080
0080
7F80
4080
4080
2100
1E00
0000
0000
0000
0000
0000
ENDCHAR
STARTCHAR uni01DE
ENCODING 478
SWIDTH 500 0
DWIDTH 11 0
BBX 11 22 0 -5
BITMAP
7E00
0000
4200
4200
4200
0000
1E00
2100
4080
4080
4080
7F80
4080
4080
4080
4080
4080
0000
0000
0000
0000
0000
ENDCHAR
STARTCHAR uni01DF
ENCODING 479
SWIDTH 500 0
DWIDTH 11 0
BBX 11 22 0 -5
BITMAP
0000
7E00
0000
4200
4200
4200
0000
3E00
0100
0080
0080
3F80
4080
4080
4080
4080
3F80
0000
0000
0000
0000
0000
ENDCHAR
STARTCHAR uni01E0
ENCODING 480
SWIDTH 500 0
DWIDTH 11 0
BBX 11 22 0 -5
BITMAP
7E00
0000
0800
0800
0800
0000
1E00
2100
4080
4080
4080
7F80
4080
4080
4080
4080
4080
0000
0000
0000
0000
0000
ENDCHAR
STARTCHAR uni01E1
ENCODING 481
SWIDTH 500 0
DWIDTH 11 0
BBX 11 22 0 -5
BITMAP
0000
7E00
0000
0800
0800
0800
0000
3E00
0100
0080
0080
3F80
4080
4080
4080
4080
3F80
0000
0000
0000
0000
0000
ENDCHAR
STARTCHAR uni01F1
ENCODING 497
SWIDTH 500 0
DWIDTH 11 0
BBX 11 22 0 -5
BITMAP
0000
0000
0000
E7C0
9040
9040
9080
9080
9080
9100
9100
9200
9200
9200
9400
9400
E7C0
0000
0000
0000
0000
0000
ENDCHAR
STARTCHAR uni01F2
ENCODING 498
SWIDTH 500 0
DWIDTH 11 0
BBX 11 22 0 -5
BITMAP
0000
0000
0000
E000
9000
9000
9000
97C0
9040
9080
9080
9100
9100
9200
9200
9400
E7C0
0000
0000
0000
0000
0000
ENDCHAR
STARTCHAR uni01F3
ENCODING 499
SWIDTH 500 0
DWIDTH 11 0
BBX 11 22 0 -5
BITMAP
0000
0000
0000
1000
1000
1000
1000
77C0
9040
9080
9080
9100
9100
9200
9200
9400
77C0
0000
0000
0000
0000
0000
ENDCHAR
STARTCHAR uni01F6
ENCODING 502
SWIDTH 500 0
DWIDTH 11 0
BBX 11 22 0 -5
BITMAP
0000
0000
0000
9000
9000
9000
9000
9440
9440
F440
9440
9440
9440
9440
9440
9440
93C0
0000
0000
0000
0000
0000
ENDCHAR
STARTCHAR uni01F7
ENCODING 503
SWIDTH 500 0
DWIDTH 11 0
BBX 11 22 0 -5
BITMAP
0000
0000
0000
7E00
4180
4080
4080
4180
4600
5800
6000
4000
4000
4000
4000
4000
4000
0000
0000
0000
0000
0000
ENDCHAR
STARTCHAR uni01F8
ENCODING 504
SWIDTH 500 0
DWIDTH 11 0
BBX 11 22 0 -5
BITMAP
1000
0800
0400
0000
4080
4080
4080
6080
5080
4880
4480
4280
4180
4080
4080
4080
4080
0000
0000
0000
0000
0000
ENDCHAR
STARTCHAR uni01F9
ENCODING 505
SWIDTH 500 0
DWIDTH 11 0
BBX 11 22 0 -5
BITMAP
0000
0000
0000
1000
0800
0400
0000
7E00
4100
4080
4080
4080
4080
4080
4080
4080
4080
0000
0000
0000
0000
0000
ENDCHAR
STARTCHAR uni01FA
ENCODING 506
SWIDTH 500 0
DWIDTH 11 0
BBX 11 22 0 -5
BITMAP
0400
0800
1000
0000
1800
2400
2400
0000
1E00
2100
4080
4080
7F80
4080
4080
4080
4080
0000
0000
0000
0000
0000
ENDCHAR
STARTCHAR uni01FB
ENCODING 507
SWIDTH 500 0
DWIDTH 11 0
BBX 11 22 0 -5
BITMAP
0400
0800
1000
0000
1800
2400
2400
0000
3E00
0100
0080
0080
3F80
4080
4080
4080
3F80
0000
0000
0000
0000
0000
ENDCHAR
STARTCHAR uni0200
ENCODING 512
SWIDTH 500 0
DWIDTH 11 0
BBX 11 22 0 -5
BITMAP
4400
2200
1100
0000
1E00
2100
4080
4080
4080
4080
7F80
4080
4080
4080
4080
4080
4080
0000
0000
0000
0000
0000
ENDCHAR
STARTCHAR uni0201
ENCODING 513
SWIDTH 500 0
DWIDTH 11 0
BBX 11 22 0 -5
BITMAP
0000
0000
0000
4400
2200
1100
0000
3E00
0100
0080
0080
3F80
4080
4080
4080
4080
3F80
0000
0000
0000
0000
0000
ENDCHAR
STARTCHAR uni0202
ENCODING 514
SWIDTH 500 0
DWIDTH 11 0
BBX 11 22 0 -5
BITMAP
3C00
4200
4200
0000
1E00
2100
4080
4080
4080
4080
7F80
4080
4080
4080
4080
4080
4080
0000
0000
0000
0000
0000
ENDCHAR
STARTCHAR uni0203
ENCODING 515
SWIDTH 500 0
DWIDTH 11 0
BBX 11 22 0 -5
BITMAP
0000
0000
0000
3C00
4200
4200
0000
3E00
0100
0080
0080
3F80
4080
4080
4080
4080
3F80
0000
0000
0000
0000
0000
ENDCHAR
STARTCHAR uni0204
ENCODING 516
SWIDTH 500 0
DWIDTH 11 0
BBX 11 22 0 -5
BITMAP
4400
2200
1100
0000
7F80
4000
4000
4000
4000
4000
7E00
4000
4000
4000
4000
4000
7F80
0000
0000
0000
0000
0000
ENDCHAR
STARTCHAR uni0205
ENCODING 517
SWIDTH 500 0
DWIDTH 11 0
BBX 11 22 0 -5
BITMAP
0000
0000
0000
4400
2200
1100
0000
1E00
2100
4080
4080
7F80
4000
4000
4000
2080
1F00
0000
0000
0000
0000
0000
ENDCHAR
STARTCHAR uni0206
ENCODING 518
SWIDTH 500 0
DWIDTH 11 0
BBX 11 22 0 -5
BITMAP
3C00
4200
4200
0000
7F80
4000
4000
4000
4000
4000
7E00
4000
4000
4000
4000
4000
7F80
0000
0000
0000
0000
0000
ENDCHAR
STARTCHAR uni0207
ENCODING 519
SWIDTH 500 0
DWIDTH 11 0
BBX 11 22 0 -5
BITMAP
0000
0000
0000
3C00
4200
4200
0000
1E00
2100
4080
4080
7F80
4000
4000
4000
2080
1F00
0000
0000
0000
0000
0000
ENDCHAR
STARTCHAR uni0208
ENCODING 520
SWIDTH 500 0
DWIDTH 11 0
BBX 11 22 0 -5
BITMAP
2200
1100
0880
0000
1F00
0400
0400
0400
0400
0400
0400
0400
0400
0400
0400
0400
1F00
0000
0000
0000
0000
0000
ENDCHAR
STARTCHAR uni0209
ENCODING 521
SWIDTH 500 0
DWIDTH 11 0
BBX 11 22 0 -5
BITMAP
0000
0000
0000
2200
1100
0880
0000
1C00
0400
0400
0400
0400
0400
0400
0400
0400
1F00
0000
0000
0000
0000
0000
ENDCHAR
STARTCHAR uni020A
ENCODING 522
SWIDTH 500 0
DWIDTH 11 0
BBX 11 22 0 -5
BITMAP
1E00
2100
2100
0000
1F00
0400
0400
0400
0400
0400
0400
0400
0400
0400
0400
0400
1F00
0000
0000
0000
0000
0000
ENDCHAR
STARTCHAR uni020B
ENCODING 523
SWIDTH 500 0
DWIDTH 11 0
BBX 11 22 0 -5
BITMAP
0000
0000
0000
1E00
2100
2100
0000
1C00
0400
0400
0400
0400
0400
0400
0400
0400
1F00
0000
0000
0000
0000
0000
ENDCHAR
STARTCHAR uni020C
ENCODING 524
SWIDTH 500 0
DWIDTH 11 0
BBX 11 22 0 -5
BITMAP
4400
2200
1100
0000
1E00
2100
4080
4080
4080
4080
4080
4080
4080
4080
4080
2100
1E00
0000
0000
0000
0000
0000
ENDCHAR
STARTCHAR uni020D
ENCODING 525
SWIDTH 500 0
DWIDTH 11 0
BBX 11 22 0 -5
BITMAP
0000
0000
0000
4400
2200
1100
0000
1E00
2100
4080
4080
4080
4080
4080
4080
2100
1E00
0000
0000
0000
0000
0000
ENDCHAR
STARTCHAR uni020E
ENCODING 526
SWIDTH 500 0
DWIDTH 11 0
BBX 11 22 0 -5
BITMAP
3C00
4200
4200
0000
1E00
2100
4080
4080
4080
4080
4080
4080
4080
4080
4080
2100
1E00
0000
0000
0000
0000
0000
ENDCHAR
STARTCHAR uni020F
ENCODING 527
SWIDTH 500 0
DWIDTH 11 0
BBX 11 22 0 -5
BITMAP
0000
0000
0000
3C00
4200
4200
0000
1E00
2100
4080
4080
4080
4080
4080
4080
2100
1E00
0000
0000
0000
0000
0000
ENDCHAR
STARTCHAR uni0210
ENCODING 528
SWIDTH 500 0
DWIDTH 11 0
BBX 11 22 0 -5
BITMAP
4400
2200
1100
0000
7E00
4100
4080
4080
4080
4100
7E00
5000
4800
4400
4200
4100
4080
0000
0000
0000
0000
0000
ENDCHAR
STARTCHAR uni0211
ENCODING 529
SWIDTH 500 0
DWIDTH 11 0
BBX 11 22 0 -5
BITMAP
0000
0000
0000
4400
2200
1100
0000
4F80
5000
6000
4000
4000
4000
4000
4000
4000
4000
0000
0000
0000
0000
0000
ENDCHAR
STARTCHAR uni0212
ENCODING 530
SWIDTH 500 0
DWIDTH 11 0
BBX 11 22 0 -5
BITMAP
3C00
4200
4200
0000
7E00
4100
4080
4080
4080
4100
7E00
5000
4800
4400
4200
4100
4080
0000
0000
0000
0000
0000
ENDCHAR
STARTCHAR uni0213
ENCODING 531
SWIDTH 500 0
DWIDTH 11 0
BBX 11 22 0 -5
BITMAP
0000
0000
0000
3C00
4200
4200
0000
4F80
5000
6000
4000
4000
4000
4000
4000
4000
4000
0000
0000
0000
0000
0000
ENDCHAR
STARTCHAR uni0214
ENCODING 532
SWIDTH 500 0
DWIDTH 11 0
BBX 11 22 0 -5
BITMAP
4400
2200
1100
0000
4080
4080
4080
4080
4080
4080
4080
4080
4080
4080
4080
2100
1E00
0000
0000
0000
0000
0000
ENDCHAR
STARTCHAR uni0215
ENCODING 533
SWIDTH 500 0
DWIDTH 11 0
BBX 11 22 0 -5
BITMAP
0000
0000
0000
4400
2200
1100
0000
4080
4080
4080
4080
4080
4080
4080
4080
2080
1F80
0000
0000
0000
0000
0000
ENDCHAR
STARTCHAR uni0216
ENCODING 534
SWIDTH 500 0
DWIDTH 11 0
BBX 11 22 0 -5
BITMAP
3C00
4200
4200
0000
4080
4080
4080
4080
4080
4080
4080
4080
4080
4080
4080
2100
1E00
0000
0000
0000
0000
0000
ENDCHAR
STARTCHAR uni0217
ENCODING 535
SWIDTH 500 0
DWIDTH 11 0
BBX 11 22 0 -5
BITMAP
0000
0000
0000
3C00
4200
4200
0000
4080
4080
4080
4080
4080
4080
4080
4080
2080
1F80
0000
0000
0000
0000
0000
ENDCHAR
STARTCHAR uni021C
ENCODING 540
SWIDTH 500 0
DWIDTH 11 0
BBX 11 22 0 -5
BITMAP
0000
0000
0000
1E00
2100
4080
0080
0080
0100
1E00
0100
0080
0080
0080
4080
2100
1E00
0000
0000
0000
0000
0000
ENDCHAR
STARTCHAR uni021D
ENCODING 541
SWIDTH 500 0
DWIDTH 11 0
BBX 11 22 0 -5
BITMAP
0000
0000
0000
0000
0000
0000
0000
1E00
2100
4080
0080
0100
0100
0080
4080
2100
1E00
0000
0000
0000
0000
0000
ENDCHAR
STARTCHAR uni021E
ENCODING 542
SWIDTH 500 0
DWIDTH 11 0
BBX 11 22 0 -5
BITMAP
4200
2400
1800
0000
4080
4080
4080
4080
4080
4080
7F80
4080
4080
4080
4080
4080
4080
0000
0000
0000
0000
0000
ENDCHAR
STARTCHAR uni021F
ENCODING 543
SWIDTH 500 0
DWIDTH 11 0
BBX 11 22 0 -5
BITMAP
4200
2400
1800
0000
4000
4000
4000
4000
7E00
4100
4080
4080
4080
4080
4080
4080
4080
0000
0000
0000
0000
0000
ENDCHAR
STARTCHAR uni0220
ENCODING 544
SWIDTH 500 0
DWIDTH 11 0
BBX 11 22 0 -5
BITMAP
0000
0000
0000
7E00
4100
4080
4080
4080
4080
4080
4080
4080
4080
4080
4080
4080
4080
0080
0040
0000
0000
0000
ENDCHAR
STARTCHAR uni0221
ENCODING 545
SWIDTH 500 0
DWIDTH 11 0
BBX 11 22 0 -5
BITMAP
0000
0000
0000
0080
0080
0080
0080
1F80
2080
4080
4080
4080
4080
4080
4080
2080
1F80
0140
0080
0000
0000
0000
ENDCHAR
STARTCHAR uni0222
ENCODING 546
SWIDTH 500 0
DWIDTH 11 0
BBX 11 22 0 -5
BITMAP
0000
0000
0000
1E00
2100
4080
4080
4080
2100
1E00
2100
4080
4080
4080
4080
2100
1E00
0000
0000
0000
0000
0000
ENDCHAR
STARTCHAR uni0223
ENCODING 547
SWIDTH 500 0
DWIDTH 11 0
BBX 11 22 0 -5
BITMAP
0000
0000
0000
0000
0000
0000
0000
1E00
2100
4080
2100
1E00
2100
4080
4080
2100
1E00
0000
0000
0000
0000
0000
ENDCHAR
STARTCHAR uni0224
ENCODING 548
SWIDTH 500 0
DWIDTH 11 0
BBX 11 22 0 -5
BITMAP
0000
0000
0000
7F80
0080
0080
0080
0100
0200
0400
0800
1000
2000
4000
4000
4000
7F80
0080
0300
0000
0000
0000
ENDCHAR
STARTCHAR uni0225
ENCODING 549
SWIDTH 500 0
DWIDTH 11 0
BBX 11 22 0 -5
BITMAP
0000
0000
0000
0000
0000
0000
0000
7F80
0080
0100
0200
0400
0800
1000
2000
4000
7F80
0080
0300
0000
0000
0000
ENDCHAR
STARTCHAR uni0226
ENCODING 550
SWIDTH 500 0
DWIDTH 11 0
BBX 11 22 0 -5
BITMAP
0800
0800
0800
0000
1E00
2100
4080
4080
4080
4080
7F80
4080
4080
4080
4080
4080
4080
0000
0000
0000
0000
0000
ENDCHAR
STARTCHAR uni0227
ENCODING 551
SWIDTH 500 0
DWIDTH 11 0
BBX 11 22 0 -5
BITMAP
0000
0000
0000
0800
0800
0800
0000
3E00
0100
0080
0080
3F80
4080
4080
4080
4080
3F80
0000
0000
0000
0000
0000
ENDCHAR
STARTCHAR uni0228
ENCODING 552
SWIDTH 500 0
DWIDTH 11 0
BBX 11 22 0 -5
BITMAP
0000
0000
0000
7F80
4000
4000
4000
4000
4000
7E00
4000
4000
4000
4000
4000
4000
7F80
0800
0800
0800
1000
0000
ENDCHAR
STARTCHAR uni0229
ENCODING 553
SWIDTH 500 0
DWIDTH 11 0
BBX 11 22 0 -5
BITMAP
0000
0000
0000
0000
0000
0000
0000
1E00
2100
4080
4080
7F80
4000
4000
4000
2080
1F00
0800
0800
0800
1000
0000
ENDCHAR
STARTCHAR uni022A
ENCODING 554
SWIDTH 500 0
DWIDTH 11 0
BBX 11 22 0 -5
BITMAP
7E00
0000
4200
4200
4200
0000
1E00
2100
4080
4080
4080
4080
4080
4080
4080
2100
1E00
0000
0000
0000
0000
0000
ENDCHAR
STARTCHAR uni022B
ENCODING 555
SWIDTH 500 0
DWIDTH 11 0
BBX 11 22 0 -5
BITMAP
0000
7E00
0000
4200
4200
4200
0000
1E00
2100
4080
4080
4080
4080
4080
4080
2100
1E00
0000
0000
0000
0000
0000
ENDCHAR
STARTCHAR uni022C
ENCODING 556
SWIDTH 500 0
DWIDTH 11 0
BBX 11 22 0 -5
BITMAP
7E00
0000
3100
4900
4600
0000
1E00
2100
4080
4080
4080
4080
4080
4080
4080
2100
1E00
0000
0000
0000
0000
0000
ENDCHAR
STARTCHAR uni022D
ENCODING 557
SWIDTH 500 0
DWIDTH 11 0
BBX 11 22 0 -5
BITMAP
0000
7E00
0000
3100
4900
4600
0000
1E00
2100
4080
4080
4080
4080
4080
4080
2100
1E00
0000
0000
0000
0000
0000
ENDCHAR
STARTCHAR uni022E
ENCODING 558
SWIDTH 500 0
DWIDTH 11 0
BBX 11 22 0 -5
BITMAP
0800
0800
0800
0000
1E00
2100
4080
4080
4080
4080
4080
4080
4080
4080
4080
2100
1E00
0000
0000
0000
0000
0000
ENDCHAR
STARTCHAR uni022F
ENCODING 559
SWIDTH 500 0
DWIDTH 11 0
BBX 11 22 0 -5
BITMAP
0000
0000
0000
0800
0800
0800
0000
1E00
2100
4080
4080
4080
4080
4080
4080
2100
1E00
0000
0000
0000
0000
0000
ENDCHAR
STARTCHAR uni0230
ENCODING 560
SWIDTH 500 0
DWIDTH 11 0
BBX 11 22 0 -5
BITMAP
7E00
0000
0800
0800
0800
0000
1E00
2100
4080
4080
4080
4080
4080
4080
4080
2100
1E00
0000
0000
0000
0000
0000
ENDCHAR
STARTCHAR uni0231
ENCODING 561
SWIDTH 500 0
DWIDTH 11 0
BBX 11 22 0 -5
BITMAP
0000
7E00
0000
0800
0800
0800
0000
1E00
2100
4080
4080
4080
4080
4080
4080
2100
1E00
0000
0000
0000
0000
0000
ENDCHAR
STARTCHAR uni0234
ENCODING 564
SWIDTH 500 0
DWIDTH 11 0
BBX 11 22 0 -5
BITMAP
0000
0000
0000
3800
0800
0800
0800
0800
0800
0800
0800
0800
0800
0800
0800
0800
0700
0280
0100
0000
0000
0000
ENDCHAR
STARTCHAR uni0235
ENCODING 565
SWIDTH 500 0
DWIDTH 11 0
BBX 11 22 0 -5
BITMAP
0000
0000
0000
0000
0000
0000
0000
7E00
4100
4080
4080
4080
4080
4080
4080
4080
4280
0140
0080
0000
0000
0000
ENDCHAR
STARTCHAR uni0236
ENCODING 566
SWIDTH 500 0
DWIDTH 11 0
BBX 11 22 0 -5
BITMAP
0000
0000
0000
0800
0800
0800
0800
7F00
0800
0800
0800
0800
0800
0800
0800
0800
0780
0140
0080
0000
0000
0000
ENDCHAR
STARTCHAR uni0238
ENCODING 568
SWIDTH 500 0
DWIDTH 11 0
BBX 11 22 0 -5
BITMAP
0000
0000
0000
1400
1400
1400
1400
7780
9440
9440
9440
9440
9440
9440
9440
9440
7780
0000
0000
0000
0000
0000
ENDCHAR
STARTCHAR uni0239
ENCODING 569
SWIDTH 500 0
DWIDTH 11 0
BBX 11 22 0 -5
BITMAP
0000
0000
0000
0000
0000
0000
0000
7780
9440
9440
9440
9440
9440
9440
9440
9440
7780
1400
1400
0000
0000
0000
ENDCHAR
STARTCHAR uni023A
ENCODING 570
SWIDTH 500 0
DWIDTH 11 0
BBX 11 22 0 -5
BITMAP
0000
0000
0000
1E00
2100
4080
4080
4080
4380
4C80
7F80
4080
4080
4080
4080
4080
4080
0000
0000
0000
0000
0000
ENDCHAR
STARTCHAR uni023B
ENCODING 571
SWIDTH 500 0
DWIDTH 11 0
BBX 11 22 0 -5
BITMAP
0000
0000
0000
1E00
2180
4180
4180
4200
4400
4400
4800
4800
5000
6080
6080
6100
1E00
0000
0000
0000
0000
0000
ENDCHAR
STARTCHAR uni023C
ENCODING 572
SWIDTH 500 0
DWIDTH 11 0
BBX 11 22 0 -5
BITMAP
0000
0000
0000
0000
0000
0000
0000
1E00
2180
4180
4200
4400
4800
5000
6080
6100
1E00
0000
0000
0000
0000
0000
ENDCHAR
STARTCHAR uni023D
ENCODING 573
SWIDTH 500 0
DWIDTH 11 0
BBX 11 22 0 -5
BITMAP
0000
0000
0000
4000
4000
4000
4000
4000
4000
FFC0
4000
4000
4000
4000
4000
4000
7F80
0000
0000
0000
0000
0000
ENDCHAR
STARTCHAR uni023E
ENCODING 574
SWIDTH 500 0
DWIDTH 11 0
BBX 11 22 0 -5
BITMAP
0000
0000
0000
7FC0
0400
0400
0400
04C0
0700
0C00
3400
4400
0400
0400
0400
0400
0400
0000
0000
0000
0000
0000
ENDCHAR
STARTCHAR uni023F
ENCODING 575
SWIDTH 500 0
DWIDTH 11 0
BBX 11 22 0 -5
BITMAP
0000
0000
0000
0000
0000
0000
0000
3F00
4080
4000
4000
3F00
0080
0080
0080
4080
3F00
0C40
0380
0000
0000
0000
ENDCHAR
STARTCHAR uni0240
ENCODING 576
SWIDTH 500 0
DWIDTH 11 0
BBX 11 22 0 -5
BITMAP
0000
0000
0000
0000
0000
0000
0000
7F80
0080
0100
0200
0400
0800
1000
2000
4000
6000
1C40
0380
0000
0000
0000
ENDCHAR
STARTCHAR uni0241
ENCODING 577
SWIDTH 500 0
DWIDTH 11 0
BBX 11 22 0 -5
BITMAP
0000
0000
0000
1E00
2100
4080
4080
0080
0100
0200
0400
0400
0400
0400
0400
0400
0400
0000
0000
0000
0000
0000
ENDCHAR
STARTCHAR uni0242
ENCODING 578
SWIDTH 500 0
DWIDTH 11 0
BBX 11 22 0 -5
BITMAP
0000
0000
0000
0000
0000
0000
0000
1E00
2100
4080
0080
0100
0200
0400
0400
0400
0400
0000
0000
0000
0000
0000
ENDCHAR
STARTCHAR uni0243
ENCODING 579
SWIDTH 500 0
DWIDTH 11 0
BBX 11 22 0 -5
BITMAP
0000
0000
0000
7E00
4100
4080
4080
4080
4100
FFC0
4100
4080
4080
4080
4080
4100
7E00
0000
0000
0000
0000
0000
ENDCHAR
STARTCHAR uni0244
ENCODING 580
SWIDTH 500 0
DWIDTH 11 0
BBX 11 22 0 -5
BITMAP
0000
0000
0000
4080
4080
4080
4080
4080
4080
FFC0
4080
4080
4080
4080
4080
2100
1E00
0000
0000
0000
0000
0000
ENDCHAR
STARTCHAR uni0245
ENCODING 581
SWIDTH 500 0
DWIDTH 11 0
BBX 11 22 0 -5
BITMAP
0000
0000
0000
0C00
0C00
1200
1200
1200
2100
2100
2100
2100
4080
4080
4080
4080
4080
0000
0000
0000
0000
0000
ENDCHAR
STARTCHAR uni0246
ENCODING 582
SWIDTH 500 0
DWIDTH 11 0
BBX 11 22 0 -5
BITMAP
0000
0000
0000
7F80
4000
4000
4000
4080
4300
7E00
7000
4000
4000
4000
4000
4000
7F80
0000
0000
0000
0000
0000
ENDCHAR
STARTCHAR uni0247
ENCODING 583
SWIDTH 500 0
DWIDTH 11 0
BBX 11 22 0 -5
BITMAP
0000
0000
0000
0000
0000
0000
0000
1E00
2100
4080
4380
7F80
7000
4000
4000
2080
1F00
0000
0000
0000
0000
0000
ENDCHAR
STARTCHAR uni0248
ENCODING 584
SWIDTH 500 0
DWIDTH 11 0
BBX 11 22 0 -5
BITMAP
0000
0000
0000
0F80
0200
0200
0200
0200
0200
FFC0
0200
0200
4200
4200
4200
2400
1800
0000
0000
0000
0000
0000
ENDCHAR
STARTCHAR uni0249
ENCODING 585
SWIDTH 500 0
DWIDTH 11 0
BBX 11 22 0 -5
BITMAP
0000
0000
0000
0100
0100
0100
0000
0700
0100
0100
0100
7F80
0100
0100
0100
0100
0100
2100
2100
2100
1E00
0000
ENDCHAR
STARTCHAR uni024A
ENCODING 586
SWIDTH 500 0
DWIDTH 11 0
BBX 11 22 0 -5
BITMAP
0000
0000
0000
1E80
2180
4080
4080
4080
4080
4080
4080
4080
4080
4080
4080
2180
1E80
00A0
0040
0000
0000
0000
ENDCHAR
STARTCHAR uni024B
ENCODING 587
SWIDTH 500 0
DWIDTH 11 0
BBX 11 22 0 -5
BITMAP
0000
0000
0000
0000
0000
0000
0000
1E80
2180
4080
4080
4080
4080
4080
4080
2180
1E80
00A0
0040
0000
0000
0000
ENDCHAR
STARTCHAR uni024C
ENCODING 588
SWIDTH 500 0
DWIDTH 11 0
BBX 11 22 0 -5
BITMAP
0000
0000
0000
7E00
4100
4080
4080
4080
4080
FFC0
7E00
5000
4800
4400
4200
4100
4080
0000
0000
0000
0000
0000
ENDCHAR
STARTCHAR uni024D
ENCODING 589
SWIDTH 500 0
DWIDTH 11 0
BBX 11 22 0 -5
BITMAP
0000
0000
0000
0000
0000
0000
0000
4F80
5000
6000
4000
FFC0
4000
4000
4000
4000
4000
0000
0000
0000
0000
0000
ENDCHAR
STARTCHAR uni024E
ENCODING 590
SWIDTH 500 0
DWIDTH 11 0
BBX 11 22 0 -5
BITMAP
0000
0000
0000
4080
4080
2100
2100
1200
1200
FFC0
0C00
0000
0000
0000
0000
0000
0000
0000
0000
0000
0000
0000
ENDCHAR
STARTCHAR uni024F
ENCODING 591
SWIDTH 500 0
DWIDTH 11 0
BBX 11 22 0 -5
BITMAP
0000
0000
0000
0000
0000
0000
0000
4080
4080
4080
4080
4080
4080
FFC0
4080
2080
1F80
0080
0080
0100
3E00
0000
ENDCHAR
STARTCHAR uni0250
ENCODING 592
SWIDTH 500 0
DWIDTH 11 0
BBX 11 22 0 -5
BITMAP
0000
0000
0000
0000
0000
0000
0000
7F00
4080
4080
4080
4080
7F00
4000
4000
2000
1F00
0000
0000
0000
0000
0000
ENDCHAR
STARTCHAR uni0251
ENCODING 593
SWIDTH 500 0
DWIDTH 11 0
BBX 11 22 0 -5
BITMAP
0000
0000
0000
0000
0000
0000
0000
1CC0
2380
4100
4100
4100
4100
4100
4100
2380
1CC0
0000
0000
0000
0000
0000
ENDCHAR
STARTCHAR uni0252
ENCODING 594
SWIDTH 500 0
DWIDTH 11 0
BBX 11 22 0 -5
BITMAP
0000
0000
0000
0000
0000
0000
0000
6700
3880
1040
1040
1040
1040
1040
1040
3880
6700
0000
0000
0000
0000
0000
ENDCHAR
STARTCHAR uni0253
ENCODING 595
SWIDTH 500 0
DWIDTH 11 0
BBX 11 22 0 -5
BITMAP
3000
4800
4000
4000
4000
4000
4000
7E00
4100
4080
4080
4080
4080
4080
4080
4100
7E00
0000
0000
0000
0000
0000
ENDCHAR
STARTCHAR uni0255
ENCODING 597
SWIDTH 500 0
DWIDTH 11 0
BBX 11 22 0 -5
BITMAP
0000
0000
0000
0000
0000
0080
0040
1E00
2100
4080
4000
4000
4000
4000
4080
2100
1E00
0000
0000
0000
0000
0000
ENDCHAR
STARTCHAR uni0256
ENCODING 598
SWIDTH 500 0
DWIDTH 11 0
BBX 11 22 0 -5
BITMAP
0000
0000
0000
0080
0080
0080
0080
1F80
2080
4080
4080
4080
4080
4080
4080
2080
1F80
00A0
0040
0000
0000
0000
ENDCHAR
STARTCHAR uni0257
ENCODING 599
SWIDTH 500 0
DWIDTH 11 0
BBX 11 22 0 -5
BITMAP
0300
0480
0080
0080
0080
0080
0080
1F80
2080
4080
4080
4080
4080
4080
4080
2080
1F80
0000
0000
0000
0000
0000
ENDCHAR
STARTCHAR uni025A
ENCODING 602
SWIDTH 500 0
DWIDTH 11 0
BBX 11 22 0 -5
BITMAP
0000
0000
0000
0000
0000
0100
0080
3E80
4100
0080
0080
0080
7F80
4080
4080
2100
1E00
0000
0000
0000
0000
0000
ENDCHAR
STARTCHAR uni025C
ENCODING 604
SWIDTH 500 0
DWIDTH 11 0
BBX 11 22 0 -5
BITMAP
0000
0000
0000
0000
0000
0000
0000
3F00
4080
0080
0080
0F00
0080
0080
0080
4080
3F00
0000
0000
0000
0000
0000
ENDCHAR
STARTCHAR uni025D
ENCODING 605
SWIDTH 500 0
DWIDTH 11 0
BBX 11 22 0 -5
BITMAP
0000
0000
0000
0000
0000
0100
0080
3F80
4080
0080
0080
0F00
0080
0080
0080
4080
3F00
0000
0000
0000
0000
0000
ENDCHAR
STARTCHAR uni025E
ENCODING 606
SWIDTH 500 0
DWIDTH 11 0
BBX 11 22 0 -5
BITMAP
0000
0000
0000
0000
0000
0000
0000
3F00
4080
0080
0080
7F00
0080
0080
0080
4080
3F00
0000
0000
0000
0000
0000
ENDCHAR
STARTCHAR uni025F
ENCODING 607
SWIDTH 500 0
DWIDTH 11 0
BBX 11 22 0 -5
BITMAP
0000
0000
0000
0000
0000
0000
0000
0700
0100
0100
0100
0100
0100
7F80
0100
0100
0100
2100
2100
2100
1E00
0000
ENDCHAR
STARTCHAR uni0260
ENCODING 608
SWIDTH 500 0
DWIDTH 11 0
BBX 11 22 0 -5
BITMAP
0000
0000
0000
0000
0300
0480
0080
1F80
2080
4080
4080
4080
4080
4080
4080
2080
1F80
0080
0080
0100
3E00
0000
ENDCHAR
STARTCHAR uni0261
ENCODING 609
SWIDTH 500 0
DWIDTH 11 0
BBX 11 22 0 -5
BITMAP
0000
0000
0000
0000
0000
0000
0000
1F80
2080
4080
4080
4080
4080
4080
4080
2080
1F80
0080
0080
0080
0080
0380
ENDCHAR
STARTCHAR uni0262
ENCODING 610
SWIDTH 500 0
DWIDTH 11 0
BBX 11 22 0 -5
BITMAP
0000
0000
0000
0000
0000
0000
0000
1E00
2100
4080
4000
4000
4780
4080
4080
2100
1E00
0000
0000
0000
0000
0000
ENDCHAR
STARTCHAR uni0263
ENCODING 611
SWIDTH 500 0
DWIDTH 11 0
BBX 11 22 0 -5
BITMAP
0000
0000
0000
0000
0000
0000
0000
4080
4100
2100
2200
1200
1400
1400
0800
0800
1400
0800
0800
0000
0000
0000
ENDCHAR
STARTCHAR uni0264
ENCODING 612
SWIDTH 500 0
DWIDTH 11 0
BBX 11 22 0 -5
BITMAP
0000
0000
0000
0000
0000
0000
0000
4080
4100
2100
2200
4080
4080
4080
4080
2080
1F80
0000
0000
0000
0000
0000
ENDCHAR
STARTCHAR uni0265
ENCODING 613
SWIDTH 500 0
DWIDTH 11 0
BBX 11 22 0 -5
BITMAP
0000
0000
0000
0000
0000
0000
0000
4080
4080
4080
4080
4080
4080
1F80
0080
0080
0080
0000
0000
0000
0000
0000
ENDCHAR
STARTCHAR uni0266
ENCODING 614
SWIDTH 500 0
DWIDTH 11 0
BBX 11 22 0 -5
BITMAP
0000
0100
0080
4080
4000
4000
4000
7E00
4100
4080
4080
4080
4080
4080
4080
4080
4080
0000
0000
0000
0000
0000
ENDCHAR
STARTCHAR uni0267
ENCODING 615
SWIDTH 500 0
DWIDTH 11 0
BBX 11 22 0 -5
BITMAP
0000
0000
0000
4000
4000
4000
4000
7E00
4100
4080
4080
4080
4080
4080
4080
4080
4080
0080
0080
0380
0000
0000
ENDCHAR
STARTCHAR uni0268
ENCODING 616
SWIDTH 500 0
DWIDTH 11 0
BBX 11 22 0 -5
BITMAP
0000
0000
0000
0400
0400
0400
0000
1C00
0400
3F80
0400
0400
0400
0400
0400
0400
1F00
0000
0000
0000
0000
0000
ENDCHAR
STARTCHAR uni0269
ENCODING 617
SWIDTH 500 0
DWIDTH 11 0
BBX 11 22 0 -5
BITMAP
0000
0000
0000
0000
0000
0000
0000
3800
0800
0800
0800
0800
0800
0800
0800
0800
0700
0000
0000
0000
0000
0000
ENDCHAR
STARTCHAR uni026A
ENCODING 618
SWIDTH 500 0
DWIDTH 11 0
BBX 11 22 0 -5
BITMAP
0000
0000
0000
0000
0000
0000
0000
1F00
0400
0400
0400
0400
0400
0400
0400
0400
1F00
0000
0000
0000
0000
0000
ENDCHAR
STARTCHAR uni026B
ENCODING 619
SWIDTH 500 0
DWIDTH 11 0
BBX 11 22 0 -5
BITMAP
0000
0000
0000
3800
0800
0800
0800
0800
0800
2A00
1C00
0800
0800
0800
0800
0800
0700
0000
0000
0000
0000
0000
ENDCHAR
STARTCHAR uni026C
ENCODING 620
SWIDTH 500 0
DWIDTH 11 0
BBX 11 22 0 -5
BITMAP
0000
0000
0000
3800
0800
0800
0800
0800
0800
7F80
0800
0800
0800
0800
0800
0800
0700
0000
0000
0000
0000
0000
ENDCHAR
STARTCHAR uni026D
ENCODING 621
SWIDTH 500 0
DWIDTH 11 0
BBX 11 22 0 -5
BITMAP
0000
0000
0000
3800
0800
0800
0800
0800
0800
0800
0800
0800
0800
0800
0800
0800
0700
0100
0200
0000
0000
0000
ENDCHAR
STARTCHAR uni026E
ENCODING 622
SWIDTH 500 0
DWIDTH 11 0
BBX 11 22 0 -5
BITMAP
0000
0000
0000
E000
2000
2000
2000
27E0
2040
2000
2080
2100
2180
2040
2020
2020
1C20
0020
0420
0240
0180
0000
ENDCHAR
STARTCHAR uni026F
ENCODING 623
SWIDTH 500 0
DWIDTH 11 0
BBX 11 22 0 -5
BITMAP
0000
0000
0000
0000
0000
0000
0000
4440
4440
4440
4440
4440
4440
4440
4440
2440
1FC0
0000
0000
0000
0000
0000
ENDCHAR
STARTCHAR uni0270
ENCODING 624
SWIDTH 500 0
DWIDTH 11 0
BBX 11 22 0 -5
BITMAP
0000
0000
0000
0000
0000
0000
0000
4440
4440
4440
4440
4440
4440
4440
4440
2440
1FC0
0040
0040
0040
0000
0000
ENDCHAR
STARTCHAR uni0271
ENCODING 625
SWIDTH 500 0
DWIDTH 11 0
BBX 11 22 0 -5
BITMAP
0000
0000
0000
0000
0000
0000
0000
7F00
4480
4440
4440
4440
4440
4440
4440
4440
4440
0040
0080
0000
0000
0000
ENDCHAR
STARTCHAR uni0273
ENCODING 627
SWIDTH 500 0
DWIDTH 11 0
BBX 11 22 0 -5
BITMAP
0000
0000
0000
0000
0000
0000
0000
7E00
4100
4080
4080
4080
4080
4080
4080
4080
4080
0080
0100
0000
0000
0000
ENDCHAR
STARTCHAR uni0274
ENCODING 628
SWIDTH 500 0
DWIDTH 11 0
BBX 11 22 0 -5
BITMAP
0000
0000
0000
0000
0000
0000
0000
4080
4080
4080
6080
4880
4480
4180
4080
4080
4080
0000
0000
0000
0000
0000
ENDCHAR
STARTCHAR uni0275
ENCODING 629
SWIDTH 500 0
DWIDTH 11 0
BBX 11 22 0 -5
BITMAP
0000
0000
0000
0000
0000
0000
0000
1E00
2100
4080
4080
7F80
4080
4080
4080
2100
1E00
0000
0000
0000
0000
0000
ENDCHAR
STARTCHAR uni0276
ENCODING 630
SWIDTH 500 0
DWIDTH 11 0
BBX 11 22 0 -5
BITMAP
0000
0000
0000
0000
0000
0000
0000
3FC0
4400
8400
8400
87C0
8400
8400
8400
4400
3FC0
0000
0000
0000
0000
0000
ENDCHAR
STARTCHAR uni0277
ENCODING 631
SWIDTH 500 0
DWIDTH 11 0
BBX 11 22 0 -5
BITMAP
0000
0000
0000
0000
0000
0000
0000
2080
7FC0
4040
4440
4440
4440
4440
4440
4440
3B80
0000
0000
0000
0000
0000
ENDCHAR
STARTCHAR uni0278
ENCODING 632
SWIDTH 500 0
DWIDTH 11 0
BBX 11 22 0 -5
BITMAP
0000
0000
0000
0000
0000
0000
0000
2380
4440
4440
4440
4440
4440
4440
4440
2480
1F00
0400
0400
0400
0400
0000
ENDCHAR
STARTCHAR uni0279
ENCODING 633
SWIDTH 500 0
DWIDTH 11 0
BBX 11 22 0 -5
BITMAP
0000
0000
0000
0000
0000
0000
0000
0080
0080
0080
0080
0080
0080
0080
0180
0280
7C80
0000
0000
0000
0000
0000
ENDCHAR
STARTCHAR uni027A
ENCODING 634
SWIDTH 500 0
DWIDTH 11 0
BBX 11 22 0 -5
BITMAP
0000
0000
0000
0000
0000
0000
0000
0080
0080
0080
0080
0080
0080
0080
0180
0280
7C80
0080
0080
0080
0000
0000
ENDCHAR
STARTCHAR uni027B
ENCODING 635
SWIDTH 500 0
DWIDTH 11 0
BBX 11 22 0 -5
BITMAP
0000
0000
0000
0000
0000
0000
0000
0080
0080
0080
0080
0080
0080
0080
0180
0280
7C80
0080
0100
0000
0000
0000
ENDCHAR
STARTCHAR uni027C
ENCODING 636
SWIDTH 500 0
DWIDTH 11 0
BBX 11 22 0 -5
BITMAP
0000
0000
0000
0000
0000
0000
0000
4F80
5000
6000
4000
4000
4000
4000
4000
4000
4000
4000
4000
4000
0000
0000
ENDCHAR
STARTCHAR uni027D
ENCODING 637
SWIDTH 500 0
DWIDTH 11 0
BBX 11 22 0 -5
BITMAP
0000
0000
0000
0000
0000
0000
0000
4F80
5000
6000
4000
4000
4000
4000
4000
4000
4000
4000
2000
0000
0000
0000
ENDCHAR
STARTCHAR uni027E
ENCODING 638
SWIDTH 500 0
DWIDTH 11 0
BBX 11 22 0 -5
BITMAP
0000
0000
0000
0000
0000
0000
0000
4F80
5000
6000
4000
4000
4000
4000
4000
4000
4000
6000
0000
0000
0000
0000
ENDCHAR
STARTCHAR uni027F
ENCODING 639
SWIDTH 500 0
DWIDTH 11 0
BBX 11 22 0 -5
BITMAP
0000
0000
0000
0000
0000
0000
0000
7C80
0280
0180
0080
0080
0080
0080
0080
0080
0080
0180
0000
0000
0000
0000
ENDCHAR
STARTCHAR uni0280
ENCODING 640
SWIDTH 500 0
DWIDTH 11 0
BBX 11 22 0 -5
BITMAP
0000
0000
0000
0000
0000
0000
0000
7E00
4100
4080
4100
7E00
4800
4400
4200
4100
4080
0000
0000
0000
0000
0000
ENDCHAR
STARTCHAR uni0281
ENCODING 641
SWIDTH 500 0
DWIDTH 11 0
BBX 11 22 0 -5
BITMAP
0000
0000
0000
0000
0000
0000
0000
1F80
2080
4080
4080
2080
1F80
0480
0880
2080
4080
0000
0000
0000
0000
0000
ENDCHAR
STARTCHAR uni0282
ENCODING 642
SWIDTH 500 0
DWIDTH 11 0
BBX 11 22 0 -5
BITMAP
0000
0000
0000
0000
0000
0000
0000
3F00
4080
4000
4000
3F00
0080
0080
0080
4080
3F80
0080
0100
0000
0000
0000
ENDCHAR
STARTCHAR uni0283
ENCODING 643
SWIDTH 500 0
DWIDTH 11 0
BBX 11 22 0 -5
BITMAP
0000
0000
0000
03C0
0440
0400
0400
0400
0400
0400
0400
0400
0400
0400
0400
0400
0400
4400
7800
0000
0000
0000
ENDCHAR
STARTCHAR uni0284
ENCODING 644
SWIDTH 500 0
DWIDTH 11 0
BBX 11 22 0 -5
BITMAP
0000
0000
0000
0000
0000
0000
0000
0700
0100
0100
0100
0100
0100
7F80
0100
0100
0100
2100
2100
2100
1E80
0100
ENDCHAR
STARTCHAR uni0285
ENCODING 645
SWIDTH 500 0
DWIDTH 11 0
BBX 11 22 0 -5
BITMAP
0000
0000
0000
0000
0000
0000
0000
7800
0400
0400
0400
0400
0400
0400
0400
0400
03C0
0000
0000
0000
0000
0000
ENDCHAR
STARTCHAR uni0286
ENCODING 646
SWIDTH 500 0
DWIDTH 11 0
BBX 11 22 0 -5
BITMAP
0000
0040
0020
03C0
0440
0400
0400
0400
0400
0400
0400
0400
0400
0400
0400
0400
0400
4400
7800
0000
0000
0000
ENDCHAR
STARTCHAR uni0287
ENCODING 647
SWIDTH 500 0
DWIDTH 11 0
BBX 11 22 0 -5
BITMAP
0000
0000
0000
0000
0000
0000
0000
7800
0400
0400
0400
0400
0400
3F80
0400
0400
0400
0000
0000
0000
0000
0000
ENDCHAR
STARTCHAR uni0288
ENCODING 648
SWIDTH 500 0
DWIDTH 11 0
BBX 11 22 0 -5
BITMAP
0000
0000
0000
0800
0800
0800
0800
7F00
0800
0800
0800
0800
0800
0800
0800
0800
0780
0500
0200
0000
0000
0000
ENDCHAR
STARTCHAR uni0289
ENCODING 649
SWIDTH 500 0
DWIDTH 11 0
BBX 11 22 0 -5
BITMAP
0000
0000
0000
0000
0000
0000
0000
4080
4080
4080
4080
FFC0
4080
4080
4080
2080
1F80
0000
0000
0000
0000
0000
ENDCHAR
STARTCHAR uni028A
ENCODING 650
SWIDTH 500 0
DWIDTH 11 0
BBX 11 22 0 -5
BITMAP
0000
0000
0000
0000
0000
0000
0000
7380
1200
1200
2100
4080
4080
4080
4080
2100
1E00
0000
0000
0000
0000
0000
ENDCHAR
STARTCHAR uni028B
ENCODING 651
SWIDTH 500 0
DWIDTH 11 0
BBX 11 22 0 -5
BITMAP
0000
0000
0000
0000
0300
0480
0080
4080
4080
4080
4080
4080
4080
4080
4080
2080
1F80
0000
0000
0000
0000
0000
ENDCHAR
STARTCHAR uni028C
ENCODING 652
SWIDTH 500 0
DWIDTH 11 0
BBX 11 22 0 -5
BITMAP
0000
0000
0000
0000
0000
0000
0000
0C00
0C00
1200
1200
2100
2100
2100
4080
4080
4080
0000
0000
0000
0000
0000
ENDCHAR
STARTCHAR uni028D
ENCODING 653
SWIDTH 500 0
DWIDTH 11 0
BBX 11 22 0 -5
BITMAP
0000
0000
0000
0000
0000
0000
0000
3F80
4440
4440
4440
4440
4440
4440
4040
4040
4040
0000
0000
0000
0000
0000
ENDCHAR
STARTCHAR uni028E
ENCODING 654
SWIDTH 500 0
DWIDTH 11 0
BBX 11 22 0 -5
BITMAP
0000
0000
0000
0000
0000
0000
0000
1F00
2000
4000
4000
7E00
4100
4080
4080
4080
4080
4080
4080
4080
4080
0000
ENDCHAR
STARTCHAR uni028F
ENCODING 655
SWIDTH 500 0
DWIDTH 11 0
BBX 11 22 0 -5
BITMAP
0000
0000
0000
0000
0000
0000
0000
4040
4040
2080
1100
0A00
0A00
0400
0400
0400
0400
0000
0000
0000
0000
0000
ENDCHAR
STARTCHAR uni0290
ENCODING 656
SWIDTH 500 0
DWIDTH 11 0
BBX 11 22 0 -5
BITMAP
0000
0000
0000
0000
0000
0000
0000
7F80
0080
0100
0200
0400
0800
1000
2000
4000
7F80
0080
0100
0000
0000
0000
ENDCHAR
STARTCHAR uni0291
ENCODING 657
SWIDTH 500 0
DWIDTH 11 0
BBX 11 22 0 -5
BITMAP
0000
0000
0000
0000
0000
0080
0040
7F80
0080
0100
0200
0400
0800
1000
2000
4000
7F80
0000
0000
0000
0000
0000
ENDCHAR
STARTCHAR uni0293
ENCODING 659
SWIDTH 500 0
DWIDTH 11 0
BBX 11 22 0 -5
BITMAP
0000
0000
0000
0000
0000
0080
0040
7F80
0100
0200
0400
0800
1E00
0100
0080
0080
0080
0080
4080
2100
1E00
0000
ENDCHAR
STARTCHAR uni0294
ENCODING 660
SWIDTH 500 0
DWIDTH 11 0
BBX 11 22 0 -5
BITMAP
0000
0000
0000
1E00
2100
4080
4080
0080
0100
0200
0400
0400
0000
0000
0000
0000
0000
0000
0000
0000
0000
0000
ENDCHAR
STARTCHAR uni0295
ENCODING 661
SWIDTH 500 0
DWIDTH 11 0
BBX 11 22 0 -5
BITMAP
0000
0000
0000
1E00
2100
4080
4080
4000
2000
1000
0800
0800
0000
0000
0000
0000
0000
0000
0000
0000
0000
0000
ENDCHAR
STARTCHAR uni0296
ENCODING 662
SWIDTH 500 0
DWIDTH 11 0
BBX 11 22 0 -5
BITMAP
0000
0000
0000
0800
0800
1000
2000
4000
4080
4080
2100
1E00
0000
0000
0000
0000
0000
0000
0000
0000
0000
0000
ENDCHAR
STARTCHAR uni0297
ENCODING 663
SWIDTH 500 0
DWIDTH 11 0
BBX 11 22 0 -5
BITMAP
0000
0000
0000
0C00
1200
2100
2100
2000
2000
2000
2000
2000
2000
2100
2100
1200
0C00
0000
0000
0000
0000
0000
ENDCHAR
STARTCHAR uni0298
ENCODING 664
SWIDTH 500 0
DWIDTH 11 0
BBX 11 22 0 -5
BITMAP
0000
0000
0000
0000
0000
0000
0000
1F00
2080
4040
4040
4440
4040
4040
2080
1F00
0000
0000
0000
0000
0000
0000
ENDCHAR
STARTCHAR uni0299
ENCODING 665
SWIDTH 500 0
DWIDTH 11 0
BBX 11 22 0 -5
BITMAP
0000
0000
0000
0000
0000
0000
0000
7E00
4100
4080
4080
7F80
4100
4080
4080
4100
7E00
0000
0000
0000
0000
0000
ENDCHAR
STARTCHAR uni029A
ENCODING 666
SWIDTH 500 0
DWIDTH 11 0
BBX 11 22 0 -5
BITMAP
0000
0000
0000
0000
0000
0000
0000
3F00
4080
4000
4000
3F80
4000
4000
4000
4080
3F00
0000
0000
0000
0000
0000
ENDCHAR
STARTCHAR uni029B
ENCODING 667
SWIDTH 500 0
DWIDTH 11 0
BBX 11 22 0 -5
BITMAP
0000
0000
0000
0000
0000
0000
0000
1E00
2100
4080
4000
4000
4780
4080
4080
2100
1E80
0080
0100
0000
0000
0000
ENDCHAR
STARTCHAR uni029C
ENCODING 668
SWIDTH 500 0
DWIDTH 11 0
BBX 11 22 0 -5
BITMAP
0000
0000
0000
0000
0000
0000
0000
4080
4080
4080
4080
7F80
4080
4080
4080
4080
4080
0000
0000
0000
0000
0000
ENDCHAR
STARTCHAR uni029D
ENCODING 669
SWIDTH 500 0
DWIDTH 11 0
BBX 11 22 0 -5
BITMAP
0000
0000
0000
0100
0100
0100
0000
0700
0100
0100
0100
7F80
0100
0100
0100
0100
0100
2100
2100
2100
1E00
0000
ENDCHAR
STARTCHAR uni029E
ENCODING 670
SWIDTH 500 0
DWIDTH 11 0
BBX 11 22 0 -5
BITMAP
0000
0000
0000
0000
0000
0000
0000
2080
1080
0480
0380
0480
0880
2080
0080
0080
0080
0000
0000
0000
0000
0000
ENDCHAR
STARTCHAR uni029F
ENCODING 671
SWIDTH 500 0
DWIDTH 11 0
BBX 11 22 0 -5
BITMAP
0000
0000
0000
0000
0000
0000
0000
4000
4000
4000
4000
4000
4000
4000
4000
4000
7F80
0000
0000
0000
0000
0000
ENDCHAR
STARTCHAR uni02A0
ENCODING 672
SWIDTH 500 0
DWIDTH 11 0
BBX 11 22 0 -5
BITMAP
0000
0000
0000
0000
0000
0100
0080
1F80
2080
4080
4080
4080
4080
4080
4080
2080
1F80
0080
0080
0080
0080
0000
ENDCHAR
STARTCHAR uni02A1
ENCODING 673
SWIDTH 500 0
DWIDTH 11 0
BBX 11 22 0 -5
BITMAP
0000
0000
0000
1E00
2100
4080
4080
FFC0
0100
0200
0400
0400
0000
0000
0000
0000
0000
0000
0000
0000
0000
0000
ENDCHAR
STARTCHAR uni02A2
ENCODING 674
SWIDTH 500 0
DWIDTH 11 0
BBX 11 22 0 -5
BITMAP
0000
0000
0000
1E00
2100
4080
4080
FFC0
2000
1000
0800
0800
0000
0000
0000
0000
0000
0000
0000
0000
0000
0000
ENDCHAR
STARTCHAR uni02A3
ENCODING 675
SWIDTH 500 0
DWIDTH 11 0
BBX 11 22 0 -5
BITMAP
0000
0000
0000
0400
0400
0400
0400
3FE0
4420
8440
8400
8480
8500
8400
8600
4400
3FE0
0000
0000
0000
0000
0000
ENDCHAR
STARTCHAR uni02A4
ENCODING 676
SWIDTH 500 0
DWIDTH 11 0
BBX 11 22 0 -5
BITMAP
0000
0000
0000
0400
0400
0400
0400
3FE0
4440
8400
8480
8500
8580
8440
8420
4420
3C20
0020
0420
0240
0180
0000
ENDCHAR
STARTCHAR uni02A5
ENCODING 677
SWIDTH 500 0
DWIDTH 11 0
BBX 11 22 0 -5
BITMAP
0000
0000
0000
0400
0400
0400
0420
3FC0
4400
8440
8480
8400
8500
8600
8400
4400
3FC0
0000
0000
0000
0000
0000
ENDCHAR
STARTCHAR uni02A6
ENCODING 678
SWIDTH 500 0
DWIDTH 11 0
BBX 11 22 0 -5
BITMAP
0000
0000
0000
2000
2000
2000
2000
FBC0
2420
2400
2400
23C0
2020
2020
2020
2420
1FC0
0000
0000
0000
0000
0000
ENDCHAR
STARTCHAR uni02A7
ENCODING 679
SWIDTH 500 0
DWIDTH 11 0
BBX 11 22 0 -5
BITMAP
0000
0000
0000
20E0
2020
2000
2000
F800
2000
2000
2000
2000
2000
2000
2000
2000
1C00
0400
0700
0000
0000
0000
ENDCHAR
STARTCHAR uni02A8
ENCODING 680
SWIDTH 500 0
DWIDTH 11 0
BBX 11 22 0 -5
BITMAP
0000
0000
0000
2000
2000
2000
2020
FB80
2040
2400
2400
2400
2400
2400
2400
2040
1F80
0000
0000
0000
0000
0000
ENDCHAR
STARTCHAR uni02A9
ENCODING 681
SWIDTH 500 0
DWIDTH 11 0
BBX 11 22 0 -5
BITMAP
0000
0000
0000
1C00
2000
2000
2000
FF80
2440
2420
2420
2420
2420
2420
2420
2420
2420
0020
0020
0040
0080
0000
ENDCHAR
STARTCHAR uni02AA
ENCODING 682
SWIDTH 500 0
DWIDTH 11 0
BBX 11 22 0 -5
BITMAP
0000
0000
0000
E000
2000
2000
2000
23C0
2420
2400
2400
23C0
2020
2020
2020
2420
1FC0
0000
0000
0000
0000
0000
ENDCHAR
STARTCHAR uni02AB
ENCODING 683
SWIDTH 500 0
DWIDTH 11 0
BBX 11 22 0 -5
BITMAP
0000
0000
0000
E000
2000
2000
2000
27E0
2020
2040
2000
2080
2100
2000
2200
2400
1FE0
0000
0000
0000
0000
0000
ENDCHAR
STARTCHAR uni02AC
ENCODING 684
SWIDTH 500 0
DWIDTH 11 0
BBX 11 22 0 -5
BITMAP
0000
0000
0000
0000
0000
0000
0000
4040
4040
4440
4440
3F80
4040
4040
4440
4440
3F80
0000
0000
0000
0000
0000
ENDCHAR
STARTCHAR uni02AD
ENCODING 685
SWIDTH 500 0
DWIDTH 11 0
BBX 11 22 0 -5
BITMAP
0000
0000
0000
0000
0000
0000
0000
7FC0
4000
4000
0000
0000
0000
0000
0040
0040
7FC0
0000
0000
0000
0000
0000
ENDCHAR
STARTCHAR uni02AE
ENCODING 686
SWIDTH 500 0
DWIDTH 11 0
BBX 11 22 0 -5
BITMAP
0000
0000
0000
0000
0000
0000
0000
4080
4080
4080
4080
4080
4080
1F80
0080
0080
4080
4000
2000
0000
0000
0000
ENDCHAR
STARTCHAR uni02AF
ENCODING 687
SWIDTH 500 0
DWIDTH 11 0
BBX 11 22 0 -5
BITMAP
0000
0000
0000
0000
0000
0000
0000
4080
4080
4080
4080
4080
4080
1F80
0080
0080
4080
4000
6000
4000
4000
7000
ENDCHAR
STARTCHAR uni02B0
ENCODING 688
SWIDTH 500 0
DWIDTH 11 0
BBX 11 22 0 -5
BITMAP
0000
0000
2000
2000
2000
3E00
2100
2100
2100
2100
2100
0000
0000
0000
0000
0000
0000
0000
0000
0000
0000
0000
ENDCHAR
STARTCHAR uni02B1
ENCODING 689
SWIDTH 500 0
DWIDTH 11 0
BBX 11 22 0 -5
BITMAP
0000
0000
0200
0100
2000
2000
3F00
2100
2100
2100
2100
0000
0000
0000
0000
0000
0000
0000
0000
0000
0000
0000
ENDCHAR
STARTCHAR uni02B2
ENCODING 690
SWIDTH 500 0
DWIDTH 11 0
BBX 11 22 0 -5
BITMAP
0000
0000
0100
0000
0100
0100
0100
1100
0E00
0000
0000
0000
0000
0000
0000
0000
0000
0000
0000
0000
0000
0000
ENDCHAR
STARTCHAR uni02B3
ENCODING 691
SWIDTH 500 0
DWIDTH 11 0
BBX 11 22 0 -5
BITMAP
0000
0000
2F00
3000
2000
2000
2000
2000
2000
0000
0000
0000
0000
0000
0000
0000
0000
0000
0000
0000
0000
0000
ENDCHAR
STARTCHAR uni02B4
ENCODING 692
SWIDTH 500 0
DWIDTH 11 0
BBX 11 22 0 -5
BITMAP
0000
0000
0100
0100
0100
0100
0100
0300
3D00
0000
0000
0000
0000
0000
0000
0000
0000
0000
0000
0000
0000
0000
ENDCHAR
STARTCHAR uni02B5
ENCODING 693
SWIDTH 500 0
DWIDTH 11 0
BBX 11 22 0 -5
BITMAP
0000
0000
0100
0100
0100
0100
0300
0100
0200
0000
0000
0000
0000
0000
0000
0000
0000
0000
0000
0000
0000
0000
ENDCHAR
STARTCHAR uni02B6
ENCODING 694
SWIDTH 500 0
DWIDTH 11 0
BBX 11 22 0 -5
BITMAP
0000
0000
1F00
2100
2100
2100
0500
1100
2100
0000
0000
0000
0000
0000
0000
0000
0000
0000
0000
0000
0000
0000
ENDCHAR
STARTCHAR uni02B7
ENCODING 695
SWIDTH 500 0
DWIDTH 11 0
BBX 11 22 0 -5
BITMAP
0000
0000
2080
2080
2480
2480
2480
2480
1F00
0000
0000
0000
0000
0000
0000
0000
0000
0000
0000
0000
0000
0000
ENDCHAR
STARTCHAR uni02B8
ENCODING 696
SWIDTH 500 0
DWIDTH 11 0
BBX 11 22 0 -5
BITMAP
0000
0000
2100
2100
2100
2100
1F00
0100
1E00
0000
0000
0000
0000
0000
0000
0000
0000
0000
0000
0000
0000
0000
ENDCHAR
STARTCHAR uni02B9
ENCODING 697
SWIDTH 500 0
DWIDTH 11 0
BBX 11 22 0 -5
BITMAP
0000
0000
0400
0400
0800
0800
0000
0000
0000
0000
0000
0000
0000
0000
0000
0000
0000
0000
0000
0000
0000
0000
ENDCHAR
STARTCHAR uni02BA
ENCODING 698
SWIDTH 500 0
DWIDTH 11 0
BBX 11 22 0 -5
BITMAP
0000
0000
1080
1080
2100
2100
0000
0000
0000
0000
0000
0000
0000
0000
0000
0000
0000
0000
0000
0000
0000
0000
ENDCHAR
STARTCHAR uni02BE
ENCODING 702
SWIDTH 500 0
DWIDTH 11 0
BBX 11 22 0 -5
BITMAP
0000
0000
0C00
0300
0600
0800
0000
0000
0000
0000
0000
0000
0000
0000
0000
0000
0000
0000
0000
0000
0000
0000
ENDCHAR
STARTCHAR uni02BF
ENCODING 703
SWIDTH 500 0
DWIDTH 11 0
BBX 11 22 0 -5
BITMAP
0000
0000
0300
0C00
0600
0100
0000
0000
0000
0000
0000
0000
0000
0000
0000
0000
0000
0000
0000
0000
0000
0000
ENDCHAR
STARTCHAR uni02C0
ENCODING 704
SWIDTH 500 0
DWIDTH 11 0
BBX 11 22 0 -5
BITMAP
0000
0000
0000
1E00
2100
2100
4080
4080
0080
0080
0100
0200
0400
0400
0400
0000
0000
0000
0000
0000
0000
0000
ENDCHAR
STARTCHAR uni02C1
ENCODING 705
SWIDTH 500 0
DWIDTH 11 0
BBX 11 22 0 -5
BITMAP
0000
0000
0000
1E00
2100
2100
4080
4080
4000
4000
2000
1000
0800
0800
0800
0000
0000
0000
0000
0000
0000
0000
ENDCHAR
STARTCHAR uni02C2
ENCODING 706
SWIDTH 500 0
DWIDTH 11 0
BBX 11 22 0 -5
BITMAP
0000
0000
0180
0E00
3000
0E00
0180
0000
0000
0000
0000
0000
0000
0000
0000
0000
0000
0000
0000
0000
0000
0000
ENDCHAR
STARTCHAR uni02C3
ENCODING 707
SWIDTH 500 0
DWIDTH 11 0
BBX 11 22 0 -5
BITMAP
0000
0000
3000
0E00
0180
0E00
3000
0000
0000
0000
0000
0000
0000
0000
0000
0000
0000
0000
0000
0000
0000
0000
ENDCHAR
STARTCHAR uni02C4
ENCODING 708
SWIDTH 500 0
DWIDTH 11 0
BBX 11 22 0 -5
BITMAP
0000
0000
0400
1B00
2080
0000
0000
0000
0000
0000
0000
0000
0000
0000
0000
0000
0000
0000
0000
0000
0000
0000
ENDCHAR
STARTCHAR uni02C5
ENCODING 709
SWIDTH 500 0
DWIDTH 11 0
BBX 11 22 0 -5
BITMAP
0000
0000
2080
1B00
0400
0000
0000
0000
0000
0000
0000
0000
0000
0000
0000
0000
0000
0000
0000
0000
0000
0000
ENDCHAR
STARTCHAR uni02C8
ENCODING 712
SWIDTH 500 0
DWIDTH 11 0
BBX 11 22 0 -5
BITMAP
0000
0000
0400
0400
0400
0400
0000
0000
0000
0000
0000
0000
0000
0000
0000
0000
0000
0000
0000
0000
0000
0000
ENDCHAR
STARTCHAR uni02C9
ENCODING 713
SWIDTH 500 0
DWIDTH 11 0
BBX 11 22 0 -5
BITMAP
0000
0000
0000
3F80
0000
0000
0000
0000
0000
0000
0000
0000
0000
0000
0000
0000
0000
0000
0000
0000
0000
0000
ENDCHAR
STARTCHAR uni02CA
ENCODING 714
SWIDTH 500 0
DWIDTH 11 0
BBX 11 22 0 -5
BITMAP
0000
0000
0200
0400
0800
0000
0000
0000
0000
0000
0000
0000
0000
0000
0000
0000
0000
0000
0000
0000
0000
0000
ENDCHAR
STARTCHAR uni02CB
ENCODING 715
SWIDTH 500 0
DWIDTH 11 0
BBX 11 22 0 -5
BITMAP
0000
0000
0800
0400
0200
0000
0000
0000
0000
0000
0000
0000
0000
0000
0000
0000
0000
0000
0000
0000
0000
0000
ENDCHAR
STARTCHAR uni02CC
ENCODING 716
SWIDTH 500 0
DWIDTH 11 0
BBX 11 22 0 -5
BITMAP
0000
0000
0000
0000
0000
0000
0000
0000
0000
0000
0000
0000
0000
0000
0000
0400
0400
0400
0400
0000
0000
0000
ENDCHAR
STARTCHAR uni02CD
ENCODING 717
SWIDTH 500 0
DWIDTH 11 0
BBX 11 22 0 -5
BITMAP
0000
0000
0000
0000
0000
0000
0000
0000
0000
0000
0000
0000
0000
0000
0000
0000
3F80
0000
0000
0000
0000
0000
ENDCHAR
STARTCHAR uni02CE
ENCODING 718
SWIDTH 500 0
DWIDTH 11 0
BBX 11 22 0 -5
BITMAP
0000
0000
0000
0000
0000
0000
0000
0000
0000
0000
0000
0000
0000
0000
0000
0800
0400
0200
0000
0000
0000
0000
ENDCHAR
STARTCHAR uni02CF
ENCODING 719
SWIDTH 500 0
DWIDTH 11 0
BBX 11 22 0 -5
BITMAP
0000
0000
0000
0000
0000
0000
0000
0000
0000
0000
0000
0000
0000
0000
0000
0200
0400
0800
0000
0000
0000
0000
ENDCHAR
STARTCHAR uni02D0
ENCODING 720
SWIDTH 500 0
DWIDTH 11 0
BBX 11 22 0 -5
BITMAP
0000
0000
0000
0000
0000
0000
0000
0C00
0400
0000
0000
0000
0C00
0400
0000
0000
0000
0000
0000
0000
0000
0000
ENDCHAR
STARTCHAR uni02D1
ENCODING 721
SWIDTH 500 0
DWIDTH 11 0
BBX 11 22 0 -5
BITMAP
0000
0000
0000
0000
0000
0000
0000
0C00
0400
0000
0000
0000
0000
0000
0000
0000
0000
0000
0000
0000
0000
0000
ENDCHAR
STARTCHAR uni02D2
ENCODING 722
SWIDTH 500 0
DWIDTH 11 0
BBX 11 22 0 -5
BITMAP
0000
0000
0000
0000
0000
0000
0000
0000
0000
0000
0C00
0300
0600
0800
0000
0000
0000
0000
0000
0000
0000
0000
ENDCHAR
STARTCHAR uni02D3
ENCODING 723
SWIDTH 500 0
DWIDTH 11 0
BBX 11 22 0 -5
BITMAP
0000
0000
0000
0000
0000
0000
0000
0000
0000
0000
0300
0C00
0600
0100
0000
0000
0000
0000
0000
0000
0000
0000
ENDCHAR
STARTCHAR uni02D4
ENCODING 724
SWIDTH 500 0
DWIDTH 11 0
BBX 11 22 0 -5
BITMAP
0000
0000
0000
0000
0000
0000
0000
0000
0000
0000
0400
0400
3F80
0000
0000
0000
0000
0000
0000
0000
0000
0000
ENDCHAR
STARTCHAR uni02D5
ENCODING 725
SWIDTH 500 0
DWIDTH 11 0
BBX 11 22 0 -5
BITMAP
0000
0000
0000
0000
0000
0000
0000
0000
0000
0000
3F80
0400
0400
0000
0000
0000
0000
0000
0000
0000
0000
0000
ENDCHAR
STARTCHAR uni02D6
ENCODING 726
SWIDTH 500 0
DWIDTH 11 0
BBX 11 22 0 -5
BITMAP
0000
0000
0000
0000
0000
0000
0000
0000
0000
0400
0400
3F80
0400
0400
0000
0000
0000
0000
0000
0000
0000
0000
ENDCHAR
STARTCHAR uni02D7
ENCODING 727
SWIDTH 500 0
DWIDTH 11 0
BBX 11 22 0 -5
BITMAP
0000
0000
0000
0000
0000
0000
0000
0000
0000
0000
0000
3F80
0000
0000
0000
0000
0000
0000
0000
0000
0000
0000
ENDCHAR
STARTCHAR uni02DA
ENCODING 730
SWIDTH 500 0
DWIDTH 11 0
BBX 11 22 0 -5
BITMAP
0000
0000
0E00
1100
1100
0E00
0000
0000
0000
0000
0000
0000
0000
0000
0000
0000
0000
0000
0000
0000
0000
0000
ENDCHAR
STARTCHAR uni02DE
ENCODING 734
SWIDTH 500 0
DWIDTH 11 0
BBX 11 22 0 -5
BITMAP
0000
0000
0000
0000
0000
0000
0000
0000
0000
0080
3300
0C00
0000
0000
0000
0000
0000
0000
0000
0000
0000
0000
ENDCHAR
STARTCHAR uni02DF
ENCODING 735
SWIDTH 500 0
DWIDTH 11 0
BBX 11 22 0 -5
BITMAP
0000
0000
3180
0E00
3180
0000
0000
0000
0000
0000
0000
0000
0000
0000
0000
0000
0000
0000
0000
0000
0000
0000
ENDCHAR
STARTCHAR uni02E0
ENCODING 736
SWIDTH 500 0
DWIDTH 11 0
BBX 11 22 0 -5
BITMAP
0000
0000
2100
2200
1200
1400
1400
0800
0800
1400
0800
0000
0000
0000
0000
0000
0000
0000
0000
0000
0000
0000
ENDCHAR
STARTCHAR uni02E1
ENCODING 737
SWIDTH 500 0
DWIDTH 11 0
BBX 11 22 0 -5
BITMAP
0000
0000
1800
0800
0800
0800
0800
0800
0800
0800
0600
0000
0000
0000
0000
0000
0000
0000
0000
0000
0000
0000
ENDCHAR
STARTCHAR uni02E2
ENCODING 738
SWIDTH 500 0
DWIDTH 11 0
BBX 11 22 0 -5
BITMAP
0000
0000
1F00
2000
2000
1E00
0100
0100
3E00
0000
0000
0000
0000
0000
0000
0000
0000
0000
0000
0000
0000
0000
ENDCHAR
STARTCHAR uni02E3
ENCODING 739
SWIDTH 500 0
DWIDTH 11 0
BBX 11 22 0 -5
BITMAP
0000
0000
2100
2100
1200
0C00
1200
2100
2100
0000
0000
0000
0000
0000
0000
0000
0000
0000
0000
0000
0000
0000
ENDCHAR
STARTCHAR uni02E4
ENCODING 740
SWIDTH 500 0
DWIDTH 11 0
BBX 11 22 0 -5
BITMAP
0000
0000
1E00
2100
2100
2100
1000
0800
0800
0000
0000
0000
0000
0000
0000
0000
0000
0000
0000
0000
0000
0000
ENDCHAR
STARTCHAR uni02E5
ENCODING 741
SWIDTH 500 0
DWIDTH 11 0
BBX 11 22 0 -5
BITMAP
0000
0000
0000
3F80
0080
0080
0080
0080
0080
0080
0080
0080
0080
0080
0080
0080
0080
0000
0000
0000
0000
0000
ENDCHAR
STARTCHAR uni02E6
ENCODING 742
SWIDTH 500 0
DWIDTH 11 0
BBX 11 22 0 -5
BITMAP
0000
0000
0000
0080
0080
0080
3F80
0080
0080
0080
0080
0080
0080
0080
0080
0080
0080
0000
0000
0000
0000
0000
ENDCHAR
STARTCHAR uni02E7
ENCODING 743
SWIDTH 500 0
DWIDTH 11 0
BBX 11 22 0 -5
BITMAP
0000
0000
0000
0080
0080
0080
0080
0080
0080
0080
3F80
0080
0080
0080
0080
0080
0080
0000
0000
0000
0000
0000
ENDCHAR
STARTCHAR uni02E8
ENCODING 744
SWIDTH 500 0
DWIDTH 11 0
BBX 11 22 0 -5
BITMAP
0000
0000
0000
0080
0080
0080
0080
0080
0080
0080
0080
0080
0080
3F80
0080
0080
0080
0000
0000
0000
0000
0000
ENDCHAR
STARTCHAR uni02E9
ENCODING 745
SWIDTH 500 0
DWIDTH 11 0
BBX 11 22 0 -5
BITMAP
0000
0000
0000
0080
0080
0080
0080
0080
0080
0080
0080
0080
0080
0080
0080
0080
3F80
0000
0000
0000
0000
0000
ENDCHAR
STARTCHAR uni02EA
ENCODING 746
SWIDTH 500 0
DWIDTH 11 0
BBX 11 22 0 -5
BITMAP
0000
0000
0000
2000
2000
2000
2000
2000
2000
2000
2000
2000
2000
2000
2000
2000
3F80
0000
0000
0000
0000
0000
ENDCHAR
STARTCHAR uni02EB
ENCODING 747
SWIDTH 500 0
DWIDTH 11 0
BBX 11 22 0 -5
BITMAP
0000
0000
0000
3F80
2000
2000
2000
2000
2000
2000
2000
2000
2000
2000
2000
2000
2000
0000
0000
0000
0000
0000
ENDCHAR
STARTCHAR uni02EC
ENCODING 748
SWIDTH 500 0
DWIDTH 11 0
BBX 11 22 0 -5
BITMAP
0000
0000
0000
0000
0000
0000
0000
0000
0000
0000
0A00
0400
0000
0000
0000
0000
0000
0000
0000
0000
0000
0000
ENDCHAR
STARTCHAR uni02ED
ENCODING 749
SWIDTH 500 0
DWIDTH 11 0
BBX 11 22 0 -5
BITMAP
0000
0000
0000
3F80
0000
3F80
0000
0000
0000
0000
0000
0000
0000
0000
0000
0000
0000
0000
0000
0000
0000
0000
ENDCHAR
STARTCHAR uni02EE
ENCODING 750
SWIDTH 500 0
DWIDTH 11 0
BBX 11 22 0 -5
BITMAP
0900
0900
1200
0000
0000
0000
0000
0000
0000
0000
0000
0000
0000
0000
0000
0000
0000
0000
0000
0000
0000
0000
ENDCHAR
STARTCHAR uni02EF
ENCODING 751
SWIDTH 500 0
DWIDTH 11 0
BBX 11 22 0 -5
BITMAP
0000
0000
0000
0000
0000
0000
0000
0000
0000
0000
0000
0000
2080
1B00
0400
0000
0000
0000
0000
0000
0000
0000
ENDCHAR
STARTCHAR uni02F0
ENCODING 752
SWIDTH 500 0
DWIDTH 11 0
BBX 11 22 0 -5
BITMAP
0000
0000
0000
0000
0000
0000
0000
0000
0000
0000
0000
0000
0400
1B00
2080
0000
0000
0000
0000
0000
0000
0000
ENDCHAR
STARTCHAR uni02F1
ENCODING 753
SWIDTH 500 0
DWIDTH 11 0
BBX 11 22 0 -5
BITMAP
0000
0000
0000
0000
0000
0000
0000
0000
0000
0000
0000
0000
0180
0E00
3000
0E00
0180
0000
0000
0000
0000
0000
ENDCHAR
STARTCHAR uni02F2
ENCODING 754
SWIDTH 500 0
DWIDTH 11 0
BBX 11 22 0 -5
BITMAP
0000
0000
0000
0000
0000
0000
0000
0000
0000
0000
0000
0000
3000
0E00
0180
0E00
3000
0000
0000
0000
0000
0000
ENDCHAR
STARTCHAR uni02F3
ENCODING 755
SWIDTH 500 0
DWIDTH 11 0
BBX 11 22 0 -5
BITMAP
0000
0000
0000
0000
0000
0000
0000
0000
0000
0000
0000
0000
0000
0000
0000
0E00
1100
1100
0E00
0000
0000
0000
ENDCHAR
STARTCHAR uni02F4
ENCODING 756
SWIDTH 500 0
DWIDTH 11 0
BBX 11 22 0 -5
BITMAP
0000
0000
0000
0000
0000
0000
0000
0000
0000
0000
0800
0400
0200
0000
0000
0000
0000
0000
0000
0000
0000
0000
ENDCHAR
STARTCHAR uni02F5
ENCODING 757
SWIDTH 500 0
DWIDTH 11 0
BBX 11 22 0 -5
BITMAP
0000
0000
0000
0000
0000
0000
0000
0000
0000
0000
2400
1200
0900
0000
0000
0000
0000
0000
0000
0000
0000
0000
ENDCHAR
STARTCHAR uni02F6
ENCODING 758
SWIDTH 500 0
DWIDTH 11 0
BBX 11 22 0 -5
BITMAP
0000
0000
0000
0000
0000
0000
0000
0000
0000
0000
0900
1200
2400
0000
0000
0000
0000
0000
0000
0000
0000
0000
ENDCHAR
STARTCHAR uni02F7
ENCODING 759
SWIDTH 500 0
DWIDTH 11 0
BBX 11 22 0 -5
BITMAP
0000
0000
0000
0000
0000
0000
0000
0000
0000
0000
0000
0000
0000
0000
0000
1880
2480
2300
0000
0000
0000
0000
ENDCHAR
STARTCHAR uni02F8
ENCODING 760
SWIDTH 500 0
DWIDTH 11 0
BBX 11 22 0 -5
BITMAP
0000
0000
0400
0000
0000
0400
0000
0000
0000
0000
0000
0000
0000
0000
0000
0000
0000
0000
0000
0000
0000
0000
ENDCHAR
STARTCHAR uni02F9
ENCODING 761
SWIDTH 500 0
DWIDTH 11 0
BBX 11 22 0 -5
BITMAP
0000
0000
0000
0E00
0800
0800
0000
0000
0000
0000
0000
0000
0000
0000
0000
0000
0000
0000
0000
0000
0000
0000
ENDCHAR
STARTCHAR uni02FA
ENCODING 762
SWIDTH 500 0
DWIDTH 11 0
BBX 11 22 0 -5
BITMAP
0000
0000
0000
0E00
0200
0200
0000
0000
0000
0000
0000
0000
0000
0000
0000
0000
0000
0000
0000
0000
0000
0000
ENDCHAR
STARTCHAR uni02FB
ENCODING 763
SWIDTH 500 0
DWIDTH 11 0
BBX 11 22 0 -5
BITMAP
0000
0000
0000
0000
0000
0000
0000
0000
0000
0000
0000
0000
0000
0000
0000
0E00
0800
0800
0000
0000
0000
0000
ENDCHAR
STARTCHAR uni02FC
ENCODING 764
SWIDTH 500 0
DWIDTH 11 0
BBX 11 22 0 -5
BITMAP
0000
0000
0000
0000
0000
0000
0000
0000
0000
0000
0000
0000
0000
0000
0000
0E00
0200
0200
0000
0000
0000
0000
ENDCHAR
STARTCHAR uni02FD
ENCODING 765
SWIDTH 500 0
DWIDTH 11 0
BBX 11 22 0 -5
BITMAP
0000
0000
0000
0000
0000
0000
0000
0000
0000
0000
0000
0000
0000
0000
2080
2080
3F80
0000
0000
0000
0000
0000
ENDCHAR
STARTCHAR uni02FE
ENCODING 766
SWIDTH 500 0
DWIDTH 11 0
BBX 11 22 0 -5
BITMAP
0000
0000
0000
0000
0000
0000
0000
0000
0000
0000
0000
0000
0000
0000
2000
2000
3F80
0000
0000
0000
0000
0000
ENDCHAR
STARTCHAR uni02FF
ENCODING 767
SWIDTH 500 0
DWIDTH 11 0
BBX 11 22 0 -5
BITMAP
0000
0000
0000
0000
0000
0000
0000
0000
0000
0000
0000
0000
0400
1800
3F80
1800
0400
0000
0000
0000
0000
0000
ENDCHAR
STARTCHAR uni1E00
ENCODING 7680
SWIDTH 500 0
DWIDTH 11 0
BBX 11 22 0 -5
BITMAP
0000
0000
0000
1E00
2100
4080
4080
4080
4080
4080
7F80
4080
4080
4080
4080
4080
4080
0000
1800
2400
2400
0000
ENDCHAR
STARTCHAR uni1E01
ENCODING 7681
SWIDTH 500 0
DWIDTH 11 0
BBX 11 22 0 -5
BITMAP
0000
0000
0000
0000
0000
0000
0000
3E00
0100
0080
0080
3F80
4080
4080
4080
4080
3F80
0000
1800
2400
2400
0000
ENDCHAR
STARTCHAR uni1E02
ENCODING 7682
SWIDTH 500 0
DWIDTH 11 0
BBX 11 22 0 -5
BITMAP
0800
0800
0800
0000
7E00
4100
4080
4080
4080
4100
7E00
4100
4080
4080
4080
4100
7E00
0000
0000
0000
0000
0000
ENDCHAR
STARTCHAR uni1E03
ENCODING 7683
SWIDTH 500 0
DWIDTH 11 0
BBX 11 22 0 -5
BITMAP
0800
0800
0800
0000
4000
4000
4000
4000
7E00
4100
4080
4080
4080
4080
4080
4100
7E00
0000
0000
0000
0000
0000
ENDCHAR
STARTCHAR uni1E04
ENCODING 7684
SWIDTH 500 0
DWIDTH 11 0
BBX 11 22 0 -5
BITMAP
0000
0000
0000
7E00
4100
4080
4080
4080
4100
7E00
4100
4080
4080
4080
4080
4100
7E00
0000
0800
0800
0800
0000
ENDCHAR
STARTCHAR uni1E05
ENCODING 7685
SWIDTH 500 0
DWIDTH 11 0
BBX 11 22 0 -5
BITMAP
0000
0000
0000
4000
4000
4000
4000
7E00
4100
4080
4080
4080
4080
4080
4080
4100
7E00
0000
0800
0800
0800
0000
ENDCHAR
STARTCHAR uni1E06
ENCODING 7686
SWIDTH 500 0
DWIDTH 11 0
BBX 11 22 0 -5
BITMAP
0000
0000
0000
7E00
4100
4080
4080
4080
4100
7E00
4100
4080
4080
4080
4080
4100
7E00
0000
7E00
0000
0000
0000
ENDCHAR
STARTCHAR uni1E07
ENCODING 7687
SWIDTH 500 0
DWIDTH 11 0
BBX 11 22 0 -5
BITMAP
0000
0000
0000
4000
4000
4000
4000
7E00
4100
4080
4080
4080
4080
4080
4080
4100
7E00
0000
7E00
0000
0000
0000
ENDCHAR
STARTCHAR uni1E08
ENCODING 7688
SWIDTH 500 0
DWIDTH 11 0
BBX 11 22 0 -5
BITMAP
0400
0800
1000
0000
1E00
2100
4080
4080
4000
4000
4000
4000
4000
4080
4080
2100
1E00
0800
0800
0800
1000
0000
ENDCHAR
STARTCHAR uni1E09
ENCODING 7689
SWIDTH 500 0
DWIDTH 11 0
BBX 11 22 0 -5
BITMAP
0000
0000
0000
0400
0800
1000
0000
1E00
2100
4080
4000
4000
4000
4000
4080
2100
1E00
0800
0800
0800
1000
0000
ENDCHAR
STARTCHAR uni1E0A
ENCODING 7690
SWIDTH 500 0
DWIDTH 11 0
BBX 11 22 0 -5
BITMAP
0800
0800
0800
0000
7E00
4100
4080
4080
4080
4080
4080
4080
4080
4080
4080
4100
7E00
0000
0000
0000
0000
0000
ENDCHAR
STARTCHAR uni1E0B
ENCODING 7691
SWIDTH 500 0
DWIDTH 11 0
BBX 11 22 0 -5
BITMAP
0800
0800
0800
0000
0080
0080
0080
0080
1F80
2080
4080
4080
4080
4080
4080
2080
1F80
0000
0000
0000
0000
0000
ENDCHAR
STARTCHAR uni1E0E
ENCODING 7694
SWIDTH 500 0
DWIDTH 11 0
BBX 11 22 0 -5
BITMAP
0000
0000
0000
7E00
4100
4080
4080
4080
4080
4080
4080
4080
4080
4080
4080
4100
7E00
0000
7E00
0000
0000
0000
ENDCHAR
STARTCHAR uni1E0F
ENCODING 7695
SWIDTH 500 0
DWIDTH 11 0
BBX 11 22 0 -5
BITMAP
0000
0000
0000
0080
0080
0080
0080
1F80
2080
4080
4080
4080
4080
4080
4080
2080
1F80
0000
7E00
0000
0000
0000
ENDCHAR
STARTCHAR uni1E10
ENCODING 7696
SWIDTH 500 0
DWIDTH 11 0
BBX 11 22 0 -5
BITMAP
0000
0000
0000
7E00
4100
4080
4080
4080
4080
4080
4080
4080
4080
4080
4080
4100
7E00
0800
0800
0800
1000
0000
ENDCHAR
STARTCHAR uni1E11
ENCODING 7697
SWIDTH 500 0
DWIDTH 11 0
BBX 11 22 0 -5
BITMAP
0000
0000
0000
0080
0080
0080
0080
1F80
2080
4080
4080
4080
4080
4080
4080
2080
1F80
0800
0800
0800
1000
0000
ENDCHAR
STARTCHAR uni1E12
ENCODING 7698
SWIDTH 500 0
DWIDTH 11 0
BBX 11 22 0 -5
BITMAP
0000
0000
0000
7E00
4100
4080
4080
4080
4080
4080
4080
4080
4080
4080
4080
4100
7E00
0000
1800
2400
4200
0000
ENDCHAR
STARTCHAR uni1E13
ENCODING 7699
SWIDTH 500 0
DWIDTH 11 0
BBX 11 22 0 -5
BITMAP
0000
0000
0000
0080
0080
0080
0080
1F80
2080
4080
4080
4080
4080
4080
4080
2080
1F80
0000
1800
2400
4200
0000
ENDCHAR
STARTCHAR uni1E14
ENCODING 7700
SWIDTH 500 0
DWIDTH 11 0
BBX 11 22 0 -5
BITMAP
1000
0800
0400
0000
7E00
0000
7F80
4000
4000
4000
4000
7E00
4000
4000
4000
4000
7F80
0000
0000
0000
0000
0000
ENDCHAR
STARTCHAR uni1E15
ENCODING 7701
SWIDTH 500 0
DWIDTH 11 0
BBX 11 22 0 -5
BITMAP
0000
1000
0800
0400
0000
7E00
0000
1E00
2100
4080
4080
7F80
4000
4000
4000
2080
1F00
0000
0000
0000
0000
0000
ENDCHAR
STARTCHAR uni1E16
ENCODING 7702
SWIDTH 500 0
DWIDTH 11 0
BBX 11 22 0 -5
BITMAP
0400
0800
1000
0000
7E00
0000
7F80
4000
4000
4000
4000
7E00
4000
4000
4000
4000
7F80
0000
0000
0000
0000
0000
ENDCHAR
STARTCHAR uni1E17
ENCODING 7703
SWIDTH 500 0
DWIDTH 11 0
BBX 11 22 0 -5
BITMAP
0000
0400
0800
1000
0000
7E00
0000
1E00
2100
4080
4080
7F80
4000
4000
4000
2080
1F00
0000
0000
0000
0000
0000
ENDCHAR
STARTCHAR uni1E18
ENCODING 7704
SWIDTH 500 0
DWIDTH 11 0
BBX 11 22 0 -5
BITMAP
0000
0000
0000
7F80
4000
4000
4000
4000
4000
7E00
4000
4000
4000
4000
4000
4000
7F80
0000
1800
2400
4200
0000
ENDCHAR
STARTCHAR uni1E19
ENCODING 7705
SWIDTH 500 0
DWIDTH 11 0
BBX 11 22 0 -5
BITMAP
0000
0000
0000
0000
0000
0000
0000
1E00
2100
4080
4080
7F80
4000
4000
4000
2080
1F00
0000
1800
2400
4200
0000
ENDCHAR
STARTCHAR uni1E1A
ENCODING 7706
SWIDTH 500 0
DWIDTH 11 0
BBX 11 22 0 -5
BITMAP
0000
0000
0000
7F80
4000
4000
4000
4000
4000
7E00
4000
4000
4000
4000
4000
4000
7F80
0000
3100
4900
4600
0000
ENDCHAR
STARTCHAR uni1E1B
ENCODING 7707
SWIDTH 500 0
DWIDTH 11 0
BBX 11 22 0 -5
BITMAP
0000
0000
0000
0000
0000
0000
0000
1E00
2100
4080
4080
7F80
4000
4000
4000
2080
1F00
0000
3100
4900
4600
0000
ENDCHAR
STARTCHAR uni1E1C
ENCODING 7708
SWIDTH 500 0
DWIDTH 11 0
BBX 11 22 0 -5
BITMAP
4200
4200
3C00
0000
7F80
4000
4000
4000
4000
4000
7E00
4000
4000
4000
4000
4000
7F80
0800
0800
0800
1000
0000
ENDCHAR
STARTCHAR uni1E1D
ENCODING 7709
SWIDTH 500 0
DWIDTH 11 0
BBX 11 22 0 -5
BITMAP
0000
0000
0000
4200
4200
3C00
0000
1E00
2100
4080
4080
7F80
4000
4000
4000
2080
1F00
0800
0800
0800
1000
0000
ENDCHAR
STARTCHAR uni1E1E
ENCODING 7710
SWIDTH 500 0
DWIDTH 11 0
BBX 11 22 0 -5
BITMAP
0800
0800
0800
0000
7F80
4000
4000
4000
4000
4000
7E00
4000
4000
4000
4000
4000
4000
0000
0000
0000
0000
0000
ENDCHAR
STARTCHAR uni1E1F
ENCODING 7711
SWIDTH 500 0
DWIDTH 11 0
BBX 11 22 0 -5
BITMAP
0800
0800
0800
0000
0780
0800
0800
0800
7F00
0800
0800
0800
0800
0800
0800
0800
0800
0000
0000
0000
0000
0000
ENDCHAR
STARTCHAR uni1E20
ENCODING 7712
SWIDTH 500 0
DWIDTH 11 0
BBX 11 22 0 -5
BITMAP
0000
7E00
0000
1E00
2100
4080
4080
4000
4000
4000
4780
4080
4080
4080
4080
2100
1E00
0000
0000
0000
0000
0000
ENDCHAR
STARTCHAR uni1E21
ENCODING 7713
SWIDTH 500 0
DWIDTH 11 0
BBX 11 22 0 -5
BITMAP
0000
0000
0000
0000
0000
7E00
0000
1F80
2080
4080
4080
4080
4080
4080
4080
2080
1F80
0080
0080
0100
3E00
0000
ENDCHAR
STARTCHAR uni1E22
ENCODING 7714
SWIDTH 500 0
DWIDTH 11 0
BBX 11 22 0 -5
BITMAP
0800
0800
0800
0000
4080
4080
4080
4080
4080
4080
7F80
4080
4080
4080
4080
4080
4080
0000
0000
0000
0000
0000
ENDCHAR
STARTCHAR uni1E23
ENCODING 7715
SWIDTH 500 0
DWIDTH 11 0
BBX 11 22 0 -5
BITMAP
0800
0800
0800
0000
4000
4000
4000
4000
7E00
4100
4080
4080
4080
4080
4080
4080
4080
0000
0000
0000
0000
0000
ENDCHAR
STARTCHAR uni1E24
ENCODING 7716
SWIDTH 500 0
DWIDTH 11 0
BBX 11 22 0 -5
BITMAP
0000
0000
0000
4080
4080
4080
4080
4080
4080
7F80
4080
4080
4080
4080
4080
4080
4080
0000
0800
0800
0800
0000
ENDCHAR
STARTCHAR uni1E25
ENCODING 7717
SWIDTH 500 0
DWIDTH 11 0
BBX 11 22 0 -5
BITMAP
0000
0000
0000
4000
4000
4000
4000
7E00
4100
4080
4080
4080
4080
4080
4080
4080
4080
0000
0800
0800
0800
0000
ENDCHAR
STARTCHAR uni1E26
ENCODING 7718
SWIDTH 500 0
DWIDTH 11 0
BBX 11 22 0 -5
BITMAP
4200
4200
4200
0000
4080
4080
4080
4080
4080
4080
7F80
4080
4080
4080
4080
4080
4080
0000
0000
0000
0000
0000
ENDCHAR
STARTCHAR uni1E27
ENCODING 7719
SWIDTH 500 0
DWIDTH 11 0
BBX 11 22 0 -5
BITMAP
4200
4200
4200
0000
4000
4000
4000
4000
7E00
4100
4080
4080
4080
4080
4080
4080
4080
0000
0000
0000
0000
0000
ENDCHAR
STARTCHAR uni1E28
ENCODING 7720
SWIDTH 500 0
DWIDTH 11 0
BBX 11 22 0 -5
BITMAP
0000
0000
0000
4080
4080
4080
4080
4080
4080
7F80
4080
4080
4080
4080
4080
4080
4080
0800
0800
0800
1000
0000
ENDCHAR
STARTCHAR uni1E29
ENCODING 7721
SWIDTH 500 0
DWIDTH 11 0
BBX 11 22 0 -5
BITMAP
0000
0000
0000
4000
4000
4000
4000
7E00
4100
4080
4080
4080
4080
4080
4080
4080
4080
0800
0800
0800
1000
0000
ENDCHAR
STARTCHAR uni1E2A
ENCODING 7722
SWIDTH 500 0
DWIDTH 11 0
BBX 11 22 0 -5
BITMAP
0000
0000
0000
4080
4080
4080
4080
4080
4080
7F80
4080
4080
4080
4080
4080
4080
4080
0000
4200
4200
3C00
0000
ENDCHAR
STARTCHAR uni1E2B
ENCODING 7723
SWIDTH 500 0
DWIDTH 11 0
BBX 11 22 0 -5
BITMAP
0000
0000
0000
4000
4000
4000
4000
7E00
4100
4080
4080
4080
4080
4080
4080
4080
4080
0000
4200
4200
3C00
0000
ENDCHAR
STARTCHAR uni1E2C
ENCODING 7724
SWIDTH 500 0
DWIDTH 11 0
BBX 11 22 0 -5
BITMAP
0000
0000
0000
1F00
0400
0400
0400
0400
0400
0400
0400
0400
0400
0400
0400
0400
1F00
0000
1880
2480
2300
0000
ENDCHAR
STARTCHAR uni1E2D
ENCODING 7725
SWIDTH 500 0
DWIDTH 11 0
BBX 11 22 0 -5
BITMAP
0000
0000
0000
0400
0400
0400
0000
1C00
0400
0400
0400
0400
0400
0400
0400
0400
1F00
0000
1880
2480
2300
0000
ENDCHAR
STARTCHAR uni1E2E
ENCODING 7726
SWIDTH 500 0
DWIDTH 11 0
BBX 11 22 0 -5
BITMAP
0200
0400
0800
0000
2100
2100
2100
0000
1F00
0400
0400
0400
0400
0400
0400
0400
1F00
0000
0000
0000
0000
0000
ENDCHAR
STARTCHAR uni1E2F
ENCODING 7727
SWIDTH 500 0
DWIDTH 11 0
BBX 11 22 0 -5
BITMAP
0200
0400
0800
0000
2100
2100
2100
0000
1C00
0400
0400
0400
0400
0400
0400
0400
1F00
0000
0000
0000
0000
0000
ENDCHAR
STARTCHAR uni1E30
ENCODING 7728
SWIDTH 500 0
DWIDTH 11 0
BBX 11 22 0 -5
BITMAP
0400
0800
1000
0000
4080
4100
4200
4400
4800
5000
6000
5000
4800
4400
4200
4100
4080
0000
0000
0000
0000
0000
ENDCHAR
STARTCHAR uni1E31
ENCODING 7729
SWIDTH 500 0
DWIDTH 11 0
BBX 11 22 0 -5
BITMAP
0200
0400
0800
0000
2000
2000
2000
2000
2080
2100
2200
2400
3800
2400
2200
2100
2080
0000
0000
0000
0000
0000
ENDCHAR
STARTCHAR uni1E32
ENCODING 7730
SWIDTH 500 0
DWIDTH 11 0
BBX 11 22 0 -5
BITMAP
0000
0000
0000
4080
4100
4200
4400
4800
5000
6000
6000
5000
4800
4400
4200
4100
4080
0000
0800
0800
0800
0000
ENDCHAR
STARTCHAR uni1E33
ENCODING 7731
SWIDTH 500 0
DWIDTH 11 0
BBX 11 22 0 -5
BITMAP
0000
0000
0000
2000
2000
2000
2000
2080
2100
2200
2400
3800
3800
2400
2200
2100
2080
0000
0400
0400
0400
0000
ENDCHAR
STARTCHAR uni1E38
ENCODING 7736
SWIDTH 500 0
DWIDTH 11 0
BBX 11 22 0 -5
BITMAP
0000
7E00
0000
4000
4000
4000
4000
4000
4000
4000
4000
4000
4000
4000
4000
4000
7F80
0000
0800
0800
0800
0000
ENDCHAR
STARTCHAR uni1E39
ENCODING 7737
SWIDTH 500 0
DWIDTH 11 0
BBX 11 22 0 -5
BITMAP
0000
7E00
0000
3800
0800
0800
0800
0800
0800
0800
0800
0800
0800
0800
0800
0800
0700
0000
0800
0800
0800
0000
ENDCHAR
STARTCHAR uni1E3A
ENCODING 7738
SWIDTH 500 0
DWIDTH 11 0
BBX 11 22 0 -5
BITMAP
0000
0000
0000
4000
4000
4000
4000
4000
4000
4000
4000
4000
4000
4000
4000
4000
7F80
0000
7E00
0000
0000
0000
ENDCHAR
STARTCHAR uni1E3B
ENCODING 7739
SWIDTH 500 0
DWIDTH 11 0
BBX 11 22 0 -5
BITMAP
0000
0000
0000
3800
0800
0800
0800
0800
0800
0800
0800
0800
0800
0800
0800
0800
0700
0000
7E00
0000
0000
0000
ENDCHAR
STARTCHAR uni1E3C
ENCODING 7740
SWIDTH 500 0
DWIDTH 11 0
BBX 11 22 0 -5
BITMAP
0000
0000
0000
4000
4000
4000
4000
4000
4000
4000
4000
4000
4000
4000
4000
4000
7F80
0000
1800
2400
4200
0000
ENDCHAR
STARTCHAR uni1E3D
ENCODING 7741
SWIDTH 500 0
DWIDTH 11 0
BBX 11 22 0 -5
BITMAP
0000
0000
0000
3800
0800
0800
0800
0800
0800
0800
0800
0800
0800
0800
0800
0800
0700
0000
1800
2400
4200
0000
ENDCHAR
STARTCHAR uni1E3E
ENCODING 7742
SWIDTH 500 0
DWIDTH 11 0
BBX 11 22 0 -5
BITMAP
0200
0400
0800
0000
4040
60C0
5140
5140
4A40
4440
4040
4040
4040
4040
4040
4040
4040
0000
0000
0000
0000
0000
ENDCHAR
STARTCHAR uni1E3F
ENCODING 7743
SWIDTH 500 0
DWIDTH 11 0
BBX 11 22 0 -5
BITMAP
0000
0000
0000
0200
0400
0800
0000
7F00
4480
4440
4440
4440
4440
4440
4440
4440
4440
0000
0000
0000
0000
0000
ENDCHAR
STARTCHAR uni1E48
ENCODING 7752
SWIDTH 500 0
DWIDTH 11 0
BBX 11 22 0 -5
BITMAP
0000
0000
0000
4080
4080
4080
4080
6080
5080
4880
4480
4280
4180
4080
4080
4080
4080
0000
7E00
0000
0000
0000
ENDCHAR
STARTCHAR uni1E49
ENCODING 7753
SWIDTH 500 0
DWIDTH 11 0
BBX 11 22 0 -5
BITMAP
0000
0000
0000
0000
0000
0000
0000
7E00
4100
4080
4080
4080
4080
4080
4080
4080
4080
0000
7E00
0000
0000
0000
ENDCHAR
STARTCHAR uni1E4A
ENCODING 7754
SWIDTH 500 0
DWIDTH 11 0
BBX 11 22 0 -5
BITMAP
0000
0000
0000
4080
4080
4080
4080
6080
5080
4880
4480
4280
4180
4080
4080
4080
4080
0000
1800
2400
4200
0000
ENDCHAR
STARTCHAR uni1E4B
ENCODING 7755
SWIDTH 500 0
DWIDTH 11 0
BBX 11 22 0 -5
BITMAP
0000
0000
0000
0000
0000
0000
0000
7E00
4100
4080
4080
4080
4080
4080
4080
4080
4080
0000
1800
2400
4200
0000
ENDCHAR
STARTCHAR uni1E4C
ENCODING 7756
SWIDTH 500 0
DWIDTH 11 0
BBX 11 22 0 -5
BITMAP
0400
0800
1000
0000
3100
4900
4600
0000
1E00
2100
4080
4080
4080
4080
4080
2100
1E00
0000
0000
0000
0000
0000
ENDCHAR
STARTCHAR uni1E4D
ENCODING 7757
SWIDTH 500 0
DWIDTH 11 0
BBX 11 22 0 -5
BITMAP
0400
0800
1000
0000
3100
4900
4600
0000
0000
1E00
2100
4080
4080
4080
4080
2100
1E00
0000
0000
0000
0000
0000
ENDCHAR
STARTCHAR uni1E4E
ENCODING 7758
SWIDTH 500 0
DWIDTH 11 0
BBX 11 22 0 -5
BITMAP
4200
4200
4200
0000
3100
4900
4600
0000
1E00
2100
4080
4080
4080
4080
4080
2100
1E00
0000
0000
0000
0000
0000
ENDCHAR
STARTCHAR uni1E4F
ENCODING 7759
SWIDTH 500 0
DWIDTH 11 0
BBX 11 22 0 -5
BITMAP
4200
4200
4200
0000
3100
4900
4600
0000
0000
1E00
2100
4080
4080
4080
4080
2100
1E00
0000
0000
0000
0000
0000
ENDCHAR
STARTCHAR uni1E50
ENCODING 7760
SWIDTH 500 0
DWIDTH 11 0
BBX 11 22 0 -5
BITMAP
1000
0800
0400
0000
7E00
0000
1E00
2100
4080
4080
4080
4080
4080
4080
4080
2100
1E00
0000
0000
0000
0000
0000
ENDCHAR
STARTCHAR uni1E51
ENCODING 7761
SWIDTH 500 0
DWIDTH 11 0
BBX 11 22 0 -5
BITMAP
0000
1000
0800
0400
0000
7E00
0000
1E00
2100
4080
4080
4080
4080
4080
4080
2100
1E00
0000
0000
0000
0000
0000
ENDCHAR
STARTCHAR uni1E52
ENCODING 7762
SWIDTH 500 0
DWIDTH 11 0
BBX 11 22 0 -5
BITMAP
0400
0800
1000
0000
7E00
0000
1E00
2100
4080
4080
4080
4080
4080
4080
4080
2100
1E00
0000
0000
0000
0000
0000
ENDCHAR
STARTCHAR uni1E53
ENCODING 7763
SWIDTH 500 0
DWIDTH 11 0
BBX 11 22 0 -5
BITMAP
0000
0400
0800
1000
0000
7E00
0000
1E00
2100
4080
4080
4080
4080
4080
4080
2100
1E00
0000
0000
0000
0000
0000
ENDCHAR
STARTCHAR uni1E54
ENCODING 7764
SWIDTH 500 0
DWIDTH 11 0
BBX 11 22 0 -5
BITMAP
0400
0800
1000
0000
7E00
4100
4080
4080
4080
4100
7E00
4000
4000
4000
4000
4000
4000
0000
0000
0000
0000
0000
ENDCHAR
STARTCHAR uni1E55
ENCODING 7765
SWIDTH 500 0
DWIDTH 11 0
BBX 11 22 0 -5
BITMAP
0000
0000
0000
0400
0800
1000
0000
7E00
4100
4080
4080
4080
4080
4080
4080
4100
7E00
4000
4000
4000
4000
0000
ENDCHAR
STARTCHAR uni1E56
ENCODING 7766
SWIDTH 500 0
DWIDTH 11 0
BBX 11 22 0 -5
BITMAP
0800
0800
0800
0000
7E00
4100
4080
4080
4080
4100
7E00
4000
4000
4000
4000
4000
4000
0000
0000
0000
0000
0000
ENDCHAR
STARTCHAR uni1E57
ENCODING 7767
SWIDTH 500 0
DWIDTH 11 0
BBX 11 22 0 -5
BITMAP
0000
0000
0000
0800
0800
0800
0000
7E00
4100
4080
4080
4080
4080
4080
4080
4100
7E00
4000
4000
4000
4000
0000
ENDCHAR
STARTCHAR uni1E58
ENCODING 7768
SWIDTH 500 0
DWIDTH 11 0
BBX 11 22 0 -5
BITMAP
0800
0800
0800
0000
7E00
4100
4080
4080
4080
4100
7E00
5000
4800
4400
4200
4100
4080
0000
0000
0000
0000
0000
ENDCHAR
STARTCHAR uni1E59
ENCODING 7769
SWIDTH 500 0
DWIDTH 11 0
BBX 11 22 0 -5
BITMAP
0000
0000
0000
0800
0800
0800
0000
4F80
5000
6000
4000
4000
4000
4000
4000
4000
4000
0000
0000
0000
0000
0000
ENDCHAR
STARTCHAR uni1E5A
ENCODING 7770
SWIDTH 500 0
DWIDTH 11 0
BBX 11 22 0 -5
BITMAP
0000
0000
0000
7E00
4100
4080
4080
4080
4080
4100
7E00
5000
4800
4400
4200
4100
4080
0000
0800
0800
0800
0000
ENDCHAR
STARTCHAR uni1E5B
ENCODING 7771
SWIDTH 500 0
DWIDTH 11 0
BBX 11 22 0 -5
BITMAP
0000
0000
0000
0000
0000
0000
0000
4F80
5000
6000
4000
4000
4000
4000
4000
4000
4000
0000
0800
0800
0800
0000
ENDCHAR
STARTCHAR uni1E5C
ENCODING 7772
SWIDTH 500 0
DWIDTH 11 0
BBX 11 22 0 -5
BITMAP
0000
7E00
0000
7E00
4100
4080
4080
4080
4080
4100
7E00
5000
4800
4400
4200
4100
4080
0000
0800
0800
0800
0000
ENDCHAR
STARTCHAR uni1E5D
ENCODING 7773
SWIDTH 500 0
DWIDTH 11 0
BBX 11 22 0 -5
BITMAP
0000
0000
0000
0000
0000
7E00
0000
4F80
5000
6000
4000
4000
4000
4000
4000
4000
4000
0000
0800
0800
0800
0000
ENDCHAR
STARTCHAR uni1E5E
ENCODING 7774
SWIDTH 500 0
DWIDTH 11 0
BBX 11 22 0 -5
BITMAP
0000
0000
0000
7E00
4100
4080
4080
4080
4080
4100
7E00
5000
4800
4400
4200
4100
4080
0000
7E00
0000
0000
0000
ENDCHAR
STARTCHAR uni1E5F
ENCODING 7775
SWIDTH 500 0
DWIDTH 11 0
BBX 11 22 0 -5
BITMAP
0000
0000
0000
0000
0000
0000
0000
4F80
5000
6000
4000
4000
4000
4000
4000
4000
4000
0000
7E00
0000
0000
0000
ENDCHAR
STARTCHAR uni1E60
ENCODING 7776
SWIDTH 500 0
DWIDTH 11 0
BBX 11 22 0 -5
BITMAP
0800
0800
0800
0000
1E00
2100
4080
4000
4000
2000
1E00
0100
0080
0080
4080
2100
1E00
0000
0000
0000
0000
0000
ENDCHAR
STARTCHAR uni1E61
ENCODING 7777
SWIDTH 500 0
DWIDTH 11 0
BBX 11 22 0 -5
BITMAP
0000
0000
0000
0800
0800
0800
0000
3F00
4080
4000
4000
3F00
0080
0080
0080
4080
3F00
0000
0000
0000
0000
0000
ENDCHAR
STARTCHAR uni1E62
ENCODING 7778
SWIDTH 500 0
DWIDTH 11 0
BBX 11 22 0 -5
BITMAP
0000
0000
0000
1E00
2100
4080
4000
4000
2000
1E00
0100
0080
0080
0080
4080
2100
1E00
0000
0800
0800
0800
0000
ENDCHAR
STARTCHAR uni1E63
ENCODING 7779
SWIDTH 500 0
DWIDTH 11 0
BBX 11 22 0 -5
BITMAP
0000
0000
0000
0000
0000
0000
0000
3F00
4080
4000
4000
3F00
0080
0080
0080
4080
3F00
0000
0800
0800
0800
0000
ENDCHAR
STARTCHAR uni1E64
ENCODING 7780
SWIDTH 500 0
DWIDTH 11 0
BBX 11 22 0 -5
BITMAP
0800
0800
0800
0000
0400
0800
1000
0000
1E00
2100
4080
4000
0100
0080
4080
2100
1E00
0000
0000
0000
0000
0000
ENDCHAR
STARTCHAR uni1E65
ENCODING 7781
SWIDTH 500 0
DWIDTH 11 0
BBX 11 22 0 -5
BITMAP
0800
0800
0800
0000
0400
0800
1000
0000
3F00
4080
4000
4000
3F00
0080
0080
4080
3F00
0000
0000
0000
0000
0000
ENDCHAR
STARTCHAR uni1E66
ENCODING 7782
SWIDTH 500 0
DWIDTH 11 0
BBX 11 22 0 -5
BITMAP
0800
0800
0800
0000
4200
2400
1800
0000
1E00
2100
4080
4000
0100
0080
4080
2100
1E00
0000
0000
0000
0000
0000
ENDCHAR
STARTCHAR uni1E67
ENCODING 7783
SWIDTH 500 0
DWIDTH 11 0
BBX 11 22 0 -5
BITMAP
0800
0800
0800
0000
4200
2400
1800
0000
3F00
4080
4000
4000
3F00
0080
0080
4080
3F00
0000
0000
0000
0000
0000
ENDCHAR
STARTCHAR uni1E68
ENCODING 7784
SWIDTH 500 0
DWIDTH 11 0
BBX 11 22 0 -5
BITMAP
0800
0800
0800
0000
1E00
2100
4080
4000
4000
2000
1E00
0100
0080
0080
4080
2100
1E00
0000
0800
0800
0800
0000
ENDCHAR
STARTCHAR uni1E69
ENCODING 7785
SWIDTH 500 0
DWIDTH 11 0
BBX 11 22 0 -5
BITMAP
0000
0000
0000
0800
0800
0800
0000
3F00
4080
4000
4000
3F00
0080
0080
0080
4080
3F00
0000
0800
0800
0800
0000
ENDCHAR
STARTCHAR uni1E6A
ENCODING 7786
SWIDTH 500 0
DWIDTH 11 0
BBX 11 22 0 -5
BITMAP
0400
0400
0400
0000
7FC0
0400
0400
0400
0400
0400
0400
0400
0400
0400
0400
0400
0400
0000
0000
0000
0000
0000
ENDCHAR
STARTCHAR uni1E6B
ENCODING 7787
SWIDTH 500 0
DWIDTH 11 0
BBX 11 22 0 -5
BITMAP
0800
0800
0800
0000
0800
0800
0800
0800
7F00
0800
0800
0800
0800
0800
0800
0800
0780
0000
0000
0000
0000
0000
ENDCHAR
STARTCHAR uni1E6E
ENCODING 7790
SWIDTH 500 0
DWIDTH 11 0
BBX 11 22 0 -5
BITMAP
0000
0000
0000
7FC0
0400
0400
0400
0400
0400
0400
0400
0400
0400
0400
0400
0400
0400
0000
3F00
0000
0000
0000
ENDCHAR
STARTCHAR uni1E6F
ENCODING 7791
SWIDTH 500 0
DWIDTH 11 0
BBX 11 22 0 -5
BITMAP
0000
0000
0000
0800
0800
0800
0800
7F00
0800
0800
0800
0800
0800
0800
0800
0800
0780
0000
7E00
0000
0000
0000
ENDCHAR
STARTCHAR uni1E70
ENCODING 7792
SWIDTH 500 0
DWIDTH 11 0
BBX 11 22 0 -5
BITMAP
0000
0000
0000
7FC0
0400
0400
0400
0400
0400
0400
0400
0400
0400
0400
0400
0400
0400
0000
0C00
1200
2100
0000
ENDCHAR
STARTCHAR uni1E71
ENCODING 7793
SWIDTH 500 0
DWIDTH 11 0
BBX 11 22 0 -5
BITMAP
0000
0000
0000
0800
0800
0800
0800
7F00
0800
0800
0800
0800
0800
0800
0800
0800
0780
0000
1800
2400
4200
0000
ENDCHAR
STARTCHAR uni1E72
ENCODING 7794
SWIDTH 500 0
DWIDTH 11 0
BBX 11 22 0 -5
BITMAP
0000
0000
0000
4080
4080
4080
4080
4080
4080
4080
4080
4080
4080
4080
4080
2100
1E00
0000
4200
4200
4200
0000
ENDCHAR
STARTCHAR uni1E73
ENCODING 7795
SWIDTH 500 0
DWIDTH 11 0
BBX 11 22 0 -5
BITMAP
0000
0000
0000
0000
0000
0000
0000
4080
4080
4080
4080
4080
4080
4080
4080
2080
1F80
0000
4200
4200
4200
0000
ENDCHAR
STARTCHAR uni1E74
ENCODING 7796
SWIDTH 500 0
DWIDTH 11 0
BBX 11 22 0 -5
BITMAP
0000
0000
0000
4080
4080
4080
4080
4080
4080
4080
4080
4080
4080
4080
4080
2100
1E00
0000
3100
4900
4600
0000
ENDCHAR
STARTCHAR uni1E75
ENCODING 7797
SWIDTH 500 0
DWIDTH 11 0
BBX 11 22 0 -5
BITMAP
0000
0000
0000
0000
0000
0000
0000
4080
4080
4080
4080
4080
4080
4080
4080
2080
1F80
0000
3100
4900
4600
0000
ENDCHAR
STARTCHAR uni1E76
ENCODING 7798
SWIDTH 500 0
DWIDTH 11 0
BBX 11 22 0 -5
BITMAP
0000
0000
0000
4080
4080
4080
4080
4080
4080
4080
4080
4080
4080
4080
4080
2100
1E00
0000
1800
2400
4200
0000
ENDCHAR
STARTCHAR uni1E77
ENCODING 7799
SWIDTH 500 0
DWIDTH 11 0
BBX 11 22 0 -5
BITMAP
0000
0000
0000
0000
0000
0000
0000
4080
4080
4080
4080
4080
4080
4080
4080
2080
1F80
0000
1800
2400
4200
0000
ENDCHAR
STARTCHAR uni1E78
ENCODING 7800
SWIDTH 500 0
DWIDTH 11 0
BBX 11 22 0 -5
BITMAP
0400
0800
1000
0000
3100
4900
4600
0000
4080
4080
4080
4080
4080
4080
4080
2100
1E00
0000
0000
0000
0000
0000
ENDCHAR
STARTCHAR uni1E79
ENCODING 7801
SWIDTH 500 0
DWIDTH 11 0
BBX 11 22 0 -5
BITMAP
0400
0800
1000
0000
3100
4900
4600
0000
4080
4080
4080
4080
4080
4080
4080
2080
1F80
0000
0000
0000
0000
0000
ENDCHAR
STARTCHAR uni1E7A
ENCODING 7802
SWIDTH 500 0
DWIDTH 11 0
BBX 11 22 0 -5
BITMAP
4200
4200
4200
0000
7E00
0000
4080
4080
4080
4080
4080
4080
4080
4080
4080
2100
1E00
0000
0000
0000
0000
0000
ENDCHAR
STARTCHAR uni1E7B
ENCODING 7803
SWIDTH 500 0
DWIDTH 11 0
BBX 11 22 0 -5
BITMAP
0000
4200
4200
4200
0000
7E00
0000
4080
4080
4080
4080
4080
4080
4080
4080
2080
1F80
0000
0000
0000
0000
0000
ENDCHAR
STARTCHAR uni1E7C
ENCODING 7804
SWIDTH 500 0
DWIDTH 11 0
BBX 11 22 0 -5
BITMAP
3100
4900
4600
0000
4080
4080
4080
4080
4080
2100
2100
2100
1200
1200
1200
0C00
0C00
0000
0000
0000
0000
0000
ENDCHAR
STARTCHAR uni1E7D
ENCODING 7805
SWIDTH 500 0
DWIDTH 11 0
BBX 11 22 0 -5
BITMAP
0000
0000
0000
3100
4900
4600
0000
4080
4080
4080
2100
2100
2100
1200
1200
0C00
0C00
0000
0000
0000
0000
0000
ENDCHAR
STARTCHAR uni1E7E
ENCODING 7806
SWIDTH 500 0
DWIDTH 11 0
BBX 11 22 0 -5
BITMAP
0000
0000
0000
4080
4080
4080
4080
4080
2100
2100
2100
2100
1200
1200
1200
0C00
0C00
0000
0800
0800
0800
0000
ENDCHAR
STARTCHAR uni1E7F
ENCODING 7807
SWIDTH 500 0
DWIDTH 11 0
BBX 11 22 0 -5
BITMAP
0000
0000
0000
0000
0000
0000
0000
4080
4080
4080
2100
2100
2100
1200
1200
0C00
0C00
0000
0800
0800
0800
0000
ENDCHAR
STARTCHAR uni1E80
ENCODING 7808
SWIDTH 500 0
DWIDTH 11 0
BBX 11 22 0 -5
BITMAP
0800
0400
0200
0000
4040
4040
4040
4040
4040
4040
4440
4440
4A40
5140
5140
60C0
4040
0000
0000
0000
0000
0000
ENDCHAR
STARTCHAR uni1E81
ENCODING 7809
SWIDTH 500 0
DWIDTH 11 0
BBX 11 22 0 -5
BITMAP
0000
0000
0000
0800
0400
0200
0000
4040
4040
4040
4440
4440
4440
4440
4440
4440
3F80
0000
0000
0000
0000
0000
ENDCHAR
STARTCHAR uni1E82
ENCODING 7810
SWIDTH 500 0
DWIDTH 11 0
BBX 11 22 0 -5
BITMAP
0200
0400
0800
0000
4040
4040
4040
4040
4040
4040
4440
4440
4A40
5140
5140
60C0
4040
0000
0000
0000
0000
0000
ENDCHAR
STARTCHAR uni1E83
ENCODING 7811
SWIDTH 500 0
DWIDTH 11 0
BBX 11 22 0 -5
BITMAP
0000
0000
0000
0200
0400
0800
0000
4040
4040
4040
4440
4440
4440
4440
4440
4440
3F80
0000
0000
0000
0000
0000
ENDCHAR
STARTCHAR uni1E84
ENCODING 7812
SWIDTH 500 0
DWIDTH 11 0
BBX 11 22 0 -5
BITMAP
2100
2100
2100
0000
4040
4040
4040
4040
4040
4040
4440
4440
4A40
5140
5140
60C0
4040
0000
0000
0000
0000
0000
ENDCHAR
STARTCHAR uni1E85
ENCODING 7813
SWIDTH 500 0
DWIDTH 11 0
BBX 11 22 0 -5
BITMAP
0000
0000
0000
2100
2100
2100
0000
4040
4040
4040
4440
4440
4440
4440
4440
4440
3F80
0000
0000
0000
0000
0000
ENDCHAR
STARTCHAR uni1E86
ENCODING 7814
SWIDTH 500 0
DWIDTH 11 0
BBX 11 22 0 -5
BITMAP
0400
0400
0400
0000
4040
4040
4040
4040
4040
4040
4440
4440
4A40
5140
5140
60C0
4040
0000
0000
0000
0000
0000
ENDCHAR
STARTCHAR uni1E87
ENCODING 7815
SWIDTH 500 0
DWIDTH 11 0
BBX 11 22 0 -5
BITMAP
0000
0000
0000
0400
0400
0400
0000
4040
4040
4040
4440
4440
4440
4440
4440
4440
3F80
0000
0000
0000
0000
0000
ENDCHAR
STARTCHAR uni1E88
ENCODING 7816
SWIDTH 500 0
DWIDTH 11 0
BBX 11 22 0 -5
BITMAP
0000
0000
0000
4040
4040
4040
4040
4040
4040
4040
4440
4440
4A40
5140
5140
60C0
4040
0000
0400
0400
0400
0000
ENDCHAR
STARTCHAR uni1E89
ENCODING 7817
SWIDTH 500 0
DWIDTH 11 0
BBX 11 22 0 -5
BITMAP
0000
0000
0000
0000
0000
0000
0000
4040
4040
4040
4440
4440
4440
4440
4440
4440
3F80
0000
0400
0400
0400
0000
ENDCHAR
STARTCHAR uni1E8A
ENCODING 7818
SWIDTH 500 0
DWIDTH 11 0
BBX 11 22 0 -5
BITMAP
0800
0800
0800
0000
4080
4080
2100
2100
1200
1200
0C00
1200
1200
2100
2100
4080
4080
0000
0000
0000
0000
0000
ENDCHAR
STARTCHAR uni1E8B
ENCODING 7819
SWIDTH 500 0
DWIDTH 11 0
BBX 11 22 0 -5
BITMAP
0000
0000
0000
0800
0800
0800
0000
4080
4080
2100
1200
0C00
0C00
1200
2100
4080
4080
0000
0000
0000
0000
0000
ENDCHAR
STARTCHAR uni1E8C
ENCODING 7820
SWIDTH 500 0
DWIDTH 11 0
BBX 11 22 0 -5
BITMAP
4200
4200
4200
0000
4080
4080
2100
2100
1200
1200
0C00
1200
1200
2100
2100
4080
4080
0000
0000
0000
0000
0000
ENDCHAR
STARTCHAR uni1E8D
ENCODING 7821
SWIDTH 500 0
DWIDTH 11 0
BBX 11 22 0 -5
BITMAP
0000
0000
0000
4200
4200
4200
0000
4080
4080
2100
1200
0C00
0C00
1200
2100
4080
4080
0000
0000
0000
0000
0000
ENDCHAR
STARTCHAR uni1E8E
ENCODING 7822
SWIDTH 500 0
DWIDTH 11 0
BBX 11 22 0 -5
BITMAP
0400
0400
0400
0000
4040
4040
2080
2080
1100
1100
0A00
0400
0400
0400
0400
0400
0400
0000
0000
0000
0000
0000
ENDCHAR
STARTCHAR uni1E8F
ENCODING 7823
SWIDTH 500 0
DWIDTH 11 0
BBX 11 22 0 -5
BITMAP
0000
0000
0000
0800
0800
0800
0000
4080
4080
4080
4080
4080
4080
4080
4080
2080
1F80
0080
0080
0100
3E00
0000
ENDCHAR
STARTCHAR uni1E90
ENCODING 7824
SWIDTH 500 0
DWIDTH 11 0
BBX 11 22 0 -5
BITMAP
1800
2400
4200
0000
7F80
0080
0080
0100
0200
0400
0800
1000
2000
4000
4000
4000
7F80
0000
0000
0000
0000
0000
ENDCHAR
STARTCHAR uni1E91
ENCODING 7825
SWIDTH 500 0
DWIDTH 11 0
BBX 11 22 0 -5
BITMAP
0000
0000
0000
1800
2400
4200
0000
7F80
0080
0100
0200
0400
0800
1000
2000
4000
7F80
0000
0000
0000
0000
0000
ENDCHAR
STARTCHAR uni1E92
ENCODING 7826
SWIDTH 500 0
DWIDTH 11 0
BBX 11 22 0 -5
BITMAP
0000
0000
0000
7F80
0080
0080
0080
0100
0200
0400
0800
1000
2000
4000
4000
4000
7F80
0000
0800
0800
0800
0000
ENDCHAR
STARTCHAR uni1E93
ENCODING 7827
SWIDTH 500 0
DWIDTH 11 0
BBX 11 22 0 -5
BITMAP
0000
0000
0000
0000
0000
0000
0000
7F80
0080
0100
0200
0400
0800
1000
2000
4000
7F80
0000
0800
0800
0800
0000
ENDCHAR
STARTCHAR uni1E94
ENCODING 7828
SWIDTH 500 0
DWIDTH 11 0
BBX 11 22 0 -5
BITMAP
0000
0000
0000
7F80
0080
0080
0080
0100
0200
0400
0800
1000
2000
4000
4000
4000
7F80
0000
7E00
0000
0000
0000
ENDCHAR
STARTCHAR uni1E95
ENCODING 7829
SWIDTH 500 0
DWIDTH 11 0
BBX 11 22 0 -5
BITMAP
0000
0000
0000
0000
0000
0000
0000
7F80
0080
0100
0200
0400
0800
1000
2000
4000
7F80
0000
7E00
0000
0000
0000
ENDCHAR
STARTCHAR uni1E96
ENCODING 7830
SWIDTH 500 0
DWIDTH 11 0
BBX 11 22 0 -5
BITMAP
0000
0000
0000
4000
4000
4000
4000
7E00
4100
4080
4080
4080
4080
4080
4080
4080
4080
0000
7E00
0000
0000
0000
ENDCHAR
STARTCHAR uni1E97
ENCODING 7831
SWIDTH 500 0
DWIDTH 11 0
BBX 11 22 0 -5
BITMAP
4200
4200
4200
0000
0800
0800
0800
0800
7F00
0800
0800
0800
0800
0800
0800
0800
0780
0000
0000
0000
0000
0000
ENDCHAR
STARTCHAR uni1E98
ENCODING 7832
SWIDTH 500 0
DWIDTH 11 0
BBX 11 22 0 -5
BITMAP
0000
0000
0000
0C00
1200
1200
0000
4040
4040
4040
4440
4440
4440
4440
4440
4440
3F80
0000
0000
0000
0000
0000
ENDCHAR
STARTCHAR uni1E99
ENCODING 7833
SWIDTH 500 0
DWIDTH 11 0
BBX 11 22 0 -5
BITMAP
0000
0000
0000
1800
2400
2400
0000
4080
4080
4080
4080
4080
4080
4080
4080
2080
1F80
0080
0080
0100
3E00
0000
ENDCHAR
STARTCHAR uni1E9A
ENCODING 7834
SWIDTH 500 0
DWIDTH 11 0
BBX 11 22 0 -5
BITMAP
0000
0000
0000
0000
0000
0040
0020
3E40
0100
0080
0080
3F80
4080
4080
4080
4080
3F80
0000
0000
0000
0000
0000
ENDCHAR
STARTCHAR uni1E9B
ENCODING 7835
SWIDTH 500 0
DWIDTH 11 0
BBX 11 22 0 -5
BITMAP
0200
0200
0200
0000
0780
0800
0800
0800
0800
0800
0800
0800
0800
0800
0800
0800
0800
0000
0000
0000
0000
0000
ENDCHAR
STARTCHAR uni1E9C
ENCODING 7836
SWIDTH 500 0
DWIDTH 11 0
BBX 11 22 0 -5
BITMAP
0000
0000
0000
0780
0800
0800
0800
0880
0900
0A00
0C00
0800
0800
0800
0800
0800
0800
0000
0000
0000
0000
0000
ENDCHAR
STARTCHAR uni1E9D
ENCODING 7837
SWIDTH 500 0
DWIDTH 11 0
BBX 11 22 0 -5
BITMAP
0000
0000
0000
0780
0800
0800
1FC0
0800
0800
0800
0800
0800
0800
0800
0800
0800
0800
0000
0000
0000
0000
0000
ENDCHAR
STARTCHAR uni1E9E
ENCODING 7838
SWIDTH 500 0
DWIDTH 11 0
BBX 11 22 0 -5
BITMAP
0000
0000
0000
3F80
2100
4100
4200
4200
4400
4200
4100
4100
4080
4080
4080
4100
4F00
0000
0000
0000
0000
0000
ENDCHAR
STARTCHAR uni1E9F
ENCODING 7839
SWIDTH 500 0
DWIDTH 11 0
BBX 11 22 0 -5
BITMAP
0000
0000
0000
3F00
1000
0800
0400
1E00
2100
4080
4080
4080
4080
4080
4080
2100
1E00
0000
0000
0000
0000
0000
ENDCHAR
STARTCHAR uni1EA0
ENCODING 7840
SWIDTH 500 0
DWIDTH 11 0
BBX 11 22 0 -5
BITMAP
0000
0000
0000
1E00
2100
4080
4080
4080
4080
4080
7F80
4080
4080
4080
4080
4080
4080
0000
0800
0800
0800
0000
ENDCHAR
STARTCHAR uni1EA1
ENCODING 7841
SWIDTH 500 0
DWIDTH 11 0
BBX 11 22 0 -5
BITMAP
0000
0000
0000
0000
0000
0000
0000
3E00
0100
0080
0080
3F80
4080
4080
4080
4080
3F80
0000
0800
0800
0800
0000
ENDCHAR
STARTCHAR uni1EA2
ENCODING 7842
SWIDTH 500 0
DWIDTH 11 0
BBX 11 22 0 -5
BITMAP
1800
2400
0400
0800
0000
1E00
2100
4080
4080
4080
7F80
4080
4080
4080
4080
4080
4080
0000
0000
0000
0000
0000
ENDCHAR
STARTCHAR uni1EA3
ENCODING 7843
SWIDTH 500 0
DWIDTH 11 0
BBX 11 22 0 -5
BITMAP
0000
0000
1800
2400
0400
0800
0000
3E00
0100
0080
0080
3F80
4080
4080
4080
4080
3F80
0000
0000
0000
0000
0000
ENDCHAR
STARTCHAR uni1EA4
ENCODING 7844
SWIDTH 500 0
DWIDTH 11 0
BBX 11 22 0 -5
BITMAP
0400
0800
1000
0000
1800
2400
4200
0000
1E00
2100
4080
4080
7F80
4080
4080
4080
4080
0000
0000
0000
0000
0000
ENDCHAR
STARTCHAR uni1EA5
ENCODING 7845
SWIDTH 500 0
DWIDTH 11 0
BBX 11 22 0 -5
BITMAP
0400
0800
1000
0000
1800
2400
4200
0000
3E00
0100
0080
0080
3F80
4080
4080
4080
3F80
0000
0000
0000
0000
0000
ENDCHAR
STARTCHAR uni1EA6
ENCODING 7846
SWIDTH 500 0
DWIDTH 11 0
BBX 11 22 0 -5
BITMAP
1000
0800
0400
0000
1800
2400
4200
0000
1E00
2100
4080
4080
7F80
4080
4080
4080
4080
0000
0000
0000
0000
0000
ENDCHAR
STARTCHAR uni1EA7
ENCODING 7847
SWIDTH 500 0
DWIDTH 11 0
BBX 11 22 0 -5
BITMAP
1000
0800
0400
0000
1800
2400
4200
0000
3E00
0100
0080
0080
3F80
4080
4080
4080
3F80
0000
0000
0000
0000
0000
ENDCHAR
STARTCHAR uni1EA8
ENCODING 7848
SWIDTH 500 0
DWIDTH 11 0
BBX 11 22 0 -5
BITMAP
1800
2400
0400
0800
0000
1800
2400
4200
0000
1E00
2100
4080
4080
7F80
4080
4080
4080
0000
0000
0000
0000
0000
ENDCHAR
STARTCHAR uni1EA9
ENCODING 7849
SWIDTH 500 0
DWIDTH 11 0
BBX 11 22 0 -5
BITMAP
1800
2400
0400
0800
0000
1800
2400
4200
0000
3E00
0100
0080
0080
3F80
4080
4080
3F80
0000
0000
0000
0000
0000
ENDCHAR
STARTCHAR uni1EAA
ENCODING 7850
SWIDTH 500 0
DWIDTH 11 0
BBX 11 22 0 -5
BITMAP
3100
4900
4600
0000
1800
2400
4200
0000
1E00
2100
4080
4080
7F80
4080
4080
4080
4080
0000
0000
0000
0000
0000
ENDCHAR
STARTCHAR uni1EAB
ENCODING 7851
SWIDTH 500 0
DWIDTH 11 0
BBX 11 22 0 -5
BITMAP
3100
4900
4600
0000
1800
2400
4200
0000
3E00
0100
0080
0080
3F80
4080
4080
4080
3F80
0000
0000
0000
0000
0000
ENDCHAR
STARTCHAR uni1EAC
ENCODING 7852
SWIDTH 500 0
DWIDTH 11 0
BBX 11 22 0 -5
BITMAP
1800
2400
4200
0000
1E00
2100
4080
4080
4080
4080
7F80
4080
4080
4080
4080
4080
4080
0000
0800
0800
0800
0000
ENDCHAR
STARTCHAR uni1EAD
ENCODING 7853
SWIDTH 500 0
DWIDTH 11 0
BBX 11 22 0 -5
BITMAP
0000
0000
0000
1800
2400
4200
0000
3E00
0100
0080
0080
3F80
4080
4080
4080
4080
3F80
0000
0800
0800
0800
0000
ENDCHAR
STARTCHAR uni1EAE
ENCODING 7854
SWIDTH 500 0
DWIDTH 11 0
BBX 11 22 0 -5
BITMAP
0400
0800
1000
0000
4200
4200
3C00
0000
1E00
2100
4080
4080
7F80
4080
4080
4080
4080
0000
0000
0000
0000
0000
ENDCHAR
STARTCHAR uni1EAF
ENCODING 7855
SWIDTH 500 0
DWIDTH 11 0
BBX 11 22 0 -5
BITMAP
0400
0800
1000
0000
4200
4200
3C00
0000
3E00
0100
0080
0080
3F80
4080
4080
4080
3F80
0000
0000
0000
0000
0000
ENDCHAR
STARTCHAR uni1EB0
ENCODING 7856
SWIDTH 500 0
DWIDTH 11 0
BBX 11 22 0 -5
BITMAP
1000
0800
0400
0000
4200
4200
3C00
0000
1E00
2100
4080
4080
7F80
4080
4080
4080
4080
0000
0000
0000
0000
0000
ENDCHAR
STARTCHAR uni1EB1
ENCODING 7857
SWIDTH 500 0
DWIDTH 11 0
BBX 11 22 0 -5
BITMAP
1000
0800
0400
0000
4200
4200
3C00
0000
3E00
0100
0080
0080
3F80
4080
4080
4080
3F80
0000
0000
0000
0000
0000
ENDCHAR
STARTCHAR uni1EB2
ENCODING 7858
SWIDTH 500 0
DWIDTH 11 0
BBX 11 22 0 -5
BITMAP
1800
2400
0400
0800
0000
4200
4200
3C00
0000
1E00
2100
4080
4080
7F80
4080
4080
4080
0000
0000
0000
0000
0000
ENDCHAR
STARTCHAR uni1EB3
ENCODING 7859
SWIDTH 500 0
DWIDTH 11 0
BBX 11 22 0 -5
BITMAP
1800
2400
0400
0800
0000
4200
4200
3C00
0000
3E00
0100
0080
0080
3F80
4080
4080
3F80
0000
0000
0000
0000
0000
ENDCHAR
STARTCHAR uni1EB4
ENCODING 7860
SWIDTH 500 0
DWIDTH 11 0
BBX 11 22 0 -5
BITMAP
3100
4900
4600
0000
4200
4200
3C00
0000
1E00
2100
4080
4080
7F80
4080
4080
4080
4080
0000
0000
0000
0000
0000
ENDCHAR
STARTCHAR uni1EB5
ENCODING 7861
SWIDTH 500 0
DWIDTH 11 0
BBX 11 22 0 -5
BITMAP
3100
4900
4600
0000
4200
4200
3C00
0000
3E00
0100
0080
0080
3F80
4080
4080
4080
3F80
0000
0000
0000
0000
0000
ENDCHAR
STARTCHAR uni1EB6
ENCODING 7862
SWIDTH 500 0
DWIDTH 11 0
BBX 11 22 0 -5
BITMAP
4200
4200
3C00
0000
1E00
2100
4080
4080
4080
4080
7F80
4080
4080
4080
4080
4080
4080
0000
0800
0800
0800
0000
ENDCHAR
STARTCHAR uni1EB7
ENCODING 7863
SWIDTH 500 0
DWIDTH 11 0
BBX 11 22 0 -5
BITMAP
0000
0000
0000
4200
4200
3C00
0000
3E00
0100
0080
0080
3F80
4080
4080
4080
4080
3F80
0000
0800
0800
0800
0000
ENDCHAR
STARTCHAR uni1EBA
ENCODING 7866
SWIDTH 500 0
DWIDTH 11 0
BBX 11 22 0 -5
BITMAP
1800
2400
0400
0800
0000
7F80
4000
4000
4000
4000
7E00
4000
4000
4000
4000
4000
7F80
0000
0000
0000
0000
0000
ENDCHAR
STARTCHAR uni1EBB
ENCODING 7867
SWIDTH 500 0
DWIDTH 11 0
BBX 11 22 0 -5
BITMAP
0000
0000
1800
2400
0400
0800
0000
1E00
2100
4080
4080
7F80
4000
4000
4000
2080
1F00
0000
0000
0000
0000
0000
ENDCHAR
STARTCHAR uni1EBE
ENCODING 7870
SWIDTH 500 0
DWIDTH 11 0
BBX 11 22 0 -5
BITMAP
0400
0800
1000
0000
1800
2400
4200
0000
7F80
4000
4000
4000
7E00
4000
4000
4000
7F80
0000
0000
0000
0000
0000
ENDCHAR
STARTCHAR uni1EBF
ENCODING 7871
SWIDTH 500 0
DWIDTH 11 0
BBX 11 22 0 -5
BITMAP
0400
0800
1000
0000
1800
2400
4200
0000
1E00
2100
4080
4080
7F80
4000
4000
2080
1F00
0000
0000
0000
0000
0000
ENDCHAR
STARTCHAR uni1EC0
ENCODING 7872
SWIDTH 500 0
DWIDTH 11 0
BBX 11 22 0 -5
BITMAP
1000
0800
0400
0000
1800
2400
4200
0000
7F80
4000
4000
4000
7E00
4000
4000
4000
7F80
0000
0000
0000
0000
0000
ENDCHAR
STARTCHAR uni1EC1
ENCODING 7873
SWIDTH 500 0
DWIDTH 11 0
BBX 11 22 0 -5
BITMAP
1000
0800
0400
0000
1800
2400
4200
0000
1E00
2100
4080
4080
7F80
4000
4000
2080
1F00
0000
0000
0000
0000
0000
ENDCHAR
STARTCHAR uni1EC2
ENCODING 7874
SWIDTH 500 0
DWIDTH 11 0
BBX 11 22 0 -5
BITMAP
1800
2400
0400
0800
0000
1800
2400
4200
0000
7F80
4000
4000
4000
7E00
4000
4000
7F80
0000
0000
0000
0000
0000
ENDCHAR
STARTCHAR uni1EC3
ENCODING 7875
SWIDTH 500 0
DWIDTH 11 0
BBX 11 22 0 -5
BITMAP
1800
2400
0400
0800
0000
1800
2400
4200
0000
1E00
2100
4080
4080
7F80
4000
2080
1F00
0000
0000
0000
0000
0000
ENDCHAR
STARTCHAR uni1EC4
ENCODING 7876
SWIDTH 500 0
DWIDTH 11 0
BBX 11 22 0 -5
BITMAP
3100
4900
4600
0000
1800
2400
4200
0000
7F80
4000
4000
4000
7E00
4000
4000
4000
7F80
0000
0000
0000
0000
0000
ENDCHAR
STARTCHAR uni1EC5
ENCODING 7877
SWIDTH 500 0
DWIDTH 11 0
BBX 11 22 0 -5
BITMAP
3100
4900
4600
0000
1800
2400
4200
0000
1E00
2100
4080
4080
7F80
4000
4000
2080
1F00
0000
0000
0000
0000
0000
ENDCHAR
STARTCHAR uni1EC6
ENCODING 7878
SWIDTH 500 0
DWIDTH 11 0
BBX 11 22 0 -5
BITMAP
1800
2400
4200
0000
7F80
4000
4000
4000
4000
4000
7E00
4000
4000
4000
4000
4000
7F80
0000
0800
0800
0800
0000
ENDCHAR
STARTCHAR uni1EC7
ENCODING 7879
SWIDTH 500 0
DWIDTH 11 0
BBX 11 22 0 -5
BITMAP
0000
0000
0000
1800
2400
4200
0000
1E00
2100
4080
4080
7F80
4000
4000
4000
2080
1F00
0000
0800
0800
0800
0000
ENDCHAR
STARTCHAR uni1EC8
ENCODING 7880
SWIDTH 500 0
DWIDTH 11 0
BBX 11 22 0 -5
BITMAP
0C00
1200
0200
0400
0000
1F00
0400
0400
0400
0400
0400
0400
0400
0400
0400
0400
1F00
0000
0000
0000
0000
0000
ENDCHAR
STARTCHAR uni1EC9
ENCODING 7881
SWIDTH 500 0
DWIDTH 11 0
BBX 11 22 0 -5
BITMAP
0000
0000
0C00
1200
0200
0400
0000
1C00
0400
0400
0400
0400
0400
0400
0400
0400
1F00
0000
0000
0000
0000
0000
ENDCHAR
STARTCHAR uni1ECE
ENCODING 7886
SWIDTH 500 0
DWIDTH 11 0
BBX 11 22 0 -5
BITMAP
1800
2400
0400
0800
0000
1E00
2100
4080
4080
4080
4080
4080
4080
4080
4080
2100
1E00
0000
0000
0000
0000
0000
ENDCHAR
STARTCHAR uni1ECF
ENCODING 7887
SWIDTH 500 0
DWIDTH 11 0
BBX 11 22 0 -5
BITMAP
0000
0000
1800
2400
0400
0800
0000
1E00
2100
4080
4080
4080
4080
4080
4080
2100
1E00
0000
0000
0000
0000
0000
ENDCHAR
STARTCHAR uni1ED0
ENCODING 7888
SWIDTH 500 0
DWIDTH 11 0
BBX 11 22 0 -5
BITMAP
0400
0800
1000
0000
1800
2400
4200
0000
1E00
2100
4080
4080
4080
4080
4080
2100
1E00
0000
0000
0000
0000
0000
ENDCHAR
STARTCHAR uni1ED1
ENCODING 7889
SWIDTH 500 0
DWIDTH 11 0
BBX 11 22 0 -5
BITMAP
0400
0800
1000
0000
1800
2400
4200
0000
0000
1E00
2100
4080
4080
4080
4080
2100
1E00
0000
0000
0000
0000
0000
ENDCHAR
STARTCHAR uni1ED2
ENCODING 7890
SWIDTH 500 0
DWIDTH 11 0
BBX 11 22 0 -5
BITMAP
1000
0800
0400
0000
1800
2400
4200
0000
1E00
2100
4080
4080
4080
4080
4080
2100
1E00
0000
0000
0000
0000
0000
ENDCHAR
STARTCHAR uni1ED3
ENCODING 7891
SWIDTH 500 0
DWIDTH 11 0
BBX 11 22 0 -5
BITMAP
1000
0800
0400
0000
1800
2400
4200
0000
0000
1E00
2100
4080
4080
4080
4080
2100
1E00
0000
0000
0000
0000
0000
ENDCHAR
STARTCHAR uni1ED4
ENCODING 7892
SWIDTH 500 0
DWIDTH 11 0
BBX 11 22 0 -5
BITMAP
1800
2400
0400
0800
0000
1800
2400
4200
0000
1E00
2100
4080
4080
4080
4080
2100
1E00
0000
0000
0000
0000
0000
ENDCHAR
STARTCHAR uni1ED5
ENCODING 7893
SWIDTH 500 0
DWIDTH 11 0
BBX 11 22 0 -5
BITMAP
1800
2400
0400
0800
0000
1800
2400
4200
0000
0000
1E00
2100
4080
4080
4080
2100
1E00
0000
0000
0000
0000
0000
ENDCHAR
STARTCHAR uni1ED6
ENCODING 7894
SWIDTH 500 0
DWIDTH 11 0
BBX 11 22 0 -5
BITMAP
3100
4900
4600
0000
1800
2400
4200
0000
1E00
2100
4080
4080
4080
4080
4080
2100
1E00
0000
0000
0000
0000
0000
ENDCHAR
STARTCHAR uni1ED7
ENCODING 7895
SWIDTH 500 0
DWIDTH 11 0
BBX 11 22 0 -5
BITMAP
3100
4900
4600
0000
1800
2400
4200
0000
0000
1E00
2100
4080
4080
4080
4080
2100
1E00
0000
0000
0000
0000
0000
ENDCHAR
STARTCHAR uni1ED8
ENCODING 7896
SWIDTH 500 0
DWIDTH 11 0
BBX 11 22 0 -5
BITMAP
1800
2400
4200
0000
1E00
2100
4080
4080
4080
4080
4080
4080
4080
4080
4080
2100
1E00
0000
0800
0800
0800
0000
ENDCHAR
STARTCHAR uni1ED9
ENCODING 7897
SWIDTH 500 0
DWIDTH 11 0
BBX 11 22 0 -5
BITMAP
0000
0000
0000
1800
2400
4200
0000
1E00
2100
4080
4080
4080
4080
4080
4080
2100
1E00
0000
0800
0800
0800
0000
ENDCHAR
STARTCHAR uni1EDA
ENCODING 7898
SWIDTH 500 0
DWIDTH 11 0
BBX 11 22 0 -5
BITMAP
0400
0800
1000
0000
0040
1C40
2280
4100
4100
4100
4100
4100
4100
4100
4100
2200
1C00
0000
0000
0000
0000
0000
ENDCHAR
STARTCHAR uni1EDB
ENCODING 7899
SWIDTH 500 0
DWIDTH 11 0
BBX 11 22 0 -5
BITMAP
0000
0000
0400
0800
1000
0000
0040
1C40
2280
4100
4100
4100
4100
4100
4100
2200
1C00
0000
0000
0000
0000
0000
ENDCHAR
STARTCHAR uni1EDC
ENCODING 7900
SWIDTH 500 0
DWIDTH 11 0
BBX 11 22 0 -5
BITMAP
1000
0800
0400
0000
0040
1C40
2280
4100
4100
4100
4100
4100
4100
4100
4100
2200
1C00
0000
0000
0000
0000
0000
ENDCHAR
STARTCHAR uni1EDD
ENCODING 7901
SWIDTH 500 0
DWIDTH 11 0
BBX 11 22 0 -5
BITMAP
0000
0000
1000
0800
0400
0000
0040
1C40
2280
4100
4100
4100
4100
4100
4100
2200
1C00
0000
0000
0000
0000
0000
ENDCHAR
STARTCHAR uni1EDE
ENCODING 7902
SWIDTH 500 0
DWIDTH 11 0
BBX 11 22 0 -5
BITMAP
1800
2400
0400
0800
0000
0040
1C40
2280
4100
4100
4100
4100
4100
4100
4100
2200
1C00
0000
0000
0000
0000
0000
ENDCHAR
STARTCHAR uni1EDF
ENCODING 7903
SWIDTH 500 0
DWIDTH 11 0
BBX 11 22 0 -5
BITMAP
0000
1800
2400
0400
0800
0000
0040
1C40
2280
4100
4100
4100
4100
4100
4100
2200
1C00
0000
0000
0000
0000
0000
ENDCHAR
STARTCHAR uni1EE0
ENCODING 7904
SWIDTH 500 0
DWIDTH 11 0
BBX 11 22 0 -5
BITMAP
3100
4900
4600
0000
0040
1C40
2280
4100
4100
4100
4100
4100
4100
4100
4100
2200
1C00
0000
0000
0000
0000
0000
ENDCHAR
STARTCHAR uni1EE1
ENCODING 7905
SWIDTH 500 0
DWIDTH 11 0
BBX 11 22 0 -5
BITMAP
0000
0000
3100
4900
4600
0000
0040
1C40
2280
4100
4100
4100
4100
4100
4100
2200
1C00
0000
0000
0000
0000
0000
ENDCHAR
STARTCHAR uni1EE2
ENCODING 7906
SWIDTH 500 0
DWIDTH 11 0
BBX 11 22 0 -5
BITMAP
0000
0000
0040
1C40
2280
4100
4100
4100
4100
4100
4100
4100
4100
4100
4100
2200
1C00
0000
0800
0800
0800
0000
ENDCHAR
STARTCHAR uni1EE3
ENCODING 7907
SWIDTH 500 0
DWIDTH 11 0
BBX 11 22 0 -5
BITMAP
0000
0000
0000
0000
0000
0000
0040
1C40
2280
4100
4100
4100
4100
4100
4100
2200
1C00
0000
0800
0800
0800
0000
ENDCHAR
STARTCHAR uni1EE6
ENCODING 7910
SWIDTH 500 0
DWIDTH 11 0
BBX 11 22 0 -5
BITMAP
1800
2400
0400
0800
0000
4080
4080
4080
4080
4080
4080
4080
4080
4080
4080
2100
1E00
0000
0000
0000
0000
0000
ENDCHAR
STARTCHAR uni1EE7
ENCODING 7911
SWIDTH 500 0
DWIDTH 11 0
BBX 11 22 0 -5
BITMAP
0000
0000
1800
2400
0400
0800
0000
4080
4080
4080
4080
4080
4080
4080
4080
2080
1F80
0000
0000
0000
0000
0000
ENDCHAR
STARTCHAR uni1EE8
ENCODING 7912
SWIDTH 500 0
DWIDTH 11 0
BBX 11 22 0 -5
BITMAP
0400
0800
1000
0000
0040
4140
4180
4100
4100
4100
4100
4100
4100
4100
4100
2200
1C00
0000
0000
0000
0000
0000
ENDCHAR
STARTCHAR uni1EE9
ENCODING 7913
SWIDTH 500 0
DWIDTH 11 0
BBX 11 22 0 -5
BITMAP
0000
0000
0400
0800
1000
0000
0040
4140
4180
4100
4100
4100
4100
4100
4100
2100
1F00
0000
0000
0000
0000
0000
ENDCHAR
STARTCHAR uni1EEA
ENCODING 7914
SWIDTH 500 0
DWIDTH 11 0
BBX 11 22 0 -5
BITMAP
1000
0800
0400
0000
0040
4140
4180
4100
4100
4100
4100
4100
4100
4100
4100
2200
1C00
0000
0000
0000
0000
0000
ENDCHAR
STARTCHAR uni1EEB
ENCODING 7915
SWIDTH 500 0
DWIDTH 11 0
BBX 11 22 0 -5
BITMAP
0000
0000
1000
0800
0400
0000
0040
4140
4180
4100
4100
4100
4100
4100
4100
2100
1F00
0000
0000
0000
0000
0000
ENDCHAR
STARTCHAR uni1EEC
ENCODING 7916
SWIDTH 500 0
DWIDTH 11 0
BBX 11 22 0 -5
BITMAP
1800
2400
0400
0800
0000
0040
4140
4180
4100
4100
4100
4100
4100
4100
4100
2200
1C00
0000
0000
0000
0000
0000
ENDCHAR
STARTCHAR uni1EED
ENCODING 7917
SWIDTH 500 0
DWIDTH 11 0
BBX 11 22 0 -5
BITMAP
0000
1800
2400
0400
0800
0000
0040
4140
4180
4100
4100
4100
4100
4100
4100
2100
1F00
0000
0000
0000
0000
0000
ENDCHAR
STARTCHAR uni1EEE
ENCODING 7918
SWIDTH 500 0
DWIDTH 11 0
BBX 11 22 0 -5
BITMAP
3100
4900
4600
0000
0040
4140
4180
4100
4100
4100
4100
4100
4100
4100
4100
2200
1C00
0000
0000
0000
0000
0000
ENDCHAR
STARTCHAR uni1EEF
ENCODING 7919
SWIDTH 500 0
DWIDTH 11 0
BBX 11 22 0 -5
BITMAP
0000
0000
3100
4900
4600
0000
0040
4140
4180
4100
4100
4100
4100
4100
4100
2100
1F00
0000
0000
0000
0000
0000
ENDCHAR
STARTCHAR uni1EF0
ENCODING 7920
SWIDTH 500 0
DWIDTH 11 0
BBX 11 22 0 -5
BITMAP
0000
0000
0040
4140
4180
4100
4100
4100
4100
4100
4100
4100
4100
4100
4100
2200
1C00
0000
0800
0800
0800
0000
ENDCHAR
STARTCHAR uni1EF1
ENCODING 7921
SWIDTH 500 0
DWIDTH 11 0
BBX 11 22 0 -5
BITMAP
0000
0000
0000
0000
0000
0000
0040
4140
4180
4100
4100
4100
4100
4100
4100
2100
1F00
0000
0800
0800
0800
0000
ENDCHAR
STARTCHAR uni1EF2
ENCODING 7922
SWIDTH 500 0
DWIDTH 11 0
BBX 11 22 0 -5
BITMAP
0800
0400
0200
0000
4040
4040
2080
2080
1100
1100
0A00
0400
0400
0400
0400
0400
0400
0000
0000
0000
0000
0000
ENDCHAR
STARTCHAR uni1EF3
ENCODING 7923
SWIDTH 500 0
DWIDTH 11 0
BBX 11 22 0 -5
BITMAP
0000
0000
0000
1000
0800
0400
0000
4080
4080
4080
4080
4080
4080
4080
4080
2080
1F80
0080
0080
0100
3E00
0000
ENDCHAR
STARTCHAR uni1EF4
ENCODING 7924
SWIDTH 500 0
DWIDTH 11 0
BBX 11 22 0 -5
BITMAP
0000
0000
0000
4040
4040
2080
2080
1100
1100
0A00
0A00
0400
0400
0400
0400
0400
0400
0000
0400
0400
0400
0000
ENDCHAR
STARTCHAR uni1EF5
ENCODING 7925
SWIDTH 500 0
DWIDTH 11 0
BBX 11 22 0 -5
BITMAP
0000
0000
0000
0000
0000
0000
0000
4080
4080
4080
4080
4080
2080
1F80
0080
0080
0100
3E00
0000
0800
0800
0800
ENDCHAR
STARTCHAR uni1EF6
ENCODING 7926
SWIDTH 500 0
DWIDTH 11 0
BBX 11 22 0 -5
BITMAP
0C00
1200
0200
0400
0000
4040
4040
2080
2080
1100
0A00
0400
0400
0400
0400
0400
0400
0000
0000
0000
0000
0000
ENDCHAR
STARTCHAR uni1EF7
ENCODING 7927
SWIDTH 500 0
DWIDTH 11 0
BBX 11 22 0 -5
BITMAP
0000
0000
1800
2400
0400
0800
0000
4080
4080
4080
4080
4080
4080
4080
4080
2080
1F80
0080
0080
0100
3E00
0000
ENDCHAR
STARTCHAR uni1EFA
ENCODING 7930
SWIDTH 500 0
DWIDTH 11 0
BBX 11 22 0 -5
BITMAP
0000
0000
0000
8400
8400
8400
8400
8400
8400
8400
8400
8400
8400
8400
8400
8400
F7C0
0000
0000
0000
0000
0000
ENDCHAR
STARTCHAR uni1EFB
ENCODING 7931
SWIDTH 500 0
DWIDTH 11 0
BBX 11 22 0 -5
BITMAP
0000
0000
0000
CC00
4400
FFC0
4400
4400
4400
4400
4400
4400
4400
4400
4400
4400
6780
0000
0000
0000
0000
0000
ENDCHAR
STARTCHAR uni1EFC
ENCODING 7932
SWIDTH 500 0
DWIDTH 11 0
BBX 11 22 0 -5
BITMAP
0000
0000
0000
1800
2000
4000
4000
4000
7E00
4100
4080
4080
4080
4080
4080
2100
1E00
0000
0000
0000
0000
0000
ENDCHAR
STARTCHAR uni1EFD
ENCODING 7933
SWIDTH 500 0
DWIDTH 11 0
BBX 11 22 0 -5
BITMAP
0000
0000
0000
0000
0000
0000
0000
1800
2000
4000
4000
7E00
4100
4080
4080
2100
1E00
0000
0000
0000
0000
0000
ENDCHAR
STARTCHAR uni1EFE
ENCODING 7934
SWIDTH 500 0
DWIDTH 11 0
BBX 11 22 0 -5
BITMAP
0000
0180
0240
4240
4040
2080
2080
1100
1100
0A00
0A00
0400
0400
0400
0400
0400
0400
0000
0000
0000
0000
0000
ENDCHAR
STARTCHAR uni1EFF
ENCODING 7935
SWIDTH 500 0
DWIDTH 11 0
BBX 11 22 0 -5
BITMAP
0000
0000
0000
0000
0000
0300
0480
4480
4080
4080
4080
4080
4080
4080
4080
2080
1F80
0080
0080
0100
3E00
0000
ENDCHAR
STARTCHAR uni2049
ENCODING 8265
SWIDTH 500 0
DWIDTH 11 0
BBX 11 22 0 -5
BITMAP
0000
0000
0000
0000
0000
0000
4700
4480
4840
4040
4180
4200
4200
0200
0000
4200
0000
0000
0000
0000
0000
0000
ENDCHAR
STARTCHAR uni20BF
ENCODING 8383
SWIDTH 500 0
DWIDTH 11 0
BBX 11 22 0 -5
BITMAP
0000
0000
2800
2800
7F00
4080
4080
4080
4080
7F00
4080
4080
4080
4080
4080
7F00
2800
2800
0000
0000
0000
0000
ENDCHAR
STARTCHAR uni2139
ENCODING 8505
SWIDTH 500 0
DWIDTH 11 0
BBX 11 22 0 -5
BITMAP
0000
0000
0000
0200
0000
0000
0000
1E00
0400
0400
0400
0800
0800
0800
0800
0800
3F00
0000
0000
0000
0000
0000
ENDCHAR
STARTCHAR uni2196
ENCODING 8598
SWIDTH 500 0
DWIDTH 11 0
BBX 11 22 0 -5
BITMAP
0000
0000
0000
0000
0000
F800
C000
A000
9000
8800
0400
0200
0100
0080
0040
0000
0000
0000
0000
0000
0000
0000
ENDCHAR
STARTCHAR uni2197
ENCODING 8599
SWIDTH 500 0
DWIDTH 11 0
BBX 11 22 0 -5
BITMAP
0000
0000
0000
0000
0000
07C0
00C0
0140
0240
0440
0800
1000
2000
4000
8000
0000
0000
0000
0000
0000
0000
0000
ENDCHAR
STARTCHAR uni2198
ENCODING 8600
SWIDTH 500 0
DWIDTH 11 0
BBX 11 22 0 -5
BITMAP
0000
0000
0000
0000
0000
8000
4000
2000
1000
0800
0440
0240
0140
00C0
07C0
0000
0000
0000
0000
0000
0000
0000
ENDCHAR
STARTCHAR uni2199
ENCODING 8601
SWIDTH 500 0
DWIDTH 11 0
BBX 11 22 0 -5
BITMAP
0000
0000
0000
0000
0000
0040
0080
0100
0200
0400
8800
9000
A000
C000
F800
0000
0000
0000
0000
0000
0000
0000
ENDCHAR
STARTCHAR uni219A
ENCODING 8602
SWIDTH 500 0
DWIDTH 11 0
BBX 11 22 0 -5
BITMAP
0000
0000
0000
0000
0000
0100
0100
1100
2200
4200
FFC0
4200
2200
1400
0400
0400
0000
0000
0000
0000
0000
0000
ENDCHAR
STARTCHAR uni219B
ENCODING 8603
SWIDTH 500 0
DWIDTH 11 0
BBX 11 22 0 -5
BITMAP
0000
0000
0000
0000
0000
0800
0800
0A00
1100
1080
FFC0
1080
1100
2200
2000
2000
0000
0000
0000
0000
0000
0000
ENDCHAR
STARTCHAR uni219C
ENCODING 8604
SWIDTH 500 0
DWIDTH 11 0
BBX 11 22 0 -5
BITMAP
0000
0000
0000
0000
0000
0000
0000
0000
1800
F400
A240
8240
8180
0000
0000
0000
0000
0000
0000
0000
0000
0000
ENDCHAR
STARTCHAR uni219D
ENCODING 8605
SWIDTH 500 0
DWIDTH 11 0
BBX 11 22 0 -5
BITMAP
0000
0000
0000
0000
0000
0000
0000
0000
6000
53C0
8940
0940
0640
0000
0000
0000
0000
0000
0000
0000
0000
0000
ENDCHAR
STARTCHAR uni219E
ENCODING 8606
SWIDTH 500 0
DWIDTH 11 0
BBX 11 22 0 -5
BITMAP
0000
0000
0000
0000
0000
0000
0000
0000
2400
4800
FFC0
4800
2400
0000
0000
0000
0000
0000
0000
0000
0000
0000
ENDCHAR
STARTCHAR uni219F
ENCODING 8607
SWIDTH 500 0
DWIDTH 11 0
BBX 11 22 0 -5
BITMAP
0000
0000
0000
0400
0E00
1500
2480
0400
0E00
1500
2480
0400
0400
0400
0400
0400
0400
0000
0000
0000
0000
0000
ENDCHAR
STARTCHAR uni21A0
ENCODING 8608
SWIDTH 500 0
DWIDTH 11 0
BBX 11 22 0 -5
BITMAP
0000
0000
0000
0000
0000
0000
0000
0000
0900
0480
FFC0
0480
0900
0000
0000
0000
0000
0000
0000
0000
0000
0000
ENDCHAR
STARTCHAR uni21A1
ENCODING 8609
SWIDTH 500 0
DWIDTH 11 0
BBX 11 22 0 -5
BITMAP
0000
0000
0000
0400
0400
0400
0400
0400
0400
2480
1500
0E00
0400
2480
1500
0E00
0400
0000
0000
0000
0000
0000
ENDCHAR
STARTCHAR uni21A2
ENCODING 8610
SWIDTH 500 0
DWIDTH 11 0
BBX 11 22 0 -5
BITMAP
0000
0000
0000
0000
0000
0000
0000
0000
2040
4080
FFC0
4080
2040
0000
0000
0000
0000
0000
0000
0000
0000
0000
ENDCHAR
STARTCHAR uni21A3
ENCODING 8611
SWIDTH 500 0
DWIDTH 11 0
BBX 11 22 0 -5
BITMAP
0000
0000
0000
0000
0000
0000
0000
0000
8100
4080
FFC0
4080
8100
0000
0000
0000
0000
0000
0000
0000
0000
0000
ENDCHAR
STARTCHAR uni21A5
ENCODING 8613
SWIDTH 500 0
DWIDTH 11 0
BBX 11 22 0 -5
BITMAP
0000
0000
0000
0400
0E00
1500
2480
0400
0400
0400
0400
0400
0400
0400
0400
0400
3F80
0000
0000
0000
0000
0000
ENDCHAR
STARTCHAR uni21A7
ENCODING 8615
SWIDTH 500 0
DWIDTH 11 0
BBX 11 22 0 -5
BITMAP
0000
0000
0000
3F80
0400
0400
0400
0400
0400
0400
0400
0400
0400
2480
1500
0E00
0400
0000
0000
0000
0000
0000
ENDCHAR
STARTCHAR uni21A9
ENCODING 8617
SWIDTH 500 0
DWIDTH 11 0
BBX 11 22 0 -5
BITMAP
0000
0000
0000
0000
0000
0380
0040
0040
0040
0040
1040
2040
4040
FF80
6000
1000
0000
0000
0000
0000
0000
0000
ENDCHAR
STARTCHAR uni21AA
ENCODING 8618
SWIDTH 500 0
DWIDTH 11 0
BBX 11 22 0 -5
BITMAP
0000
0000
0000
0000
0000
3800
4000
4000
4000
4000
4100
4080
4040
3FE0
00C0
0100
0000
0000
0000
0000
0000
0000
ENDCHAR
STARTCHAR uni21AB
ENCODING 8619
SWIDTH 500 0
DWIDTH 11 0
BBX 11 22 0 -5
BITMAP
0000
0000
0000
0000
0000
0000
0040
00A0
00A0
20A0
40C0
FF80
4080
2080
0000
0000
0000
0000
0000
0000
0000
0000
ENDCHAR
STARTCHAR uni21AC
ENCODING 8620
SWIDTH 500 0
DWIDTH 11 0
BBX 11 22 0 -5
BITMAP
0000
0000
0000
0000
0000
0000
4000
A000
A000
A080
6040
3FE0
2040
2080
0000
0000
0000
0000
0000
0000
0000
0000
ENDCHAR
STARTCHAR uni21AD
ENCODING 8621
SWIDTH 500 0
DWIDTH 11 0
BBX 11 22 0 -5
BITMAP
0000
0000
0000
0000
0000
0000
0000
0000
3100
5880
E5C0
4580
2300
0000
0000
0000
0000
0000
0000
0000
0000
0000
ENDCHAR
STARTCHAR uni21AE
ENCODING 8622
SWIDTH 500 0
DWIDTH 11 0
BBX 11 22 0 -5
BITMAP
0000
0000
0000
0000
0000
0400
0400
1500
2880
4840
FFE0
4840
2880
1100
1000
1000
0000
0000
0000
0000
0000
0000
ENDCHAR
STARTCHAR uni21AF
ENCODING 8623
SWIDTH 500 0
DWIDTH 11 0
BBX 11 22 0 -5
BITMAP
0000
0000
0000
0040
0180
0600
1800
6000
1E00
0180
0080
0100
0100
0200
1300
0E00
0400
0000
0000
0000
0000
0000
ENDCHAR
STARTCHAR uni21B0
ENCODING 8624
SWIDTH 500 0
DWIDTH 11 0
BBX 11 22 0 -5
BITMAP
0000
0000
0000
1000
2000
4000
FFC0
4040
2040
1040
0040
0040
0040
0040
0040
0040
0040
0000
0000
0000
0000
0000
ENDCHAR
STARTCHAR uni21B1
ENCODING 8625
SWIDTH 500 0
DWIDTH 11 0
BBX 11 22 0 -5
BITMAP
0000
0000
0000
0200
0100
0080
FFC0
8080
8100
8200
8000
8000
8000
8000
8000
8000
8000
0000
0000
0000
0000
0000
ENDCHAR
STARTCHAR uni21B4
ENCODING 8628
SWIDTH 500 0
DWIDTH 11 0
BBX 11 22 0 -5
BITMAP
0000
0000
0000
FF00
0100
0100
0100
0100
0100
0100
0100
0100
0100
0100
0540
0380
0100
0000
0000
0000
0000
0000
ENDCHAR
STARTCHAR uni21B6
ENCODING 8630
SWIDTH 500 0
DWIDTH 11 0
BBX 11 22 0 -5
BITMAP
0000
0000
0000
0000
0000
0000
0000
1F00
6080
8040
8040
E040
4000
0000
0000
0000
0000
0000
0000
0000
0000
0000
ENDCHAR
STARTCHAR uni21B7
ENCODING 8631
SWIDTH 500 0
DWIDTH 11 0
BBX 11 22 0 -5
BITMAP
0000
0000
0000
0000
0000
0000
0000
1F00
6080
8040
8040
81C0
0080
0000
0000
0000
0000
0000
0000
0000
0000
0000
ENDCHAR
STARTCHAR uni21B8
ENCODING 8632
SWIDTH 500 0
DWIDTH 11 0
BBX 11 22 0 -5
BITMAP
0000
0000
0000
0000
0000
0000
FFE0
0000
E000
C000
A000
1000
0800
0400
0200
0100
0080
0040
0000
0000
0000
0000
ENDCHAR
STARTCHAR uni21B9
ENCODING 8633
SWIDTH 500 0
DWIDTH 11 0
BBX 11 22 0 -5
BITMAP
0000
0000
8000
8400
8800
9000
BFC0
9000
8800
8400
8040
0840
0440
0240
FF40
0240
0440
0840
0040
0000
0000
0000
ENDCHAR
STARTCHAR uni21BA
ENCODING 8634
SWIDTH 500 0
DWIDTH 11 0
BBX 11 22 0 -5
BITMAP
0000
0000
0000
0000
0000
03C0
0300
2280
4240
4040
4040
4040
4040
2080
1F00
0000
0000
0000
0000
0000
0000
0000
ENDCHAR
STARTCHAR uni21BC
ENCODING 8636
SWIDTH 500 0
DWIDTH 11 0
BBX 11 22 0 -5
BITMAP
0000
0000
0000
0000
0000
0000
0000
1000
2000
4000
FFC0
0000
0000
0000
0000
0000
0000
0000
0000
0000
0000
0000
ENDCHAR
STARTCHAR uni21BD
ENCODING 8637
SWIDTH 500 0
DWIDTH 11 0
BBX 11 22 0 -5
BITMAP
0000
0000
0000
0000
0000
0000
0000
0000
0000
0000
FFC0
4000
2000
1000
0000
0000
0000
0000
0000
0000
0000
0000
ENDCHAR
STARTCHAR uni21BE
ENCODING 8638
SWIDTH 500 0
DWIDTH 11 0
BBX 11 22 0 -5
BITMAP
0000
0000
0000
0400
0600
0500
0480
0400
0400
0400
0400
0400
0400
0400
0400
0400
0400
0000
0000
0000
0000
0000
ENDCHAR
STARTCHAR uni21BF
ENCODING 8639
SWIDTH 500 0
DWIDTH 11 0
BBX 11 22 0 -5
BITMAP
0000
0000
0000
0400
0C00
1400
2400
0400
0400
0400
0400
0400
0400
0400
0400
0400
0400
0000
0000
0000
0000
0000
ENDCHAR
STARTCHAR uni21C0
ENCODING 8640
SWIDTH 500 0
DWIDTH 11 0
BBX 11 22 0 -5
BITMAP
0000
0000
0000
0000
0000
0000
0000
0200
0100
0080
FFC0
0000
0000
0000
0000
0000
0000
0000
0000
0000
0000
0000
ENDCHAR
STARTCHAR uni21C1
ENCODING 8641
SWIDTH 500 0
DWIDTH 11 0
BBX 11 22 0 -5
BITMAP
0000
0000
0000
0000
0000
0000
0000
0000
0000
0000
FFC0
0080
0100
0200
0000
0000
0000
0000
0000
0000
0000
0000
ENDCHAR
STARTCHAR uni21C2
ENCODING 8642
SWIDTH 500 0
DWIDTH 11 0
BBX 11 22 0 -5
BITMAP
0000
0000
0000
0400
0400
0400
0400
0400
0400
0400
0400
0400
0400
0480
0500
0600
0400
0000
0000
0000
0000
0000
ENDCHAR
STARTCHAR uni21C3
ENCODING 8643
SWIDTH 500 0
DWIDTH 11 0
BBX 11 22 0 -5
BITMAP
0000
0000
0000
0400
0400
0400
0400
0400
0400
0400
0400
0400
0400
2400
1400
0C00
0400
0000
0000
0000
0000
0000
ENDCHAR
STARTCHAR uni21C4
ENCODING 8644
SWIDTH 500 0
DWIDTH 11 0
BBX 11 22 0 -5
BITMAP
0000
0000
0000
0200
0100
0080
FFC0
0080
0100
0200
0000
1000
2000
4000
FFC0
4000
2000
1000
0000
0000
0000
0000
ENDCHAR
STARTCHAR uni21C5
ENCODING 8645
SWIDTH 500 0
DWIDTH 11 0
BBX 11 22 0 -5
BITMAP
0000
0000
0000
2080
7080
A880
2080
2080
2080
2080
2080
2080
2080
2080
22A0
21C0
2080
0000
0000
0000
0000
0000
ENDCHAR
STARTCHAR uni21C6
ENCODING 8646
SWIDTH 500 0
DWIDTH 11 0
BBX 11 22 0 -5
BITMAP
0000
0000
0000
1000
2000
4000
FFC0
4000
2000
1000
0000
0200
0100
0080
FFC0
0080
0100
0200
0000
0000
0000
0000
ENDCHAR
STARTCHAR uni21C7
ENCODING 8647
SWIDTH 500 0
DWIDTH 11 0
BBX 11 22 0 -5
BITMAP
0000
0000
0000
1000
2000
4000
FFC0
4000
2000
1000
0000
1000
2000
4000
FFC0
4000
2000
1000
0000
0000
0000
0000
ENDCHAR
STARTCHAR uni21C8
ENCODING 8648
SWIDTH 500 0
DWIDTH 11 0
BBX 11 22 0 -5
BITMAP
0000
0000
0000
2080
71C0
AAA0
2080
2080
2080
2080
2080
2080
2080
2080
2080
2080
2080
0000
0000
0000
0000
0000
ENDCHAR
STARTCHAR uni21C9
ENCODING 8649
SWIDTH 500 0
DWIDTH 11 0
BBX 11 22 0 -5
BITMAP
0000
0000
0000
0200
0100
0080
FFC0
0080
0100
0200
0000
0200
0100
0080
FFC0
0080
0100
0200
0000
0000
0000
0000
ENDCHAR
STARTCHAR uni21CA
ENCODING 8650
SWIDTH 500 0
DWIDTH 11 0
BBX 11 22 0 -5
BITMAP
0000
0000
0000
2080
2080
2080
2080
2080
2080
2080
2080
2080
2080
2080
AAA0
71C0
2080
0000
0000
0000
0000
0000
ENDCHAR
STARTCHAR uni21CD
ENCODING 8653
SWIDTH 500 0
DWIDTH 11 0
BBX 11 22 0 -5
BITMAP
0000
0000
0000
0000
0000
0100
0100
1100
2200
7FC0
C200
C200
7FC0
2400
1400
0400
0000
0000
0000
0000
0000
0000
ENDCHAR
STARTCHAR uni21CE
ENCODING 8654
SWIDTH 500 0
DWIDTH 11 0
BBX 11 22 0 -5
BITMAP
0000
0000
0000
0000
0000
0400
0400
1500
2880
7FC0
C860
C860
7FC0
3080
1100
1000
0000
0000
0000
0000
0000
0000
ENDCHAR
STARTCHAR uni21CF
ENCODING 8655
SWIDTH 500 0
DWIDTH 11 0
BBX 11 22 0 -5
BITMAP
0000
0000
0000
0000
0000
0800
0800
0A00
1100
FF80
10C0
10C0
FF80
2100
2200
2000
0000
0000
0000
0000
0000
0000
ENDCHAR
STARTCHAR uni21D6
ENCODING 8662
SWIDTH 500 0
DWIDTH 11 0
BBX 11 22 0 -5
BITMAP
0000
0000
0000
0000
0000
0000
E000
C000
A000
9000
4800
2400
1200
0900
0480
0240
0000
0000
0000
0000
0000
0000
ENDCHAR
STARTCHAR uni21D7
ENCODING 8663
SWIDTH 500 0
DWIDTH 11 0
BBX 11 22 0 -5
BITMAP
0000
0000
0000
0000
0000
0000
03C0
04C0
0940
1200
2400
4800
9000
2000
4000
8000
0000
0000
0000
0000
0000
0000
ENDCHAR
STARTCHAR uni21D8
ENCODING 8664
SWIDTH 500 0
DWIDTH 11 0
BBX 11 22 0 -5
BITMAP
0000
0000
0000
0000
0000
0000
9000
4800
2400
1200
0900
0480
0240
0140
00C0
01C0
0000
0000
0000
0000
0000
0000
ENDCHAR
STARTCHAR uni21D9
ENCODING 8665
SWIDTH 500 0
DWIDTH 11 0
BBX 11 22 0 -5
BITMAP
0000
0000
0000
0000
0000
0000
0040
0080
0100
0240
0480
0900
1200
A400
C800
F000
0000
0000
0000
0000
0000
0000
ENDCHAR
STARTCHAR uni21DA
ENCODING 8666
SWIDTH 500 0
DWIDTH 11 0
BBX 11 22 0 -5
BITMAP
0000
0000
0000
0000
0000
0000
0000
1000
3FC0
4000
9FC0
4000
3FC0
1000
0000
0000
0000
0000
0000
0000
0000
0000
ENDCHAR
STARTCHAR uni21DB
ENCODING 8667
SWIDTH 500 0
DWIDTH 11 0
BBX 11 22 0 -5
BITMAP
0000
0000
0000
0000
0000
0000
0000
0200
FF00
0080
FE40
0080
FF00
0200
0000
0000
0000
0000
0000
0000
0000
0000
ENDCHAR
STARTCHAR uni21DC
ENCODING 8668
SWIDTH 500 0
DWIDTH 11 0
BBX 11 22 0 -5
BITMAP
0000
0000
0000
0000
0000
0000
0000
0000
2240
5340
9540
4C80
2880
0000
0000
0000
0000
0000
0000
0000
0000
0000
ENDCHAR
STARTCHAR uni21DD
ENCODING 8669
SWIDTH 500 0
DWIDTH 11 0
BBX 11 22 0 -5
BITMAP
0000
0000
0000
0000
0000
0000
0000
0000
8900
4D80
5540
3280
2300
0000
0000
0000
0000
0000
0000
0000
0000
0000
ENDCHAR
STARTCHAR uni21DE
ENCODING 8670
SWIDTH 500 0
DWIDTH 11 0
BBX 11 22 0 -5
BITMAP
0000
0000
0000
0400
0E00
1500
2480
0400
0400
0400
0400
1F00
0400
1F00
0400
0400
0400
0000
0000
0000
0000
0000
ENDCHAR
STARTCHAR uni21DF
ENCODING 8671
SWIDTH 500 0
DWIDTH 11 0
BBX 11 22 0 -5
BITMAP
0000
0000
0000
0400
0400
0400
1F00
0400
1F00
0400
0400
0400
0400
2480
1500
0E00
0400
0000
0000
0000
0000
0000
ENDCHAR
STARTCHAR uni21E0
ENCODING 8672
SWIDTH 500 0
DWIDTH 11 0
BBX 11 22 0 -5
BITMAP
0000
0000
0000
0000
0000
0000
0000
0000
2000
4000
CCC0
4000
2000
0000
0000
0000
0000
0000
0000
0000
0000
0000
ENDCHAR
STARTCHAR uni21E1
ENCODING 8673
SWIDTH 500 0
DWIDTH 11 0
BBX 11 22 0 -5
BITMAP
0000
0000
0000
0400
0E00
1100
2480
0400
0000
0400
0400
0000
0400
0400
0000
0400
0400
0000
0000
0000
0000
0000
ENDCHAR
STARTCHAR uni21E2
ENCODING 8674
SWIDTH 500 0
DWIDTH 11 0
BBX 11 22 0 -5
BITMAP
0000
0000
0000
0000
0000
0000
0000
0000
0100
0080
CCC0
0080
0100
0000
0000
0000
0000
0000
0000
0000
0000
0000
ENDCHAR
STARTCHAR uni21E3
ENCODING 8675
SWIDTH 500 0
DWIDTH 11 0
BBX 11 22 0 -5
BITMAP
0000
0000
0000
0400
0400
0000
0400
0400
0000
0400
0400
0000
0400
2480
1100
0E00
0400
0000
0000
0000
0000
0000
ENDCHAR
STARTCHAR uni21E4
ENCODING 8676
SWIDTH 500 0
DWIDTH 11 0
BBX 11 22 0 -5
BITMAP
0000
0000
0000
0000
0000
0000
8100
8200
8400
8800
9FE0
8800
8400
8200
8100
0000
0000
0000
0000
0000
0000
0000
ENDCHAR
STARTCHAR uni21E5
ENCODING 8677
SWIDTH 500 0
DWIDTH 11 0
BBX 11 22 0 -5
BITMAP
0000
0000
0000
0000
0000
0000
1020
0820
0420
0220
FF20
0220
0420
0820
1020
0000
0000
0000
0000
0000
0000
0000
ENDCHAR
STARTCHAR uni21E6
ENCODING 8678
SWIDTH 500 0
DWIDTH 11 0
BBX 11 22 0 -5
BITMAP
0000
0000
0000
0000
0000
0000
0000
1000
3000
5FC0
8040
5FC0
3000
1000
0000
0000
0000
0000
0000
0000
0000
0000
ENDCHAR
STARTCHAR uni21E7
ENCODING 8679
SWIDTH 500 0
DWIDTH 11 0
BBX 11 22 0 -5
BITMAP
0000
0000
0000
0400
0A00
1100
1100
2080
71C0
0A00
0A00
0A00
0A00
0A00
0A00
0A00
0E00
0000
0000
0000
0000
0000
ENDCHAR
STARTCHAR uni21E8
ENCODING 8680
SWIDTH 500 0
DWIDTH 11 0
BBX 11 22 0 -5
BITMAP
0000
0000
0000
0000
0000
0000
0000
0200
0300
FE80
8040
FE80
0300
0200
0000
0000
0000
0000
0000
0000
0000
0000
ENDCHAR
STARTCHAR uni21E9
ENCODING 8681
SWIDTH 500 0
DWIDTH 11 0
BBX 11 22 0 -5
BITMAP
0000
0000
0000
0E00
0A00
0A00
0A00
0A00
0A00
0A00
0A00
71C0
2080
1100
1100
0A00
0400
0000
0000
0000
0000
0000
ENDCHAR
STARTCHAR uni21EA
ENCODING 8682
SWIDTH 500 0
DWIDTH 11 0
BBX 11 22 0 -5
BITMAP
0000
0000
0000
0400
0A00
1100
2080
7BC0
0A00
0A00
0A00
0A00
0A00
0A00
0E00
0000
0000
1F00
0000
0000
0000
0000
ENDCHAR
STARTCHAR uni21EB
ENCODING 8683
SWIDTH 500 0
DWIDTH 11 0
BBX 11 22 0 -5
BITMAP
0000
0000
0000
0400
0A00
1100
2080
7BC0
0A00
0A00
0A00
0A00
0A00
0A00
0A00
0A00
1B00
1F00
0000
0000
0000
0000
ENDCHAR
STARTCHAR uni21EC
ENCODING 8684
SWIDTH 500 0
DWIDTH 11 0
BBX 11 22 0 -5
BITMAP
0000
0000
0000
0400
0A00
1100
2080
7BC0
0A00
0A00
0A00
0A00
0A00
7FC0
0A00
0A00
1B00
1F00
0000
0000
0000
0000
ENDCHAR
STARTCHAR uni21ED
ENCODING 8685
SWIDTH 500 0
DWIDTH 11 0
BBX 11 22 0 -5
BITMAP
0000
0000
0000
0400
0A00
1100
2080
75C0
1500
1500
1500
1500
1500
1500
1500
1500
3580
3F80
0000
0000
0000
0000
ENDCHAR
STARTCHAR uni21EE
ENCODING 8686
SWIDTH 500 0
DWIDTH 11 0
BBX 11 22 0 -5
BITMAP
0000
0400
1A00
2580
5A40
2180
7BC0
0A00
0A00
0A00
0A00
0A00
0A00
0A00
0A00
0A00
0A00
0E00
0000
0000
0000
0000
ENDCHAR
STARTCHAR uni21EF
ENCODING 8687
SWIDTH 500 0
DWIDTH 11 0
BBX 11 22 0 -5
BITMAP
0000
0400
1A00
2580
5A40
2180
7BC0
0A00
0A00
0A00
0A00
0A00
0A00
0A00
0A00
0A00
1B00
1F00
0000
0000
0000
0000
ENDCHAR
STARTCHAR uni21F0
ENCODING 8688
SWIDTH 500 0
DWIDTH 11 0
BBX 11 22 0 -5
BITMAP
0000
0000
0000
0000
0000
0000
0000
8100
8180
BF40
A020
BF40
8180
8100
0000
0000
0000
0000
0000
0000
0000
0000
ENDCHAR
STARTCHAR uni21F1
ENCODING 8689
SWIDTH 500 0
DWIDTH 11 0
BBX 11 22 0 -5
BITMAP
0000
0000
0000
0000
0000
0000
F800
8000
B800
B000
A800
0400
0200
0100
0080
0040
0000
0000
0000
0000
0000
0000
ENDCHAR
STARTCHAR uni21F2
ENCODING 8690
SWIDTH 500 0
DWIDTH 11 0
BBX 11 22 0 -5
BITMAP
0000
0000
0000
0000
0000
0000
4000
2000
1000
0800
0400
02A0
01A0
03A0
0020
03E0
0000
0000
0000
0000
0000
0000
ENDCHAR
STARTCHAR uni21F3
ENCODING 8691
SWIDTH 500 0
DWIDTH 11 0
BBX 11 22 0 -5
BITMAP
0000
0000
0000
0800
3600
4180
F7C0
1400
1400
1400
1400
1400
1400
F7C0
6180
1600
0800
0000
0000
0000
0000
0000
ENDCHAR
STARTCHAR uni21F4
ENCODING 8692
SWIDTH 500 0
DWIDTH 11 0
BBX 11 22 0 -5
BITMAP
0000
0000
0000
0000
0000
0000
0000
0800
1500
2280
FFC0
2280
1500
0800
0000
0000
0000
0000
0000
0000
0000
0000
ENDCHAR
STARTCHAR uni21F5
ENCODING 8693
SWIDTH 500 0
DWIDTH 11 0
BBX 11 22 0 -5
BITMAP
0000
0000
0000
2080
21C0
22A0
2080
2080
2080
2080
2080
2080
2080
2080
A880
7080
2080
0000
0000
0000
0000
0000
ENDCHAR
STARTCHAR uni21F6
ENCODING 8694
SWIDTH 500 0
DWIDTH 11 0
BBX 11 22 0 -5
BITMAP
0000
0000
0100
0080
FFC0
0080
0100
0000
0100
0080
FFC0
0080
0100
0000
0100
0080
FFC0
0080
0100
0000
0000
0000
ENDCHAR
STARTCHAR uni21F7
ENCODING 8695
SWIDTH 500 0
DWIDTH 11 0
BBX 11 22 0 -5
BITMAP
0000
0000
0000
0000
0000
0000
0000
0800
2800
4800
FFC0
4800
2800
0800
0000
0000
0000
0000
0000
0000
0000
0000
ENDCHAR
STARTCHAR uni21F8
ENCODING 8696
SWIDTH 500 0
DWIDTH 11 0
BBX 11 22 0 -5
BITMAP
0000
0000
0000
0000
0000
0000
0000
0800
0900
0880
FFC0
0880
0900
0800
0000
0000
0000
0000
0000
0000
0000
0000
ENDCHAR
STARTCHAR uni21F9
ENCODING 8697
SWIDTH 500 0
DWIDTH 11 0
BBX 11 22 0 -5
BITMAP
0000
0000
0000
0000
0000
0000
0000
0800
2900
4880
FFC0
4880
2900
0800
0000
0000
0000
0000
0000
0000
0000
0000
ENDCHAR
STARTCHAR uni21FA
ENCODING 8698
SWIDTH 500 0
DWIDTH 11 0
BBX 11 22 0 -5
BITMAP
0000
0000
0000
0000
0000
0000
0000
1400
3400
5400
FFC0
5400
3400
1400
0000
0000
0000
0000
0000
0000
0000
0000
ENDCHAR
STARTCHAR uni21FB
ENCODING 8699
SWIDTH 500 0
DWIDTH 11 0
BBX 11 22 0 -5
BITMAP
0000
0000
0000
0000
0000
0000
0000
1400
1500
1480
FFC0
1480
1500
1400
0000
0000
0000
0000
0000
0000
0000
0000
ENDCHAR
STARTCHAR uni21FC
ENCODING 8700
SWIDTH 500 0
DWIDTH 11 0
BBX 11 22 0 -5
BITMAP
0000
0000
0000
0000
0000
0000
0000
1400
3500
5480
FFC0
5480
3500
1400
0000
0000
0000
0000
0000
0000
0000
0000
ENDCHAR
STARTCHAR uni21FD
ENCODING 8701
SWIDTH 500 0
DWIDTH 11 0
BBX 11 22 0 -5
BITMAP
0000
0000
0000
0000
0000
0000
0000
0000
2000
6000
BFC0
6000
2000
0000
0000
0000
0000
0000
0000
0000
0000
0000
ENDCHAR
STARTCHAR uni21FE
ENCODING 8702
SWIDTH 500 0
DWIDTH 11 0
BBX 11 22 0 -5
BITMAP
0000
0000
0000
0000
0000
0000
0000
0000
0100
0180
FF40
0180
0100
0000
0000
0000
0000
0000
0000
0000
0000
0000
ENDCHAR
STARTCHAR uni21FF
ENCODING 8703
SWIDTH 500 0
DWIDTH 11 0
BBX 11 22 0 -5
BITMAP
0000
0000
0000
0000
0000
0000
0000
0000
2100
6180
BF40
6180
2100
0000
0000
0000
0000
0000
0000
0000
0000
0000
ENDCHAR
STARTCHAR uni2201
ENCODING 8705
SWIDTH 500 0
DWIDTH 11 0
BBX 11 22 0 -5
BITMAP
0000
0000
0F80
1000
1000
2000
2000
2000
2000
2000
2000
2000
2000
2000
1000
1000
0800
0F80
0000
0000
0000
0000
ENDCHAR
STARTCHAR uni2202
ENCODING 8706
SWIDTH 500 0
DWIDTH 11 0
BBX 11 22 0 -5
BITMAP
0000
0000
0000
1F00
0080
0040
0040
0040
1FC0
2040
4040
4040
4080
4080
4100
2600
1800
0000
0000
0000
0000
0000
ENDCHAR
STARTCHAR uni220E
ENCODING 8718
SWIDTH 500 0
DWIDTH 11 0
BBX 11 22 0 -5
BITMAP
0000
0000
0000
0000
0000
0000
0000
0000
0000
0000
0000
3F00
3F00
3F00
3F00
3F00
3F00
0000
0000
0000
0000
0000
ENDCHAR
STARTCHAR uni220F
ENCODING 8719
SWIDTH 500 0
DWIDTH 11 0
BBX 11 22 0 -5
BITMAP
0000
0000
0000
FFC0
4080
4080
4080
4080
4080
4080
4080
4080
4080
4080
4080
4080
E1C0
0000
0000
0000
0000
0000
ENDCHAR
STARTCHAR uni2210
ENCODING 8720
SWIDTH 500 0
DWIDTH 11 0
BBX 11 22 0 -5
BITMAP
0000
0000
0000
C0C0
4080
4080
4080
4080
4080
4080
4080
4080
4080
4080
4080
4080
FFC0
0000
0000
0000
0000
0000
ENDCHAR
STARTCHAR uni2211
ENCODING 8721
SWIDTH 500 0
DWIDTH 11 0
BBX 11 22 0 -5
BITMAP
0000
0000
0000
FFC0
4040
2000
1000
1000
0800
0400
0800
0800
1000
2000
4000
4040
FFC0
0000
0000
0000
0000
0000
ENDCHAR
STARTCHAR uni2217
ENCODING 8727
SWIDTH 500 0
DWIDTH 11 0
BBX 11 22 0 -5
BITMAP
0000
0000
0000
0000
0000
0000
0000
0000
1100
0A00
0A00
3F80
0A00
0A00
1100
0000
0000
0000
0000
0000
0000
0000
ENDCHAR
STARTCHAR uni2218
ENCODING 8728
SWIDTH 500 0
DWIDTH 11 0
BBX 11 22 0 -5
BITMAP
0000
0000
0000
0000
0000
0000
0000
0000
0000
0C00
1200
1200
0C00
0000
0000
0000
0000
0000
0000
0000
0000
0000
ENDCHAR
STARTCHAR uni221B
ENCODING 8731
SWIDTH 500 0
DWIDTH 11 0
BBX 11 22 0 -5
BITMAP
0000
01C0
E100
2100
6100
2100
E100
0100
0100
4100
4100
4100
2100
1100
0900
0500
0300
0000
0000
0000
0000
0000
ENDCHAR
STARTCHAR uni221C
ENCODING 8732
SWIDTH 500 0
DWIDTH 11 0
BBX 11 22 0 -5
BITMAP
0000
01C0
A100
A100
E100
2100
2100
0100
0100
4100
4100
4100
2100
1100
0900
0500
0300
0000
0000
0000
0000
0000
ENDCHAR
STARTCHAR uni221D
ENCODING 8733
SWIDTH 500 0
DWIDTH 11 0
BBX 11 22 0 -5
BITMAP
0000
0000
0000
0000
0000
0000
0000
0000
60C0
9900
8600
8400
8A00
9900
60C0
0000
0000
0000
0000
0000
0000
0000
ENDCHAR
STARTCHAR uni2220
ENCODING 8736
SWIDTH 500 0
DWIDTH 11 0
BBX 11 22 0 -5
BITMAP
0000
0000
0000
0000
0000
0000
0000
0080
0100
0200
0400
0800
1000
2000
4000
FFC0
0000
0000
0000
0000
0000
0000
ENDCHAR
STARTCHAR uni2221
ENCODING 8737
SWIDTH 500 0
DWIDTH 11 0
BBX 11 22 0 -5
BITMAP
0000
0000
0000
0000
0000
0000
0000
0080
0100
0200
0400
1800
1800
2400
4400
FFC0
0000
0000
0000
0000
0000
0000
ENDCHAR
STARTCHAR uni2222
ENCODING 8738
SWIDTH 500 0
DWIDTH 11 0
BBX 11 22 0 -5
BITMAP
0000
0000
0000
0000
0100
0300
0480
0880
1080
2080
4080
2080
1080
0880
0500
0300
0100
0000
0000
0000
0000
0000
ENDCHAR
STARTCHAR uni2223
ENCODING 8739
SWIDTH 500 0
DWIDTH 11 0
BBX 11 22 0 -5
BITMAP
0000
0000
0000
0000
0800
0800
0800
0800
0800
0800
0800
0800
0800
0800
0800
0800
0800
0000
0000
0000
0000
0000
ENDCHAR
STARTCHAR uni2224
ENCODING 8740
SWIDTH 500 0
DWIDTH 11 0
BBX 11 22 0 -5
BITMAP
0000
0000
0000
0080
0880
0900
0900
0A00
0A00
0C00
0C00
0800
0800
1800
1800
2800
2800
4000
0000
0000
0000
0000
ENDCHAR
STARTCHAR uni2226
ENCODING 8742
SWIDTH 500 0
DWIDTH 11 0
BBX 11 22 0 -5
BITMAP
0000
0000
0000
1280
1280
1300
1300
1200
1200
1600
1600
1A00
1A00
1200
1200
3200
3200
4000
0000
0000
0000
0000
ENDCHAR
STARTCHAR uni222B
ENCODING 8747
SWIDTH 500 0
DWIDTH 11 0
BBX 11 22 0 -5
BITMAP
0000
0000
03C0
0440
0400
0400
0400
0400
0400
0400
0400
0400
0400
0400
0400
0400
4400
7800
0000
0000
0000
0000
ENDCHAR
STARTCHAR uni222C
ENCODING 8748
SWIDTH 500 0
DWIDTH 11 0
BBX 11 22 0 -5
BITMAP
0000
0000
0880
1100
1100
1100
1100
1100
1100
1100
1100
1100
1100
1100
1100
1100
1100
2200
0000
0000
0000
0000
ENDCHAR
STARTCHAR uni222D
ENCODING 8749
SWIDTH 500 0
DWIDTH 11 0
BBX 11 22 0 -5
BITMAP
0000
0000
1240
2480
2480
2480
2480
2480
2480
2480
2480
2480
2480
2480
2480
2480
2480
4900
0000
0000
0000
0000
ENDCHAR
STARTCHAR uni222E
ENCODING 8750
SWIDTH 500 0
DWIDTH 11 0
BBX 11 22 0 -5
BITMAP
0000
0000
03C0
0440
0400
1F00
2480
4440
4440
4440
4440
4440
2480
1F00
0400
0400
4400
7800
0000
0000
0000
0000
ENDCHAR
STARTCHAR uni222F
ENCODING 8751
SWIDTH 500 0
DWIDTH 11 0
BBX 11 22 0 -5
BITMAP
0000
0000
0880
1100
1100
1100
1100
1100
3F00
5180
9140
5180
3F00
1100
1100
1100
1100
2200
0000
0000
0000
0000
ENDCHAR
STARTCHAR uni2230
ENCODING 8752
SWIDTH 500 0
DWIDTH 11 0
BBX 11 22 0 -5
BITMAP
0000
0000
1240
2480
2480
2480
2480
2480
3F80
6480
A4C0
6480
3F80
2480
2480
2480
2480
4900
0000
0000
0000
0000
ENDCHAR
STARTCHAR uni2231
ENCODING 8753
SWIDTH 500 0
DWIDTH 11 0
BBX 11 22 0 -5
BITMAP
0000
0000
03C0
0440
0400
0400
0400
0400
3F00
4480
05C0
0480
0400
0400
0400
0400
4400
7800
0000
0000
0000
0000
ENDCHAR
STARTCHAR uni2232
ENCODING 8754
SWIDTH 500 0
DWIDTH 11 0
BBX 11 22 0 -5
BITMAP
0000
0000
03C0
0440
0400
0400
0400
0400
3E00
4540
84C0
4580
3E00
0400
0400
0400
4400
7800
0000
0000
0000
0000
ENDCHAR
STARTCHAR uni2233
ENCODING 8755
SWIDTH 500 0
DWIDTH 11 0
BBX 11 22 0 -5
BITMAP
0000
0000
03C0
0440
0400
0400
0400
0400
3E00
4580
84C0
4540
3E00
0400
0400
0400
4400
7800
0000
0000
0000
0000
ENDCHAR
STARTCHAR uni2234
ENCODING 8756
SWIDTH 500 0
DWIDTH 11 0
BBX 11 22 0 -5
BITMAP
0000
0000
0000
0000
0000
0000
0000
0C00
0C00
0000
0000
0000
0000
0000
C0C0
C0C0
0000
0000
0000
0000
0000
0000
ENDCHAR
STARTCHAR uni2235
ENCODING 8757
SWIDTH 500 0
DWIDTH 11 0
BBX 11 22 0 -5
BITMAP
0000
0000
0000
0000
0000
0000
0000
C0C0
C0C0
0000
0000
0000
0000
0000
0C00
0C00
0000
0000
0000
0000
0000
0000
ENDCHAR
STARTCHAR uni2236
ENCODING 8758
SWIDTH 500 0
DWIDTH 11 0
BBX 11 22 0 -5
BITMAP
0000
0000
0000
0000
0000
0000
0000
0000
0800
0000
0000
0000
0000
0800
0000
0000
0000
0000
0000
0000
0000
0000
ENDCHAR
STARTCHAR uni2237
ENCODING 8759
SWIDTH 500 0
DWIDTH 11 0
BBX 11 22 0 -5
BITMAP
0000
0000
0000
0000
0000
0000
0000
2080
0000
0000
0000
0000
0000
2080
0000
0000
0000
0000
0000
0000
0000
0000
ENDCHAR
STARTCHAR uni2238
ENCODING 8760
SWIDTH 500 0
DWIDTH 11 0
BBX 11 22 0 -5
BITMAP
0000
0000
0000
0000
0000
0000
0000
0000
0800
0000
7F80
0000
0000
0000
0000
0000
0000
0000
0000
0000
0000
0000
ENDCHAR
STARTCHAR uni2239
ENCODING 8761
SWIDTH 500 0
DWIDTH 11 0
BBX 11 22 0 -5
BITMAP
0000
0000
0000
0000
0000
0000
0000
0080
0000
0000
7E00
0000
0000
0080
0000
0000
0000
0000
0000
0000
0000
0000
ENDCHAR
STARTCHAR uni223A
ENCODING 8762
SWIDTH 500 0
DWIDTH 11 0
BBX 11 22 0 -5
BITMAP
0000
0000
0000
0000
0000
0000
0000
2100
0000
0000
7F80
0000
0000
2100
0000
0000
0000
0000
0000
0000
0000
0000
ENDCHAR
STARTCHAR uni223B
ENCODING 8763
SWIDTH 500 0
DWIDTH 11 0
BBX 11 22 0 -5
BITMAP
0000
0000
0000
0000
0000
0000
0000
0000
4000
0000
7000
8840
0780
0000
0080
0000
0000
0000
0000
0000
0000
0000
ENDCHAR
STARTCHAR uni223C
ENCODING 8764
SWIDTH 500 0
DWIDTH 11 0
BBX 11 22 0 -5
BITMAP
0000
0000
0000
0000
0000
0000
0000
0000
0000
0000
7000
8840
0780
0000
0000
0000
0000
0000
0000
0000
0000
0000
ENDCHAR
STARTCHAR uni223D
ENCODING 8765
SWIDTH 500 0
DWIDTH 11 0
BBX 11 22 0 -5
BITMAP
0000
0000
0000
0000
0000
0000
0000
0000
0000
0000
0780
8840
7000
0000
0000
0000
0000
0000
0000
0000
0000
0000
ENDCHAR
STARTCHAR uni223E
ENCODING 8766
SWIDTH 500 0
DWIDTH 11 0
BBX 11 22 0 -5
BITMAP
0000
0000
0000
0000
0000
0000
0000
0000
3880
2500
4780
4600
3800
0000
0000
0000
0000
0000
0000
0000
0000
0000
ENDCHAR
STARTCHAR uni223F
ENCODING 8767
SWIDTH 500 0
DWIDTH 11 0
BBX 11 22 0 -5
BITMAP
0000
0000
0000
0000
0000
0000
3000
3000
2800
4800
4880
0480
0480
0300
0300
0000
0000
0000
0000
0000
0000
0000
ENDCHAR
STARTCHAR uni2240
ENCODING 8768
SWIDTH 500 0
DWIDTH 11 0
BBX 11 22 0 -5
BITMAP
0000
0000
0000
0000
0C00
0800
1000
1000
1000
0800
0800
0800
0400
0400
0400
0800
1800
0000
0000
0000
0000
0000
ENDCHAR
STARTCHAR uni2241
ENCODING 8769
SWIDTH 500 0
DWIDTH 11 0
BBX 11 22 0 -5
BITMAP
0000
0000
0000
0000
0000
0000
0000
0000
0000
0080
7300
8C40
3780
4000
0000
0000
0000
0000
0000
0000
0000
0000
ENDCHAR
STARTCHAR uni2242
ENCODING 8770
SWIDTH 500 0
DWIDTH 11 0
BBX 11 22 0 -5
BITMAP
0000
0000
0000
0000
0000
0000
0000
0000
7F80
0000
0000
3800
4480
0700
0000
0000
0000
0000
0000
0000
0000
0000
ENDCHAR
STARTCHAR uni2243
ENCODING 8771
SWIDTH 500 0
DWIDTH 11 0
BBX 11 22 0 -5
BITMAP
0000
0000
0000
0000
0000
0000
0000
0000
0000
7000
8840
0780
0000
FFC0
0000
0000
0000
0000
0000
0000
0000
0000
ENDCHAR
STARTCHAR uni2244
ENCODING 8772
SWIDTH 500 0
DWIDTH 11 0
BBX 11 22 0 -5
BITMAP
0000
0000
0000
0000
0000
0000
0000
0000
0080
7100
8A40
0F80
1000
FFC0
4000
0000
0000
0000
0000
0000
0000
0000
ENDCHAR
STARTCHAR uni2245
ENCODING 8773
SWIDTH 500 0
DWIDTH 11 0
BBX 11 22 0 -5
BITMAP
0000
0000
0000
0000
0000
0000
0000
0000
7000
8840
0780
0000
FFC0
0000
FFC0
0000
0000
0000
0000
0000
0000
0000
ENDCHAR
STARTCHAR uni2246
ENCODING 8774
SWIDTH 500 0
DWIDTH 11 0
BBX 11 22 0 -5
BITMAP
0000
0000
0000
0000
0000
0000
0000
0000
7000
8840
0780
0400
FFC0
0800
FFC0
1000
0000
0000
0000
0000
0000
0000
ENDCHAR
STARTCHAR uni2247
ENCODING 8775
SWIDTH 500 0
DWIDTH 11 0
BBX 11 22 0 -5
BITMAP
0000
0000
0000
0000
0000
0000
0000
0080
7100
8A40
0780
0400
FFC0
1000
FFC0
4000
0000
0000
0000
0000
0000
0000
ENDCHAR
STARTCHAR uni2249
ENCODING 8777
SWIDTH 500 0
DWIDTH 11 0
BBX 11 22 0 -5
BITMAP
0000
0000
0000
0000
0000
0000
0080
3180
4E80
4700
0400
3880
5C80
6300
4000
0000
0000
0000
0000
0000
0000
0000
ENDCHAR
STARTCHAR uni224A
ENCODING 8778
SWIDTH 500 0
DWIDTH 11 0
BBX 11 22 0 -5
BITMAP
0000
0000
0000
0000
0000
3800
4480
0700
0000
3800
4480
0700
0000
0000
0000
7F80
0000
0000
0000
0000
0000
0000
ENDCHAR
STARTCHAR uni224B
ENCODING 8779
SWIDTH 500 0
DWIDTH 11 0
BBX 11 22 0 -5
BITMAP
0000
0000
0000
0000
0000
3800
4480
0700
0000
3800
4480
0700
0000
3800
4480
0700
0000
0000
0000
0000
0000
0000
ENDCHAR
STARTCHAR uni224C
ENCODING 8780
SWIDTH 500 0
DWIDTH 11 0
BBX 11 22 0 -5
BITMAP
0000
0000
0000
0000
0000
0000
0000
0000
0780
8840
7000
0000
FFC0
0000
FFC0
0000
0000
0000
0000
0000
0000
0000
ENDCHAR
STARTCHAR uni224D
ENCODING 8781
SWIDTH 500 0
DWIDTH 11 0
BBX 11 22 0 -5
BITMAP
0000
0000
0000
0000
0000
0000
0000
6380
1C00
0000
0000
0000
1C00
6380
0000
0000
0000
0000
0000
0000
0000
0000
ENDCHAR
STARTCHAR uni224E
ENCODING 8782
SWIDTH 500 0
DWIDTH 11 0
BBX 11 22 0 -5
BITMAP
0000
0000
0000
0000
0000
0000
0000
7F80
0000
0000
0000
0000
0000
6380
1400
0800
0000
0000
0000
0000
0000
0000
ENDCHAR
STARTCHAR uni224F
ENCODING 8783
SWIDTH 500 0
DWIDTH 11 0
BBX 11 22 0 -5
BITMAP
0000
0000
0000
0000
0000
0800
1400
6380
0000
0000
0000
0000
0000
7F80
0000
0000
0000
0000
0000
0000
0000
0000
ENDCHAR
STARTCHAR uni2250
ENCODING 8784
SWIDTH 500 0
DWIDTH 11 0
BBX 11 22 0 -5
BITMAP
0000
0000
0000
0000
0000
0800
0000
7F80
0000
0000
0000
0000
7F80
0000
0000
0000
0000
0000
0000
0000
0000
0000
ENDCHAR
STARTCHAR uni2251
ENCODING 8785
SWIDTH 500 0
DWIDTH 11 0
BBX 11 22 0 -5
BITMAP
0000
0000
0000
0000
0000
0800
0000
7F80
0000
0000
0000
0000
7F80
0000
0800
0000
0000
0000
0000
0000
0000
0000
ENDCHAR
STARTCHAR uni2252
ENCODING 8786
SWIDTH 500 0
DWIDTH 11 0
BBX 11 22 0 -5
BITMAP
0000
0000
0000
0000
0000
4000
0000
7F80
0000
0000
0000
0000
7F80
0000
0080
0000
0000
0000
0000
0000
0000
0000
ENDCHAR
STARTCHAR uni2253
ENCODING 8787
SWIDTH 500 0
DWIDTH 11 0
BBX 11 22 0 -5
BITMAP
0000
0000
0000
0000
0000
0080
0000
7F80
0000
0000
0000
0000
7F80
0000
4000
0000
0000
0000
0000
0000
0000
0000
ENDCHAR
STARTCHAR uni2254
ENCODING 8788
SWIDTH 500 0
DWIDTH 11 0
BBX 11 22 0 -5
BITMAP
0000
0000
0000
0000
0000
0000
0000
0000
0000
CFE0
0000
0000
0000
CFE0
0000
0000
0000
0000
0000
0000
0000
0000
ENDCHAR
STARTCHAR uni2255
ENCODING 8789
SWIDTH 500 0
DWIDTH 11 0
BBX 11 22 0 -5
BITMAP
0000
0000
0000
0000
0000
0000
0000
0000
0000
FE60
0000
0000
0000
FE60
0000
0000
0000
0000
0000
0000
0000
0000
ENDCHAR
STARTCHAR uni2256
ENCODING 8790
SWIDTH 500 0
DWIDTH 11 0
BBX 11 22 0 -5
BITMAP
0000
0000
0000
0000
0000
0000
0000
7F80
1400
2200
2200
2200
1400
7F80
0000
0000
0000
0000
0000
0000
0000
0000
ENDCHAR
STARTCHAR uni2257
ENCODING 8791
SWIDTH 500 0
DWIDTH 11 0
BBX 11 22 0 -5
BITMAP
0000
0000
0000
0000
0C00
1200
2100
2100
1200
0C00
0000
7F80
0000
0000
7F80
0000
0000
0000
0000
0000
0000
0000
ENDCHAR
STARTCHAR uni2258
ENCODING 8792
SWIDTH 500 0
DWIDTH 11 0
BBX 11 22 0 -5
BITMAP
0000
0000
0000
0000
0000
0000
0000
0000
1E00
2100
0000
7F80
0000
0000
7F80
0000
0000
0000
0000
0000
0000
0000
ENDCHAR
STARTCHAR uni2259
ENCODING 8793
SWIDTH 500 0
DWIDTH 11 0
BBX 11 22 0 -5
BITMAP
0000
0000
0000
0800
0C00
1400
1200
1200
2100
2100
0000
7F80
0000
0000
7F80
0000
0000
0000
0000
0000
0000
0000
ENDCHAR
STARTCHAR uni225A
ENCODING 8794
SWIDTH 500 0
DWIDTH 11 0
BBX 11 22 0 -5
BITMAP
0000
0000
0000
2100
2100
1200
1200
1400
0C00
0800
0000
7F80
0000
0000
7F80
0000
0000
0000
0000
0000
0000
0000
ENDCHAR
STARTCHAR uni225B
ENCODING 8795
SWIDTH 500 0
DWIDTH 11 0
BBX 11 22 0 -5
BITMAP
0000
0000
0000
0800
0800
3F00
1E00
1E00
1200
0000
0000
7F80
0000
0000
7F80
0000
0000
0000
0000
0000
0000
0000
ENDCHAR
STARTCHAR uni225C
ENCODING 8796
SWIDTH 500 0
DWIDTH 11 0
BBX 11 22 0 -5
BITMAP
0000
0000
0000
0800
0C00
1400
1200
1200
2100
3F00
0000
7F80
0000
0000
7F80
0000
0000
0000
0000
0000
0000
0000
ENDCHAR
STARTCHAR uni225D
ENCODING 8797
SWIDTH 500 0
DWIDTH 11 0
BBX 11 22 0 -5
BITMAP
0000
0000
0000
0000
0000
2040
2E80
EAC0
AC80
EE80
0000
7F80
0000
0000
7F80
0000
0000
0000
0000
0000
0000
0000
ENDCHAR
STARTCHAR uni225E
ENCODING 8798
SWIDTH 500 0
DWIDTH 11 0
BBX 11 22 0 -5
BITMAP
0000
0000
0000
1600
2900
2900
2900
2900
2900
2900
0000
7F80
0000
0000
7F80
0000
0000
0000
0000
0000
0000
0000
ENDCHAR
STARTCHAR uni225F
ENCODING 8799
SWIDTH 500 0
DWIDTH 11 0
BBX 11 22 0 -5
BITMAP
0000
0000
0000
1E00
2100
0300
0C00
0800
0000
0800
0000
7F80
0000
0000
7F80
0000
0000
0000
0000
0000
0000
0000
ENDCHAR
STARTCHAR uni2262
ENCODING 8802
SWIDTH 500 0
DWIDTH 11 0
BBX 11 22 0 -5
BITMAP
0000
0000
0000
0000
0000
0080
7F80
0100
0200
0400
7F80
0800
1000
2000
7F80
4000
0000
0000
0000
0000
0000
0000
ENDCHAR
STARTCHAR uni2263
ENCODING 8803
SWIDTH 500 0
DWIDTH 11 0
BBX 11 22 0 -5
BITMAP
0000
0000
0000
0000
7F80
0000
0000
0000
7F80
0000
0000
0000
7F80
0000
0000
0000
7F80
0000
0000
0000
0000
0000
ENDCHAR
STARTCHAR uni2266
ENCODING 8806
SWIDTH 500 0
DWIDTH 11 0
BBX 11 22 0 -5
BITMAP
0000
0000
0000
0080
0300
0C00
3000
4000
3000
0C00
0300
0080
0000
7F80
0000
0000
7F80
0000
0000
0000
0000
0000
ENDCHAR
STARTCHAR uni2267
ENCODING 8807
SWIDTH 500 0
DWIDTH 11 0
BBX 11 22 0 -5
BITMAP
0000
0000
0000
4000
3000
0C00
0300
0080
0300
0C00
3000
4000
0000
7F80
0000
0000
7F80
0000
0000
0000
0000
0000
ENDCHAR
STARTCHAR uni2268
ENCODING 8808
SWIDTH 500 0
DWIDTH 11 0
BBX 11 22 0 -5
BITMAP
0000
0000
0000
0080
0300
0C00
3000
4000
3000
0C00
0300
0080
0400
7F80
0800
0800
7F80
1000
0000
0000
0000
0000
ENDCHAR
STARTCHAR uni2269
ENCODING 8809
SWIDTH 500 0
DWIDTH 11 0
BBX 11 22 0 -5
BITMAP
0000
0000
0000
4000
3000
0C00
0300
0080
0300
0C00
3000
4000
0400
7F80
0800
0800
7F80
1000
0000
0000
0000
0000
ENDCHAR
STARTCHAR uni226C
ENCODING 8812
SWIDTH 500 0
DWIDTH 11 0
BBX 11 22 0 -5
BITMAP
0000
0000
0000
2200
1400
0800
0800
1400
1400
2200
2200
1400
1400
0800
0800
1400
2200
0000
0000
0000
0000
0000
ENDCHAR
STARTCHAR uni226D
ENCODING 8813
SWIDTH 500 0
DWIDTH 11 0
BBX 11 22 0 -5
BITMAP
0000
0000
0000
0000
0000
0000
0080
6380
1E00
0400
0400
0800
1C00
6380
4000
0000
0000
0000
0000
0000
0000
0000
ENDCHAR
STARTCHAR uni226E
ENCODING 8814
SWIDTH 500 0
DWIDTH 11 0
BBX 11 22 0 -5
BITMAP
0000
0000
0080
0080
0100
0300
0600
0A00
1400
2400
2800
1800
1800
1400
2200
2100
4080
4000
0000
0000
0000
0000
ENDCHAR
STARTCHAR uni226F
ENCODING 8815
SWIDTH 500 0
DWIDTH 11 0
BBX 11 22 0 -5
BITMAP
0000
0000
0080
2080
1100
0900
0600
0200
0500
0480
0880
0900
1200
1400
2800
3000
6000
4000
0000
0000
0000
0000
ENDCHAR
STARTCHAR uni2270
ENCODING 8816
SWIDTH 500 0
DWIDTH 11 0
BBX 11 22 0 -5
BITMAP
0000
0000
0080
0180
0300
0500
0A00
1200
2400
2400
1800
0800
1400
1200
2100
2000
7F80
4000
0000
0000
0000
0000
ENDCHAR
STARTCHAR uni2271
ENCODING 8817
SWIDTH 500 0
DWIDTH 11 0
BBX 11 22 0 -5
BITMAP
0000
0000
0080
2080
1100
0900
0600
0200
0500
0500
0A00
0C00
1800
1000
2000
2000
7F80
4000
0000
0000
0000
0000
ENDCHAR
STARTCHAR uni2272
ENCODING 8818
SWIDTH 500 0
DWIDTH 11 0
BBX 11 22 0 -5
BITMAP
0000
0000
0000
0080
0300
0400
0800
3000
4000
3000
0C00
0300
0080
0000
3800
4480
0700
0000
0000
0000
0000
0000
ENDCHAR
STARTCHAR uni2273
ENCODING 8819
SWIDTH 500 0
DWIDTH 11 0
BBX 11 22 0 -5
BITMAP
0000
0000
0000
4000
3000
0800
0400
0300
0080
0300
0C00
3000
4000
0000
3800
4480
0700
0000
0000
0000
0000
0000
ENDCHAR
STARTCHAR uni2274
ENCODING 8820
SWIDTH 500 0
DWIDTH 11 0
BBX 11 22 0 -5
BITMAP
0000
0000
0080
0080
0300
0500
0A00
3200
4400
3400
0C00
0B00
1080
1000
3800
6480
4700
4000
0000
0000
0000
0000
ENDCHAR
STARTCHAR uni2275
ENCODING 8821
SWIDTH 500 0
DWIDTH 11 0
BBX 11 22 0 -5
BITMAP
0000
0000
0080
4080
3100
0900
0600
0300
0480
0700
0C00
3800
5000
1000
3800
6480
4700
4000
0000
0000
0000
0000
ENDCHAR
STARTCHAR uni2276
ENCODING 8822
SWIDTH 500 0
DWIDTH 11 0
BBX 11 22 0 -5
BITMAP
0000
0000
0000
0180
0600
1800
6000
1E00
0180
0000
6000
1800
0600
0180
0600
1800
6000
0000
0000
0000
0000
0000
ENDCHAR
STARTCHAR uni2277
ENCODING 8823
SWIDTH 500 0
DWIDTH 11 0
BBX 11 22 0 -5
BITMAP
0000
0000
0000
6000
1800
0600
0180
1E00
6000
0000
0180
0600
1800
6000
1800
0600
0180
0000
0000
0000
0000
0000
ENDCHAR
STARTCHAR uni2278
ENCODING 8824
SWIDTH 500 0
DWIDTH 11 0
BBX 11 22 0 -5
BITMAP
0000
0000
0080
0180
0700
1900
6200
1E00
0580
0400
6800
1800
1600
1180
2600
3800
6000
4000
0000
0000
0000
0000
ENDCHAR
STARTCHAR uni2279
ENCODING 8825
SWIDTH 500 0
DWIDTH 11 0
BBX 11 22 0 -5
BITMAP
0000
0000
0080
6080
1900
0700
0380
1E00
6400
0400
0980
0E00
1800
7000
3800
2600
4180
4000
0000
0000
0000
0000
ENDCHAR
STARTCHAR uni227A
ENCODING 8826
SWIDTH 500 0
DWIDTH 11 0
BBX 11 22 0 -5
BITMAP
0000
0000
0000
0000
0080
0100
0100
0600
0800
3000
4000
3000
0800
0600
0100
0080
0080
0000
0000
0000
0000
0000
ENDCHAR
STARTCHAR uni227B
ENCODING 8827
SWIDTH 500 0
DWIDTH 11 0
BBX 11 22 0 -5
BITMAP
0000
0000
0000
0000
4000
2000
2000
1800
0400
0300
0080
0300
0400
1800
2000
4000
4000
0000
0000
0000
0000
0000
ENDCHAR
STARTCHAR uni227C
ENCODING 8828
SWIDTH 500 0
DWIDTH 11 0
BBX 11 22 0 -5
BITMAP
0000
0000
0000
0080
0100
0100
0600
1800
6000
3000
4800
3600
0900
0680
0180
0080
0080
0000
0000
0000
0000
0000
ENDCHAR
STARTCHAR uni227D
ENCODING 8829
SWIDTH 500 0
DWIDTH 11 0
BBX 11 22 0 -5
BITMAP
0000
0000
0000
4000
2000
2000
1800
0600
0180
0300
0480
1B00
2400
5800
6000
4000
4000
0000
0000
0000
0000
0000
ENDCHAR
STARTCHAR uni227E
ENCODING 8830
SWIDTH 500 0
DWIDTH 11 0
BBX 11 22 0 -5
BITMAP
0000
0000
0000
0080
0100
0300
0C00
3000
6000
1C00
0300
0080
0080
0000
3800
4480
0700
0000
0000
0000
0000
0000
ENDCHAR
STARTCHAR uni227F
ENCODING 8831
SWIDTH 500 0
DWIDTH 11 0
BBX 11 22 0 -5
BITMAP
0000
0000
0000
4000
2000
3000
0C00
0300
0180
0E00
3000
4000
4000
0000
3800
4480
0700
0000
0000
0000
0000
0000
ENDCHAR
STARTCHAR uni2280
ENCODING 8832
SWIDTH 500 0
DWIDTH 11 0
BBX 11 22 0 -5
BITMAP
0000
0000
0000
0080
0080
0100
0100
0600
0A00
3400
4400
3800
0800
1600
1100
2080
2080
4000
0000
0000
0000
0000
ENDCHAR
STARTCHAR uni2281
ENCODING 8833
SWIDTH 500 0
DWIDTH 11 0
BBX 11 22 0 -5
BITMAP
0000
0000
0000
0080
4080
2100
2100
1A00
0600
0700
0480
0B00
0C00
1800
3000
6000
6000
4000
0000
0000
0000
0000
ENDCHAR
STARTCHAR uni2284
ENCODING 8836
SWIDTH 500 0
DWIDTH 11 0
BBX 11 22 0 -5
BITMAP
0000
0000
0000
0000
0080
0FC0
1100
2200
4400
4400
4800
4800
3000
3000
2FC0
4000
0000
0000
0000
0000
0000
0000
ENDCHAR
STARTCHAR uni2285
ENCODING 8837
SWIDTH 500 0
DWIDTH 11 0
BBX 11 22 0 -5
BITMAP
0000
0000
0000
0000
0080
7F00
0100
0280
0440
0440
0840
0840
1080
2100
7E00
4000
0000
0000
0000
0000
0000
0000
ENDCHAR
STARTCHAR uni2288
ENCODING 8840
SWIDTH 500 0
DWIDTH 11 0
BBX 11 22 0 -5
BITMAP
0000
0000
0000
0080
0FC0
1100
2100
4200
4200
4400
4400
2800
1800
1FC0
1000
2000
7FC0
4000
0000
0000
0000
0000
ENDCHAR
STARTCHAR uni2289
ENCODING 8841
SWIDTH 500 0
DWIDTH 11 0
BBX 11 22 0 -5
BITMAP
0000
0000
0000
0080
7E80
0100
0180
0240
0240
0440
0440
0880
0900
7E00
1000
2000
7FC0
4000
0000
0000
0000
0000
ENDCHAR
STARTCHAR uni228A
ENCODING 8842
SWIDTH 500 0
DWIDTH 11 0
BBX 11 22 0 -5
BITMAP
0000
0000
0000
0000
0FC0
1000
2000
4000
4000
4000
4000
2000
1000
0FC0
0000
0400
7FC0
1000
0000
0000
0000
0000
ENDCHAR
STARTCHAR uni228B
ENCODING 8843
SWIDTH 500 0
DWIDTH 11 0
BBX 11 22 0 -5
BITMAP
0000
0000
0000
0000
7E00
0100
0080
0040
0040
0040
0040
0080
0100
7E00
0000
0400
7FC0
1000
0000
0000
0000
0000
ENDCHAR
STARTCHAR uni228C
ENCODING 8844
SWIDTH 500 0
DWIDTH 11 0
BBX 11 22 0 -5
BITMAP
0000
0000
0000
0000
4080
4280
4280
4280
4280
4A80
5E80
4880
4080
4080
2100
2100
1E00
0000
0000
0000
0000
0000
ENDCHAR
STARTCHAR uni228D
ENCODING 8845
SWIDTH 500 0
DWIDTH 11 0
BBX 11 22 0 -5
BITMAP
0000
0000
0000
0000
4080
4080
4080
4080
4080
4080
4880
4080
4080
4080
2100
2100
1E00
0000
0000
0000
0000
0000
ENDCHAR
STARTCHAR uni228E
ENCODING 8846
SWIDTH 500 0
DWIDTH 11 0
BBX 11 22 0 -5
BITMAP
0000
0000
0000
0000
4080
4080
4080
4080
4880
4880
5E80
4880
4880
4080
2100
2100
1E00
0000
0000
0000
0000
0000
ENDCHAR
STARTCHAR uni228F
ENCODING 8847
SWIDTH 500 0
DWIDTH 11 0
BBX 11 22 0 -5
BITMAP
0000
0000
0000
0000
7F80
4000
4000
4000
4000
4000
4000
4000
4000
4000
4000
4000
7F80
0000
0000
0000
0000
0000
ENDCHAR
STARTCHAR uni2290
ENCODING 8848
SWIDTH 500 0
DWIDTH 11 0
BBX 11 22 0 -5
BITMAP
0000
0000
0000
0000
7F80
0080
0080
0080
0080
0080
0080
0080
0080
0080
0080
0080
7F80
0000
0000
0000
0000
0000
ENDCHAR
STARTCHAR uni2291
ENCODING 8849
SWIDTH 500 0
DWIDTH 11 0
BBX 11 22 0 -5
BITMAP
0000
0000
0000
7F80
4000
4000
4000
4000
4000
4000
4000
4000
7F80
0000
0000
0000
7F80
0000
0000
0000
0000
0000
ENDCHAR
STARTCHAR uni2292
ENCODING 8850
SWIDTH 500 0
DWIDTH 11 0
BBX 11 22 0 -5
BITMAP
0000
0000
0000
7F80
0080
0080
0080
0080
0080
0080
0080
0080
7F80
0000
0000
0000
7F80
0000
0000
0000
0000
0000
ENDCHAR
STARTCHAR uni2293
ENCODING 8851
SWIDTH 500 0
DWIDTH 11 0
BBX 11 22 0 -5
BITMAP
0000
0000
0000
0000
7F80
4080
4080
4080
4080
4080
4080
4080
4080
4080
4080
4080
4080
0000
0000
0000
0000
0000
ENDCHAR
STARTCHAR uni2294
ENCODING 8852
SWIDTH 500 0
DWIDTH 11 0
BBX 11 22 0 -5
BITMAP
0000
0000
0000
0000
4080
4080
4080
4080
4080
4080
4080
4080
4080
4080
4080
4080
7F80
0000
0000
0000
0000
0000
ENDCHAR
STARTCHAR uni2295
ENCODING 8853
SWIDTH 500 0
DWIDTH 11 0
BBX 11 22 0 -5
BITMAP
0000
0000
0000
0000
0000
0000
0000
1F00
2080
4440
4440
5F40
4440
4440
2080
1F00
0000
0000
0000
0000
0000
0000
ENDCHAR
STARTCHAR uni2296
ENCODING 8854
SWIDTH 500 0
DWIDTH 11 0
BBX 11 22 0 -5
BITMAP
0000
0000
0000
0000
0000
0000
0000
1F00
2080
4040
4040
5F40
4040
4040
2080
1F00
0000
0000
0000
0000
0000
0000
ENDCHAR
STARTCHAR uni2297
ENCODING 8855
SWIDTH 500 0
DWIDTH 11 0
BBX 11 22 0 -5
BITMAP
0000
0000
0000
0000
0000
0000
0000
1F00
2080
5140
4A40
4440
4A40
5140
2080
1F00
0000
0000
0000
0000
0000
0000
ENDCHAR
STARTCHAR uni2298
ENCODING 8856
SWIDTH 500 0
DWIDTH 11 0
BBX 11 22 0 -5
BITMAP
0000
0000
0000
0000
0000
0000
0000
0E00
3180
2180
4240
4440
4840
3080
3180
0E00
0000
0000
0000
0000
0000
0000
ENDCHAR
STARTCHAR uni2299
ENCODING 8857
SWIDTH 500 0
DWIDTH 11 0
BBX 11 22 0 -5
BITMAP
0000
0000
0000
0000
0000
0000
0000
1F00
2080
4040
4040
4440
4040
4040
2080
1F00
0000
0000
0000
0000
0000
0000
ENDCHAR
STARTCHAR uni229A
ENCODING 8858
SWIDTH 500 0
DWIDTH 11 0
BBX 11 22 0 -5
BITMAP
0000
0000
0000
0000
0000
0000
0000
0E00
3180
2E80
5140
5140
5140
2E80
3180
0E00
0000
0000
0000
0000
0000
0000
ENDCHAR
STARTCHAR uni229B
ENCODING 8859
SWIDTH 500 0
DWIDTH 11 0
BBX 11 22 0 -5
BITMAP
0000
0000
0000
0000
0000
0000
0000
0E00
3180
3580
4E40
4440
4E40
3580
3180
0E00
0000
0000
0000
0000
0000
0000
ENDCHAR
STARTCHAR uni229C
ENCODING 8860
SWIDTH 500 0
DWIDTH 11 0
BBX 11 22 0 -5
BITMAP
0000
0000
0000
0000
0000
0000
0000
0E00
3180
2080
7FC0
4040
7FC0
2080
3180
0E00
0000
0000
0000
0000
0000
0000
ENDCHAR
STARTCHAR uni229D
ENCODING 8861
SWIDTH 500 0
DWIDTH 11 0
BBX 11 22 0 -5
BITMAP
0000
0000
0000
0000
0000
0000
0000
0E00
3180
2080
4040
5F40
4040
2080
3180
0E00
0000
0000
0000
0000
0000
0000
ENDCHAR
STARTCHAR uni229E
ENCODING 8862
SWIDTH 500 0
DWIDTH 11 0
BBX 11 22 0 -5
BITMAP
0000
0000
0000
0000
0000
0000
0000
7FC0
4440
4440
4440
7FC0
4440
4440
4440
7FC0
0000
0000
0000
0000
0000
0000
ENDCHAR
STARTCHAR uni229F
ENCODING 8863
SWIDTH 500 0
DWIDTH 11 0
BBX 11 22 0 -5
BITMAP
0000
0000
0000
0000
0000
0000
0000
7FC0
4040
4040
4040
7FC0
4040
4040
4040
7FC0
0000
0000
0000
0000
0000
0000
ENDCHAR
STARTCHAR uni22A0
ENCODING 8864
SWIDTH 500 0
DWIDTH 11 0
BBX 11 22 0 -5
BITMAP
0000
0000
0000
0000
0000
0000
0000
7FC0
60C0
5140
4A40
4440
4A40
5140
60C0
7FC0
0000
0000
0000
0000
0000
0000
ENDCHAR
STARTCHAR uni22A1
ENCODING 8865
SWIDTH 500 0
DWIDTH 11 0
BBX 11 22 0 -5
BITMAP
0000
0000
0000
0000
0000
0000
0000
7FC0
4040
4040
4040
4440
4040
4040
4040
7FC0
0000
0000
0000
0000
0000
0000
ENDCHAR
STARTCHAR uni22A2
ENCODING 8866
SWIDTH 500 0
DWIDTH 11 0
BBX 11 22 0 -5
BITMAP
0000
0000
0000
0000
4000
4000
4000
4000
4000
4000
7F80
4000
4000
4000
4000
4000
4000
0000
0000
0000
0000
0000
ENDCHAR
STARTCHAR uni22A3
ENCODING 8867
SWIDTH 500 0
DWIDTH 11 0
BBX 11 22 0 -5
BITMAP
0000
0000
0000
0000
0080
0080
0080
0080
0080
0080
7F80
0080
0080
0080
0080
0080
0080
0000
0000
0000
0000
0000
ENDCHAR
STARTCHAR uni22A4
ENCODING 8868
SWIDTH 500 0
DWIDTH 11 0
BBX 11 22 0 -5
BITMAP
0000
0000
0000
0000
0000
0000
FFC0
0800
0800
0800
0800
0800
0800
0800
0800
0800
0800
0000
0000
0000
0000
0000
ENDCHAR
STARTCHAR uni22A6
ENCODING 8870
SWIDTH 500 0
DWIDTH 11 0
BBX 11 22 0 -5
BITMAP
0000
0000
0000
0000
0000
0000
4000
4000
4000
4000
7F80
4000
4000
4000
4000
0000
0000
0000
0000
0000
0000
0000
ENDCHAR
STARTCHAR uni22A7
ENCODING 8871
SWIDTH 500 0
DWIDTH 11 0
BBX 11 22 0 -5
BITMAP
0000
0000
0000
0000
4000
4000
4000
4000
4000
7F80
4000
7F80
4000
4000
4000
4000
4000
0000
0000
0000
0000
0000
ENDCHAR
STARTCHAR uni22A8
ENCODING 8872
SWIDTH 500 0
DWIDTH 11 0
BBX 11 22 0 -5
BITMAP
0000
0000
0000
0000
4000
4000
4000
4000
4000
7F80
4000
7F80
4000
4000
4000
4000
4000
0000
0000
0000
0000
0000
ENDCHAR
STARTCHAR uni22A9
ENCODING 8873
SWIDTH 500 0
DWIDTH 11 0
BBX 11 22 0 -5
BITMAP
0000
0000
0000
0000
5000
5000
5000
5000
5000
5000
5F80
5000
5000
5000
5000
5000
5000
0000
0000
0000
0000
0000
ENDCHAR
STARTCHAR uni22AA
ENCODING 8874
SWIDTH 500 0
DWIDTH 11 0
BBX 11 22 0 -5
BITMAP
0000
0000
0000
0000
5400
5400
5400
5400
5400
5400
5780
5400
5400
5400
5400
5400
5400
0000
0000
0000
0000
0000
ENDCHAR
STARTCHAR uni22AB
ENCODING 8875
SWIDTH 500 0
DWIDTH 11 0
BBX 11 22 0 -5
BITMAP
0000
0000
0000
0000
5000
5000
5000
5000
5000
5F80
5000
5F80
5000
5000
5000
5000
5000
0000
0000
0000
0000
0000
ENDCHAR
STARTCHAR uni22AC
ENCODING 8876
SWIDTH 500 0
DWIDTH 11 0
BBX 11 22 0 -5
BITMAP
0000
0000
0000
0080
4080
4100
4100
4200
4200
4400
7F80
4800
4800
5000
5000
6000
6000
4000
0000
0000
0000
0000
ENDCHAR
STARTCHAR uni22AD
ENCODING 8877
SWIDTH 500 0
DWIDTH 11 0
BBX 11 22 0 -5
BITMAP
0000
0000
0000
0080
4080
4100
4100
4200
4200
7F80
4400
7F80
4800
5000
5000
6000
6000
4000
0000
0000
0000
0000
ENDCHAR
STARTCHAR uni22AE
ENCODING 8878
SWIDTH 500 0
DWIDTH 11 0
BBX 11 22 0 -5
BITMAP
0000
0000
0000
0080
5080
5100
5100
5200
5200
5400
5F80
5800
5800
5000
5000
7000
7000
4000
0000
0000
0000
0000
ENDCHAR
STARTCHAR uni22AF
ENCODING 8879
SWIDTH 500 0
DWIDTH 11 0
BBX 11 22 0 -5
BITMAP
0000
0000
0000
0080
5080
5100
5100
5200
5200
5F80
5400
5F80
5800
5000
5000
7000
7000
4000
0000
0000
0000
0000
ENDCHAR
STARTCHAR uni22B0
ENCODING 8880
SWIDTH 500 0
DWIDTH 11 0
BBX 11 22 0 -5
BITMAP
0000
0000
0000
0000
0300
0480
0080
0080
0100
0700
7800
0F00
0080
0080
0080
0480
0300
0000
0000
0000
0000
0000
ENDCHAR
STARTCHAR uni22B1
ENCODING 8881
SWIDTH 500 0
DWIDTH 11 0
BBX 11 22 0 -5
BITMAP
0000
0000
0000
0000
3000
4800
4000
4000
2000
3800
0780
3C00
4000
4000
4000
4800
3000
0000
0000
0000
0000
0000
ENDCHAR
STARTCHAR uni22B2
ENCODING 8882
SWIDTH 500 0
DWIDTH 11 0
BBX 11 22 0 -5
BITMAP
0000
0000
0000
0000
0080
0180
0280
0C80
1080
2080
4080
2080
1080
0C80
0280
0180
0080
0000
0000
0000
0000
0000
ENDCHAR
STARTCHAR uni22B3
ENCODING 8883
SWIDTH 500 0
DWIDTH 11 0
BBX 11 22 0 -5
BITMAP
0000
0000
0000
0000
4000
6000
5000
4C00
4200
4100
4080
4100
4200
4C00
5000
6000
4000
0000
0000
0000
0000
0000
ENDCHAR
STARTCHAR uni22B4
ENCODING 8884
SWIDTH 500 0
DWIDTH 11 0
BBX 11 22 0 -5
BITMAP
0000
0000
0000
0080
0380
0480
0880
3080
4080
3080
0C80
0380
0080
0000
0000
0000
7F80
0000
0000
0000
0000
0000
ENDCHAR
STARTCHAR uni22B5
ENCODING 8885
SWIDTH 500 0
DWIDTH 11 0
BBX 11 22 0 -5
BITMAP
0000
0000
0000
4000
7000
4800
4400
4300
4080
4300
4C00
7000
4000
0000
0000
0000
7F80
0000
0000
0000
0000
0000
ENDCHAR
STARTCHAR uni22B6
ENCODING 8886
SWIDTH 500 0
DWIDTH 11 0
BBX 11 22 0 -5
BITMAP
0000
0000
0000
0000
0000
0000
0000
0000
0000
2100
5F80
2100
0000
0000
0000
0000
0000
0000
0000
0000
0000
0000
ENDCHAR
STARTCHAR uni22B7
ENCODING 8887
SWIDTH 500 0
DWIDTH 11 0
BBX 11 22 0 -5
BITMAP
0000
0000
0000
0000
0000
0000
0000
0000
0000
2100
7E80
2100
0000
0000
0000
0000
0000
0000
0000
0000
0000
0000
ENDCHAR
STARTCHAR uni22B8
ENCODING 8888
SWIDTH 500 0
DWIDTH 11 0
BBX 11 22 0 -5
BITMAP
0000
0000
0000
0000
0000
0000
0000
0000
0000
0100
7E80
0100
0000
0000
0000
0000
0000
0000
0000
0000
0000
0000
ENDCHAR
STARTCHAR uni22B9
ENCODING 8889
SWIDTH 500 0
DWIDTH 11 0
BBX 11 22 0 -5
BITMAP
0000
0000
0000
0000
0800
0800
0800
0800
0800
0000
6380
0000
0800
0800
0800
0800
0800
0000
0000
0000
0000
0000
ENDCHAR
STARTCHAR uni22BA
ENCODING 8890
SWIDTH 500 0
DWIDTH 11 0
BBX 11 22 0 -5
BITMAP
0000
0000
0000
0000
0000
0000
0000
0000
7F80
0800
0800
0800
0800
0800
0800
0000
0000
0000
0000
0000
0000
0000
ENDCHAR
STARTCHAR uni22BB
ENCODING 8891
SWIDTH 500 0
DWIDTH 11 0
BBX 11 22 0 -5
BITMAP
0000
0000
0000
4080
4080
2100
2100
2200
1200
1400
1400
0800
0800
0000
0000
0000
7F80
0000
0000
0000
0000
0000
ENDCHAR
STARTCHAR uni22BC
ENCODING 8892
SWIDTH 500 0
DWIDTH 11 0
BBX 11 22 0 -5
BITMAP
0000
0000
0000
7F80
0000
0000
0000
0800
0800
1400
1400
1200
2200
2100
2100
4080
4080
0000
0000
0000
0000
0000
ENDCHAR
STARTCHAR uni22BD
ENCODING 8893
SWIDTH 500 0
DWIDTH 11 0
BBX 11 22 0 -5
BITMAP
0000
0000
0000
7F80
0000
0000
0000
4080
4080
2100
2100
2200
1200
1400
1400
0800
0800
0000
0000
0000
0000
0000
ENDCHAR
STARTCHAR uni22BE
ENCODING 8894
SWIDTH 500 0
DWIDTH 11 0
BBX 11 22 0 -5
BITMAP
0000
0000
0000
0000
0000
0000
0000
8000
8000
8000
C000
B000
8800
8400
8400
FFC0
0000
0000
0000
0000
0000
0000
ENDCHAR
STARTCHAR uni22BF
ENCODING 8895
SWIDTH 500 0
DWIDTH 11 0
BBX 11 22 0 -5
BITMAP
0000
0000
0000
0000
0000
0000
0000
0040
00C0
0140
0240
0C40
1040
2040
4040
FFC0
0000
0000
0000
0000
0000
0000
ENDCHAR
STARTCHAR uni22C0
ENCODING 8896
SWIDTH 500 0
DWIDTH 11 0
BBX 11 22 0 -5
BITMAP
0000
0000
0000
0800
0800
0C00
1400
1400
1200
1200
2200
2200
2100
2100
4100
4080
4080
0000
0000
0000
0000
0000
ENDCHAR
STARTCHAR uni22C1
ENCODING 8897
SWIDTH 500 0
DWIDTH 11 0
BBX 11 22 0 -5
BITMAP
0000
0000
0000
4080
4080
4100
2100
2100
2200
2200
1200
1200
1400
1400
0C00
0800
0800
0000
0000
0000
0000
0000
ENDCHAR
STARTCHAR uni22C4
ENCODING 8900
SWIDTH 500 0
DWIDTH 11 0
BBX 11 22 0 -5
BITMAP
0000
0000
0000
0000
0000
0000
0000
0800
1400
1400
2200
1400
1400
0800
0000
0000
0000
0000
0000
0000
0000
0000
ENDCHAR
STARTCHAR uni22C5
ENCODING 8901
SWIDTH 500 0
DWIDTH 11 0
BBX 11 22 0 -5
BITMAP
0000
0000
0000
0000
0000
0000
0000
0000
0000
0000
0C00
0C00
0000
0000
0000
0000
0000
0000
0000
0000
0000
0000
ENDCHAR
STARTCHAR uni22C6
ENCODING 8902
SWIDTH 500 0
DWIDTH 11 0
BBX 11 22 0 -5
BITMAP
0000
0000
0000
0000
0000
0000
0000
0800
0800
7F00
1C00
1C00
2200
0000
0000
0000
0000
0000
0000
0000
0000
0000
ENDCHAR
STARTCHAR uni22C7
ENCODING 8903
SWIDTH 500 0
DWIDTH 11 0
BBX 11 22 0 -5
BITMAP
0000
0000
0000
0000
0000
0800
0000
4080
2100
1200
0C00
1200
2100
4080
0000
0800
0000
0000
0000
0000
0000
0000
ENDCHAR
STARTCHAR uni22C8
ENCODING 8904
SWIDTH 500 0
DWIDTH 11 0
BBX 11 22 0 -5
BITMAP
0000
0000
0000
0000
0000
0000
0000
4080
6180
5280
4C80
5280
6180
4080
0000
0000
0000
0000
0000
0000
0000
0000
ENDCHAR
STARTCHAR uni22C9
ENCODING 8905
SWIDTH 500 0
DWIDTH 11 0
BBX 11 22 0 -5
BITMAP
0000
0000
0000
0000
0000
0000
0000
4080
6100
5200
4C00
5200
6100
4080
0000
0000
0000
0000
0000
0000
0000
0000
ENDCHAR
STARTCHAR uni22CA
ENCODING 8906
SWIDTH 500 0
DWIDTH 11 0
BBX 11 22 0 -5
BITMAP
0000
0000
0000
0000
0000
0000
0000
4080
2180
1280
0C80
1280
2180
4080
0000
0000
0000
0000
0000
0000
0000
0000
ENDCHAR
STARTCHAR uni22CB
ENCODING 8907
SWIDTH 500 0
DWIDTH 11 0
BBX 11 22 0 -5
BITMAP
0000
0000
0000
0000
0000
0000
0000
4000
2000
1000
0C00
1200
2100
4080
0000
0000
0000
0000
0000
0000
0000
0000
ENDCHAR
STARTCHAR uni22CC
ENCODING 8908
SWIDTH 500 0
DWIDTH 11 0
BBX 11 22 0 -5
BITMAP
0000
0000
0000
0000
0000
0000
0000
0080
0100
0200
0C00
1600
2100
4080
0000
0000
0000
0000
0000
0000
0000
0000
ENDCHAR
STARTCHAR uni22CD
ENCODING 8909
SWIDTH 500 0
DWIDTH 11 0
BBX 11 22 0 -5
BITMAP
0000
0000
0000
0000
0000
0000
0000
0700
4480
3800
0000
0000
0000
7F80
0000
0000
0000
0000
0000
0000
0000
0000
ENDCHAR
STARTCHAR uni22CE
ENCODING 8910
SWIDTH 500 0
DWIDTH 11 0
BBX 11 22 0 -5
BITMAP
0000
0000
0000
0000
4080
4080
4080
4080
4080
4080
2100
2100
2100
1200
1200
0C00
0800
0000
0000
0000
0000
0000
ENDCHAR
STARTCHAR uni22CF
ENCODING 8911
SWIDTH 500 0
DWIDTH 11 0
BBX 11 22 0 -5
BITMAP
0000
0000
0000
0000
0800
0C00
1200
1200
2100
2100
2100
4080
4080
4080
4080
4080
4080
0000
0000
0000
0000
0000
ENDCHAR
STARTCHAR uni22D0
ENCODING 8912
SWIDTH 500 0
DWIDTH 11 0
BBX 11 22 0 -5
BITMAP
0000
0000
0000
0000
1F80
2000
2780
4800
5000
5000
5000
5000
5000
4800
2780
2000
1F80
0000
0000
0000
0000
0000
ENDCHAR
STARTCHAR uni22D1
ENCODING 8913
SWIDTH 500 0
DWIDTH 11 0
BBX 11 22 0 -5
BITMAP
0000
0000
0000
0000
7E00
0100
1F00
0180
0080
0080
0080
0080
0080
0180
1F00
0100
7E00
0000
0000
0000
0000
0000
ENDCHAR
STARTCHAR uni22D2
ENCODING 8914
SWIDTH 500 0
DWIDTH 11 0
BBX 11 22 0 -5
BITMAP
0000
0000
0000
0000
1E00
2100
2D00
4A80
5280
5280
5280
5280
5280
5280
5280
5280
5280
0000
0000
0000
0000
0000
ENDCHAR
STARTCHAR uni22D3
ENCODING 8915
SWIDTH 500 0
DWIDTH 11 0
BBX 11 22 0 -5
BITMAP
0000
0000
0000
0000
5280
5280
5280
5280
5280
5280
5280
5280
5280
4A80
2D00
2100
1E00
0000
0000
0000
0000
0000
ENDCHAR
STARTCHAR uni22D4
ENCODING 8916
SWIDTH 500 0
DWIDTH 11 0
BBX 11 22 0 -5
BITMAP
0000
0000
0000
0000
0800
0800
0800
0800
1E00
2900
4880
4880
4880
4880
4880
4880
4880
0000
0000
0000
0000
0000
ENDCHAR
STARTCHAR uni22D5
ENCODING 8917
SWIDTH 500 0
DWIDTH 11 0
BBX 11 22 0 -5
BITMAP
0000
0000
0000
0000
1200
1200
1200
1200
1200
7F80
1200
7F80
1200
1200
1200
1200
1200
0000
0000
0000
0000
0000
ENDCHAR
STARTCHAR uni22D6
ENCODING 8918
SWIDTH 500 0
DWIDTH 11 0
BBX 11 22 0 -5
BITMAP
0000
0000
0000
0080
0100
0200
0400
0800
1000
2000
2100
1000
0800
0400
0200
0100
0080
0000
0000
0000
0000
0000
ENDCHAR
STARTCHAR uni22D7
ENCODING 8919
SWIDTH 500 0
DWIDTH 11 0
BBX 11 22 0 -5
BITMAP
0000
0000
0000
2000
1000
0800
0400
0200
0100
0080
2080
0100
0200
0400
0800
1000
2000
0000
0000
0000
0000
0000
ENDCHAR
STARTCHAR uni22D8
ENCODING 8920
SWIDTH 500 0
DWIDTH 11 0
BBX 11 22 0 -5
BITMAP
0000
0000
0000
0000
0000
0000
0000
0000
2480
4900
9200
4900
2480
0000
0000
0000
0000
0000
0000
0000
0000
0000
ENDCHAR
STARTCHAR uni22D9
ENCODING 8921
SWIDTH 500 0
DWIDTH 11 0
BBX 11 22 0 -5
BITMAP
0000
0000
0000
0000
0000
0000
0000
0000
9200
4900
2480
4900
9200
0000
0000
0000
0000
0000
0000
0000
0000
0000
ENDCHAR
STARTCHAR uni22DA
ENCODING 8922
SWIDTH 500 0
DWIDTH 11 0
BBX 11 22 0 -5
BITMAP
0000
0000
0000
0600
1800
0C00
0200
0000
7F80
0000
0000
7F80
0000
1800
0600
0C00
1000
0000
0000
0000
0000
0000
ENDCHAR
STARTCHAR uni22DB
ENCODING 8923
SWIDTH 500 0
DWIDTH 11 0
BBX 11 22 0 -5
BITMAP
0000
0000
0000
1800
0600
0C00
1000
0000
7F80
0000
0000
7F80
0000
0600
1800
0C00
0200
0000
0000
0000
0000
0000
ENDCHAR
STARTCHAR uni22DC
ENCODING 8924
SWIDTH 500 0
DWIDTH 11 0
BBX 11 22 0 -5
BITMAP
0000
0000
0000
7F80
0000
0000
0000
0080
0300
0400
0800
3000
4000
3000
0C00
0300
0080
0000
0000
0000
0000
0000
ENDCHAR
STARTCHAR uni22DD
ENCODING 8925
SWIDTH 500 0
DWIDTH 11 0
BBX 11 22 0 -5
BITMAP
0000
0000
0000
7F80
0000
0000
0000
4000
3000
0800
0400
0300
0080
0300
0C00
3000
4000
0000
0000
0000
0000
0000
ENDCHAR
STARTCHAR uni22DE
ENCODING 8926
SWIDTH 500 0
DWIDTH 11 0
BBX 11 22 0 -5
BITMAP
0000
0000
0000
0080
0080
0180
0700
1900
6600
1800
6000
3000
0800
0600
0100
0080
0080
0000
0000
0000
0000
0000
ENDCHAR
STARTCHAR uni22DF
ENCODING 8927
SWIDTH 500 0
DWIDTH 11 0
BBX 11 22 0 -5
BITMAP
0000
0000
0000
4000
4000
6000
3800
2600
1980
0600
0180
0300
0400
1800
2000
4000
4000
0000
0000
0000
0000
0000
ENDCHAR
STARTCHAR uni22E0
ENCODING 8928
SWIDTH 500 0
DWIDTH 11 0
BBX 11 22 0 -5
BITMAP
0000
0000
0080
0080
0100
0100
0600
1A00
6400
3400
4800
3E00
1900
1680
2180
2080
4080
4000
0000
0000
0000
0000
ENDCHAR
STARTCHAR uni22E1
ENCODING 8929
SWIDTH 500 0
DWIDTH 11 0
BBX 11 22 0 -5
BITMAP
0000
0000
0080
4080
2100
2100
1A00
0600
0580
0700
0C80
1B00
3400
5800
6000
6000
4000
4000
0000
0000
0000
0000
ENDCHAR
STARTCHAR uni22E2
ENCODING 8930
SWIDTH 500 0
DWIDTH 11 0
BBX 11 22 0 -5
BITMAP
0000
0000
0080
7F80
4100
4100
4200
4200
4400
4400
4800
4800
7F80
1000
2000
2000
7F80
4000
0000
0000
0000
0000
ENDCHAR
STARTCHAR uni22E3
ENCODING 8931
SWIDTH 500 0
DWIDTH 11 0
BBX 11 22 0 -5
BITMAP
0000
0000
0080
7F80
0180
0180
0280
0280
0480
0480
0880
0880
7F80
1000
2000
2000
7F80
4000
0000
0000
0000
0000
ENDCHAR
STARTCHAR uni22E4
ENCODING 8932
SWIDTH 500 0
DWIDTH 11 0
BBX 11 22 0 -5
BITMAP
0000
0000
0000
7F80
4000
4000
4000
4000
4000
4000
4000
4000
7F80
0000
0000
0400
7F80
1000
0000
0000
0000
0000
ENDCHAR
STARTCHAR uni22E5
ENCODING 8933
SWIDTH 500 0
DWIDTH 11 0
BBX 11 22 0 -5
BITMAP
0000
0000
0000
7F80
0080
0080
0080
0080
0080
0080
0080
0080
7F80
0000
0000
0400
7F80
1000
0000
0000
0000
0000
ENDCHAR
STARTCHAR uni22E6
ENCODING 8934
SWIDTH 500 0
DWIDTH 11 0
BBX 11 22 0 -5
BITMAP
0000
0000
0000
0080
0300
0400
0800
3000
4000
3000
0C00
0300
0080
0400
3C00
4C80
0F00
1000
0000
0000
0000
0000
ENDCHAR
STARTCHAR uni22E7
ENCODING 8935
SWIDTH 500 0
DWIDTH 11 0
BBX 11 22 0 -5
BITMAP
0000
0000
0000
4000
3000
0800
0400
0300
0080
0300
0C00
3000
4000
0400
3C00
4C80
0F00
1000
0000
0000
0000
0000
ENDCHAR
STARTCHAR uni22E8
ENCODING 8936
SWIDTH 500 0
DWIDTH 11 0
BBX 11 22 0 -5
BITMAP
0000
0000
0000
0080
0100
0300
0C00
3000
6000
1C00
0300
0080
0080
0400
3C00
4C80
0F00
1000
0000
0000
0000
0000
ENDCHAR
STARTCHAR uni22E9
ENCODING 8937
SWIDTH 500 0
DWIDTH 11 0
BBX 11 22 0 -5
BITMAP
0000
0000
0000
4000
2000
3000
0C00
0300
0180
0E00
3000
4000
4000
0400
3C00
4C80
0F00
1000
0000
0000
0000
0000
ENDCHAR
STARTCHAR uni22EA
ENCODING 8938
SWIDTH 500 0
DWIDTH 11 0
BBX 11 22 0 -5
BITMAP
0000
0000
0000
0080
0080
0180
0380
0E80
1280
2480
4480
2880
1880
1C80
1280
2180
2080
4000
0000
0000
0000
0000
ENDCHAR
STARTCHAR uni22EB
ENCODING 8939
SWIDTH 500 0
DWIDTH 11 0
BBX 11 22 0 -5
BITMAP
0000
0000
0000
0080
4080
6100
5100
4E00
4200
4500
4480
4900
4A00
5C00
5000
6000
6000
4000
0000
0000
0000
0000
ENDCHAR
STARTCHAR uni22EC
ENCODING 8940
SWIDTH 500 0
DWIDTH 11 0
BBX 11 22 0 -5
BITMAP
0000
0000
0080
0080
0380
0580
0A80
3280
4480
3480
0C80
0B80
1080
1000
2000
2000
7F80
4000
0000
0000
0000
0000
ENDCHAR
STARTCHAR uni22ED
ENCODING 8941
SWIDTH 500 0
DWIDTH 11 0
BBX 11 22 0 -5
BITMAP
0000
0000
0080
4080
7100
4900
4600
4300
4480
4700
4C00
7800
5000
1000
2000
2000
7F80
4000
0000
0000
0000
0000
ENDCHAR
STARTCHAR uni22EE
ENCODING 8942
SWIDTH 500 0
DWIDTH 11 0
BBX 11 22 0 -5
BITMAP
0000
0000
0000
0000
0000
0C00
0C00
0000
0000
0000
0C00
0C00
0000
0000
0000
0C00
0C00
0000
0000
0000
0000
0000
ENDCHAR
STARTCHAR uni22EF
ENCODING 8943
SWIDTH 500 0
DWIDTH 11 0
BBX 11 22 0 -5
BITMAP
0000
0000
0000
0000
0000
0000
0000
0000
0000
0000
CCC0
CCC0
0000
0000
0000
0000
0000
0000
0000
0000
0000
0000
ENDCHAR
STARTCHAR uni22F0
ENCODING 8944
SWIDTH 500 0
DWIDTH 11 0
BBX 11 22 0 -5
BITMAP
0000
0000
0000
0000
0000
00C0
00C0
0000
0000
0000
0C00
0C00
0000
0000
0000
C000
C000
0000
0000
0000
0000
0000
ENDCHAR
STARTCHAR uni22F1
ENCODING 8945
SWIDTH 500 0
DWIDTH 11 0
BBX 11 22 0 -5
BITMAP
0000
0000
0000
0000
0000
C000
C000
0000
0000
0000
0C00
0C00
0000
0000
0000
00C0
00C0
0000
0000
0000
0000
0000
ENDCHAR
STARTCHAR uni22F2
ENCODING 8946
SWIDTH 500 0
DWIDTH 11 0
BBX 11 22 0 -5
BITMAP
0000
0000
0000
0000
0F80
1000
1000
2000
2000
2000
7F80
2000
2000
2000
1000
1000
0F80
0000
0000
0000
0000
0000
ENDCHAR
STARTCHAR uni22F3
ENCODING 8947
SWIDTH 500 0
DWIDTH 11 0
BBX 11 22 0 -5
BITMAP
0000
0000
0000
0000
1F80
2000
2000
4000
4080
4080
7F80
4080
4080
4000
2000
2000
1F80
0000
0000
0000
0000
0000
ENDCHAR
STARTCHAR uni22F4
ENCODING 8948
SWIDTH 500 0
DWIDTH 11 0
BBX 11 22 0 -5
BITMAP
0000
0000
0000
0000
0000
0000
1F80
2000
4080
4080
7F80
4080
4080
2000
1F80
0000
0000
0000
0000
0000
0000
0000
ENDCHAR
STARTCHAR uni22F5
ENCODING 8949
SWIDTH 500 0
DWIDTH 11 0
BBX 11 22 0 -5
BITMAP
0000
0000
0000
0800
0000
1F80
2000
2000
4000
4000
7F80
4000
4000
4000
2000
2000
1F80
0000
0000
0000
0000
0000
ENDCHAR
STARTCHAR uni22F6
ENCODING 8950
SWIDTH 500 0
DWIDTH 11 0
BBX 11 22 0 -5
BITMAP
0000
0000
0000
7F80
0000
0000
1F80
2000
4000
4000
4000
7F80
4000
4000
4000
2000
1F80
0000
0000
0000
0000
0000
ENDCHAR
STARTCHAR uni22F7
ENCODING 8951
SWIDTH 500 0
DWIDTH 11 0
BBX 11 22 0 -5
BITMAP
0000
0000
0000
7F80
0000
0000
1F80
2000
4000
4000
7F80
4000
4000
2000
1F80
0000
0000
0000
0000
0000
0000
0000
ENDCHAR
STARTCHAR uni22F8
ENCODING 8952
SWIDTH 500 0
DWIDTH 11 0
BBX 11 22 0 -5
BITMAP
0000
0000
0000
0000
1F80
2000
4000
4000
7F80
4000
4000
4000
2000
1F80
0000
0000
7F80
0000
0000
0000
0000
0000
ENDCHAR
STARTCHAR uni22F9
ENCODING 8953
SWIDTH 500 0
DWIDTH 11 0
BBX 11 22 0 -5
BITMAP
0000
0000
0000
0000
1F80
2000
2000
4000
4000
7F80
4000
7F80
4000
4000
2000
2000
1F80
0000
0000
0000
0000
0000
ENDCHAR
STARTCHAR uni22FA
ENCODING 8954
SWIDTH 500 0
DWIDTH 11 0
BBX 11 22 0 -5
BITMAP
0000
0000
0000
0000
7C00
0200
0200
0100
0100
0100
7F80
0100
0100
0100
0200
0200
7C00
0000
0000
0000
0000
0000
ENDCHAR
STARTCHAR uni22FB
ENCODING 8955
SWIDTH 500 0
DWIDTH 11 0
BBX 11 22 0 -5
BITMAP
0000
0000
0000
0000
7E00
0100
0100
0080
4080
4080
7F80
4080
4080
0080
0100
0100
7E00
0000
0000
0000
0000
0000
ENDCHAR
STARTCHAR uni22FC
ENCODING 8956
SWIDTH 500 0
DWIDTH 11 0
BBX 11 22 0 -5
BITMAP
0000
0000
0000
0000
0000
0000
7E00
0100
4080
4080
7F80
4080
4080
0100
7E00
0000
0000
0000
0000
0000
0000
0000
ENDCHAR
STARTCHAR uni22FD
ENCODING 8957
SWIDTH 500 0
DWIDTH 11 0
BBX 11 22 0 -5
BITMAP
0000
0000
0000
7F80
0000
0000
7E00
0100
0080
0080
0080
7F80
0080
0080
0080
0100
7E00
0000
0000
0000
0000
0000
ENDCHAR
STARTCHAR uni22FE
ENCODING 8958
SWIDTH 500 0
DWIDTH 11 0
BBX 11 22 0 -5
BITMAP
0000
0000
0000
7F80
0000
0000
7E00
0100
0080
0080
7F80
0080
0080
0100
7E00
0000
0000
0000
0000
0000
0000
0000
ENDCHAR
STARTCHAR uni22FF
ENCODING 8959
SWIDTH 500 0
DWIDTH 11 0
BBX 11 22 0 -5
BITMAP
0000
0000
0000
0000
7F80
4000
4000
4000
4000
4000
7F80
4000
4000
4000
4000
4000
7F80
0000
0000
0000
0000
0000
ENDCHAR
STARTCHAR uni2301
ENCODING 8961
SWIDTH 500 0
DWIDTH 11 0
BBX 11 22 0 -5
BITMAP
0000
0000
0000
0000
0000
0000
0000
8800
4C00
4A00
2900
1900
1880
0840
0000
0000
0000
0000
0000
0000
0000
0000
ENDCHAR
STARTCHAR uni2303
ENCODING 8963
SWIDTH 500 0
DWIDTH 11 0
BBX 11 22 0 -5
BITMAP
0000
0000
0000
0000
0000
0000
0000
0000
0400
0A00
1100
2080
0000
0000
0000
0000
0000
0000
0000
0000
0000
0000
ENDCHAR
STARTCHAR uni2304
ENCODING 8964
SWIDTH 500 0
DWIDTH 11 0
BBX 11 22 0 -5
BITMAP
0000
0000
0000
0000
0000
0000
0000
0000
2080
1100
0A00
0400
0000
0000
0000
0000
0000
0000
0000
0000
0000
0000
ENDCHAR
STARTCHAR uni2318
ENCODING 8984
SWIDTH 500 0
DWIDTH 11 0
BBX 11 22 0 -5
BITMAP
0000
0000
0000
0000
0000
0000
3180
4A40
4A40
3F80
0A00
3F80
4A40
4A40
3180
0000
0000
0000
0000
0000
0000
0000
ENDCHAR
STARTCHAR uni231A
ENCODING 8986
SWIDTH 500 0
DWIDTH 11 0
BBX 11 22 0 -5
BITMAP
0000
1F00
1100
1100
1100
1F00
2080
4040
A0A0
9B20
8420
8020
8020
4040
2080
1F00
1100
1100
1100
1100
1F00
0000
ENDCHAR
STARTCHAR uni231B
ENCODING 8987
SWIDTH 500 0
DWIDTH 11 0
BBX 11 22 0 -5
BITMAP
0000
0000
0000
7FC0
4040
4040
3F80
1F00
0E00
0400
0A00
1500
1F00
2E80
5F40
4040
7FC0
0000
0000
0000
0000
0000
ENDCHAR
STARTCHAR uni2325
ENCODING 8997
SWIDTH 500 0
DWIDTH 11 0
BBX 11 22 0 -5
BITMAP
0000
0000
0000
0000
0000
F1C0
1000
0800
0800
0400
0400
0400
0200
0200
0100
01C0
0000
0000
0000
0000
0000
0000
ENDCHAR
STARTCHAR uni2326
ENCODING 8998
SWIDTH 500 0
DWIDTH 11 0
BBX 11 22 0 -5
BITMAP
0000
0000
0000
0000
0000
FF80
8080
8040
9140
8A20
8420
8A20
9140
8040
8080
FF80
0000
0000
0000
0000
0000
0000
ENDCHAR
STARTCHAR uni2328
ENCODING 9000
SWIDTH 500 0
DWIDTH 11 0
BBX 11 22 0 -5
BITMAP
0000
0000
0000
0000
0000
0000
0000
0000
FFE0
8020
D560
D560
8020
9F20
8020
FFE0
0000
0000
0000
0000
0000
0000
ENDCHAR
STARTCHAR uni232B
ENCODING 9003
SWIDTH 500 0
DWIDTH 11 0
BBX 11 22 0 -5
BITMAP
0000
0000
0000
0000
0000
3FE0
2020
4020
5120
8A20
8420
8A20
5120
4020
2020
3FE0
0000
0000
0000
0000
0000
0000
ENDCHAR
STARTCHAR uni238B
ENCODING 9099
SWIDTH 500 0
DWIDTH 11 0
BBX 11 22 0 -5
BITMAP
0000
0000
0000
0000
F800
C000
A100
90C0
9040
0820
0420
0020
4020
2040
30C0
0F00
0000
0000
0000
0000
0000
0000
ENDCHAR
STARTCHAR uni23CE
ENCODING 9166
SWIDTH 500 0
DWIDTH 11 0
BBX 11 22 0 -5
BITMAP
0000
0000
0000
0000
0040
0040
0040
0040
0040
0040
1040
2040
4040
FFC0
6000
1000
0000
0000
0000
0000
0000
0000
ENDCHAR
STARTCHAR uni23CF
ENCODING 9167
SWIDTH 500 0
DWIDTH 11 0
BBX 11 22 0 -5
BITMAP
0000
0000
0000
0000
0000
0000
0800
1C00
3E00
7F80
FFC0
0000
FFC0
FFC0
0000
0000
0000
0000
0000
0000
0000
0000
ENDCHAR
STARTCHAR uni23E9
ENCODING 9193
SWIDTH 500 0
DWIDTH 11 0
BBX 11 22 0 -5
BITMAP
0000
0000
0000
0000
0000
0000
4200
6300
7380
7BC0
7380
6300
4200
0000
0000
0000
0000
0000
0000
0000
0000
0000
ENDCHAR
STARTCHAR uni23EA
ENCODING 9194
SWIDTH 500 0
DWIDTH 11 0
BBX 11 22 0 -5
BITMAP
0000
0000
0000
0000
0000
0000
0840
18C0
39C0
7BC0
39C0
18C0
0840
0000
0000
0000
0000
0000
0000
0000
0000
0000
ENDCHAR
STARTCHAR uni23EB
ENCODING 9195
SWIDTH 500 0
DWIDTH 11 0
BBX 11 22 0 -5
BITMAP
0000
0000
0000
0000
0000
0000
0800
3E00
FFC0
0000
0800
3E00
FFC0
0000
0000
0000
0000
0000
0000
0000
0000
0000
ENDCHAR
STARTCHAR uni23EC
ENCODING 9196
SWIDTH 500 0
DWIDTH 11 0
BBX 11 22 0 -5
BITMAP
0000
0000
0000
0000
0000
0000
FFC0
3E00
0800
0000
FFC0
3E00
0800
0000
0000
0000
0000
0000
0000
0000
0000
0000
ENDCHAR
STARTCHAR uni23ED
ENCODING 9197
SWIDTH 500 0
DWIDTH 11 0
BBX 11 22 0 -5
BITMAP
0000
0000
0000
0000
0000
0000
4440
6640
6640
7740
6640
6640
4440
0000
0000
0000
0000
0000
0000
0000
0000
0000
ENDCHAR
STARTCHAR uni23EE
ENCODING 9198
SWIDTH 500 0
DWIDTH 11 0
BBX 11 22 0 -5
BITMAP
0000
0000
0000
0000
0000
0000
4440
4CC0
4CC0
5DC0
4CC0
4CC0
4440
0000
0000
0000
0000
0000
0000
0000
0000
0000
ENDCHAR
STARTCHAR uni23EF
ENCODING 9199
SWIDTH 500 0
DWIDTH 11 0
BBX 11 22 0 -5
BITMAP
0000
0000
0000
0000
80A0
C0A0
E0A0
F8A0
FCA0
FEA0
FCA0
F8A0
E0A0
C0A0
80A0
0000
0000
0000
0000
0000
0000
0000
ENDCHAR
STARTCHAR uni23F0
ENCODING 9200
SWIDTH 500 0
DWIDTH 11 0
BBX 11 22 0 -5
BITMAP
0000
60C0
F1E0
F1E0
F1E0
6EC0
3580
4440
4440
8420
8420
8420
8420
8820
8820
5040
5040
3180
4E40
8020
8020
0000
ENDCHAR
STARTCHAR uni23F1
ENCODING 9201
SWIDTH 500 0
DWIDTH 11 0
BBX 11 22 0 -5
BITMAP
0000
0E00
0E00
0420
0440
0E80
1100
2280
4240
4240
8420
8420
FC20
8020
8020
8020
4040
4040
2080
1100
0E00
0000
ENDCHAR
STARTCHAR uni23F2
ENCODING 9202
SWIDTH 500 0
DWIDTH 11 0
BBX 11 22 0 -5
BITMAP
0000
0E00
0E00
0E00
0E00
1700
2780
47C0
47C0
87A0
87E0
87E0
E7E0
83E0
83E0
81A0
41C0
40C0
2080
1500
0E00
0000
ENDCHAR
STARTCHAR uni23F3
ENCODING 9203
SWIDTH 500 0
DWIDTH 11 0
BBX 11 22 0 -5
BITMAP
0000
FFE0
7FC0
4040
4040
3FC0
3F40
1E80
1F00
0E00
0A00
0E00
0E00
1500
1080
2480
2E40
3F40
7FC0
7FC0
FFE0
0000
ENDCHAR
STARTCHAR uni23F5
ENCODING 9205
SWIDTH 500 0
DWIDTH 11 0
BBX 11 22 0 -5
BITMAP
0000
0000
0000
0000
0000
0000
4000
7000
7C00
7F00
7FC0
7F00
7C00
7000
4000
0000
0000
0000
0000
0000
0000
0000
ENDCHAR
STARTCHAR uni23F8
ENCODING 9208
SWIDTH 500 0
DWIDTH 11 0
BBX 11 22 0 -5
BITMAP
0000
0000
0000
0000
0000
60C0
60C0
60C0
60C0
60C0
60C0
60C0
60C0
60C0
60C0
60C0
0000
0000
0000
0000
0000
0000
ENDCHAR
STARTCHAR uni23F9
ENCODING 9209
SWIDTH 500 0
DWIDTH 11 0
BBX 11 22 0 -5
BITMAP
0000
0000
0000
0000
0000
FFC0
FFC0
FFC0
FFC0
FFC0
FFC0
FFC0
FFC0
FFC0
FFC0
0000
0000
0000
0000
0000
0000
0000
ENDCHAR
STARTCHAR uni23FA
ENCODING 9210
SWIDTH 500 0
DWIDTH 11 0
BBX 11 22 0 -5
BITMAP
0000
0000
0000
0000
0000
0000
0000
0000
0E00
1F00
3F80
3F80
3F80
1F00
0E00
0000
0000
0000
0000
0000
0000
0000
ENDCHAR
STARTCHAR uni24C2
ENCODING 9410
SWIDTH 500 0
DWIDTH 11 0
BBX 11 22 0 -5
BITMAP
0000
0000
0000
0000
0000
1F00
2080
5140
5B40
5540
5540
5140
2080
1F00
0000
0000
0000
0000
0000
0000
0000
0000
ENDCHAR
STARTCHAR uni24D8
ENCODING 9432
SWIDTH 500 0
DWIDTH 11 0
BBX 11 22 0 -5
BITMAP
0000
0000
0000
1F00
2080
4040
8420
8020
8420
8420
8420
8420
8420
8420
4040
2080
1F00
0000
0000
0000
0000
0000
ENDCHAR
STARTCHAR uni2504
ENCODING 9476
SWIDTH 500 0
DWIDTH 11 0
BBX 11 22 0 -5
BITMAP
0000
0000
0000
0000
0000
0000
0000
0000
0000
0000
DDC0
0000
0000
0000
0000
0000
0000
0000
0000
0000
0000
0000
ENDCHAR
STARTCHAR uni2505
ENCODING 9477
SWIDTH 500 0
DWIDTH 11 0
BBX 11 22 0 -5
BITMAP
0000
0000
0000
0000
0000
0000
0000
0000
0000
0000
DDC0
DDC0
0000
0000
0000
0000
0000
0000
0000
0000
0000
0000
ENDCHAR
STARTCHAR uni2506
ENCODING 9478
SWIDTH 500 0
DWIDTH 11 0
BBX 11 22 0 -5
BITMAP
0400
0400
0400
0400
0400
0400
0000
0400
0400
0400
0400
0400
0400
0000
0400
0400
0400
0400
0400
0400
0400
0000
ENDCHAR
STARTCHAR uni2507
ENCODING 9479
SWIDTH 500 0
DWIDTH 11 0
BBX 11 22 0 -5
BITMAP
0C00
0C00
0C00
0C00
0C00
0C00
0000
0C00
0C00
0C00
0C00
0C00
0C00
0000
0C00
0C00
0C00
0C00
0C00
0C00
0C00
0000
ENDCHAR
STARTCHAR uni254C
ENCODING 9548
SWIDTH 500 0
DWIDTH 11 0
BBX 11 22 0 -5
BITMAP
0000
0000
0000
0000
0000
0000
0000
0000
0000
0000
F7C0
0000
0000
0000
0000
0000
0000
0000
0000
0000
0000
0000
ENDCHAR
STARTCHAR uni254D
ENCODING 9549
SWIDTH 500 0
DWIDTH 11 0
BBX 11 22 0 -5
BITMAP
0000
0000
0000
0000
0000
0000
0000
0000
0000
0000
F7C0
F7C0
0000
0000
0000
0000
0000
0000
0000
0000
0000
0000
ENDCHAR
STARTCHAR uni254E
ENCODING 9550
SWIDTH 500 0
DWIDTH 11 0
BBX 11 22 0 -5
BITMAP
0400
0400
0400
0400
0400
0400
0400
0400
0400
0000
0000
0400
0400
0400
0400
0400
0400
0400
0400
0400
0000
0000
ENDCHAR
STARTCHAR uni254F
ENCODING 9551
SWIDTH 500 0
DWIDTH 11 0
BBX 11 22 0 -5
BITMAP
0C00
0C00
0C00
0C00
0C00
0C00
0C00
0C00
0C00
0000
0000
0C00
0C00
0C00
0C00
0C00
0C00
0C00
0C00
0C00
0000
0000
ENDCHAR
STARTCHAR uni2594
ENCODING 9620
SWIDTH 500 0
DWIDTH 11 0
BBX 11 22 0 -5
BITMAP
FFE0
FFE0
FFE0
0000
0000
0000
0000
0000
0000
0000
0000
0000
0000
0000
0000
0000
0000
0000
0000
0000
0000
0000
ENDCHAR
STARTCHAR uni2595
ENCODING 9621
SWIDTH 500 0
DWIDTH 11 0
BBX 11 22 0 -5
BITMAP
0020
0020
0020
0020
0020
0020
0020
0020
0020
0020
0020
0020
0020
0020
0020
0020
0020
0020
0020
0020
0020
0020
ENDCHAR
STARTCHAR uni25A1
ENCODING 9633
SWIDTH 500 0
DWIDTH 11 0
BBX 11 22 0 -5
BITMAP
0000
0000
0000
0000
0000
FFC0
8040
8040
8040
8040
8040
8040
8040
8040
FFC0
0000
0000
0000
0000
0000
0000
0000
ENDCHAR
STARTCHAR uni25A2
ENCODING 9634
SWIDTH 500 0
DWIDTH 11 0
BBX 11 22 0 -5
BITMAP
0000
0000
0000
0000
0000
7F80
8040
8040
8040
8040
8040
8040
8040
8040
7F80
0000
0000
0000
0000
0000
0000
0000
ENDCHAR
STARTCHAR uni25A3
ENCODING 9635
SWIDTH 500 0
DWIDTH 11 0
BBX 11 22 0 -5
BITMAP
0000
0000
0000
0000
0000
FFC0
8040
8040
9C40
9C40
9C40
8040
8040
8040
FFC0
0000
0000
0000
0000
0000
0000
0000
ENDCHAR
STARTCHAR uni25A4
ENCODING 9636
SWIDTH 500 0
DWIDTH 11 0
BBX 11 22 0 -5
BITMAP
0000
0000
0000
0000
0000
FFC0
8040
FFC0
8040
FFC0
8040
FFC0
8040
FFC0
FFC0
0000
0000
0000
0000
0000
0000
0000
ENDCHAR
STARTCHAR uni25A5
ENCODING 9637
SWIDTH 500 0
DWIDTH 11 0
BBX 11 22 0 -5
BITMAP
0000
0000
0000
0000
0000
FFC0
D540
D540
D540
D540
D540
D540
D540
D540
FFC0
0000
0000
0000
0000
0000
0000
0000
ENDCHAR
STARTCHAR uni25A6
ENCODING 9638
SWIDTH 500 0
DWIDTH 11 0
BBX 11 22 0 -5
BITMAP
0000
0000
0000
0000
0000
FFC0
FFC0
C940
C940
FFC0
C940
C940
FFC0
C940
FFC0
0000
0000
0000
0000
0000
0000
0000
ENDCHAR
STARTCHAR uni25A7
ENCODING 9639
SWIDTH 500 0
DWIDTH 11 0
BBX 11 22 0 -5
BITMAP
0000
0000
0000
0000
0000
FFC0
C940
A4C0
9240
C940
A4C0
9240
C940
A4C0
FFC0
0000
0000
0000
0000
0000
0000
0000
ENDCHAR
STARTCHAR uni25A8
ENCODING 9640
SWIDTH 500 0
DWIDTH 11 0
BBX 11 22 0 -5
BITMAP
0000
0000
0000
0000
0000
FFC0
A4C0
C940
9240
A4C0
C940
9240
A4C0
C940
FFC0
0000
0000
0000
0000
0000
0000
0000
ENDCHAR
STARTCHAR uni25A9
ENCODING 9641
SWIDTH 500 0
DWIDTH 11 0
BBX 11 22 0 -5
BITMAP
0000
0000
0000
0000
0000
FFC0
EDC0
EDC0
9240
EDC0
EDC0
9240
EDC0
EDC0
FFC0
0000
0000
0000
0000
0000
0000
0000
ENDCHAR
STARTCHAR uni25AA
ENCODING 9642
SWIDTH 500 0
DWIDTH 11 0
BBX 11 22 0 -5
BITMAP
0000
0000
0000
0000
0000
0000
0000
0000
1F00
1F00
1F00
1F00
1F00
0000
0000
0000
0000
0000
0000
0000
0000
0000
ENDCHAR
STARTCHAR uni25AB
ENCODING 9643
SWIDTH 500 0
DWIDTH 11 0
BBX 11 22 0 -5
BITMAP
0000
0000
0000
0000
0000
0000
0000
0000
1F00
1100
1100
1100
1F00
0000
0000
0000
0000
0000
0000
0000
0000
0000
ENDCHAR
STARTCHAR uni25AD
ENCODING 9645
SWIDTH 500 0
DWIDTH 11 0
BBX 11 22 0 -5
BITMAP
0000
0000
0000
0000
0000
0000
0000
0000
FFC0
8040
8040
8040
FFC0
0000
0000
0000
0000
0000
0000
0000
0000
0000
ENDCHAR
STARTCHAR uni25AF
ENCODING 9647
SWIDTH 500 0
DWIDTH 11 0
BBX 11 22 0 -5
BITMAP
0000
0000
0000
3F00
2100
2100
2100
2100
2100
2100
2100
2100
2100
2100
2100
2100
3F00
0000
0000
0000
0000
0000
ENDCHAR
STARTCHAR uni25B0
ENCODING 9648
SWIDTH 500 0
DWIDTH 11 0
BBX 11 22 0 -5
BITMAP
0000
0000
0000
0000
0000
0000
3FC0
3FC0
7F80
7F80
7F80
FF00
FF00
0000
0000
0000
0000
0000
0000
0000
0000
0000
ENDCHAR
STARTCHAR uni25B1
ENCODING 9649
SWIDTH 500 0
DWIDTH 11 0
BBX 11 22 0 -5
BITMAP
0000
0000
0000
0000
0000
0000
3FC0
2040
4080
4080
4080
8100
FF00
0000
0000
0000
0000
0000
0000
0000
0000
0000
ENDCHAR
STARTCHAR uni25B3
ENCODING 9651
SWIDTH 500 0
DWIDTH 11 0
BBX 11 22 0 -5
BITMAP
0000
0000
0000
0000
0000
0000
0400
0A00
0A00
1100
1100
2080
2080
4040
7FC0
0000
0000
0000
0000
0000
0000
0000
ENDCHAR
STARTCHAR uni25B4
ENCODING 9652
SWIDTH 500 0
DWIDTH 11 0
BBX 11 22 0 -5
BITMAP
0000
0000
0000
0000
0000
0000
0000
0000
0400
0E00
1F00
3F80
0000
0000
0000
0000
0000
0000
0000
0000
0000
0000
ENDCHAR
STARTCHAR uni25B5
ENCODING 9653
SWIDTH 500 0
DWIDTH 11 0
BBX 11 22 0 -5
BITMAP
0000
0000
0000
0000
0000
0000
0000
0000
0400
0A00
1100
3F80
0000
0000
0000
0000
0000
0000
0000
0000
0000
0000
ENDCHAR
STARTCHAR uni25B7
ENCODING 9655
SWIDTH 500 0
DWIDTH 11 0
BBX 11 22 0 -5
BITMAP
0000
0000
0000
0000
0000
4000
7000
4800
4600
4100
40C0
4100
4600
4800
7000
4000
0000
0000
0000
0000
0000
0000
ENDCHAR
STARTCHAR uni25B8
ENCODING 9656
SWIDTH 500 0
DWIDTH 11 0
BBX 11 22 0 -5
BITMAP
0000
0000
0000
0000
0000
0000
0000
1000
1800
1C00
1E00
1C00
1800
1000
0000
0000
0000
0000
0000
0000
0000
0000
ENDCHAR
STARTCHAR uni25B9
ENCODING 9657
SWIDTH 500 0
DWIDTH 11 0
BBX 11 22 0 -5
BITMAP
0000
0000
0000
0000
0000
0000
0000
1000
1800
1400
1200
1400
1800
1000
0000
0000
0000
0000
0000
0000
0000
0000
ENDCHAR
STARTCHAR uni25BB
ENCODING 9659
SWIDTH 500 0
DWIDTH 11 0
BBX 11 22 0 -5
BITMAP
0000
0000
0000
0000
0000
0000
C000
B000
4C00
4300
20C0
2180
4600
5800
E000
8000
0000
0000
0000
0000
0000
0000
ENDCHAR
STARTCHAR uni25BD
ENCODING 9661
SWIDTH 500 0
DWIDTH 11 0
BBX 11 22 0 -5
BITMAP
0000
0000
0000
0000
0000
0000
7FC0
4040
2080
2080
1100
1100
0A00
0A00
0400
0000
0000
0000
0000
0000
0000
0000
ENDCHAR
STARTCHAR uni25BE
ENCODING 9662
SWIDTH 500 0
DWIDTH 11 0
BBX 11 22 0 -5
BITMAP
0000
0000
0000
0000
0000
0000
0000
0000
3F80
1F00
0E00
0400
0000
0000
0000
0000
0000
0000
0000
0000
0000
0000
ENDCHAR
STARTCHAR uni25BF
ENCODING 9663
SWIDTH 500 0
DWIDTH 11 0
BBX 11 22 0 -5
BITMAP
0000
0000
0000
0000
0000
0000
0000
0000
3F80
1100
0A00
0400
0000
0000
0000
0000
0000
0000
0000
0000
0000
0000
ENDCHAR
STARTCHAR uni25C1
ENCODING 9665
SWIDTH 500 0
DWIDTH 11 0
BBX 11 22 0 -5
BITMAP
0000
0000
0000
0000
0000
0040
01C0
0240
0C40
1040
6040
1040
0C40
0240
01C0
0040
0000
0000
0000
0000
0000
0000
ENDCHAR
STARTCHAR uni25C2
ENCODING 9666
SWIDTH 500 0
DWIDTH 11 0
BBX 11 22 0 -5
BITMAP
0000
0000
0000
0000
0000
0000
0000
0200
0600
0E00
1E00
0E00
0600
0200
0000
0000
0000
0000
0000
0000
0000
0000
ENDCHAR
STARTCHAR uni25C3
ENCODING 9667
SWIDTH 500 0
DWIDTH 11 0
BBX 11 22 0 -5
BITMAP
0000
0000
0000
0000
0000
0000
0000
0200
0600
0A00
1200
0A00
0600
0200
0000
0000
0000
0000
0000
0000
0000
0000
ENDCHAR
STARTCHAR uni25C5
ENCODING 9669
SWIDTH 500 0
DWIDTH 11 0
BBX 11 22 0 -5
BITMAP
0000
0000
0000
0000
0000
0000
0060
01A0
0640
1840
6080
3080
0C40
0340
00E0
0020
0000
0000
0000
0000
0000
0000
ENDCHAR
STARTCHAR uni25C7
ENCODING 9671
SWIDTH 500 0
DWIDTH 11 0
BBX 11 22 0 -5
BITMAP
0000
0000
0000
0000
0000
0400
0A00
1100
1100
2080
4040
2080
1100
1100
0A00
0400
0000
0000
0000
0000
0000
0000
ENDCHAR
STARTCHAR uni25C8
ENCODING 9672
SWIDTH 500 0
DWIDTH 11 0
BBX 11 22 0 -5
BITMAP
0000
0000
0000
0000
0000
0400
0A00
1100
1100
2080
4440
2080
1100
1100
0A00
0400
0000
0000
0000
0000
0000
0000
ENDCHAR
STARTCHAR uni25C9
ENCODING 9673
SWIDTH 500 0
DWIDTH 11 0
BBX 11 22 0 -5
BITMAP
0000
0000
0000
0000
0000
1F00
2080
4040
8020
8420
8E20
8420
8020
4040
2080
1F00
0000
0000
0000
0000
0000
0000
ENDCHAR
STARTCHAR uni25CC
ENCODING 9676
SWIDTH 500 0
DWIDTH 11 0
BBX 11 22 0 -5
BITMAP
0000
0000
0000
0000
0000
0000
0400
2080
0000
0000
4040
0000
0000
2080
0400
0000
0000
0000
0000
0000
0000
0000
ENDCHAR
STARTCHAR uni25CD
ENCODING 9677
SWIDTH 500 0
DWIDTH 11 0
BBX 11 22 0 -5
BITMAP
0000
0000
0000
0000
0000
1F00
2A80
6AC0
AAA0
AAA0
AAA0
AAA0
AAA0
6AC0
2A80
1F00
0000
0000
0000
0000
0000
0000
ENDCHAR
STARTCHAR uni25CE
ENCODING 9678
SWIDTH 500 0
DWIDTH 11 0
BBX 11 22 0 -5
BITMAP
0000
0000
0000
0000
0000
1F00
2080
4040
8E20
9120
9120
9120
8E20
4040
2080
1F00
0000
0000
0000
0000
0000
0000
ENDCHAR
STARTCHAR uni25D0
ENCODING 9680
SWIDTH 500 0
DWIDTH 11 0
BBX 11 22 0 -5
BITMAP
0000
0000
0000
0000
0000
1F00
3880
7840
F820
F820
F820
F820
F820
7840
3880
1F00
0000
0000
0000
0000
0000
0000
ENDCHAR
STARTCHAR uni25D1
ENCODING 9681
SWIDTH 500 0
DWIDTH 11 0
BBX 11 22 0 -5
BITMAP
0000
0000
0000
0000
0000
1F00
2780
47C0
87E0
87E0
87E0
87E0
87E0
47C0
2780
1F00
0000
0000
0000
0000
0000
0000
ENDCHAR
STARTCHAR uni25D2
ENCODING 9682
SWIDTH 500 0
DWIDTH 11 0
BBX 11 22 0 -5
BITMAP
0000
0000
0000
0000
0000
1F00
2080
4040
8020
8020
FFE0
FFE0
FFE0
7FC0
3F80
1F00
0000
0000
0000
0000
0000
0000
ENDCHAR
STARTCHAR uni25D3
ENCODING 9683
SWIDTH 500 0
DWIDTH 11 0
BBX 11 22 0 -5
BITMAP
0000
0000
0000
0000
0000
1F00
3F80
7FC0
FFE0
FFE0
8020
8020
8020
4040
2080
1F00
0000
0000
0000
0000
0000
0000
ENDCHAR
STARTCHAR uni25D4
ENCODING 9684
SWIDTH 500 0
DWIDTH 11 0
BBX 11 22 0 -5
BITMAP
0000
0000
0000
0000
0000
1F00
2780
47C0
87E0
87E0
8020
8020
8020
4040
2080
1F00
0000
0000
0000
0000
0000
0000
ENDCHAR
STARTCHAR uni25D5
ENCODING 9685
SWIDTH 500 0
DWIDTH 11 0
BBX 11 22 0 -5
BITMAP
0000
0000
0000
0000
0000
1F00
2780
47C0
87E0
87E0
FFE0
FFE0
FFE0
7FC0
3F80
1F00
0000
0000
0000
0000
0000
0000
ENDCHAR
STARTCHAR uni25D6
ENCODING 9686
SWIDTH 500 0
DWIDTH 11 0
BBX 11 22 0 -5
BITMAP
0000
0000
0000
0000
0000
1800
3800
7800
F800
F800
F800
F800
F800
7800
3800
1800
0000
0000
0000
0000
0000
0000
ENDCHAR
STARTCHAR uni25D7
ENCODING 9687
SWIDTH 500 0
DWIDTH 11 0
BBX 11 22 0 -5
BITMAP
0000
0000
0000
0000
0000
0700
0780
07C0
07E0
07E0
07E0
07E0
07E0
07C0
0780
0700
0000
0000
0000
0000
0000
0000
ENDCHAR
STARTCHAR uni25DA
ENCODING 9690
SWIDTH 500 0
DWIDTH 11 0
BBX 11 22 0 -5
BITMAP
0000
0000
0000
0000
0000
FFE0
E0E0
C060
8020
8020
0000
0000
0000
0000
0000
0000
0000
0000
0000
0000
0000
0000
ENDCHAR
STARTCHAR uni25DB
ENCODING 9691
SWIDTH 500 0
DWIDTH 11 0
BBX 11 22 0 -5
BITMAP
0000
0000
0000
0000
0000
0000
0000
0000
0000
0000
8020
8020
8020
C060
E0E0
FFE0
0000
0000
0000
0000
0000
0000
ENDCHAR
STARTCHAR uni25DC
ENCODING 9692
SWIDTH 500 0
DWIDTH 11 0
BBX 11 22 0 -5
BITMAP
0000
0000
0000
0000
0000
1800
2000
4000
8000
8000
0000
0000
0000
0000
0000
0000
0000
0000
0000
0000
0000
0000
ENDCHAR
STARTCHAR uni25DD
ENCODING 9693
SWIDTH 500 0
DWIDTH 11 0
BBX 11 22 0 -5
BITMAP
0000
0000
0000
0000
0000
0700
0080
0040
0020
0020
0000
0000
0000
0000
0000
0000
0000
0000
0000
0000
0000
0000
ENDCHAR
STARTCHAR uni25DE
ENCODING 9694
SWIDTH 500 0
DWIDTH 11 0
BBX 11 22 0 -5
BITMAP
0000
0000
0000
0000
0000
0000
0000
0000
0000
0000
0020
0020
0020
0040
0080
0700
0000
0000
0000
0000
0000
0000
ENDCHAR
STARTCHAR uni25DF
ENCODING 9695
SWIDTH 500 0
DWIDTH 11 0
BBX 11 22 0 -5
BITMAP
0000
0000
0000
0000
0000
0000
0000
0000
0000
0000
8000
8000
8000
4000
2000
1800
0000
0000
0000
0000
0000
0000
ENDCHAR
STARTCHAR uni25E0
ENCODING 9696
SWIDTH 500 0
DWIDTH 11 0
BBX 11 22 0 -5
BITMAP
0000
0000
0000
0000
0000
1F00
2080
4040
8020
8020
0000
0000
0000
0000
0000
0000
0000
0000
0000
0000
0000
0000
ENDCHAR
STARTCHAR uni25E1
ENCODING 9697
SWIDTH 500 0
DWIDTH 11 0
BBX 11 22 0 -5
BITMAP
0000
0000
0000
0000
0000
0000
0000
0000
0000
0000
8020
8020
8020
4040
2080
1F00
0000
0000
0000
0000
0000
0000
ENDCHAR
STARTCHAR uni25E2
ENCODING 9698
SWIDTH 500 0
DWIDTH 11 0
BBX 11 22 0 -5
BITMAP
0000
0000
0000
0000
0000
0040
00C0
01C0
03C0
07C0
0FC0
1FC0
3FC0
7FC0
FFC0
0000
0000
0000
0000
0000
0000
0000
ENDCHAR
STARTCHAR uni25E3
ENCODING 9699
SWIDTH 500 0
DWIDTH 11 0
BBX 11 22 0 -5
BITMAP
0000
0000
0000
0000
0000
8000
C000
E000
F000
F800
FC00
FE00
FF00
FF80
FFC0
0000
0000
0000
0000
0000
0000
0000
ENDCHAR
STARTCHAR uni25E4
ENCODING 9700
SWIDTH 500 0
DWIDTH 11 0
BBX 11 22 0 -5
BITMAP
0000
0000
0000
0000
0000
FFC0
FF80
FF00
FE00
FC00
F800
F000
E000
C000
8000
0000
0000
0000
0000
0000
0000
0000
ENDCHAR
STARTCHAR uni25E5
ENCODING 9701
SWIDTH 500 0
DWIDTH 11 0
BBX 11 22 0 -5
BITMAP
0000
0000
0000
0000
0000
FFC0
7FC0
3FC0
1FC0
0FC0
07C0
03C0
01C0
00C0
0040
0000
0000
0000
0000
0000
0000
0000
ENDCHAR
STARTCHAR uni25E6
ENCODING 9702
SWIDTH 500 0
DWIDTH 11 0
BBX 11 22 0 -5
BITMAP
0000
0000
0000
0000
0000
0000
0000
0000
0C00
1200
1200
0C00
0000
0000
0000
0000
0000
0000
0000
0000
0000
0000
ENDCHAR
STARTCHAR uni25E7
ENCODING 9703
SWIDTH 500 0
DWIDTH 11 0
BBX 11 22 0 -5
BITMAP
0000
0000
0000
0000
0000
FFC0
F840
F840
F840
F840
F840
F840
F840
F840
FFC0
0000
0000
0000
0000
0000
0000
0000
ENDCHAR
STARTCHAR uni25E8
ENCODING 9704
SWIDTH 500 0
DWIDTH 11 0
BBX 11 22 0 -5
BITMAP
0000
0000
0000
0000
0000
FFC0
8FC0
8FC0
8FC0
8FC0
8FC0
8FC0
8FC0
8FC0
FFC0
0000
0000
0000
0000
0000
0000
0000
ENDCHAR
STARTCHAR uni25E9
ENCODING 9705
SWIDTH 500 0
DWIDTH 11 0
BBX 11 22 0 -5
BITMAP
0000
0000
0000
0000
0000
FFC0
FFC0
FF40
FE40
FC40
F840
F040
E040
C040
FFC0
0000
0000
0000
0000
0000
0000
0000
ENDCHAR
STARTCHAR uni25EA
ENCODING 9706
SWIDTH 500 0
DWIDTH 11 0
BBX 11 22 0 -5
BITMAP
0000
0000
0000
0000
0000
FFC0
80C0
81C0
83C0
87C0
8FC0
9FC0
BFC0
FFC0
FFC0
0000
0000
0000
0000
0000
0000
0000
ENDCHAR
STARTCHAR uni25EB
ENCODING 9707
SWIDTH 500 0
DWIDTH 11 0
BBX 11 22 0 -5
BITMAP
0000
0000
0000
0000
0000
FFC0
8840
8840
8840
8840
8840
8840
8840
8840
FFC0
0000
0000
0000
0000
0000
0000
0000
ENDCHAR
STARTCHAR uni25EC
ENCODING 9708
SWIDTH 500 0
DWIDTH 11 0
BBX 11 22 0 -5
BITMAP
0000
0000
0000
0000
0000
0000
0400
0A00
0A00
1100
1100
2480
2080
4040
7FC0
0000
0000
0000
0000
0000
0000
0000
ENDCHAR
STARTCHAR uni25ED
ENCODING 9709
SWIDTH 500 0
DWIDTH 11 0
BBX 11 22 0 -5
BITMAP
0000
0000
0000
0000
0000
0000
0400
0E00
0E00
1D00
1D00
3C80
3C80
7C40
7FC0
0000
0000
0000
0000
0000
0000
0000
ENDCHAR
STARTCHAR uni25EE
ENCODING 9710
SWIDTH 500 0
DWIDTH 11 0
BBX 11 22 0 -5
BITMAP
0000
0000
0000
0000
0000
0000
0400
0E00
0E00
1700
1700
2780
2780
47C0
7FC0
0000
0000
0000
0000
0000
0000
0000
ENDCHAR
STARTCHAR uni25EF
ENCODING 9711
SWIDTH 500 0
DWIDTH 11 0
BBX 11 22 0 -5
BITMAP
0000
0000
0000
0000
0000
1F00
2080
4040
8020
8020
8020
8020
8020
4040
2080
1F00
0000
0000
0000
0000
0000
0000
ENDCHAR
STARTCHAR uni25F0
ENCODING 9712
SWIDTH 500 0
DWIDTH 11 0
BBX 11 22 0 -5
BITMAP
0000
0000
0000
0000
0000
FFC0
8840
8840
8840
F840
8040
8040
8040
8040
FFC0
0000
0000
0000
0000
0000
0000
0000
ENDCHAR
STARTCHAR uni25F1
ENCODING 9713
SWIDTH 500 0
DWIDTH 11 0
BBX 11 22 0 -5
BITMAP
0000
0000
0000
0000
0000
FFC0
8040
8040
8040
F840
8840
8840
8840
8840
FFC0
0000
0000
0000
0000
0000
0000
0000
ENDCHAR
STARTCHAR uni25F2
ENCODING 9714
SWIDTH 500 0
DWIDTH 11 0
BBX 11 22 0 -5
BITMAP
0000
0000
0000
0000
0000
FFC0
8040
8040
8040
8FC0
8840
8840
8840
8840
FFC0
0000
0000
0000
0000
0000
0000
0000
ENDCHAR
STARTCHAR uni25F3
ENCODING 9715
SWIDTH 500 0
DWIDTH 11 0
BBX 11 22 0 -5
BITMAP
0000
0000
0000
0000
0000
FFC0
8840
8840
8840
8FC0
8040
8040
8040
8040
FFC0
0000
0000
0000
0000
0000
0000
0000
ENDCHAR
STARTCHAR uni25F4
ENCODING 9716
SWIDTH 500 0
DWIDTH 11 0
BBX 11 22 0 -5
BITMAP
0000
0000
0000
0000
0000
1F00
2480
4440
8420
8420
FC20
8020
8020
4040
2080
1F00
0000
0000
0000
0000
0000
0000
ENDCHAR
STARTCHAR uni25F5
ENCODING 9717
SWIDTH 500 0
DWIDTH 11 0
BBX 11 22 0 -5
BITMAP
0000
0000
0000
0000
0000
1F00
2080
4040
8020
8020
FC20
8420
8420
4440
2480
1F00
0000
0000
0000
0000
0000
0000
ENDCHAR
STARTCHAR uni25F6
ENCODING 9718
SWIDTH 500 0
DWIDTH 11 0
BBX 11 22 0 -5
BITMAP
0000
0000
0000
0000
0000
1F00
2080
4040
8020
8020
87E0
8420
8420
4440
2480
1F00
0000
0000
0000
0000
0000
0000
ENDCHAR
STARTCHAR uni25F7
ENCODING 9719
SWIDTH 500 0
DWIDTH 11 0
BBX 11 22 0 -5
BITMAP
0000
0000
0000
0000
0000
1F00
2480
4440
8420
8420
87E0
8020
8020
4040
2080
1F00
0000
0000
0000
0000
0000
0000
ENDCHAR
STARTCHAR uni25F8
ENCODING 9720
SWIDTH 500 0
DWIDTH 11 0
BBX 11 22 0 -5
BITMAP
0000
0000
0000
0000
0000
FFC0
8080
8100
8200
8400
8800
9000
A000
C000
8000
0000
0000
0000
0000
0000
0000
0000
ENDCHAR
STARTCHAR uni25F9
ENCODING 9721
SWIDTH 500 0
DWIDTH 11 0
BBX 11 22 0 -5
BITMAP
0000
0000
0000
0000
0000
FFC0
4040
2040
1040
0840
0440
0240
0140
00C0
0040
0000
0000
0000
0000
0000
0000
0000
ENDCHAR
STARTCHAR uni25FA
ENCODING 9722
SWIDTH 500 0
DWIDTH 11 0
BBX 11 22 0 -5
BITMAP
0000
0000
0000
0000
0000
8000
C000
A000
9000
8800
8400
8200
8100
8080
FFC0
0000
0000
0000
0000
0000
0000
0000
ENDCHAR
STARTCHAR uni25FB
ENCODING 9723
SWIDTH 500 0
DWIDTH 11 0
BBX 11 22 0 -5
BITMAP
0000
0000
0000
0000
0000
0000
7F80
4080
4080
4080
4080
4080
4080
7F80
0000
0000
0000
0000
0000
0000
0000
0000
ENDCHAR
STARTCHAR uni25FC
ENCODING 9724
SWIDTH 500 0
DWIDTH 11 0
BBX 11 22 0 -5
BITMAP
0000
0000
0000
0000
0000
0000
7F80
7F80
7F80
7F80
7F80
7F80
7F80
7F80
0000
0000
0000
0000
0000
0000
0000
0000
ENDCHAR
STARTCHAR uni25FD
ENCODING 9725
SWIDTH 500 0
DWIDTH 11 0
BBX 11 22 0 -5
BITMAP
0000
0000
0000
0000
0000
0000
0000
3F00
2100
2100
2100
2100
3F00
0000
0000
0000
0000
0000
0000
0000
0000
0000
ENDCHAR
STARTCHAR uni25FE
ENCODING 9726
SWIDTH 500 0
DWIDTH 11 0
BBX 11 22 0 -5
BITMAP
0000
0000
0000
0000
0000
0000
0000
3F00
3F00
3F00
3F00
3F00
3F00
0000
0000
0000
0000
0000
0000
0000
0000
0000
ENDCHAR
STARTCHAR uni25FF
ENCODING 9727
SWIDTH 500 0
DWIDTH 11 0
BBX 11 22 0 -5
BITMAP
0000
0000
0000
0000
0000
0040
00C0
0140
0240
0440
0840
1040
2040
4040
FFC0
0000
0000
0000
0000
0000
0000
0000
ENDCHAR
STARTCHAR uni2600
ENCODING 9728
SWIDTH 500 0
DWIDTH 11 0
BBX 11 22 0 -5
BITMAP
0000
0000
0000
0000
0400
0400
4440
2E80
1F00
3F80
FFE0
3F80
3F80
1F00
2E80
4440
0400
0400
0000
0000
0000
0000
ENDCHAR
STARTCHAR uni2601
ENCODING 9729
SWIDTH 500 0
DWIDTH 11 0
BBX 11 22 0 -5
BITMAP
0000
0000
0000
0000
0000
0000
0000
0000
0000
3000
4B00
8480
8040
7F80
0000
0000
0000
0000
0000
0000
0000
0000
ENDCHAR
STARTCHAR uni2602
ENCODING 9730
SWIDTH 500 0
DWIDTH 11 0
BBX 11 22 0 -5
BITMAP
0000
0000
0000
0000
0000
1C00
2A00
5D00
5D00
9C80
FB80
AE80
0800
0800
0800
0800
0800
0800
4800
3000
0000
0000
ENDCHAR
STARTCHAR uni2603
ENCODING 9731
SWIDTH 500 0
DWIDTH 11 0
BBX 11 22 0 -5
BITMAP
0000
0000
1F20
9F00
1F00
1F00
3F80
1900
1380
1100
4E20
3140
2480
2080
1100
2EA0
C040
4440
4040
2080
1F00
0000
ENDCHAR
STARTCHAR uni2604
ENCODING 9732
SWIDTH 500 0
DWIDTH 11 0
BBX 11 22 0 -5
BITMAP
0000
0020
0120
0160
0160
0B40
0BC0
0BC0
17C0
1540
1540
1480
2080
3080
4880
B500
A600
C400
8400
4800
3000
0000
ENDCHAR
STARTCHAR uni2605
ENCODING 9733
SWIDTH 500 0
DWIDTH 11 0
BBX 11 22 0 -5
BITMAP
0000
0000
0000
0000
0000
0000
0400
0400
0E00
7FC0
3F80
1F00
1F00
3B80
2080
0000
0000
0000
0000
0000
0000
0000
ENDCHAR
STARTCHAR uni2606
ENCODING 9734
SWIDTH 500 0
DWIDTH 11 0
BBX 11 22 0 -5
BITMAP
0000
0000
0000
0000
0000
0000
0400
0400
0A00
71C0
2080
1100
1500
3B80
2080
0000
0000
0000
0000
0000
0000
0000
ENDCHAR
STARTCHAR uni260E
ENCODING 9742
SWIDTH 500 0
DWIDTH 11 0
BBX 11 22 0 -5
BITMAP
0000
0000
0000
0000
0000
0000
7FC0
7FC0
F1E0
71C0
7FC0
1100
2480
2A80
4440
7FC0
0000
0000
0000
0000
0000
0000
ENDCHAR
STARTCHAR uni2610
ENCODING 9744
SWIDTH 500 0
DWIDTH 11 0
BBX 11 22 0 -5
BITMAP
0000
0000
0000
0000
0000
FFC0
8040
8040
8040
8040
8040
8040
8040
8040
8040
FFC0
0000
0000
0000
0000
0000
0000
ENDCHAR
STARTCHAR uni2611
ENCODING 9745
SWIDTH 500 0
DWIDTH 11 0
BBX 11 22 0 -5
BITMAP
0000
0000
0000
0000
0000
FFC0
8040
8040
80C0
8140
8240
C440
A840
9040
8040
FFC0
0000
0000
0000
0000
0000
0000
ENDCHAR
STARTCHAR uni2612
ENCODING 9746
SWIDTH 500 0
DWIDTH 11 0
BBX 11 22 0 -5
BITMAP
0000
0000
0000
0000
0000
FFE0
8020
A0A0
9120
8A20
8420
8A20
9120
A0A0
8020
FFE0
0000
0000
0000
0000
0000
0000
ENDCHAR
STARTCHAR uni2614
ENCODING 9748
SWIDTH 500 0
DWIDTH 11 0
BBX 11 22 0 -5
BITMAP
0000
4900
9200
0000
0000
1C00
2A00
5D00
5D00
9C80
FB80
AE80
0800
0800
0800
0800
0800
0800
4800
3000
0000
0000
ENDCHAR
STARTCHAR uni2615
ENCODING 9749
SWIDTH 500 0
DWIDTH 11 0
BBX 11 22 0 -5
BITMAP
0000
2400
4800
4800
2400
2400
0000
3C00
C300
BD00
81C0
8140
8140
8140
8140
8140
8140
81C0
8100
8200
7E00
0000
ENDCHAR
STARTCHAR uni2618
ENCODING 9752
SWIDTH 500 0
DWIDTH 11 0
BBX 11 22 0 -5
BITMAP
0000
0000
0000
0A00
1F00
1F00
1F00
0E00
0E00
5540
FBE0
FFE0
75C0
2480
0400
0400
0400
0400
0400
0400
0800
0000
ENDCHAR
STARTCHAR uni261D
ENCODING 9757
SWIDTH 500 0
DWIDTH 11 0
BBX 11 22 0 -5
BITMAP
0000
0C00
1200
1200
1200
1200
1200
1200
1200
1300
F280
9040
89C0
8640
4040
3840
2680
2080
2080
2080
3F80
0000
ENDCHAR
STARTCHAR uni2620
ENCODING 9760
SWIDTH 500 0
DWIDTH 11 0
BBX 11 22 0 -5
BITMAP
0000
0000
0000
3F80
4040
8020
9120
BBA0
9520
8420
4E40
2080
3F80
3F80
0A00
8020
C060
3F80
BFA0
C060
0000
0000
ENDCHAR
STARTCHAR uni2622
ENCODING 9762
SWIDTH 500 0
DWIDTH 11 0
BBX 11 22 0 -5
BITMAP
0000
0000
0000
0000
0000
0000
0000
0E00
3F80
2E80
4E40
7FC0
7FC0
3180
3180
0E00
0000
0000
0000
0000
0000
0000
ENDCHAR
STARTCHAR uni2623
ENCODING 9763
SWIDTH 500 0
DWIDTH 11 0
BBX 11 22 0 -5
BITMAP
0000
0000
0000
0000
0000
2080
2080
1F00
3B80
64C0
8A40
9B40
1B00
71C0
2080
0000
0000
0000
0000
0000
0000
0000
ENDCHAR
STARTCHAR uni2626
ENCODING 9766
SWIDTH 500 0
DWIDTH 11 0
BBX 11 22 0 -5
BITMAP
0000
0000
0000
0000
0600
0600
1F00
0600
0600
7FC0
7FC0
0600
0600
1600
0E00
0700
0600
0600
0000
0000
0000
0000
ENDCHAR
STARTCHAR uni262A
ENCODING 9770
SWIDTH 500 0
DWIDTH 11 0
BBX 11 22 0 -5
BITMAP
0000
0000
0000
0000
0000
0000
0000
0C00
3800
3100
77C0
7180
7BC0
3C00
3F80
0E00
0000
0000
0000
0000
0000
0000
ENDCHAR
STARTCHAR uni262E
ENCODING 9774
SWIDTH 500 0
DWIDTH 11 0
BBX 11 22 0 -5
BITMAP
0000
0000
0000
0000
0000
0000
0000
0E00
3580
2480
4440
4440
5F40
2480
3580
0E00
0000
0000
0000
0000
0000
0000
ENDCHAR
STARTCHAR uni262F
ENCODING 9775
SWIDTH 500 0
DWIDTH 11 0
BBX 11 22 0 -5
BITMAP
0000
0000
0000
0000
0000
0000
0000
0E00
3180
2480
40C0
4FC0
5FC0
3B80
3F80
0E00
0000
0000
0000
0000
0000
0000
ENDCHAR
STARTCHAR uni2638
ENCODING 9784
SWIDTH 500 0
DWIDTH 11 0
BBX 11 22 0 -5
BITMAP
0000
0000
0000
0000
0000
0000
0400
0400
2E80
1500
2E80
FBE0
2E80
1500
2E80
0400
0000
0000
0000
0000
0000
0000
ENDCHAR
STARTCHAR uni2639
ENCODING 9785
SWIDTH 500 0
DWIDTH 11 0
BBX 11 22 0 -5
BITMAP
0000
0000
0000
0000
0E00
3180
5B40
60C0
9120
9120
8020
8020
9F20
90A0
60C0
4040
3180
0E00
0000
0000
0000
0000
ENDCHAR
STARTCHAR uni2648
ENCODING 9800
SWIDTH 500 0
DWIDTH 11 0
BBX 11 22 0 -5
BITMAP
0000
0000
0000
0000
0000
0000
71C0
5140
4A40
0A00
0400
0400
0400
0400
0400
0400
0400
0400
0000
0000
0000
0000
ENDCHAR
STARTCHAR uni2649
ENCODING 9801
SWIDTH 500 0
DWIDTH 11 0
BBX 11 22 0 -5
BITMAP
0000
0000
0000
0000
4040
4040
4040
4040
2080
1F00
0E00
1100
2080
2080
2080
1100
0E00
0000
0000
0000
0000
0000
ENDCHAR
STARTCHAR uni264A
ENCODING 9802
SWIDTH 500 0
DWIDTH 11 0
BBX 11 22 0 -5
BITMAP
0000
0000
0000
0000
0000
0000
7FC0
1100
1100
1100
1100
1100
1100
1100
1100
3F00
40C0
0000
0000
0000
0000
0000
ENDCHAR
STARTCHAR uni264B
ENCODING 9803
SWIDTH 500 0
DWIDTH 11 0
BBX 11 22 0 -5
BITMAP
0000
0000
0000
0000
0000
0000
3F00
44C0
4400
4400
3800
0380
0440
0440
0440
63C0
1F80
0000
0000
0000
0000
0000
ENDCHAR
STARTCHAR uni264C
ENCODING 9804
SWIDTH 500 0
DWIDTH 11 0
BBX 11 22 0 -5
BITMAP
0000
0000
0000
0000
0000
0C00
1300
1100
1100
1100
0A00
3A00
4400
4400
4400
3C40
0240
01C0
0000
0000
0000
0000
ENDCHAR
STARTCHAR uni264D
ENCODING 9805
SWIDTH 500 0
DWIDTH 11 0
BBX 11 22 0 -5
BITMAP
0000
0000
0000
0000
0000
0000
5400
6E00
4900
4900
49C0
49C0
4940
4940
4980
4880
0100
0600
0000
0000
0000
0000
ENDCHAR
STARTCHAR uni264E
ENCODING 9806
SWIDTH 500 0
DWIDTH 11 0
BBX 11 22 0 -5
BITMAP
0000
0000
0000
0000
0000
0000
0000
0000
0E00
0900
1100
1100
71C0
0000
0000
7FC0
0000
0000
0000
0000
0000
0000
ENDCHAR
STARTCHAR uni264F
ENCODING 9807
SWIDTH 500 0
DWIDTH 11 0
BBX 11 22 0 -5
BITMAP
0000
0000
0000
0000
0000
0000
5400
6E00
4900
4900
4900
4900
4900
4900
4940
49E0
01E0
0000
0000
0000
0000
0000
ENDCHAR
STARTCHAR uni2650
ENCODING 9808
SWIDTH 500 0
DWIDTH 11 0
BBX 11 22 0 -5
BITMAP
0000
0000
0000
0000
0000
0000
0FC0
00C0
00C0
0140
0240
4400
2400
1800
1400
2200
2000
4000
0000
0000
0000
0000
ENDCHAR
STARTCHAR uni2651
ENCODING 9809
SWIDTH 500 0
DWIDTH 11 0
BBX 11 22 0 -5
BITMAP
0000
0000
0000
0000
0000
0000
CE00
4A00
2A00
2A00
3200
1200
1280
0340
0640
05C0
0900
0800
0000
0000
0000
0000
ENDCHAR
STARTCHAR uni2652
ENCODING 9810
SWIDTH 500 0
DWIDTH 11 0
BBX 11 22 0 -5
BITMAP
0000
0000
0000
0000
0000
0000
0000
0000
1240
2D80
4900
0000
0000
1240
2D80
4900
0000
0000
0000
0000
0000
0000
ENDCHAR
STARTCHAR uni2653
ENCODING 9811
SWIDTH 500 0
DWIDTH 11 0
BBX 11 22 0 -5
BITMAP
0000
0000
0000
0000
0000
4040
2080
2080
1100
1100
1100
7FC0
1100
1100
2080
2080
4040
0000
0000
0000
0000
0000
ENDCHAR
STARTCHAR uni265F
ENCODING 9823
SWIDTH 500 0
DWIDTH 11 0
BBX 11 22 0 -5
BITMAP
0000
0000
0000
0000
0E00
1F00
1F00
1F00
0E00
1F00
1F00
0E00
0E00
1F00
1F00
7F80
7F80
7F80
0000
0000
0000
0000
ENDCHAR
STARTCHAR uni2668
ENCODING 9832
SWIDTH 500 0
DWIDTH 11 0
BBX 11 22 0 -5
BITMAP
0000
2480
2480
4900
4900
4900
4480
2480
2240
2240
2240
2480
2480
2480
1F00
60C0
8020
A1A0
9E20
60C0
1F00
0000
ENDCHAR
STARTCHAR uni266C
ENCODING 9836
SWIDTH 500 0
DWIDTH 11 0
BBX 11 22 0 -5
BITMAP
0000
0000
0000
00C0
0F40
30C0
2F40
3040
2040
2040
2040
2040
21C0
21C0
E000
E000
0000
0000
0000
0000
0000
0000
ENDCHAR
STARTCHAR uni267B
ENCODING 9851
SWIDTH 500 0
DWIDTH 11 0
BBX 11 22 0 -5
BITMAP
0000
0000
0000
0000
0000
0400
0B00
0B00
1700
0180
1080
F080
3280
5640
7FC0
0600
0200
0000
0000
0000
0000
0000
ENDCHAR
STARTCHAR uni267E
ENCODING 9854
SWIDTH 500 0
DWIDTH 11 0
BBX 11 22 0 -5
BITMAP
0000
0000
0000
0000
0000
0000
0000
0000
0000
71C0
4A40
4440
4A40
71C0
0000
0000
0000
0000
0000
0000
0000
0000
ENDCHAR
STARTCHAR uni267F
ENCODING 9855
SWIDTH 500 0
DWIDTH 11 0
BBX 11 22 0 -5
BITMAP
0000
0000
0000
0000
0000
0800
1C00
0800
0800
0800
3E00
4800
8E00
8100
8100
80C0
4000
3C00
0000
0000
0000
0000
ENDCHAR
STARTCHAR uni2692
ENCODING 9874
SWIDTH 500 0
DWIDTH 11 0
BBX 11 22 0 -5
BITMAP
0000
0000
0000
0000
1E00
7980
7C00
5E00
4C00
0C00
0A00
1200
1100
2100
2080
2080
4040
4040
0000
0000
0000
0000
ENDCHAR
STARTCHAR uni2693
ENCODING 9875
SWIDTH 500 0
DWIDTH 11 0
BBX 11 22 0 -5
BITMAP
0000
0000
0000
0000
0000
0400
0A00
0400
0400
3F00
0400
0400
44C0
F540
4480
4480
3700
0C00
0000
0000
0000
0000
ENDCHAR
STARTCHAR uni2694
ENCODING 9876
SWIDTH 500 0
DWIDTH 11 0
BBX 11 22 0 -5
BITMAP
0000
0000
0000
0000
4040
60C0
71C0
3B80
3B80
1F00
0E00
0E00
0E00
5BC0
3B00
3D80
1100
2080
4040
0000
0000
0000
ENDCHAR
STARTCHAR uni2695
ENCODING 9877
SWIDTH 500 0
DWIDTH 11 0
BBX 11 22 0 -5
BITMAP
0000
0000
0000
0000
0400
0400
1F00
2400
2400
1C00
0700
0500
0600
1E00
1400
0E00
0400
0400
0000
0000
0000
0000
ENDCHAR
STARTCHAR uni2696
ENCODING 9878
SWIDTH 500 0
DWIDTH 11 0
BBX 11 22 0 -5
BITMAP
0000
0000
0000
0000
0400
0400
7FC0
2480
5540
5540
5540
8E20
FFE0
5540
2480
0400
0400
3F80
0000
0000
0000
0000
ENDCHAR
STARTCHAR uni2697
ENCODING 9879
SWIDTH 500 0
DWIDTH 11 0
BBX 11 22 0 -5
BITMAP
0000
0000
0000
0000
0700
0880
1080
1080
1C80
2280
2280
4180
4180
4140
7FE0
22A0
22A0
1CE0
0000
0000
0000
0000
ENDCHAR
STARTCHAR uni2699
ENCODING 9881
SWIDTH 500 0
DWIDTH 11 0
BBX 11 22 0 -5
BITMAP
0000
0000
0000
0000
0000
0C00
6D80
7F80
3300
E1C0
E1C0
E1C0
3300
7F80
6D80
0C00
0000
0000
0000
0000
0000
0000
ENDCHAR
STARTCHAR uni269B
ENCODING 9883
SWIDTH 500 0
DWIDTH 11 0
BBX 11 22 0 -5
BITMAP
0000
0000
0000
0000
0000
0000
0400
0400
7BC0
4E40
4A40
3F80
4A40
4E40
7BC0
0400
0400
0000
0000
0000
0000
0000
ENDCHAR
STARTCHAR uni269C
ENCODING 9884
SWIDTH 500 0
DWIDTH 11 0
BBX 11 22 0 -5
BITMAP
0000
0000
0000
0000
0400
0C00
0E00
1600
75C0
9540
9F40
8E40
4440
7FC0
1500
1500
3B00
2080
0000
0000
0000
0000
ENDCHAR
STARTCHAR uni26A0
ENCODING 9888
SWIDTH 500 0
DWIDTH 11 0
BBX 11 22 0 -5
BITMAP
0000
0000
0000
0400
0400
0A00
0A00
1100
1100
1500
2480
2480
2480
4040
4440
8020
FFE0
0000
0000
0000
0000
0000
ENDCHAR
STARTCHAR uni26A1
ENCODING 9889
SWIDTH 500 0
DWIDTH 11 0
BBX 11 22 0 -5
BITMAP
0000
0000
0000
0380
0700
0700
0E00
1C00
3C00
3FC0
7F80
FF00
1E00
1C00
3000
2000
4000
0000
0000
0000
0000
0000
ENDCHAR
STARTCHAR uni26A7
ENCODING 9895
SWIDTH 500 0
DWIDTH 11 0
BBX 11 22 0 -5
BITMAP
0000
0000
0000
0000
0000
0000
71C0
4840
70C0
6EC0
5100
1100
1100
0E00
0400
0400
1F00
0400
0400
0000
0000
0000
ENDCHAR
STARTCHAR uni26AA
ENCODING 9898
SWIDTH 500 0
DWIDTH 11 0
BBX 11 22 0 -5
BITMAP
0000
0000
0000
0000
0000
0E00
3180
2080
4040
4040
4040
2080
3180
0E00
0000
0000
0000
0000
0000
0000
0000
0000
ENDCHAR
STARTCHAR uni26AB
ENCODING 9899
SWIDTH 500 0
DWIDTH 11 0
BBX 11 22 0 -5
BITMAP
0000
0000
0000
0000
0000
0E00
3F80
3F80
7FC0
7FC0
7FC0
3F80
3F80
0E00
0000
0000
0000
0000
0000
0000
0000
0000
ENDCHAR
STARTCHAR uni26B0
ENCODING 9904
SWIDTH 500 0
DWIDTH 11 0
BBX 11 22 0 -5
BITMAP
0000
0000
1F00
1100
2080
2080
4440
4440
5F40
4440
4480
2480
2480
2080
2080
2080
2100
1100
1100
1F00
0000
0000
ENDCHAR
STARTCHAR uni26B1
ENCODING 9905
SWIDTH 500 0
DWIDTH 11 0
BBX 11 22 0 -5
BITMAP
0000
0000
0E00
0000
1F00
1100
1100
1100
1100
2080
2080
2080
2080
2080
1100
1100
0A00
0A00
1100
1F00
0000
0000
ENDCHAR
STARTCHAR uni26BD
ENCODING 9917
SWIDTH 500 0
DWIDTH 11 0
BBX 11 22 0 -5
BITMAP
0000
0000
0000
0000
0000
0000
0000
0E00
3580
2E80
5F40
4E40
4A40
3180
3180
0E00
0000
0000
0000
0000
0000
0000
ENDCHAR
STARTCHAR uni26BE
ENCODING 9918
SWIDTH 500 0
DWIDTH 11 0
BBX 11 22 0 -5
BITMAP
0000
0000
0000
0000
0000
0000
1E00
3300
5280
4C80
4C80
5280
3300
1E00
0000
0000
0000
0000
0000
0000
0000
0000
ENDCHAR
STARTCHAR uni26C4
ENCODING 9924
SWIDTH 500 0
DWIDTH 11 0
BBX 11 22 0 -5
BITMAP
0000
0000
1F00
1F00
1F00
1F00
3F80
1900
1380
1100
4E20
3140
2480
2080
1100
2E80
4040
4440
4040
2080
1F00
0000
ENDCHAR
STARTCHAR uni26C5
ENCODING 9925
SWIDTH 500 0
DWIDTH 11 0
BBX 11 22 0 -5
BITMAP
0000
0000
0000
0000
0000
0000
1000
8200
3800
4400
C400
4600
3980
0840
0780
0000
0000
0000
0000
0000
0000
0000
ENDCHAR
STARTCHAR uni26C8
ENCODING 9928
SWIDTH 500 0
DWIDTH 11 0
BBX 11 22 0 -5
BITMAP
0000
0000
0000
0000
0000
0000
0000
0000
3000
4B00
8480
8040
7F80
7FC0
0C80
5F80
7F80
8700
8500
0C00
0800
0000
ENDCHAR
STARTCHAR uni26CE
ENCODING 9934
SWIDTH 500 0
DWIDTH 11 0
BBX 11 22 0 -5
BITMAP
0000
0000
0000
0000
0000
0000
2100
2100
2100
2100
7100
A940
2780
2100
2100
1100
1E00
0000
0000
0000
0000
0000
ENDCHAR
STARTCHAR uni26CF
ENCODING 9935
SWIDTH 500 0
DWIDTH 11 0
BBX 11 22 0 -5
BITMAP
0000
0000
0000
0000
0C00
3600
4500
4480
8840
0800
0800
0800
1000
1000
1000
1000
2000
2000
2000
0000
0000
0000
ENDCHAR
STARTCHAR uni26D1
ENCODING 9937
SWIDTH 500 0
DWIDTH 11 0
BBX 11 22 0 -5
BITMAP
0000
0000
0000
0000
0000
0E00
1100
1500
2480
3F80
2480
2480
2080
7FC0
0000
0000
0000
0000
0000
0000
0000
0000
ENDCHAR
STARTCHAR uni26D3
ENCODING 9939
SWIDTH 500 0
DWIDTH 11 0
BBX 11 22 0 -5
BITMAP
0000
0000
0000
0000
3180
4A40
4A40
4A40
7BC0
5AC0
7BC0
4A40
4A40
7BC0
7BC0
4A40
4A40
4A40
3180
0000
0000
0000
ENDCHAR
STARTCHAR uni26D4
ENCODING 9940
SWIDTH 500 0
DWIDTH 11 0
BBX 11 22 0 -5
BITMAP
0000
0000
0000
0000
0000
0E00
3F80
3F80
7FC0
4040
7FC0
3F80
3F80
0E00
0000
0000
0000
0000
0000
0000
0000
0000
ENDCHAR
STARTCHAR uni26E9
ENCODING 9961
SWIDTH 500 0
DWIDTH 11 0
BBX 11 22 0 -5
BITMAP
0000
8040
4080
3F00
2100
7F80
2900
2900
2900
FFC0
2100
2100
2100
2100
2100
2100
2100
2100
2100
2100
2100
0000
ENDCHAR
STARTCHAR uni26EA
ENCODING 9962
SWIDTH 500 0
DWIDTH 11 0
BBX 11 22 0 -5
BITMAP
0000
0400
0F00
0400
0400
0400
0A00
0A00
1100
1500
2A80
2A80
64C0
A0A0
A0A0
A4A0
AAA0
AAA0
AAA0
AAA0
FFE0
0000
ENDCHAR
STARTCHAR uni26F0
ENCODING 9968
SWIDTH 500 0
DWIDTH 11 0
BBX 11 22 0 -5
BITMAP
0000
0000
0000
0200
0200
0500
0500
0500
0900
0880
2880
3480
5480
4A40
4A40
4940
9120
FFE0
0000
0000
0000
0000
ENDCHAR
STARTCHAR uni26F1
ENCODING 9969
SWIDTH 500 0
DWIDTH 11 0
BBX 11 22 0 -5
BITMAP
0000
0000
0000
0000
0000
1C00
2A00
5D00
5D00
9C80
FB80
AE80
0800
0800
0800
0800
0800
0800
0800
0800
FF80
0000
ENDCHAR
STARTCHAR uni26F2
ENCODING 9970
SWIDTH 500 0
DWIDTH 11 0
BBX 11 22 0 -5
BITMAP
0000
0400
0400
1F00
2480
2480
4440
4440
4440
8420
BFA0
2080
1100
3F80
4440
4440
FFE0
8040
4040
4080
3F80
0000
ENDCHAR
STARTCHAR uni26F3
ENCODING 9971
SWIDTH 500 0
DWIDTH 11 0
BBX 11 22 0 -5
BITMAP
0000
0000
0000
0000
0400
0700
07C0
0700
0400
0400
0400
0400
0400
0400
1F00
7EC0
7EC0
1F00
0000
0000
0000
0000
ENDCHAR
STARTCHAR uni26F4
ENCODING 9972
SWIDTH 500 0
DWIDTH 11 0
BBX 11 22 0 -5
BITMAP
0000
0000
0000
0000
1F00
0400
0400
3F80
2080
3580
2080
2080
7FC0
FFC0
3F80
1F80
0000
FFE0
0000
0000
0000
0000
ENDCHAR
STARTCHAR uni26F5
ENCODING 9973
SWIDTH 500 0
DWIDTH 11 0
BBX 11 22 0 -5
BITMAP
0000
0000
0000
0000
0400
0400
1400
1500
3500
3580
3580
75C0
75C0
FFC0
3F80
1F80
0000
FFE0
0000
0000
0000
0000
ENDCHAR
STARTCHAR uni26F7
ENCODING 9975
SWIDTH 500 0
DWIDTH 11 0
BBX 11 22 0 -5
BITMAP
0000
0000
0400
0E00
0400
0000
8440
8A40
BAC0
D140
9840
A480
4480
4280
6480
6880
70A0
47C0
F820
03E0
7C00
0000
ENDCHAR
STARTCHAR uni26F8
ENCODING 9976
SWIDTH 500 0
DWIDTH 11 0
BBX 11 22 0 -5
BITMAP
0000
0000
0000
0000
7C00
4400
4C00
4400
4C00
4400
4C00
4600
41C0
4040
4040
7FC0
1140
7FC0
0000
0000
0000
0000
ENDCHAR
STARTCHAR uni26F9
ENCODING 9977
SWIDTH 500 0
DWIDTH 11 0
BBX 11 22 0 -5
BITMAP
0000
0000
1000
3800
1000
0000
1000
1000
3C00
3200
D100
5100
1000
3000
2880
4940
4480
4400
4400
8400
8400
0000
ENDCHAR
STARTCHAR uni26FA
ENCODING 9978
SWIDTH 500 0
DWIDTH 11 0
BBX 11 22 0 -5
BITMAP
0000
0000
0E00
0A00
0A00
1500
1500
1D00
1D00
2C80
3C80
3E80
3E80
3E80
6E40
6E40
6E40
6B40
CB20
CB20
FFE0
0000
ENDCHAR
STARTCHAR uni26FD
ENCODING 9981
SWIDTH 500 0
DWIDTH 11 0
BBX 11 22 0 -5
BITMAP
0000
0000
0000
0000
0000
0000
7E00
4300
4280
4240
4240
7F40
7F40
7F40
7F40
7FC0
7E00
FF00
0000
0000
0000
0000
ENDCHAR
STARTCHAR uni2700
ENCODING 9984
SWIDTH 500 0
DWIDTH 11 0
BBX 11 22 0 -5
BITMAP
0000
0000
0000
0000
6000
9140
93C0
9FC0
6F00
1E00
0E00
6700
9B80
9380
91C0
6080
0000
0000
0000
0000
0000
0000
ENDCHAR
STARTCHAR uni2701
ENCODING 9985
SWIDTH 500 0
DWIDTH 11 0
BBX 11 22 0 -5
BITMAP
0000
0000
0000
0000
6000
9000
9000
9800
6540
0F80
0680
6500
9880
9080
9040
6000
0000
0000
0000
0000
0000
0000
ENDCHAR
STARTCHAR uni2702
ENCODING 9986
SWIDTH 500 0
DWIDTH 11 0
BBX 11 22 0 -5
BITMAP
0000
0000
0000
2080
2080
1100
1100
0A00
0A00
0400
0400
0E00
3B80
5B40
4A40
4A40
4A40
4A40
3180
0000
0000
0000
ENDCHAR
STARTCHAR uni2703
ENCODING 9987
SWIDTH 500 0
DWIDTH 11 0
BBX 11 22 0 -5
BITMAP
0000
0000
0000
0000
6000
9040
9080
9880
6580
0F80
0640
6000
9800
9000
9000
6000
0000
0000
0000
0000
0000
0000
ENDCHAR
STARTCHAR uni2704
ENCODING 9988
SWIDTH 500 0
DWIDTH 11 0
BBX 11 22 0 -5
BITMAP
0000
0000
0000
0000
6000
9040
91C0
9E40
7980
1600
1A00
7D80
9340
90C0
9040
6000
0000
0000
0000
0000
0000
0000
ENDCHAR
STARTCHAR uni2705
ENCODING 9989
SWIDTH 500 0
DWIDTH 11 0
BBX 11 22 0 -5
BITMAP
0000
0000
0000
0000
0000
0000
7FC0
7FC0
7F40
7EC0
7DC0
5DC0
6BC0
77C0
7FC0
7FC0
0000
0000
0000
0000
0000
0000
ENDCHAR
STARTCHAR uni2706
ENCODING 9990
SWIDTH 500 0
DWIDTH 11 0
BBX 11 22 0 -5
BITMAP
0000
0000
0000
0000
1E00
2D00
4C80
4C80
9040
9040
9040
9040
7880
7880
3900
1E00
0000
0000
0000
0000
0000
0000
ENDCHAR
STARTCHAR uni2707
ENCODING 9991
SWIDTH 500 0
DWIDTH 11 0
BBX 11 22 0 -5
BITMAP
0000
0000
0000
0000
1E00
2100
5E80
4C80
8C40
8840
F3C0
BF40
7380
5280
2100
1E00
0000
0000
0000
0000
0000
0000
ENDCHAR
STARTCHAR uni2708
ENCODING 9992
SWIDTH 500 0
DWIDTH 11 0
BBX 11 22 0 -5
BITMAP
0000
0000
0000
0000
0400
0E00
0E00
0E00
0E00
0E00
1F00
3F80
7FC0
4E40
0E00
0E00
0E00
1F00
0000
0000
0000
0000
ENDCHAR
STARTCHAR uni2709
ENCODING 9993
SWIDTH 500 0
DWIDTH 11 0
BBX 11 22 0 -5
BITMAP
0000
0000
0000
0000
0000
0000
0000
7FC0
60C0
5140
4A40
4440
4040
4040
4040
7FC0
0000
0000
0000
0000
0000
0000
ENDCHAR
STARTCHAR uni270A
ENCODING 9994
SWIDTH 500 0
DWIDTH 11 0
BBX 11 22 0 -5
BITMAP
0000
1200
1DC0
6040
5540
5540
9540
9540
9540
9D40
E640
4140
4140
7A40
4640
23C0
2C80
2080
2080
2080
3F80
0000
ENDCHAR
STARTCHAR uni270B
ENCODING 9995
SWIDTH 500 0
DWIDTH 11 0
BBX 11 22 0 -5
BITMAP
0000
0600
0E00
0F00
3F00
2FC0
2F40
2F40
2F40
EF40
AF40
A640
99C0
4040
4080
3E80
2080
2080
2080
3F80
0000
0000
ENDCHAR
STARTCHAR uni270C
ENCODING 9996
SWIDTH 500 0
DWIDTH 11 0
BBX 11 22 0 -5
BITMAP
0000
1100
3180
3180
2A80
1B00
1B00
1B00
1500
1600
7E00
4B80
4840
5E40
4120
30A0
2D40
2240
2080
2080
3F80
0000
ENDCHAR
STARTCHAR uni270D
ENCODING 9997
SWIDTH 500 0
DWIDTH 11 0
BBX 11 22 0 -5
BITMAP
0000
0040
0040
0080
0080
0100
0900
1600
1200
1100
3100
2D80
2280
3C80
4040
4840
9E20
5120
2120
60E0
4020
0000
ENDCHAR
STARTCHAR uni270E
ENCODING 9998
SWIDTH 500 0
DWIDTH 11 0
BBX 11 22 0 -5
BITMAP
0000
0000
0000
0000
3000
D800
CC00
A600
5100
2880
1880
1580
0B40
0740
0340
00C0
0000
0000
0000
0000
0000
0000
ENDCHAR
STARTCHAR uni270F
ENCODING 9999
SWIDTH 500 0
DWIDTH 11 0
BBX 11 22 0 -5
BITMAP
0000
0000
0200
0300
0480
0480
0B00
0900
0A00
1200
1200
1400
2400
2400
4800
4800
7000
5000
6000
4000
0000
0000
ENDCHAR
STARTCHAR uni2710
ENCODING 10000
SWIDTH 500 0
DWIDTH 11 0
BBX 11 22 0 -5
BITMAP
0000
0000
0000
0000
00C0
0340
0740
0B40
1580
1880
2880
5100
A600
CC00
D800
3000
0000
0000
0000
0000
0000
0000
ENDCHAR
STARTCHAR uni2711
ENCODING 10001
SWIDTH 500 0
DWIDTH 11 0
BBX 11 22 0 -5
BITMAP
0000
0000
0000
0000
0800
0C00
0A00
1100
F880
9FC0
F880
1100
1200
0A00
0C00
0800
0000
0000
0000
0000
0000
0000
ENDCHAR
STARTCHAR uni2712
ENCODING 10002
SWIDTH 500 0
DWIDTH 11 0
BBX 11 22 0 -5
BITMAP
0000
0000
0400
0000
0A00
0A00
1B00
1B00
3B80
3B80
7BC0
7BC0
71C0
3B80
3F80
3F80
1F00
1F00
0000
0000
0000
0000
ENDCHAR
STARTCHAR uni2715
ENCODING 10005
SWIDTH 500 0
DWIDTH 11 0
BBX 11 22 0 -5
BITMAP
0000
0000
0000
0000
8040
4080
2100
2100
1200
0C00
0C00
1200
2100
2100
4080
8040
0000
0000
0000
0000
0000
0000
ENDCHAR
STARTCHAR uni2716
ENCODING 10006
SWIDTH 500 0
DWIDTH 11 0
BBX 11 22 0 -5
BITMAP
0000
0000
0000
0000
0000
C0C0
E1C0
7380
3F00
1E00
1E00
3F00
7380
E1C0
C0C0
0000
0000
0000
0000
0000
0000
0000
ENDCHAR
STARTCHAR uni2719
ENCODING 10009
SWIDTH 500 0
DWIDTH 11 0
BBX 11 22 0 -5
BITMAP
0000
0000
0000
0000
1C00
1400
1400
1400
E3C0
8040
E3C0
1400
1400
1400
1400
1C00
0000
0000
0000
0000
0000
0000
ENDCHAR
STARTCHAR uni271A
ENCODING 10010
SWIDTH 500 0
DWIDTH 11 0
BBX 11 22 0 -5
BITMAP
0000
0000
0000
0000
1C00
1C00
1C00
1C00
FFC0
FFC0
FFC0
1C00
1C00
1C00
1C00
1C00
0000
0000
0000
0000
0000
0000
ENDCHAR
STARTCHAR uni271B
ENCODING 10011
SWIDTH 500 0
DWIDTH 11 0
BBX 11 22 0 -5
BITMAP
0000
0000
0000
0000
0800
0800
0800
0800
0800
F7C0
0800
0800
0800
0800
0800
0800
0000
0000
0000
0000
0000
0000
ENDCHAR
STARTCHAR uni271C
ENCODING 10012
SWIDTH 500 0
DWIDTH 11 0
BBX 11 22 0 -5
BITMAP
0000
0000
0000
0000
1C00
1C00
1C00
1C00
E3C0
E3C0
E3C0
1C00
1C00
1C00
1C00
1C00
0000
0000
0000
0000
0000
0000
ENDCHAR
STARTCHAR uni271D
ENCODING 10013
SWIDTH 500 0
DWIDTH 11 0
BBX 11 22 0 -5
BITMAP
0000
0000
0000
0000
0600
0600
0600
0600
0600
7FC0
7FC0
0600
0600
0600
0600
0600
0600
0600
0000
0000
0000
0000
ENDCHAR
STARTCHAR uni271E
ENCODING 10014
SWIDTH 500 0
DWIDTH 11 0
BBX 11 22 0 -5
BITMAP
0000
0000
0000
0000
1C00
1600
1600
E3C0
8040
E3C0
75C0
1600
1600
1600
1600
1E00
0000
0000
0000
0000
0000
0000
ENDCHAR
STARTCHAR uni271F
ENCODING 10015
SWIDTH 500 0
DWIDTH 11 0
BBX 11 22 0 -5
BITMAP
0000
0000
0000
0000
1C00
1400
1400
E3C0
8040
E3C0
1400
1400
1400
1400
1400
1C00
0000
0000
0000
0000
0000
0000
ENDCHAR
STARTCHAR uni2720
ENCODING 10016
SWIDTH 500 0
DWIDTH 11 0
BBX 11 22 0 -5
BITMAP
0000
0000
0000
0000
3E00
1C40
9CC0
88C0
EBC0
FFC0
EBC0
88C0
9CC0
1C40
3E00
7F00
0000
0000
0000
0000
0000
0000
ENDCHAR
STARTCHAR uni2721
ENCODING 10017
SWIDTH 500 0
DWIDTH 11 0
BBX 11 22 0 -5
BITMAP
0000
0000
0000
0000
0000
0000
0400
0A00
7FC0
5180
3180
2180
3180
7FC0
0A00
0C00
0400
0000
0000
0000
0000
0000
ENDCHAR
STARTCHAR uni2722
ENCODING 10018
SWIDTH 500 0
DWIDTH 11 0
BBX 11 22 0 -5
BITMAP
0000
0000
0000
0000
0800
0C00
0C00
1E00
6980
7380
FFC0
6980
1E00
0C00
0C00
0800
0000
0000
0000
0000
0000
0000
ENDCHAR
STARTCHAR uni2723
ENCODING 10019
SWIDTH 500 0
DWIDTH 11 0
BBX 11 22 0 -5
BITMAP
0000
0000
0000
0000
0800
1C00
0800
0800
0800
5C80
EBC0
4880
0800
0800
1C00
0800
0000
0000
0000
0000
0000
0000
ENDCHAR
STARTCHAR uni2724
ENCODING 10020
SWIDTH 500 0
DWIDTH 11 0
BBX 11 22 0 -5
BITMAP
0000
0000
0000
0000
0800
1C00
0800
0800
0800
5C80
EBC0
4880
0800
0800
1C00
0800
0000
0000
0000
0000
0000
0000
ENDCHAR
STARTCHAR uni2725
ENCODING 10021
SWIDTH 500 0
DWIDTH 11 0
BBX 11 22 0 -5
BITMAP
0000
0000
0000
0000
0000
0800
0800
0800
0800
1C00
6B80
0800
0800
0800
0800
0000
0000
0000
0000
0000
0000
0000
ENDCHAR
STARTCHAR uni2726
ENCODING 10022
SWIDTH 500 0
DWIDTH 11 0
BBX 11 22 0 -5
BITMAP
0000
0000
0000
0000
0400
0400
0400
0400
0E00
1F00
7FC0
1F00
0E00
0400
0400
0400
0400
0000
0000
0000
0000
0000
ENDCHAR
STARTCHAR uni2727
ENCODING 10023
SWIDTH 500 0
DWIDTH 11 0
BBX 11 22 0 -5
BITMAP
0000
0000
0000
0000
0400
0400
0400
0400
0A00
1100
60C0
1100
0A00
0400
0400
0400
0400
0000
0000
0000
0000
0000
ENDCHAR
STARTCHAR uni2728
ENCODING 10024
SWIDTH 500 0
DWIDTH 11 0
BBX 11 22 0 -5
BITMAP
0000
0000
0040
00E0
0040
0000
1000
1000
1000
1000
3800
FE00
3800
1000
1040
10E0
1040
0000
0000
0000
0000
0000
ENDCHAR
STARTCHAR uni2729
ENCODING 10025
SWIDTH 500 0
DWIDTH 11 0
BBX 11 22 0 -5
BITMAP
0000
0000
0000
0000
0800
0C00
0C00
1200
F3C0
6180
1200
1200
1900
3700
2100
0000
0000
0000
0000
0000
0000
0000
ENDCHAR
STARTCHAR uni272A
ENCODING 10026
SWIDTH 500 0
DWIDTH 11 0
BBX 11 22 0 -5
BITMAP
0000
0000
0000
0000
1E00
3F00
7780
7780
C0C0
E1C0
E1C0
E1C0
6D80
7F80
3F00
1E00
0000
0000
0000
0000
0000
0000
ENDCHAR
STARTCHAR uni272B
ENCODING 10027
SWIDTH 500 0
DWIDTH 11 0
BBX 11 22 0 -5
BITMAP
0000
0000
0000
0000
0800
0800
0C00
1C00
F7C0
2300
1600
1E00
1E00
3300
2100
0000
0000
0000
0000
0000
0000
0000
ENDCHAR
STARTCHAR uni272C
ENCODING 10028
SWIDTH 500 0
DWIDTH 11 0
BBX 11 22 0 -5
BITMAP
0000
0000
0000
0000
0800
0C00
0C00
1200
F3C0
6980
1200
1200
1900
3700
2100
0000
0000
0000
0000
0000
0000
0000
ENDCHAR
STARTCHAR uni272D
ENCODING 10029
SWIDTH 500 0
DWIDTH 11 0
BBX 11 22 0 -5
BITMAP
0000
0000
0000
0000
0800
0C00
0C00
1A00
FFC0
7F80
1E00
1E00
1B00
3700
2100
0000
0000
0000
0000
0000
0000
0000
ENDCHAR
STARTCHAR uni272E
ENCODING 10030
SWIDTH 500 0
DWIDTH 11 0
BBX 11 22 0 -5
BITMAP
0000
0000
0000
0000
0800
0C00
0C00
1A00
FFC0
7F80
1E00
1E00
1B00
3700
2100
0000
0000
0000
0000
0000
0000
0000
ENDCHAR
STARTCHAR uni272F
ENCODING 10031
SWIDTH 500 0
DWIDTH 11 0
BBX 11 22 0 -5
BITMAP
0000
0000
0000
0000
0800
0C00
0C00
1E00
FFC0
6F80
1E00
1E00
1F00
3700
2100
0000
0000
0000
0000
0000
0000
0000
ENDCHAR
STARTCHAR uni2730
ENCODING 10032
SWIDTH 500 0
DWIDTH 11 0
BBX 11 22 0 -5
BITMAP
0000
0000
0000
0000
0800
0C00
1400
F780
41C0
4180
2280
2B00
3700
3B00
1100
0000
0000
0000
0000
0000
0000
0000
ENDCHAR
STARTCHAR uni2731
ENCODING 10033
SWIDTH 500 0
DWIDTH 11 0
BBX 11 22 0 -5
BITMAP
0000
0000
0000
0000
0C00
0C00
4C80
EDC0
7F80
1E00
3F00
7F80
2D00
0C00
0C00
0C00
0000
0000
0000
0000
0000
0000
ENDCHAR
STARTCHAR uni2732
ENCODING 10034
SWIDTH 500 0
DWIDTH 11 0
BBX 11 22 0 -5
BITMAP
0000
0000
0000
0000
0C00
0C00
4C80
EDC0
6380
0200
2300
7F80
2D00
0C00
0C00
0C00
0000
0000
0000
0000
0000
0000
ENDCHAR
STARTCHAR uni2733
ENCODING 10035
SWIDTH 500 0
DWIDTH 11 0
BBX 11 22 0 -5
BITMAP
0000
0000
0000
0000
0000
0000
0000
0400
2480
1500
0E00
7FC0
0E00
1500
2480
0400
0000
0000
0000
0000
0000
0000
ENDCHAR
STARTCHAR uni2734
ENCODING 10036
SWIDTH 500 0
DWIDTH 11 0
BBX 11 22 0 -5
BITMAP
0000
0000
0000
0000
0000
0000
0400
0400
2E80
1F00
1F00
FFE0
1F00
3F80
2480
0400
0000
0000
0000
0000
0000
0000
ENDCHAR
STARTCHAR uni2735
ENCODING 10037
SWIDTH 500 0
DWIDTH 11 0
BBX 11 22 0 -5
BITMAP
0000
0000
0000
0000
0800
0800
4C80
3F00
3F00
3F00
FFC0
2F00
3F00
4880
0800
0800
0000
0000
0000
0000
0000
0000
ENDCHAR
STARTCHAR uni2736
ENCODING 10038
SWIDTH 500 0
DWIDTH 11 0
BBX 11 22 0 -5
BITMAP
0000
0000
0000
0000
0800
0800
0800
4C80
3F00
3F00
1E00
3F00
4C80
0800
0800
0800
0000
0000
0000
0000
0000
0000
ENDCHAR
STARTCHAR uni2737
ENCODING 10039
SWIDTH 500 0
DWIDTH 11 0
BBX 11 22 0 -5
BITMAP
0000
0000
0000
0000
0800
0800
4880
2D00
3F00
1E00
FFC0
3F00
2D00
4880
0800
0800
0000
0000
0000
0000
0000
0000
ENDCHAR
STARTCHAR uni2738
ENCODING 10040
SWIDTH 500 0
DWIDTH 11 0
BBX 11 22 0 -5
BITMAP
0000
0000
0000
0000
0800
0C00
7F80
3F00
3F00
7F80
FFC0
3F00
3F00
7F80
0C00
0800
0000
0000
0000
0000
0000
0000
ENDCHAR
STARTCHAR uni2739
ENCODING 10041
SWIDTH 500 0
DWIDTH 11 0
BBX 11 22 0 -5
BITMAP
0000
0000
0000
0000
0800
2900
1E00
7F80
3F00
3F00
FFC0
3F00
7F80
1E00
2900
0800
0000
0000
0000
0000
0000
0000
ENDCHAR
STARTCHAR uni273A
ENCODING 10042
SWIDTH 500 0
DWIDTH 11 0
BBX 11 22 0 -5
BITMAP
0000
0000
0000
0000
1A00
1A00
5A80
EDC0
3F00
0C00
FFC0
3F00
AD40
5A80
1A00
1A00
0000
0000
0000
0000
0000
0000
ENDCHAR
STARTCHAR uni273B
ENCODING 10043
SWIDTH 500 0
DWIDTH 11 0
BBX 11 22 0 -5
BITMAP
0000
0000
0000
0000
0800
0C00
4C80
7B80
7B80
3F00
3F00
7B80
7B80
4C80
0C00
0800
0000
0000
0000
0000
0000
0000
ENDCHAR
STARTCHAR uni273C
ENCODING 10044
SWIDTH 500 0
DWIDTH 11 0
BBX 11 22 0 -5
BITMAP
0000
0000
0000
0000
0800
0C00
4C80
7B80
7380
2300
3700
7B80
7B80
4C80
0C00
0800
0000
0000
0000
0000
0000
0000
ENDCHAR
STARTCHAR uni273D
ENCODING 10045
SWIDTH 500 0
DWIDTH 11 0
BBX 11 22 0 -5
BITMAP
0000
0000
0000
0000
0800
0C00
2D00
7F80
7B80
3F00
3F00
7B80
7F80
2D00
0C00
0800
0000
0000
0000
0000
0000
0000
ENDCHAR
STARTCHAR uni273E
ENCODING 10046
SWIDTH 500 0
DWIDTH 11 0
BBX 11 22 0 -5
BITMAP
0000
0000
0000
0000
0000
0800
1C00
2900
5280
2900
2100
7380
2900
1400
0800
0000
0000
0000
0000
0000
0000
0000
ENDCHAR
STARTCHAR uni273F
ENCODING 10047
SWIDTH 500 0
DWIDTH 11 0
BBX 11 22 0 -5
BITMAP
0000
0000
0000
0000
0000
0800
1C00
2900
7380
2100
0000
1200
3F00
1200
0000
0000
0000
0000
0000
0000
0000
0000
ENDCHAR
STARTCHAR uni2740
ENCODING 10048
SWIDTH 500 0
DWIDTH 11 0
BBX 11 22 0 -5
BITMAP
0000
0000
0000
0000
0000
0800
1400
2900
5280
2900
0000
1200
2D00
1200
0000
0000
0000
0000
0000
0000
0000
0000
ENDCHAR
STARTCHAR uni2741
ENCODING 10049
SWIDTH 500 0
DWIDTH 11 0
BBX 11 22 0 -5
BITMAP
0000
0000
0000
0000
0000
0800
3D00
7B80
2100
2100
7380
2100
7B80
3D00
0800
0000
0000
0000
0000
0000
0000
0000
ENDCHAR
STARTCHAR uni2742
ENCODING 10050
SWIDTH 500 0
DWIDTH 11 0
BBX 11 22 0 -5
BITMAP
0000
0000
0000
0000
1E00
3F00
7780
6180
C1C0
C1C0
C0C0
E1C0
6580
7780
3F00
1E00
0000
0000
0000
0000
0000
0000
ENDCHAR
STARTCHAR uni2743
ENCODING 10051
SWIDTH 500 0
DWIDTH 11 0
BBX 11 22 0 -5
BITMAP
0000
0000
0000
0000
0800
1800
1D00
4F80
7B00
0F00
3C00
3B80
7C80
2C00
0E00
0800
0000
0000
0000
0000
0000
0000
ENDCHAR
STARTCHAR uni2744
ENCODING 10052
SWIDTH 500 0
DWIDTH 11 0
BBX 11 22 0 -5
BITMAP
0000
0000
0000
0400
0400
0E00
64C0
2480
3580
4E40
0400
4E40
3580
24C0
6480
0E00
0400
0400
0000
0000
0000
0000
ENDCHAR
STARTCHAR uni2745
ENCODING 10053
SWIDTH 500 0
DWIDTH 11 0
BBX 11 22 0 -5
BITMAP
0000
0000
0000
0000
0800
1A00
3F00
7F80
3F00
FBC0
FFC0
3B00
7F80
3F00
1A00
0800
0000
0000
0000
0000
0000
0000
ENDCHAR
STARTCHAR uni2746
ENCODING 10054
SWIDTH 500 0
DWIDTH 11 0
BBX 11 22 0 -5
BITMAP
0000
0000
0000
0000
1800
1A00
7D00
F980
7F80
C9C0
FCC0
7B80
6DC0
3D80
1E00
0C00
0000
0000
0000
0000
0000
0000
ENDCHAR
STARTCHAR uni2747
ENCODING 10055
SWIDTH 500 0
DWIDTH 11 0
BBX 11 22 0 -5
BITMAP
0000
0000
0000
0000
0000
0000
0000
0400
3580
0E00
0000
71C0
0A00
1500
2480
0400
0000
0000
0000
0000
0000
0000
ENDCHAR
STARTCHAR uni2748
ENCODING 10056
SWIDTH 500 0
DWIDTH 11 0
BBX 11 22 0 -5
BITMAP
0000
0000
0000
0000
0800
0C00
4C80
7B80
7B80
3F00
3F00
7B80
7B80
4C80
0C00
0800
0000
0000
0000
0000
0000
0000
ENDCHAR
STARTCHAR uni2749
ENCODING 10057
SWIDTH 500 0
DWIDTH 11 0
BBX 11 22 0 -5
BITMAP
0000
0000
0000
0000
0800
1C00
4880
E9C0
7E80
0800
1C00
6B80
E9C0
4880
1C00
0800
0000
0000
0000
0000
0000
0000
ENDCHAR
STARTCHAR uni274A
ENCODING 10058
SWIDTH 500 0
DWIDTH 11 0
BBX 11 22 0 -5
BITMAP
0000
0000
0000
0000
0800
0C00
6D80
3B00
3B00
EDC0
FFC0
3B00
3B00
6D80
0C00
0800
0000
0000
0000
0000
0000
0000
ENDCHAR
STARTCHAR uni274B
ENCODING 10059
SWIDTH 500 0
DWIDTH 11 0
BBX 11 22 0 -5
BITMAP
0000
0000
0000
0000
0800
2D00
6D80
7B80
3B00
7F80
FFC0
3B00
7B80
6D80
2D00
0800
0000
0000
0000
0000
0000
0000
ENDCHAR
STARTCHAR uni274C
ENCODING 10060
SWIDTH 500 0
DWIDTH 11 0
BBX 11 22 0 -5
BITMAP
0000
0000
0000
0000
0000
0000
0000
0080
11C0
3B80
1F00
0E00
1F00
3B80
11C0
0080
0000
0000
0000
0000
0000
0000
ENDCHAR
STARTCHAR uni274D
ENCODING 10061
SWIDTH 500 0
DWIDTH 11 0
BBX 11 22 0 -5
BITMAP
0000
0000
0000
0000
1E00
2300
4180
80C0
80C0
80C0
80C0
80C0
80C0
4180
2300
1E00
0000
0000
0000
0000
0000
0000
ENDCHAR
STARTCHAR uni274E
ENCODING 10062
SWIDTH 500 0
DWIDTH 11 0
BBX 11 22 0 -5
BITMAP
0000
0000
0000
0000
0000
FFC0
FFC0
DEC0
EDC0
F3C0
F3C0
EDC0
DEC0
FFC0
FFC0
0000
0000
0000
0000
0000
0000
0000
ENDCHAR
STARTCHAR uni274F
ENCODING 10063
SWIDTH 500 0
DWIDTH 11 0
BBX 11 22 0 -5
BITMAP
0000
0000
0000
0000
FF00
8100
81C0
81C0
81C0
81C0
81C0
81C0
81C0
FFC0
3FC0
3FC0
0000
0000
0000
0000
0000
0000
ENDCHAR
STARTCHAR uni2750
ENCODING 10064
SWIDTH 500 0
DWIDTH 11 0
BBX 11 22 0 -5
BITMAP
0000
0000
0000
0000
3FC0
3FC0
FFC0
81C0
81C0
81C0
81C0
81C0
81C0
81C0
8100
FF00
0000
0000
0000
0000
0000
0000
ENDCHAR
STARTCHAR uni2751
ENCODING 10065
SWIDTH 500 0
DWIDTH 11 0
BBX 11 22 0 -5
BITMAP
0000
0000
0000
0000
FF00
8180
81C0
81C0
81C0
81C0
81C0
81C0
81C0
FFC0
7FC0
3FC0
0000
0000
0000
0000
0000
0000
ENDCHAR
STARTCHAR uni2752
ENCODING 10066
SWIDTH 500 0
DWIDTH 11 0
BBX 11 22 0 -5
BITMAP
0000
0000
0000
0000
3FC0
7FC0
FFC0
81C0
81C0
81C0
81C0
81C0
81C0
81C0
8180
FF00
0000
0000
0000
0000
0000
0000
ENDCHAR
STARTCHAR uni2753
ENCODING 10067
SWIDTH 500 0
DWIDTH 11 0
BBX 11 22 0 -5
BITMAP
0000
0000
0000
0000
0000
3F80
7FC0
60C0
61C0
0380
0700
0600
0600
0600
0000
0C00
0C00
0000
0000
0000
0000
0000
ENDCHAR
STARTCHAR uni2754
ENCODING 10068
SWIDTH 500 0
DWIDTH 11 0
BBX 11 22 0 -5
BITMAP
0000
0000
0000
0000
1F00
2080
4E40
5140
7140
0240
0580
0A00
0A00
0E00
0000
0E00
0A00
0E00
0000
0000
0000
0000
ENDCHAR
STARTCHAR uni2755
ENCODING 10069
SWIDTH 500 0
DWIDTH 11 0
BBX 11 22 0 -5
BITMAP
0000
0000
0000
1F00
1100
1100
0A00
0A00
0A00
0A00
0A00
0E00
0000
0000
0E00
0A00
0E00
0000
0000
0000
0000
0000
ENDCHAR
STARTCHAR uni2756
ENCODING 10070
SWIDTH 500 0
DWIDTH 11 0
BBX 11 22 0 -5
BITMAP
0000
0000
0000
0000
0800
0800
1C00
4880
4880
E1C0
4080
4880
0800
1C00
0800
0800
0000
0000
0000
0000
0000
0000
ENDCHAR
STARTCHAR uni2757
ENCODING 10071
SWIDTH 500 0
DWIDTH 11 0
BBX 11 22 0 -5
BITMAP
0000
0000
0000
0000
0000
1F00
1F00
1F00
1F00
0E00
0E00
0E00
0E00
0E00
0000
0E00
0E00
0E00
0000
0000
0000
0000
ENDCHAR
STARTCHAR uni2758
ENCODING 10072
SWIDTH 500 0
DWIDTH 11 0
BBX 11 22 0 -5
BITMAP
0000
0000
0000
0000
0800
0800
0800
0800
0800
0800
0800
0800
0800
0800
0800
0800
0000
0000
0000
0000
0000
0000
ENDCHAR
STARTCHAR uni2759
ENCODING 10073
SWIDTH 500 0
DWIDTH 11 0
BBX 11 22 0 -5
BITMAP
0000
0000
0000
0000
1C00
1C00
1C00
1C00
1C00
1C00
1C00
1C00
1C00
1C00
1C00
1C00
0000
0000
0000
0000
0000
0000
ENDCHAR
STARTCHAR uni275A
ENCODING 10074
SWIDTH 500 0
DWIDTH 11 0
BBX 11 22 0 -5
BITMAP
0000
0000
0000
0000
3E00
3E00
3E00
3E00
3E00
3E00
3E00
3E00
3E00
3E00
3E00
3E00
0000
0000
0000
0000
0000
0000
ENDCHAR
STARTCHAR uni275B
ENCODING 10075
SWIDTH 500 0
DWIDTH 11 0
BBX 11 22 0 -5
BITMAP
0000
0000
0000
0400
0800
1800
1C00
1C00
1C00
0800
0000
0000
0000
0000
0000
0000
0000
0000
0000
0000
0000
0000
ENDCHAR
STARTCHAR uni275C
ENCODING 10076
SWIDTH 500 0
DWIDTH 11 0
BBX 11 22 0 -5
BITMAP
0000
0000
0000
0800
1C00
1C00
1C00
0C00
0800
1000
0000
0000
0000
0000
0000
0000
0000
0000
0000
0000
0000
0000
ENDCHAR
STARTCHAR uni275D
ENCODING 10077
SWIDTH 500 0
DWIDTH 11 0
BBX 11 22 0 -5
BITMAP
0000
0000
0000
2200
4400
CC00
EE00
EE00
EE00
4400
0000
0000
0000
0000
0000
0000
0000
0000
0000
0000
0000
0000
ENDCHAR
STARTCHAR uni275E
ENCODING 10078
SWIDTH 500 0
DWIDTH 11 0
BBX 11 22 0 -5
BITMAP
0000
0000
0000
4400
EE00
EE00
EE00
6600
4400
8800
0000
0000
0000
0000
0000
0000
0000
0000
0000
0000
0000
0000
ENDCHAR
STARTCHAR uni275F
ENCODING 10079
SWIDTH 500 0
DWIDTH 11 0
BBX 11 22 0 -5
BITMAP
0000
0000
0000
0000
0000
0000
0000
0000
0000
0800
1C00
1C00
1C00
0C00
0800
1000
0000
0000
0000
0000
0000
0000
ENDCHAR
STARTCHAR uni2760
ENCODING 10080
SWIDTH 500 0
DWIDTH 11 0
BBX 11 22 0 -5
BITMAP
0000
0000
0000
0000
0000
0000
0000
0000
0000
4400
EE00
EE00
EE00
6600
4400
8800
0000
0000
0000
0000
0000
0000
ENDCHAR
STARTCHAR uni2761
ENCODING 10081
SWIDTH 500 0
DWIDTH 11 0
BBX 11 22 0 -5
BITMAP
0000
0000
0000
0000
FFC0
7F00
FF00
FF00
7F00
3B00
0300
0300
0300
0300
8200
7C00
0000
0000
0000
0000
0000
0000
ENDCHAR
STARTCHAR uni2762
ENCODING 10082
SWIDTH 500 0
DWIDTH 11 0
BBX 11 22 0 -5
BITMAP
0000
0000
0000
0000
7F80
FFC0
7F80
3F00
3E00
1C00
0800
0000
0000
0800
1C00
0800
0000
0000
0000
0000
0000
0000
ENDCHAR
STARTCHAR uni2763
ENCODING 10083
SWIDTH 500 0
DWIDTH 11 0
BBX 11 22 0 -5
BITMAP
0000
0000
0000
0000
71C0
7BC0
FFE0
FFE0
FFE0
FFE0
7FC0
3F80
1F00
0E00
0400
0000
0C00
0C00
0000
0000
0000
0000
ENDCHAR
STARTCHAR uni2764
ENCODING 10084
SWIDTH 500 0
DWIDTH 11 0
BBX 11 22 0 -5
BITMAP
0000
0000
0000
0000
0000
6300
F780
AA80
FF80
AA80
FF80
AA80
FF80
6B00
3E00
1C00
0800
0000
0000
0000
0000
0000
ENDCHAR
STARTCHAR uni2765
ENCODING 10085
SWIDTH 500 0
DWIDTH 11 0
BBX 11 22 0 -5
BITMAP
0000
0000
0000
0000
1C00
3E00
3E00
3E00
7E00
FE00
FE00
FF00
7F00
0380
0180
0040
0000
0000
0000
0000
0000
0000
ENDCHAR
STARTCHAR uni2766
ENCODING 10086
SWIDTH 500 0
DWIDTH 11 0
BBX 11 22 0 -5
BITMAP
0000
0000
0000
0000
0000
31C0
C940
88C0
DB80
7F80
7FC0
7F80
7E00
7C00
0800
0000
0000
0000
0000
0000
0000
0000
ENDCHAR
STARTCHAR uni2767
ENCODING 10087
SWIDTH 500 0
DWIDTH 11 0
BBX 11 22 0 -5
BITMAP
0000
0000
0000
0000
0000
E400
BE00
DE00
1F00
0F80
7FC0
9F80
8F80
5F80
7000
0000
0000
0000
0000
0000
0000
0000
ENDCHAR
STARTCHAR uni2768
ENCODING 10088
SWIDTH 500 0
DWIDTH 11 0
BBX 11 22 0 -5
BITMAP
0000
0000
0000
0000
0400
0C00
1800
1800
3000
3000
3000
3000
1800
1800
0C00
0400
0000
0000
0000
0000
0000
0000
ENDCHAR
STARTCHAR uni2769
ENCODING 10089
SWIDTH 500 0
DWIDTH 11 0
BBX 11 22 0 -5
BITMAP
0000
0000
0000
0000
0800
0C00
0600
0600
0300
0300
0300
0300
0600
0600
0C00
0800
0000
0000
0000
0000
0000
0000
ENDCHAR
STARTCHAR uni276A
ENCODING 10090
SWIDTH 500 0
DWIDTH 11 0
BBX 11 22 0 -5
BITMAP
0000
0000
0000
0000
0400
0C00
1800
3000
3000
3000
3000
3000
3000
1800
0C00
0400
0000
0000
0000
0000
0000
0000
ENDCHAR
STARTCHAR uni276B
ENCODING 10091
SWIDTH 500 0
DWIDTH 11 0
BBX 11 22 0 -5
BITMAP
0000
0000
0000
0000
0800
0C00
0600
0300
0300
0300
0300
0300
0300
0600
0C00
0800
0000
0000
0000
0000
0000
0000
ENDCHAR
STARTCHAR uni276C
ENCODING 10092
SWIDTH 500 0
DWIDTH 11 0
BBX 11 22 0 -5
BITMAP
0000
0000
0000
0000
0E00
0C00
1C00
1800
3800
3000
1000
1800
0800
0C00
0400
0600
0000
0000
0000
0000
0000
0000
ENDCHAR
STARTCHAR uni276D
ENCODING 10093
SWIDTH 500 0
DWIDTH 11 0
BBX 11 22 0 -5
BITMAP
0000
0000
0000
0000
1C00
0C00
0E00
0600
0700
0300
0200
0600
0400
0C00
0800
1800
0000
0000
0000
0000
0000
0000
ENDCHAR
STARTCHAR uni276E
ENCODING 10094
SWIDTH 500 0
DWIDTH 11 0
BBX 11 22 0 -5
BITMAP
0000
0000
0000
0000
0000
00C0
0380
0600
0C00
3800
6000
3800
0C00
0600
0380
00C0
0000
0000
0000
0000
0000
0000
ENDCHAR
STARTCHAR uni276F
ENCODING 10095
SWIDTH 500 0
DWIDTH 11 0
BBX 11 22 0 -5
BITMAP
0000
0000
0000
0000
0000
6000
3800
0C00
0600
0380
00C0
0380
0600
0C00
3800
6000
0000
0000
0000
0000
0000
0000
ENDCHAR
STARTCHAR uni2770
ENCODING 10096
SWIDTH 500 0
DWIDTH 11 0
BBX 11 22 0 -5
BITMAP
0000
0000
0000
0000
1C00
1E00
3C00
3C00
7800
7800
3000
3800
1800
1C00
0C00
0E00
0000
0000
0000
0000
0000
0000
ENDCHAR
STARTCHAR uni2771
ENCODING 10097
SWIDTH 500 0
DWIDTH 11 0
BBX 11 22 0 -5
BITMAP
0000
0000
0000
0000
0E00
1E00
0F00
0F00
0780
0780
0300
0700
0600
0E00
0C00
1C00
0000
0000
0000
0000
0000
0000
ENDCHAR
STARTCHAR uni2772
ENCODING 10098
SWIDTH 500 0
DWIDTH 11 0
BBX 11 22 0 -5
BITMAP
0000
0000
0000
0000
0C00
3000
2000
2000
2000
2000
2000
2000
2000
2000
3000
0C00
0000
0000
0000
0000
0000
0000
ENDCHAR
STARTCHAR uni2773
ENCODING 10099
SWIDTH 500 0
DWIDTH 11 0
BBX 11 22 0 -5
BITMAP
0000
0000
0000
0000
0C00
0300
0100
0100
0100
0100
0100
0100
0100
0100
0300
0C00
0000
0000
0000
0000
0000
0000
ENDCHAR
STARTCHAR uni2774
ENCODING 10100
SWIDTH 500 0
DWIDTH 11 0
BBX 11 22 0 -5
BITMAP
0000
0000
0000
0000
0300
0400
0400
0400
0400
1800
0C00
0400
0400
0400
0400
0300
0000
0000
0000
0000
0000
0000
ENDCHAR
STARTCHAR uni2775
ENCODING 10101
SWIDTH 500 0
DWIDTH 11 0
BBX 11 22 0 -5
BITMAP
0000
0000
0000
0000
3000
0800
0800
0800
0800
0600
0C00
0800
0800
0800
0800
3000
0000
0000
0000
0000
0000
0000
ENDCHAR
STARTCHAR uni2776
ENCODING 10102
SWIDTH 500 0
DWIDTH 11 0
BBX 11 22 0 -5
BITMAP
0000
0000
0000
1E00
3F00
7F80
7780
E7C0
F7C0
F7C0
F7C0
F7C0
E3C0
7F80
7F80
3F00
1E00
0000
0000
0000
0000
0000
ENDCHAR
STARTCHAR uni2777
ENCODING 10103
SWIDTH 500 0
DWIDTH 11 0
BBX 11 22 0 -5
BITMAP
0000
0000
0000
1E00
3F00
7F80
6380
DDC0
FDC0
FBC0
F7C0
EFC0
C1C0
7F80
7F80
3F00
1E00
0000
0000
0000
0000
0000
ENDCHAR
STARTCHAR uni2778
ENCODING 10104
SWIDTH 500 0
DWIDTH 11 0
BBX 11 22 0 -5
BITMAP
0000
0000
0000
1E00
3F00
7F80
4380
FDC0
FDC0
E3C0
FDC0
FDC0
C3C0
7F80
7F80
3F00
1E00
0000
0000
0000
0000
0000
ENDCHAR
STARTCHAR uni2779
ENCODING 10105
SWIDTH 500 0
DWIDTH 11 0
BBX 11 22 0 -5
BITMAP
0000
0000
0000
1E00
3F00
7F80
7B80
F3C0
EBC0
DBC0
C1C0
FBC0
FBC0
7F80
7F80
3F00
1E00
0000
0000
0000
0000
0000
ENDCHAR
STARTCHAR uni277A
ENCODING 10106
SWIDTH 500 0
DWIDTH 11 0
BBX 11 22 0 -5
BITMAP
0000
0000
0000
1E00
3F00
7F80
4180
DFC0
DFC0
C3C0
FDC0
FDC0
C3C0
7F80
7F80
3F00
1E00
0000
0000
0000
0000
0000
ENDCHAR
STARTCHAR uni277B
ENCODING 10107
SWIDTH 500 0
DWIDTH 11 0
BBX 11 22 0 -5
BITMAP
0000
0000
0000
1E00
3F00
7F80
6380
DFC0
DFC0
C3C0
DDC0
DDC0
E3C0
7F80
7F80
3F00
1E00
0000
0000
0000
0000
0000
ENDCHAR
STARTCHAR uni277C
ENCODING 10108
SWIDTH 500 0
DWIDTH 11 0
BBX 11 22 0 -5
BITMAP
0000
0000
0000
1E00
3F00
7F80
4180
FDC0
FBC0
F7C0
EFC0
EFC0
EFC0
7F80
7F80
3F00
1E00
0000
0000
0000
0000
0000
ENDCHAR
STARTCHAR uni277D
ENCODING 10109
SWIDTH 500 0
DWIDTH 11 0
BBX 11 22 0 -5
BITMAP
0000
0000
0000
1E00
3F00
7F80
6380
DDC0
DDC0
E3C0
DDC0
DDC0
E3C0
7F80
7F80
3F00
1E00
0000
0000
0000
0000
0000
ENDCHAR
STARTCHAR uni277E
ENCODING 10110
SWIDTH 500 0
DWIDTH 11 0
BBX 11 22 0 -5
BITMAP
0000
0000
0000
1E00
3F00
7F80
6380
DDC0
DDC0
E1C0
FDC0
FDC0
E3C0
7F80
7F80
3F00
1E00
0000
0000
0000
0000
0000
ENDCHAR
STARTCHAR uni277F
ENCODING 10111
SWIDTH 500 0
DWIDTH 11 0
BBX 11 22 0 -5
BITMAP
0000
0000
0000
1E00
3F00
7F80
5180
D5C0
D5C0
D5C0
D1C0
DFC0
DFC0
7F80
7F80
3F00
1E00
0000
0000
0000
0000
0000
ENDCHAR
STARTCHAR uni2780
ENCODING 10112
SWIDTH 500 0
DWIDTH 11 0
BBX 11 22 0 -5
BITMAP
0000
0000
0000
1E00
2100
4080
4880
9840
8840
8840
8840
8840
8840
4080
4080
2100
1E00
0000
0000
0000
0000
0000
ENDCHAR
STARTCHAR uni2781
ENCODING 10113
SWIDTH 500 0
DWIDTH 11 0
BBX 11 22 0 -5
BITMAP
0000
0000
0000
1E00
2100
4080
5C80
A240
8240
8440
8840
9040
BE40
4080
4080
2100
1E00
0000
0000
0000
0000
0000
ENDCHAR
STARTCHAR uni2782
ENCODING 10114
SWIDTH 500 0
DWIDTH 11 0
BBX 11 22 0 -5
BITMAP
0000
0000
0000
1E00
2100
4080
7C80
8240
8240
9C40
8240
8240
BC40
4080
4080
2100
1E00
0000
0000
0000
0000
0000
ENDCHAR
STARTCHAR uni2783
ENCODING 10115
SWIDTH 500 0
DWIDTH 11 0
BBX 11 22 0 -5
BITMAP
0000
0000
0000
1E00
2100
4080
4480
8C40
9440
A440
BE40
8440
8440
4080
4080
2100
1E00
0000
0000
0000
0000
0000
ENDCHAR
STARTCHAR uni2784
ENCODING 10116
SWIDTH 500 0
DWIDTH 11 0
BBX 11 22 0 -5
BITMAP
0000
0000
0000
1E00
2100
4080
7E80
A040
A040
BC40
8240
8240
BC40
4080
4080
2100
1E00
0000
0000
0000
0000
0000
ENDCHAR
STARTCHAR uni2785
ENCODING 10117
SWIDTH 500 0
DWIDTH 11 0
BBX 11 22 0 -5
BITMAP
0000
0000
0000
1E00
2100
4080
5C80
A040
A040
BC40
A240
A240
9C40
4080
4080
2100
1E00
0000
0000
0000
0000
0000
ENDCHAR
STARTCHAR uni2786
ENCODING 10118
SWIDTH 500 0
DWIDTH 11 0
BBX 11 22 0 -5
BITMAP
0000
0000
0000
1E00
2100
4080
7E80
8240
8440
8840
9040
9040
9040
4080
4080
2100
1E00
0000
0000
0000
0000
0000
ENDCHAR
STARTCHAR uni2787
ENCODING 10119
SWIDTH 500 0
DWIDTH 11 0
BBX 11 22 0 -5
BITMAP
0000
0000
0000
1E00
2100
4080
5C80
A240
A240
9C40
A240
A240
9C40
4080
4080
2100
1E00
0000
0000
0000
0000
0000
ENDCHAR
STARTCHAR uni2788
ENCODING 10120
SWIDTH 500 0
DWIDTH 11 0
BBX 11 22 0 -5
BITMAP
0000
0000
0000
1E00
2100
4080
5C80
A240
A240
9E40
8240
8240
9C40
4080
4080
2100
1E00
0000
0000
0000
0000
0000
ENDCHAR
STARTCHAR uni2789
ENCODING 10121
SWIDTH 500 0
DWIDTH 11 0
BBX 11 22 0 -5
BITMAP
0000
0000
0000
1E00
2100
4080
6E80
AA40
AA40
AA40
AE40
A040
A040
4080
4080
2100
1E00
0000
0000
0000
0000
0000
ENDCHAR
STARTCHAR uni278A
ENCODING 10122
SWIDTH 500 0
DWIDTH 11 0
BBX 11 22 0 -5
BITMAP
0000
0000
0000
1E00
3F00
7F80
7780
E7C0
F7C0
F7C0
F7C0
F7C0
F7C0
7F80
7F80
3F00
1E00
0000
0000
0000
0000
0000
ENDCHAR
STARTCHAR uni278B
ENCODING 10123
SWIDTH 500 0
DWIDTH 11 0
BBX 11 22 0 -5
BITMAP
0000
0000
0000
1E00
3F00
7F80
6380
DDC0
FDC0
FBC0
F7C0
EFC0
C1C0
7F80
7F80
3F00
1E00
0000
0000
0000
0000
0000
ENDCHAR
STARTCHAR uni278C
ENCODING 10124
SWIDTH 500 0
DWIDTH 11 0
BBX 11 22 0 -5
BITMAP
0000
0000
0000
1E00
3F00
7F80
4380
FDC0
FDC0
E3C0
FDC0
FDC0
C3C0
7F80
7F80
3F00
1E00
0000
0000
0000
0000
0000
ENDCHAR
STARTCHAR uni278D
ENCODING 10125
SWIDTH 500 0
DWIDTH 11 0
BBX 11 22 0 -5
BITMAP
0000
0000
0000
1E00
3F00
7F80
7B80
F3C0
EBC0
DBC0
C1C0
FBC0
FBC0
7F80
7F80
3F00
1E00
0000
0000
0000
0000
0000
ENDCHAR
STARTCHAR uni278E
ENCODING 10126
SWIDTH 500 0
DWIDTH 11 0
BBX 11 22 0 -5
BITMAP
0000
0000
0000
1E00
3F00
7F80
4180
DFC0
DFC0
C3C0
FDC0
FDC0
C3C0
7F80
7F80
3F00
1E00
0000
0000
0000
0000
0000
ENDCHAR
STARTCHAR uni278F
ENCODING 10127
SWIDTH 500 0
DWIDTH 11 0
BBX 11 22 0 -5
BITMAP
0000
0000
0000
1E00
3F00
7F80
6380
DFC0
DFC0
C3C0
DDC0
DDC0
E3C0
7F80
7F80
3F00
1E00
0000
0000
0000
0000
0000
ENDCHAR
STARTCHAR uni2790
ENCODING 10128
SWIDTH 500 0
DWIDTH 11 0
BBX 11 22 0 -5
BITMAP
0000
0000
0000
1E00
3F00
7F80
4180
FDC0
FBC0
F7C0
EFC0
EFC0
EFC0
7F80
7F80
3F00
1E00
0000
0000
0000
0000
0000
ENDCHAR
STARTCHAR uni2791
ENCODING 10129
SWIDTH 500 0
DWIDTH 11 0
BBX 11 22 0 -5
BITMAP
0000
0000
0000
1E00
3F00
7F80
6380
DDC0
DDC0
E3C0
DDC0
DDC0
E3C0
7F80
7F80
3F00
1E00
0000
0000
0000
0000
0000
ENDCHAR
STARTCHAR uni2792
ENCODING 10130
SWIDTH 500 0
DWIDTH 11 0
BBX 11 22 0 -5
BITMAP
0000
0000
0000
1E00
3F00
7F80
6380
DDC0
DDC0
E1C0
FDC0
FDC0
E3C0
7F80
7F80
3F00
1E00
0000
0000
0000
0000
0000
ENDCHAR
STARTCHAR uni2793
ENCODING 10131
SWIDTH 500 0
DWIDTH 11 0
BBX 11 22 0 -5
BITMAP
0000
0000
0000
1E00
3F00
7F80
5180
D5C0
D5C0
D5C0
D1C0
DFC0
DFC0
7F80
7F80
3F00
1E00
0000
0000
0000
0000
0000
ENDCHAR
STARTCHAR uni2794
ENCODING 10132
SWIDTH 500 0
DWIDTH 11 0
BBX 11 22 0 -5
BITMAP
0000
0000
0000
0000
0000
0000
0800
0C00
0E00
FF80
FFC0
FF80
0E00
0C00
0800
0000
0000
0000
0000
0000
0000
0000
ENDCHAR
STARTCHAR uni2795
ENCODING 10133
SWIDTH 500 0
DWIDTH 11 0
BBX 11 22 0 -5
BITMAP
0000
0000
0000
0000
0000
0000
0000
0000
0600
0600
0600
3F80
3F80
0600
0600
0000
0000
0000
0000
0000
0000
0000
ENDCHAR
STARTCHAR uni2796
ENCODING 10134
SWIDTH 500 0
DWIDTH 11 0
BBX 11 22 0 -5
BITMAP
0000
0000
0000
0000
0000
0000
0000
0000
0000
0000
0000
3F80
3F80
0000
0000
0000
0000
0000
0000
0000
0000
0000
ENDCHAR
STARTCHAR uni2797
ENCODING 10135
SWIDTH 500 0
DWIDTH 11 0
BBX 11 22 0 -5
BITMAP
0000
0000
0000
0000
0000
0000
0400
0000
0000
7FC0
7FC0
0000
0000
0400
0000
0000
0000
0000
0000
0000
0000
0000
ENDCHAR
STARTCHAR uni2798
ENCODING 10136
SWIDTH 500 0
DWIDTH 11 0
BBX 11 22 0 -5
BITMAP
0000
0000
0000
0000
0000
0000
4000
E000
7000
3800
1C00
0740
03C0
03C0
0FC0
0000
0000
0000
0000
0000
0000
0000
ENDCHAR
STARTCHAR uni2799
ENCODING 10137
SWIDTH 500 0
DWIDTH 11 0
BBX 11 22 0 -5
BITMAP
0000
0000
0000
0000
0000
0000
0200
0300
0300
FF80
FFC0
FF80
0300
0300
0200
0000
0000
0000
0000
0000
0000
0000
ENDCHAR
STARTCHAR uni279A
ENCODING 10138
SWIDTH 500 0
DWIDTH 11 0
BBX 11 22 0 -5
BITMAP
0000
0000
0000
0000
0000
0000
0FC0
03C0
03C0
0740
1C00
3800
7000
E000
4000
0000
0000
0000
0000
0000
0000
0000
ENDCHAR
STARTCHAR uni279B
ENCODING 10139
SWIDTH 500 0
DWIDTH 11 0
BBX 11 22 0 -5
BITMAP
0000
0000
0000
0000
0000
0000
0400
0600
0580
0440
FC40
80C0
FF80
0700
0400
0000
0000
0000
0000
0000
0000
0000
ENDCHAR
STARTCHAR uni279C
ENCODING 10140
SWIDTH 500 0
DWIDTH 11 0
BBX 11 22 0 -5
BITMAP
0000
0000
0000
0000
0000
0000
0600
0700
0380
7FC0
FFC0
7FC0
0380
0700
0600
0000
0000
0000
0000
0000
0000
0000
ENDCHAR
STARTCHAR uni279D
ENCODING 10141
SWIDTH 500 0
DWIDTH 11 0
BBX 11 22 0 -5
BITMAP
0000
0000
0000
0000
0000
0000
0200
0300
0300
0380
FFC0
0380
0300
0300
0200
0000
0000
0000
0000
0000
0000
0000
ENDCHAR
STARTCHAR uni279E
ENCODING 10142
SWIDTH 500 0
DWIDTH 11 0
BBX 11 22 0 -5
BITMAP
0000
0000
0000
0000
0000
0000
0200
0300
0300
FF80
FFC0
0380
0300
0300
0200
0000
0000
0000
0000
0000
0000
0000
ENDCHAR
STARTCHAR uni279F
ENCODING 10143
SWIDTH 500 0
DWIDTH 11 0
BBX 11 22 0 -5
BITMAP
0000
0000
0000
0000
0000
0000
0200
0300
0300
0380
ABC0
0380
0300
0300
0200
0000
0000
0000
0000
0000
0000
0000
ENDCHAR
STARTCHAR uni27A0
ENCODING 10144
SWIDTH 500 0
DWIDTH 11 0
BBX 11 22 0 -5
BITMAP
0000
0000
0000
0000
0000
0000
0200
0300
0300
AB80
ABC0
AB80
0300
0300
0200
0000
0000
0000
0000
0000
0000
0000
ENDCHAR
STARTCHAR uni27A1
ENCODING 10145
SWIDTH 500 0
DWIDTH 11 0
BBX 11 22 0 -5
BITMAP
0000
0000
0000
0000
0000
0000
0000
0200
0300
0300
7F80
7FC0
7F80
0300
0300
0200
0000
0000
0000
0000
0000
0000
ENDCHAR
STARTCHAR uni27A2
ENCODING 10146
SWIDTH 500 0
DWIDTH 11 0
BBX 11 22 0 -5
BITMAP
0000
0000
0000
0000
0000
0000
C000
7000
4C00
2300
1FC0
3F00
3C00
7000
C000
0000
0000
0000
0000
0000
0000
0000
ENDCHAR
STARTCHAR uni27A3
ENCODING 10147
SWIDTH 500 0
DWIDTH 11 0
BBX 11 22 0 -5
BITMAP
0000
0000
0000
0000
0000
0000
C000
7000
7C00
3F00
1FC0
2300
2C00
7000
C000
0000
0000
0000
0000
0000
0000
0000
ENDCHAR
STARTCHAR uni27A4
ENCODING 10148
SWIDTH 500 0
DWIDTH 11 0
BBX 11 22 0 -5
BITMAP
0000
0000
0000
0000
0000
0000
8000
6000
3800
3F00
1FC0
3F00
3800
6000
8000
0000
0000
0000
0000
0000
0000
0000
ENDCHAR
STARTCHAR uni27A5
ENCODING 10149
SWIDTH 500 0
DWIDTH 11 0
BBX 11 22 0 -5
BITMAP
0000
0000
0000
0000
0000
0000
C000
C400
C600
C780
FFC0
7F80
0600
0400
0000
0000
0000
0000
0000
0000
0000
0000
ENDCHAR
STARTCHAR uni27A6
ENCODING 10150
SWIDTH 500 0
DWIDTH 11 0
BBX 11 22 0 -5
BITMAP
0000
0000
0000
0000
0000
0000
0000
0400
0600
7F80
FFC0
C780
C600
C400
C000
0000
0000
0000
0000
0000
0000
0000
ENDCHAR
STARTCHAR uni27A7
ENCODING 10151
SWIDTH 500 0
DWIDTH 11 0
BBX 11 22 0 -5
BITMAP
0000
0000
0000
0000
0000
0000
4000
7000
7C00
FF00
FFC0
FF00
7C00
7000
4000
0000
0000
0000
0000
0000
0000
0000
ENDCHAR
STARTCHAR uni27A8
ENCODING 10152
SWIDTH 500 0
DWIDTH 11 0
BBX 11 22 0 -5
BITMAP
0000
0000
0000
0000
0000
0000
0400
0400
0600
FF00
FFC0
FF00
0600
0400
0400
0000
0000
0000
0000
0000
0000
0000
ENDCHAR
STARTCHAR uni27A9
ENCODING 10153
SWIDTH 500 0
DWIDTH 11 0
BBX 11 22 0 -5
BITMAP
0000
0000
0000
0000
0000
0000
0600
0700
FD80
80C0
FD80
0700
0600
0000
0000
0000
0000
0000
0000
0000
0000
0000
ENDCHAR
STARTCHAR uni27AA
ENCODING 10154
SWIDTH 500 0
DWIDTH 11 0
BBX 11 22 0 -5
BITMAP
0000
0000
0000
0000
0000
0000
0200
0300
FE80
C040
FE80
0300
0200
0000
0000
0000
0000
0000
0000
0000
0000
0000
ENDCHAR
STARTCHAR uni27AB
ENCODING 10155
SWIDTH 500 0
DWIDTH 11 0
BBX 11 22 0 -5
BITMAP
0000
0000
0000
0000
0000
0000
0400
FE00
8500
F880
7D00
06C0
0700
0200
0000
0000
0000
0000
0000
0000
0000
0000
ENDCHAR
STARTCHAR uni27AC
ENCODING 10156
SWIDTH 500 0
DWIDTH 11 0
BBX 11 22 0 -5
BITMAP
0000
0000
0000
0000
0000
0000
0200
7F00
C680
F800
FEC0
0700
0600
0400
0000
0000
0000
0000
0000
0000
0000
0000
ENDCHAR
STARTCHAR uni27AD
ENCODING 10157
SWIDTH 500 0
DWIDTH 11 0
BBX 11 22 0 -5
BITMAP
0000
0000
0000
0000
0000
0000
0400
0600
FD00
8080
FD40
7E80
0700
0200
0000
0000
0000
0000
0000
0000
0000
0000
ENDCHAR
STARTCHAR uni27AE
ENCODING 10158
SWIDTH 500 0
DWIDTH 11 0
BBX 11 22 0 -5
BITMAP
0000
0000
0000
0000
0000
0000
0200
0700
7E80
FD40
8080
FD00
0600
0400
0000
0000
0000
0000
0000
0000
0000
0000
ENDCHAR
STARTCHAR uni27AF
ENCODING 10159
SWIDTH 500 0
DWIDTH 11 0
BBX 11 22 0 -5
BITMAP
0000
0000
0000
0000
0000
0000
0400
0600
FD00
0080
3D40
3E80
0700
0200
0000
0000
0000
0000
0000
0000
0000
0000
ENDCHAR
STARTCHAR uni27B0
ENCODING 10160
SWIDTH 500 0
DWIDTH 11 0
BBX 11 22 0 -5
BITMAP
0000
0000
0000
0000
0000
0000
0000
0000
73C0
0C00
1300
1100
1100
1100
0E00
0000
0000
0000
0000
0000
0000
0000
ENDCHAR
STARTCHAR uni27B1
ENCODING 10161
SWIDTH 500 0
DWIDTH 11 0
BBX 11 22 0 -5
BITMAP
0000
0000
0000
0000
0000
0000
0200
0700
7E80
3D40
0080
3D00
0600
0400
0000
0000
0000
0000
0000
0000
0000
0000
ENDCHAR
STARTCHAR uni27B2
ENCODING 10162
SWIDTH 500 0
DWIDTH 11 0
BBX 11 22 0 -5
BITMAP
0000
0000
0000
0000
0000
1E00
3F00
7B80
F9C0
F8C0
8040
F9C0
7B80
3F00
1E00
0000
0000
0000
0000
0000
0000
0000
ENDCHAR
STARTCHAR uni27B3
ENCODING 10163
SWIDTH 500 0
DWIDTH 11 0
BBX 11 22 0 -5
BITMAP
0000
0000
0000
0000
0000
0000
0000
AA00
5700
2B80
FFC0
2B80
5700
AA00
0000
0000
0000
0000
0000
0000
0000
0000
ENDCHAR
STARTCHAR uni27B4
ENCODING 10164
SWIDTH 500 0
DWIDTH 11 0
BBX 11 22 0 -5
BITMAP
0000
0000
0000
0000
0000
0000
8000
F000
7000
7800
1C00
0240
01C0
03C0
0FC0
0000
0000
0000
0000
0000
0000
0000
ENDCHAR
STARTCHAR uni27B5
ENCODING 10165
SWIDTH 500 0
DWIDTH 11 0
BBX 11 22 0 -5
BITMAP
0000
0000
0000
0000
0000
0000
0000
F200
7300
7B80
FFC0
7B80
7300
F200
0000
0000
0000
0000
0000
0000
0000
0000
ENDCHAR
STARTCHAR uni27B6
ENCODING 10166
SWIDTH 500 0
DWIDTH 11 0
BBX 11 22 0 -5
BITMAP
0000
0000
0000
0000
0000
0000
0FC0
03C0
01C0
0240
1C00
7800
7000
F000
8000
0000
0000
0000
0000
0000
0000
0000
ENDCHAR
STARTCHAR uni27B7
ENCODING 10167
SWIDTH 500 0
DWIDTH 11 0
BBX 11 22 0 -5
BITMAP
0000
0000
0000
0000
0000
0000
E000
F000
F800
7C00
3F00
1FC0
07C0
03C0
0FC0
0000
0000
0000
0000
0000
0000
0000
ENDCHAR
STARTCHAR uni27B8
ENCODING 10168
SWIDTH 500 0
DWIDTH 11 0
BBX 11 22 0 -5
BITMAP
0000
0000
0000
0000
0000
0000
0000
F200
7300
7B80
FFC0
FFC0
7300
F200
0000
0000
0000
0000
0000
0000
0000
0000
ENDCHAR
STARTCHAR uni27B9
ENCODING 10169
SWIDTH 500 0
DWIDTH 11 0
BBX 11 22 0 -5
BITMAP
0000
0000
0000
0000
0000
0000
0FC0
03C0
07C0
1FC0
3F00
7C00
F800
F000
E000
0000
0000
0000
0000
0000
0000
0000
ENDCHAR
STARTCHAR uni27BA
ENCODING 10170
SWIDTH 500 0
DWIDTH 11 0
BBX 11 22 0 -5
BITMAP
0000
0000
0000
0000
0000
0000
0000
0200
0600
0300
FFC0
0300
0600
0200
0000
0000
0000
0000
0000
0000
0000
0000
ENDCHAR
STARTCHAR uni27BB
ENCODING 10171
SWIDTH 500 0
DWIDTH 11 0
BBX 11 22 0 -5
BITMAP
0000
0000
0000
0000
0000
0000
0000
0200
4300
FF80
FFC0
FF80
4300
0200
0000
0000
0000
0000
0000
0000
0000
0000
ENDCHAR
STARTCHAR uni27BC
ENCODING 10172
SWIDTH 500 0
DWIDTH 11 0
BBX 11 22 0 -5
BITMAP
0000
0000
0000
0000
0000
0000
0000
F200
FB00
7B80
FFC0
7B80
FB00
F200
0000
0000
0000
0000
0000
0000
0000
0000
ENDCHAR
STARTCHAR uni27BD
ENCODING 10173
SWIDTH 500 0
DWIDTH 11 0
BBX 11 22 0 -5
BITMAP
0000
0000
0000
0000
0000
0000
0000
F200
FB00
7B80
FFC0
FFC0
FB00
F200
0000
0000
0000
0000
0000
0000
0000
0000
ENDCHAR
STARTCHAR uni27BE
ENCODING 10174
SWIDTH 500 0
DWIDTH 11 0
BBX 11 22 0 -5
BITMAP
0000
0000
0000
0000
0000
0000
0400
0600
FD00
0080
FF40
0080
FD00
0600
0400
0000
0000
0000
0000
0000
0000
0000
ENDCHAR
STARTCHAR uni27BF
ENCODING 10175
SWIDTH 500 0
DWIDTH 11 0
BBX 11 22 0 -5
BITMAP
0000
0000
0000
0000
0000
0000
0000
0000
FFC0
2900
4A80
4A80
4A80
4A80
7100
0000
0000
0000
0000
0000
0000
0000
ENDCHAR
STARTCHAR uni27F0
ENCODING 10224
SWIDTH 500 0
DWIDTH 11 0
BBX 11 22 0 -5
BITMAP
0000
0000
0000
0800
1400
3300
5280
9240
9240
9240
9240
9240
9240
9240
9240
9240
9240
0000
0000
0000
0000
0000
ENDCHAR
STARTCHAR uni27F1
ENCODING 10225
SWIDTH 500 0
DWIDTH 11 0
BBX 11 22 0 -5
BITMAP
0000
0000
0000
9240
9240
9240
9240
9240
9240
9240
9240
9240
9240
5280
3300
1400
0800
0000
0000
0000
0000
0000
ENDCHAR
STARTCHAR uni27F2
ENCODING 10226
SWIDTH 500 0
DWIDTH 11 0
BBX 11 22 0 -5
BITMAP
0000
0000
0000
0000
0000
1E00
2180
4080
4040
8040
A040
4040
0040
0080
2100
1E00
0000
0000
0000
0000
0000
0000
ENDCHAR
STARTCHAR uni27F3
ENCODING 10227
SWIDTH 500 0
DWIDTH 11 0
BBX 11 22 0 -5
BITMAP
0000
0000
0000
0000
0000
1E00
6100
4080
8080
8040
8140
8080
8000
4000
2100
1E00
0000
0000
0000
0000
0000
0000
ENDCHAR
STARTCHAR uni27F4
ENCODING 10228
SWIDTH 500 0
DWIDTH 11 0
BBX 11 22 0 -5
BITMAP
0000
0000
0000
0000
0000
0000
0000
0800
1D00
2A80
FFC0
2A80
1D00
0800
0000
0000
0000
0000
0000
0000
0000
0000
ENDCHAR
STARTCHAR uni27F5
ENCODING 10229
SWIDTH 500 0
DWIDTH 11 0
BBX 11 22 0 -5
BITMAP
0000
0000
0000
0000
0000
0000
0000
0000
2000
4000
FFC0
4000
2000
0000
0000
0000
0000
0000
0000
0000
0000
0000
ENDCHAR
STARTCHAR uni27F6
ENCODING 10230
SWIDTH 500 0
DWIDTH 11 0
BBX 11 22 0 -5
BITMAP
0000
0000
0000
0000
0000
0000
0000
0000
0100
0080
FFC0
0080
0100
0000
0000
0000
0000
0000
0000
0000
0000
0000
ENDCHAR
STARTCHAR uni27F7
ENCODING 10231
SWIDTH 500 0
DWIDTH 11 0
BBX 11 22 0 -5
BITMAP
0000
0000
0000
0000
0000
0000
0000
0000
2100
4080
FFC0
4080
2100
0000
0000
0000
0000
0000
0000
0000
0000
0000
ENDCHAR
STARTCHAR uni27F8
ENCODING 10232
SWIDTH 500 0
DWIDTH 11 0
BBX 11 22 0 -5
BITMAP
0000
0000
0000
0000
0000
0000
0000
1000
2000
7FC0
C000
C000
7FC0
2000
1000
0000
0000
0000
0000
0000
0000
0000
ENDCHAR
STARTCHAR uni27F9
ENCODING 10233
SWIDTH 500 0
DWIDTH 11 0
BBX 11 22 0 -5
BITMAP
0000
0000
0000
0000
0000
0000
0000
0200
0100
FF80
00C0
00C0
FF80
0100
0200
0000
0000
0000
0000
0000
0000
0000
ENDCHAR
STARTCHAR uni27FA
ENCODING 10234
SWIDTH 500 0
DWIDTH 11 0
BBX 11 22 0 -5
BITMAP
0000
0000
0000
0000
0000
0000
0000
1200
2100
7F80
C0C0
C0C0
7F80
2100
1200
0000
0000
0000
0000
0000
0000
0000
ENDCHAR
STARTCHAR uni27FB
ENCODING 10235
SWIDTH 500 0
DWIDTH 11 0
BBX 11 22 0 -5
BITMAP
0000
0000
0000
0000
0000
0000
0000
0000
2040
4040
FFC0
4040
2040
0000
0000
0000
0000
0000
0000
0000
0000
0000
ENDCHAR
STARTCHAR uni27FC
ENCODING 10236
SWIDTH 500 0
DWIDTH 11 0
BBX 11 22 0 -5
BITMAP
0000
0000
0000
0000
0000
0000
0000
0000
8100
8080
FFC0
8080
8100
0000
0000
0000
0000
0000
0000
0000
0000
0000
ENDCHAR
STARTCHAR uni27FD
ENCODING 10237
SWIDTH 500 0
DWIDTH 11 0
BBX 11 22 0 -5
BITMAP
0000
0000
0000
0000
0000
0000
0000
1000
2040
7FC0
C040
C040
7FC0
2040
1000
0000
0000
0000
0000
0000
0000
0000
ENDCHAR
STARTCHAR uni27FE
ENCODING 10238
SWIDTH 500 0
DWIDTH 11 0
BBX 11 22 0 -5
BITMAP
0000
0000
0000
0000
0000
0000
0000
0200
8100
FF80
80C0
80C0
FF80
8100
0200
0000
0000
0000
0000
0000
0000
0000
ENDCHAR
STARTCHAR uni27FF
ENCODING 10239
SWIDTH 500 0
DWIDTH 11 0
BBX 11 22 0 -5
BITMAP
0000
0000
0000
0000
0000
0000
0000
0000
8880
4CC0
5520
3340
2280
0000
0000
0000
0000
0000
0000
0000
0000
0000
ENDCHAR
STARTCHAR uni2900
ENCODING 10496
SWIDTH 500 0
DWIDTH 11 0
BBX 11 22 0 -5
BITMAP
0000
0000
0000
0000
0000
0000
0000
0000
1480
1240
FFE0
1240
1480
0000
0000
0000
0000
0000
0000
0000
0000
0000
ENDCHAR
STARTCHAR uni2901
ENCODING 10497
SWIDTH 500 0
DWIDTH 11 0
BBX 11 22 0 -5
BITMAP
0000
0000
0000
0000
0000
0000
0000
0000
2C80
2A40
FFE0
2A40
2C80
0000
0000
0000
0000
0000
0000
0000
0000
0000
ENDCHAR
STARTCHAR uni2902
ENCODING 10498
SWIDTH 500 0
DWIDTH 11 0
BBX 11 22 0 -5
BITMAP
0000
0000
0000
0000
0000
0000
0000
0800
2800
7FC0
8800
7FC0
2800
0800
0000
0000
0000
0000
0000
0000
0000
0000
ENDCHAR
STARTCHAR uni2903
ENCODING 10499
SWIDTH 500 0
DWIDTH 11 0
BBX 11 22 0 -5
BITMAP
0000
0000
0000
0000
0000
0000
0000
0800
0900
FF80
0840
FF80
0900
0800
0000
0000
0000
0000
0000
0000
0000
0000
ENDCHAR
STARTCHAR uni2904
ENCODING 10500
SWIDTH 500 0
DWIDTH 11 0
BBX 11 22 0 -5
BITMAP
0000
0000
0000
0000
0000
0000
0000
0800
2900
7F80
8840
7F80
2900
0800
0000
0000
0000
0000
0000
0000
0000
0000
ENDCHAR
STARTCHAR uni2905
ENCODING 10501
SWIDTH 500 0
DWIDTH 11 0
BBX 11 22 0 -5
BITMAP
0000
0000
0000
0000
0000
0000
0000
0000
8480
8240
FFE0
8240
8480
0000
0000
0000
0000
0000
0000
0000
0000
0000
ENDCHAR
STARTCHAR uni2906
ENCODING 10502
SWIDTH 500 0
DWIDTH 11 0
BBX 11 22 0 -5
BITMAP
0000
0000
0000
0000
0000
0000
0000
0000
2040
7FC0
8040
7FC0
2040
0000
0000
0000
0000
0000
0000
0000
0000
0000
ENDCHAR
STARTCHAR uni2907
ENCODING 10503
SWIDTH 500 0
DWIDTH 11 0
BBX 11 22 0 -5
BITMAP
0000
0000
0000
0000
0000
0000
0000
0000
8100
FF80
8040
FF80
8100
0000
0000
0000
0000
0000
0000
0000
0000
0000
ENDCHAR
STARTCHAR uni2908
ENCODING 10504
SWIDTH 500 0
DWIDTH 11 0
BBX 11 22 0 -5
BITMAP
0000
0000
0000
0400
0400
0400
0400
1F00
0400
0400
0400
0400
0400
2480
1500
0E00
0400
0000
0000
0000
0000
0000
ENDCHAR
STARTCHAR uni2909
ENCODING 10505
SWIDTH 500 0
DWIDTH 11 0
BBX 11 22 0 -5
BITMAP
0000
0000
0000
0400
0E00
1500
2480
0400
0400
0400
0400
0400
1F00
0400
0400
0400
0400
0000
0000
0000
0000
0000
ENDCHAR
STARTCHAR uni290A
ENCODING 10506
SWIDTH 500 0
DWIDTH 11 0
BBX 11 22 0 -5
BITMAP
0000
0000
0000
0800
1C00
2B00
4880
8840
8840
8840
8840
8840
8840
8840
8840
8840
8840
0000
0000
0000
0000
0000
ENDCHAR
STARTCHAR uni290B
ENCODING 10507
SWIDTH 500 0
DWIDTH 11 0
BBX 11 22 0 -5
BITMAP
0000
0000
0000
8840
8840
8840
8840
8840
8840
8840
8840
8840
8840
4880
2B00
1C00
0800
0000
0000
0000
0000
0000
ENDCHAR
STARTCHAR uni290C
ENCODING 10508
SWIDTH 500 0
DWIDTH 11 0
BBX 11 22 0 -5
BITMAP
0000
0000
0000
0000
0000
0000
0000
0000
2000
4000
F9E0
4000
2000
0000
0000
0000
0000
0000
0000
0000
0000
0000
ENDCHAR
STARTCHAR uni290D
ENCODING 10509
SWIDTH 500 0
DWIDTH 11 0
BBX 11 22 0 -5
BITMAP
0000
0000
0000
0000
0000
0000
0000
0000
0080
0040
F3E0
0040
0080
0000
0000
0000
0000
0000
0000
0000
0000
0000
ENDCHAR
STARTCHAR uni290E
ENCODING 10510
SWIDTH 500 0
DWIDTH 11 0
BBX 11 22 0 -5
BITMAP
0000
0000
0000
0000
0000
0000
0000
0000
2000
4000
E660
4000
2000
0000
0000
0000
0000
0000
0000
0000
0000
0000
ENDCHAR
STARTCHAR uni290F
ENCODING 10511
SWIDTH 500 0
DWIDTH 11 0
BBX 11 22 0 -5
BITMAP
0000
0000
0000
0000
0000
0000
0000
0000
0080
0040
CCE0
0040
0080
0000
0000
0000
0000
0000
0000
0000
0000
0000
ENDCHAR
STARTCHAR uni2910
ENCODING 10512
SWIDTH 500 0
DWIDTH 11 0
BBX 11 22 0 -5
BITMAP
0000
0000
0000
0000
0000
0000
0000
0000
0480
0240
CDE0
0240
0480
0000
0000
0000
0000
0000
0000
0000
0000
0000
ENDCHAR
STARTCHAR uni2911
ENCODING 10513
SWIDTH 500 0
DWIDTH 11 0
BBX 11 22 0 -5
BITMAP
0000
0000
0000
0000
0000
0000
0000
0000
0080
0040
AAE0
0040
0080
0000
0000
0000
0000
0000
0000
0000
0000
0000
ENDCHAR
STARTCHAR uni2912
ENCODING 10514
SWIDTH 500 0
DWIDTH 11 0
BBX 11 22 0 -5
BITMAP
0000
3F80
0000
0400
0E00
1500
2480
0400
0400
0400
0400
0400
0400
0400
0400
0400
0400
0000
0000
0000
0000
0000
ENDCHAR
STARTCHAR uni2913
ENCODING 10515
SWIDTH 500 0
DWIDTH 11 0
BBX 11 22 0 -5
BITMAP
0000
0000
0000
0400
0400
0400
0400
0400
0400
0400
0400
0400
0400
2480
1500
0E00
0400
0000
3F80
0000
0000
0000
ENDCHAR
STARTCHAR uni2914
ENCODING 10516
SWIDTH 500 0
DWIDTH 11 0
BBX 11 22 0 -5
BITMAP
0000
0000
0000
0000
0000
0000
0000
0000
9080
5040
FFE0
5040
9080
0000
0000
0000
0000
0000
0000
0000
0000
0000
ENDCHAR
STARTCHAR uni2915
ENCODING 10517
SWIDTH 500 0
DWIDTH 11 0
BBX 11 22 0 -5
BITMAP
0000
0000
0000
0000
0000
0000
0000
0000
A880
6840
FFE0
6840
A880
0000
0000
0000
0000
0000
0000
0000
0000
0000
ENDCHAR
STARTCHAR uni2916
ENCODING 10518
SWIDTH 500 0
DWIDTH 11 0
BBX 11 22 0 -5
BITMAP
0000
0000
0000
0000
0000
0000
0000
0000
8480
4240
FFE0
4240
8480
0000
0000
0000
0000
0000
0000
0000
0000
0000
ENDCHAR
STARTCHAR uni2917
ENCODING 10519
SWIDTH 500 0
DWIDTH 11 0
BBX 11 22 0 -5
BITMAP
0000
0000
0000
0000
0000
0000
0000
0000
9480
5240
FFE0
5240
9480
0000
0000
0000
0000
0000
0000
0000
0000
0000
ENDCHAR
STARTCHAR uni2918
ENCODING 10520
SWIDTH 500 0
DWIDTH 11 0
BBX 11 22 0 -5
BITMAP
0000
0000
0000
0000
0000
0000
0000
0000
AC80
6A40
FFE0
6A40
AC80
0000
0000
0000
0000
0000
0000
0000
0000
0000
ENDCHAR
STARTCHAR uni2919
ENCODING 10521
SWIDTH 500 0
DWIDTH 11 0
BBX 11 22 0 -5
BITMAP
0000
0000
0000
0000
0000
0000
0000
0000
0040
0080
FFC0
0080
0040
0000
0000
0000
0000
0000
0000
0000
0000
0000
ENDCHAR
STARTCHAR uni291A
ENCODING 10522
SWIDTH 500 0
DWIDTH 11 0
BBX 11 22 0 -5
BITMAP
0000
0000
0000
0000
0000
0000
0000
0000
8000
4000
FFC0
4000
8000
0000
0000
0000
0000
0000
0000
0000
0000
0000
ENDCHAR
STARTCHAR uni291B
ENCODING 10523
SWIDTH 500 0
DWIDTH 11 0
BBX 11 22 0 -5
BITMAP
0000
0000
0000
0000
0000
0000
0000
0000
0240
0480
FFC0
0480
0240
0000
0000
0000
0000
0000
0000
0000
0000
0000
ENDCHAR
STARTCHAR uni291C
ENCODING 10524
SWIDTH 500 0
DWIDTH 11 0
BBX 11 22 0 -5
BITMAP
0000
0000
0000
0000
0000
0000
0000
0000
9000
4800
FFC0
4800
9000
0000
0000
0000
0000
0000
0000
0000
0000
0000
ENDCHAR
STARTCHAR uni291D
ENCODING 10525
SWIDTH 500 0
DWIDTH 11 0
BBX 11 22 0 -5
BITMAP
0000
0000
0000
0000
0000
0000
0000
0000
2200
7400
FFE0
7400
2200
0000
0000
0000
0000
0000
0000
0000
0000
0000
ENDCHAR
STARTCHAR uni291E
ENCODING 10526
SWIDTH 500 0
DWIDTH 11 0
BBX 11 22 0 -5
BITMAP
0000
0000
0000
0000
0000
0000
0000
0000
0880
05C0
FFE0
05C0
0880
0000
0000
0000
0000
0000
0000
0000
0000
0000
ENDCHAR
STARTCHAR uni291F
ENCODING 10527
SWIDTH 500 0
DWIDTH 11 0
BBX 11 22 0 -5
BITMAP
0000
0000
0000
0000
0000
0000
0000
0000
2220
7420
FFE0
7420
2220
0000
0000
0000
0000
0000
0000
0000
0000
0000
ENDCHAR
STARTCHAR uni2920
ENCODING 10528
SWIDTH 500 0
DWIDTH 11 0
BBX 11 22 0 -5
BITMAP
0000
0000
0000
0000
0000
0000
0000
0000
8880
85C0
FFE0
85C0
8880
0000
0000
0000
0000
0000
0000
0000
0000
0000
ENDCHAR
STARTCHAR uni2921
ENCODING 10529
SWIDTH 500 0
DWIDTH 11 0
BBX 11 22 0 -5
BITMAP
0000
0000
0000
0000
0000
0000
E000
C000
A000
1000
0800
0400
0200
0140
00C0
01C0
0000
0000
0000
0000
0000
0000
ENDCHAR
STARTCHAR uni2922
ENCODING 10530
SWIDTH 500 0
DWIDTH 11 0
BBX 11 22 0 -5
BITMAP
0000
0000
0000
0000
0000
0000
01C0
00C0
0140
0200
0400
0800
1000
A000
C000
E000
0000
0000
0000
0000
0000
0000
ENDCHAR
STARTCHAR uni2923
ENCODING 10531
SWIDTH 500 0
DWIDTH 11 0
BBX 11 22 0 -5
BITMAP
0000
0000
0000
0000
0000
0000
E000
C000
A000
1000
0800
0400
0200
0100
0280
0240
0280
0180
0000
0000
0000
0000
ENDCHAR
STARTCHAR uni2924
ENCODING 10532
SWIDTH 500 0
DWIDTH 11 0
BBX 11 22 0 -5
BITMAP
0000
0000
0000
0000
0000
0000
01C0
00C0
0140
0200
0400
0800
1000
2000
5000
9000
5000
6000
0000
0000
0000
0000
ENDCHAR
STARTCHAR uni2925
ENCODING 10533
SWIDTH 500 0
DWIDTH 11 0
BBX 11 22 0 -5
BITMAP
0000
0000
0000
0000
6000
5000
9000
5000
2000
1000
0800
0400
0200
0140
00C0
01C0
0000
0000
0000
0000
0000
0000
ENDCHAR
STARTCHAR uni2926
ENCODING 10534
SWIDTH 500 0
DWIDTH 11 0
BBX 11 22 0 -5
BITMAP
0000
0000
0000
0000
0180
0280
0240
0280
0100
0200
0400
0800
1000
A000
C000
E000
0000
0000
0000
0000
0000
0000
ENDCHAR
STARTCHAR uni2927
ENCODING 10535
SWIDTH 500 0
DWIDTH 11 0
BBX 11 22 0 -5
BITMAP
0000
0000
0000
0000
0000
0000
E1C0
C0C0
A140
1200
0C00
0C00
1200
2100
4080
8040
0000
0000
0000
0000
0000
0000
ENDCHAR
STARTCHAR uni2928
ENCODING 10536
SWIDTH 500 0
DWIDTH 11 0
BBX 11 22 0 -5
BITMAP
0000
0000
0000
0000
0000
0000
81C0
40C0
2140
1200
0C00
0C00
1200
2140
40C0
81C0
0000
0000
0000
0000
0000
0000
ENDCHAR
STARTCHAR uni2929
ENCODING 10537
SWIDTH 500 0
DWIDTH 11 0
BBX 11 22 0 -5
BITMAP
0000
0000
0000
0000
0000
0000
8040
4080
2100
1200
0C00
0C00
1200
A140
C0C0
E1C0
0000
0000
0000
0000
0000
0000
ENDCHAR
STARTCHAR uni292A
ENCODING 10538
SWIDTH 500 0
DWIDTH 11 0
BBX 11 22 0 -5
BITMAP
0000
0000
0000
0000
0000
0000
E040
C080
A100
1200
0C00
0C00
1200
A100
C080
E040
0000
0000
0000
0000
0000
0000
ENDCHAR
STARTCHAR uni292B
ENCODING 10539
SWIDTH 500 0
DWIDTH 11 0
BBX 11 22 0 -5
BITMAP
0000
0000
0000
0000
0000
0000
8040
4080
2100
1200
0400
0800
1200
2100
4080
8040
0000
0000
0000
0000
0000
0000
ENDCHAR
STARTCHAR uni292C
ENCODING 10540
SWIDTH 500 0
DWIDTH 11 0
BBX 11 22 0 -5
BITMAP
0000
0000
0000
0000
0000
0000
8040
4080
2100
1200
0800
0400
1200
2100
4080
8040
0000
0000
0000
0000
0000
0000
ENDCHAR
STARTCHAR uni292D
ENCODING 10541
SWIDTH 500 0
DWIDTH 11 0
BBX 11 22 0 -5
BITMAP
0000
0000
0000
0000
0000
0000
81C0
40C0
2140
1200
0800
0400
1200
2140
40C0
81C0
0000
0000
0000
0000
0000
0000
ENDCHAR
STARTCHAR uni292E
ENCODING 10542
SWIDTH 500 0
DWIDTH 11 0
BBX 11 22 0 -5
BITMAP
0000
0000
0000
0000
0000
0000
81C0
40C0
2140
1200
0400
0800
1200
2140
40C0
81C0
0000
0000
0000
0000
0000
0000
ENDCHAR
STARTCHAR uni292F
ENCODING 10543
SWIDTH 500 0
DWIDTH 11 0
BBX 11 22 0 -5
BITMAP
0000
0000
0000
0000
0000
0000
81C0
40C0
2140
1200
0800
0400
1200
2100
4080
8040
0000
0000
0000
0000
0000
0000
ENDCHAR
STARTCHAR uni2930
ENCODING 10544
SWIDTH 500 0
DWIDTH 11 0
BBX 11 22 0 -5
BITMAP
0000
0000
0000
0000
0000
0000
8040
4080
2100
1200
0400
0800
1200
2140
40C0
81C0
0000
0000
0000
0000
0000
0000
ENDCHAR
STARTCHAR uni2931
ENCODING 10545
SWIDTH 500 0
DWIDTH 11 0
BBX 11 22 0 -5
BITMAP
0000
0000
0000
0000
0000
0000
E1C0
C0C0
A140
1200
0400
0800
1200
2100
4080
8040
0000
0000
0000
0000
0000
0000
ENDCHAR
STARTCHAR uni2932
ENCODING 10546
SWIDTH 500 0
DWIDTH 11 0
BBX 11 22 0 -5
BITMAP
0000
0000
0000
0000
0000
0000
E1C0
C0C0
A140
1200
0800
0400
1200
2100
4080
8040
0000
0000
0000
0000
0000
0000
ENDCHAR
STARTCHAR uni2933
ENCODING 10547
SWIDTH 500 0
DWIDTH 11 0
BBX 11 22 0 -5
BITMAP
0000
0000
0000
0000
0000
0000
0000
0000
6100
5080
89C0
0980
0700
0000
0000
0000
0000
0000
0000
0000
0000
0000
ENDCHAR
STARTCHAR uni2934
ENCODING 10548
SWIDTH 500 0
DWIDTH 11 0
BBX 11 22 0 -5
BITMAP
0000
0000
0000
0000
0080
01C0
02A0
0080
0080
0080
0080
0080
0080
0080
0100
FE00
0000
0000
0000
0000
0000
0000
ENDCHAR
STARTCHAR uni2935
ENCODING 10549
SWIDTH 500 0
DWIDTH 11 0
BBX 11 22 0 -5
BITMAP
0000
0000
0000
0000
FE00
0100
0080
0080
0080
0080
0080
0080
0080
02A0
01C0
0080
0000
0000
0000
0000
0000
0000
ENDCHAR
STARTCHAR uni2936
ENCODING 10550
SWIDTH 500 0
DWIDTH 11 0
BBX 11 22 0 -5
BITMAP
0000
0000
0000
0040
0040
0040
0040
0040
0040
0040
0040
0040
2040
4080
FF00
4000
2000
0000
0000
0000
0000
0000
ENDCHAR
STARTCHAR uni2937
ENCODING 10551
SWIDTH 500 0
DWIDTH 11 0
BBX 11 22 0 -5
BITMAP
0000
0000
0000
8000
8000
8000
8000
8000
8000
8000
8000
8000
8100
4080
3FC0
0080
0100
0000
0000
0000
0000
0000
ENDCHAR
STARTCHAR uni2938
ENCODING 10552
SWIDTH 500 0
DWIDTH 11 0
BBX 11 22 0 -5
BITMAP
0000
0000
0000
0C00
0380
0040
0040
0040
0040
0040
0040
0040
0040
0040
0880
0980
0E00
0000
0000
0000
0000
0000
ENDCHAR
STARTCHAR uni2939
ENCODING 10553
SWIDTH 500 0
DWIDTH 11 0
BBX 11 22 0 -5
BITMAP
0000
0000
0000
0C00
7000
8000
8000
8000
8000
8000
8000
8000
8000
8000
4400
6400
1C00
0000
0000
0000
0000
0000
ENDCHAR
STARTCHAR uni293A
ENCODING 10554
SWIDTH 500 0
DWIDTH 11 0
BBX 11 22 0 -5
BITMAP
0000
0000
0000
0000
0000
0000
0000
0000
3F00
C0C0
8040
E000
0000
0000
0000
0000
0000
0000
0000
0000
0000
0000
ENDCHAR
STARTCHAR uni293B
ENCODING 10555
SWIDTH 500 0
DWIDTH 11 0
BBX 11 22 0 -5
BITMAP
0000
0000
0000
0000
0000
0000
0000
0000
0000
01C0
8040
C0C0
3F40
0000
0000
0000
0000
0000
0000
0000
0000
0000
ENDCHAR
STARTCHAR uni293C
ENCODING 10556
SWIDTH 500 0
DWIDTH 11 0
BBX 11 22 0 -5
BITMAP
0000
0000
0000
0000
0000
0000
0000
0000
3F00
C0C0
8040
01C0
0000
1C00
0000
0000
0000
0000
0000
0000
0000
0000
ENDCHAR
STARTCHAR uni293D
ENCODING 10557
SWIDTH 500 0
DWIDTH 11 0
BBX 11 22 0 -5
BITMAP
0000
0000
0000
0000
0000
0000
0000
0000
3F00
C0C0
8040
E000
0800
1C00
0800
0000
0000
0000
0000
0000
0000
0000
ENDCHAR
STARTCHAR uni293E
ENCODING 10558
SWIDTH 500 0
DWIDTH 11 0
BBX 11 22 0 -5
BITMAP
0000
0000
0000
0400
0300
00C0
0040
0040
0040
0040
0040
E040
8040
8040
4040
6180
1E00
0000
0000
0000
0000
0000
ENDCHAR
STARTCHAR uni293F
ENCODING 10559
SWIDTH 500 0
DWIDTH 11 0
BBX 11 22 0 -5
BITMAP
0000
0000
0000
0800
3000
C000
8000
8000
8000
8000
8000
81C0
8040
8040
8080
6180
1E00
0000
0000
0000
0000
0000
ENDCHAR
STARTCHAR uni2940
ENCODING 10560
SWIDTH 500 0
DWIDTH 11 0
BBX 11 22 0 -5
BITMAP
0000
0000
0000
0000
0400
1E00
2500
4080
8040
8040
8040
8040
8040
4080
2100
1E00
0000
0000
0000
0000
0000
0000
ENDCHAR
STARTCHAR uni2941
ENCODING 10561
SWIDTH 500 0
DWIDTH 11 0
BBX 11 22 0 -5
BITMAP
0000
0000
0000
0000
1000
1E00
3100
4080
8040
8040
8040
8040
8040
4080
2100
1E00
0000
0000
0000
0000
0000
0000
ENDCHAR
STARTCHAR uni2942
ENCODING 10562
SWIDTH 500 0
DWIDTH 11 0
BBX 11 22 0 -5
BITMAP
0000
0000
0000
0200
0100
0080
FFC0
0080
0100
0200
0000
1000
2000
4000
FE00
4000
2000
1000
0000
0000
0000
0000
ENDCHAR
STARTCHAR uni2943
ENCODING 10563
SWIDTH 500 0
DWIDTH 11 0
BBX 11 22 0 -5
BITMAP
0000
0000
0000
1000
2000
4000
FFC0
4000
2000
1000
0000
0200
0100
0080
1FC0
0080
0100
0200
0000
0000
0000
0000
ENDCHAR
STARTCHAR uni2944
ENCODING 10564
SWIDTH 500 0
DWIDTH 11 0
BBX 11 22 0 -5
BITMAP
0000
0000
0000
0200
0100
0080
1FC0
0080
0100
0200
0000
1000
2000
4000
FFC0
4000
2000
1000
0000
0000
0000
0000
ENDCHAR
STARTCHAR uni2945
ENCODING 10565
SWIDTH 500 0
DWIDTH 11 0
BBX 11 22 0 -5
BITMAP
0000
0000
0000
0000
0000
0100
0080
FFC0
0080
0100
0000
1000
3800
1000
0000
0000
0000
0000
0000
0000
0000
0000
ENDCHAR
STARTCHAR uni2946
ENCODING 10566
SWIDTH 500 0
DWIDTH 11 0
BBX 11 22 0 -5
BITMAP
0000
0000
0000
0000
0000
2000
4000
FFC0
4000
2000
0000
0100
0380
0100
0000
0000
0000
0000
0000
0000
0000
0000
ENDCHAR
STARTCHAR uni2947
ENCODING 10567
SWIDTH 500 0
DWIDTH 11 0
BBX 11 22 0 -5
BITMAP
0000
0000
0000
0000
0000
0000
0000
0000
4500
2880
FFC0
2880
4500
0000
0000
0000
0000
0000
0000
0000
0000
0000
ENDCHAR
STARTCHAR uni2948
ENCODING 10568
SWIDTH 500 0
DWIDTH 11 0
BBX 11 22 0 -5
BITMAP
0000
0000
0000
0000
0000
0000
0000
0800
3500
6280
FFC0
6280
3500
0800
0000
0000
0000
0000
0000
0000
0000
0000
ENDCHAR
STARTCHAR uni2949
ENCODING 10569
SWIDTH 500 0
DWIDTH 11 0
BBX 11 22 0 -5
BITMAP
0000
0000
0000
0400
0E00
1500
0400
0E00
1500
0400
0400
0400
0400
0400
0400
0A00
0400
0000
0000
0000
0000
0000
ENDCHAR
STARTCHAR uni294A
ENCODING 10570
SWIDTH 500 0
DWIDTH 11 0
BBX 11 22 0 -5
BITMAP
0000
0000
0000
0000
0000
0000
0000
1000
2000
4000
FFC0
0080
0100
0200
0000
0000
0000
0000
0000
0000
0000
0000
ENDCHAR
STARTCHAR uni294B
ENCODING 10571
SWIDTH 500 0
DWIDTH 11 0
BBX 11 22 0 -5
BITMAP
0000
0000
0000
0000
0000
0000
0000
0200
0100
0080
FFC0
4000
2000
1000
0000
0000
0000
0000
0000
0000
0000
0000
ENDCHAR
STARTCHAR uni294C
ENCODING 10572
SWIDTH 500 0
DWIDTH 11 0
BBX 11 22 0 -5
BITMAP
0000
0000
0000
0400
0600
0500
0480
0400
0400
0400
0400
0400
0400
2400
1400
0C00
0400
0000
0000
0000
0000
0000
ENDCHAR
STARTCHAR uni294D
ENCODING 10573
SWIDTH 500 0
DWIDTH 11 0
BBX 11 22 0 -5
BITMAP
0000
0000
0000
0400
0C00
1400
2400
0400
0400
0400
0400
0400
0400
0480
0500
0600
0400
0000
0000
0000
0000
0000
ENDCHAR
STARTCHAR uni294E
ENCODING 10574
SWIDTH 500 0
DWIDTH 11 0
BBX 11 22 0 -5
BITMAP
0000
0000
0000
0000
0000
0000
0000
1200
2100
4080
FFC0
0000
0000
0000
0000
0000
0000
0000
0000
0000
0000
0000
ENDCHAR
STARTCHAR uni294F
ENCODING 10575
SWIDTH 500 0
DWIDTH 11 0
BBX 11 22 0 -5
BITMAP
0000
0000
0000
0400
0600
0500
0480
0400
0400
0400
0400
0400
0400
0480
0500
0600
0400
0000
0000
0000
0000
0000
ENDCHAR
STARTCHAR uni2950
ENCODING 10576
SWIDTH 500 0
DWIDTH 11 0
BBX 11 22 0 -5
BITMAP
0000
0000
0000
0000
0000
0000
0000
0000
0000
0000
FFC0
4080
2100
1200
0000
0000
0000
0000
0000
0000
0000
0000
ENDCHAR
STARTCHAR uni2951
ENCODING 10577
SWIDTH 500 0
DWIDTH 11 0
BBX 11 22 0 -5
BITMAP
0000
0000
0000
0400
0C00
1400
2400
0400
0400
0400
0400
0400
0400
2400
1400
0C00
0400
0000
0000
0000
0000
0000
ENDCHAR
STARTCHAR uni2952
ENCODING 10578
SWIDTH 500 0
DWIDTH 11 0
BBX 11 22 0 -5
BITMAP
0000
0000
0000
0000
0000
0000
0000
0000
8800
9000
BFE0
8000
8000
0000
0000
0000
0000
0000
0000
0000
0000
0000
ENDCHAR
STARTCHAR uni2953
ENCODING 10579
SWIDTH 500 0
DWIDTH 11 0
BBX 11 22 0 -5
BITMAP
0000
0000
0000
0000
0000
0000
0000
0000
0220
0120
FFA0
0020
0020
0000
0000
0000
0000
0000
0000
0000
0000
0000
ENDCHAR
STARTCHAR uni2954
ENCODING 10580
SWIDTH 500 0
DWIDTH 11 0
BBX 11 22 0 -5
BITMAP
0000
0000
0000
3F80
0000
0400
0600
0500
0480
0400
0400
0400
0400
0400
0400
0400
0400
0000
0000
0000
0000
0000
ENDCHAR
STARTCHAR uni2955
ENCODING 10581
SWIDTH 500 0
DWIDTH 11 0
BBX 11 22 0 -5
BITMAP
0000
0000
0000
0400
0400
0400
0400
0400
0400
0400
0400
0480
0500
0600
0400
0000
3F80
0000
0000
0000
0000
0000
ENDCHAR
STARTCHAR uni2956
ENCODING 10582
SWIDTH 500 0
DWIDTH 11 0
BBX 11 22 0 -5
BITMAP
0000
0000
0000
0000
0000
0000
0000
0000
8000
8000
BFE0
9000
8800
0000
0000
0000
0000
0000
0000
0000
0000
0000
ENDCHAR
STARTCHAR uni2957
ENCODING 10583
SWIDTH 500 0
DWIDTH 11 0
BBX 11 22 0 -5
BITMAP
0000
0000
0000
0000
0000
0000
0000
0000
0020
0020
FFA0
0120
0220
0000
0000
0000
0000
0000
0000
0000
0000
0000
ENDCHAR
STARTCHAR uni2958
ENCODING 10584
SWIDTH 500 0
DWIDTH 11 0
BBX 11 22 0 -5
BITMAP
0000
0000
0000
3F80
0000
0400
0C00
1400
2400
0400
0400
0400
0400
0400
0400
0400
0400
0000
0000
0000
0000
0000
ENDCHAR
STARTCHAR uni2959
ENCODING 10585
SWIDTH 500 0
DWIDTH 11 0
BBX 11 22 0 -5
BITMAP
0000
0000
0000
0400
0400
0400
0400
0400
0400
0400
0400
2400
1400
0C00
0400
0000
3F80
0000
0000
0000
0000
0000
ENDCHAR
STARTCHAR uni295A
ENCODING 10586
SWIDTH 500 0
DWIDTH 11 0
BBX 11 22 0 -5
BITMAP
0000
0000
0000
0000
0000
0000
0000
0000
2020
4020
FFE0
0020
0020
0000
0000
0000
0000
0000
0000
0000
0000
0000
ENDCHAR
STARTCHAR uni295B
ENCODING 10587
SWIDTH 500 0
DWIDTH 11 0
BBX 11 22 0 -5
BITMAP
0000
0000
0000
0000
0000
0000
0000
0000
8080
8040
FFE0
8000
8000
0000
0000
0000
0000
0000
0000
0000
0000
0000
ENDCHAR
STARTCHAR uni295C
ENCODING 10588
SWIDTH 500 0
DWIDTH 11 0
BBX 11 22 0 -5
BITMAP
0000
0000
0000
0400
0600
0500
0480
0400
0400
0400
0400
0400
0400
0400
0400
0400
3F80
0000
0000
0000
0000
0000
ENDCHAR
STARTCHAR uni295D
ENCODING 10589
SWIDTH 500 0
DWIDTH 11 0
BBX 11 22 0 -5
BITMAP
0000
0000
0000
3F80
0400
0400
0400
0400
0400
0400
0400
0400
0400
0480
0500
0600
0400
0000
0000
0000
0000
0000
ENDCHAR
STARTCHAR uni295E
ENCODING 10590
SWIDTH 500 0
DWIDTH 11 0
BBX 11 22 0 -5
BITMAP
0000
0000
0000
0000
0000
0000
0000
0000
0020
0020
FFE0
4020
2020
0000
0000
0000
0000
0000
0000
0000
0000
0000
ENDCHAR
STARTCHAR uni295F
ENCODING 10591
SWIDTH 500 0
DWIDTH 11 0
BBX 11 22 0 -5
BITMAP
0000
0000
0000
0000
0000
0000
0000
0000
8000
8000
FFE0
8040
8080
0000
0000
0000
0000
0000
0000
0000
0000
0000
ENDCHAR
STARTCHAR uni2960
ENCODING 10592
SWIDTH 500 0
DWIDTH 11 0
BBX 11 22 0 -5
BITMAP
0000
0000
0000
0400
0C00
1400
2400
0400
0400
0400
0400
0400
0400
0400
0400
0400
7FC0
0000
0000
0000
0000
0000
ENDCHAR
STARTCHAR uni2961
ENCODING 10593
SWIDTH 500 0
DWIDTH 11 0
BBX 11 22 0 -5
BITMAP
0000
0000
0000
3F80
0400
0400
0400
0400
0400
0400
0400
0400
0400
2400
1400
0C00
0400
0000
0000
0000
0000
0000
ENDCHAR
STARTCHAR uni2962
ENCODING 10594
SWIDTH 500 0
DWIDTH 11 0
BBX 11 22 0 -5
BITMAP
0000
0000
0000
1000
2000
4000
FFC0
0000
0000
0000
0000
0000
0000
0000
FFC0
4000
2000
1000
0000
0000
0000
0000
ENDCHAR
STARTCHAR uni2963
ENCODING 10595
SWIDTH 500 0
DWIDTH 11 0
BBX 11 22 0 -5
BITMAP
0000
0000
0000
2080
60C0
A0A0
2080
2080
2080
2080
2080
2080
2080
2080
2080
2080
2080
0000
0000
0000
0000
0000
ENDCHAR
STARTCHAR uni2964
ENCODING 10596
SWIDTH 500 0
DWIDTH 11 0
BBX 11 22 0 -5
BITMAP
0000
0000
0000
0200
0100
0080
FFC0
0000
0000
0000
0000
0000
0000
0000
FFC0
0080
0100
0200
0000
0000
0000
0000
ENDCHAR
STARTCHAR uni2965
ENCODING 10597
SWIDTH 500 0
DWIDTH 11 0
BBX 11 22 0 -5
BITMAP
0000
0000
0000
2080
2080
2080
2080
2080
2080
2080
2080
2080
2080
2080
A0A0
60C0
2080
0000
0000
0000
0000
0000
ENDCHAR
STARTCHAR uni2966
ENCODING 10598
SWIDTH 500 0
DWIDTH 11 0
BBX 11 22 0 -5
BITMAP
0000
0000
0000
1000
2000
4000
FFC0
0000
0000
0000
0000
0200
0100
0080
FFC0
0000
0000
0000
0000
0000
0000
0000
ENDCHAR
STARTCHAR uni2967
ENCODING 10599
SWIDTH 500 0
DWIDTH 11 0
BBX 11 22 0 -5
BITMAP
0000
0000
0000
0000
0000
0000
FFC0
4000
2000
1000
0000
0000
0000
0000
FFC0
0080
0100
0200
0000
0000
0000
0000
ENDCHAR
STARTCHAR uni2968
ENCODING 10600
SWIDTH 500 0
DWIDTH 11 0
BBX 11 22 0 -5
BITMAP
0000
0000
0000
0200
0100
0080
FFC0
0000
0000
0000
0000
1000
2000
4000
FFC0
0000
0000
0000
0000
0000
0000
0000
ENDCHAR
STARTCHAR uni2969
ENCODING 10601
SWIDTH 500 0
DWIDTH 11 0
BBX 11 22 0 -5
BITMAP
0000
0000
0000
0000
0000
0000
FFC0
0080
0100
0200
0000
0000
0000
0000
FFC0
4000
2000
1000
0000
0000
0000
0000
ENDCHAR
STARTCHAR uni296A
ENCODING 10602
SWIDTH 500 0
DWIDTH 11 0
BBX 11 22 0 -5
BITMAP
0000
0000
0000
1000
2000
4000
FFC0
0000
0000
0000
0000
0000
0000
0000
FFC0
0000
0000
0000
0000
0000
0000
0000
ENDCHAR
STARTCHAR uni296B
ENCODING 10603
SWIDTH 500 0
DWIDTH 11 0
BBX 11 22 0 -5
BITMAP
0000
0000
0000
0000
0000
0000
FFC0
0000
0000
0000
0000
0000
0000
0000
FFC0
4000
2000
1000
0000
0000
0000
0000
ENDCHAR
STARTCHAR uni296C
ENCODING 10604
SWIDTH 500 0
DWIDTH 11 0
BBX 11 22 0 -5
BITMAP
0000
0000
0000
0200
0100
0080
FFC0
0000
0000
0000
0000
0000
0000
0000
FFC0
0000
0000
0000
0000
0000
0000
0000
ENDCHAR
STARTCHAR uni296D
ENCODING 10605
SWIDTH 500 0
DWIDTH 11 0
BBX 11 22 0 -5
BITMAP
0000
0000
0000
0000
0000
0000
FFC0
0000
0000
0000
0000
0000
0000
0000
FFC0
0080
0100
0200
0000
0000
0000
0000
ENDCHAR
STARTCHAR uni296E
ENCODING 10606
SWIDTH 500 0
DWIDTH 11 0
BBX 11 22 0 -5
BITMAP
0000
0000
0000
2080
6080
A080
2080
2080
2080
2080
2080
2080
2080
2080
20A0
20C0
2080
0000
0000
0000
0000
0000
ENDCHAR
STARTCHAR uni296F
ENCODING 10607
SWIDTH 500 0
DWIDTH 11 0
BBX 11 22 0 -5
BITMAP
0000
0000
0000
2080
20C0
20A0
2080
2080
2080
2080
2080
2080
2080
2080
A080
6080
2080
0000
0000
0000
0000
0000
ENDCHAR
STARTCHAR uni2970
ENCODING 10608
SWIDTH 500 0
DWIDTH 11 0
BBX 11 22 0 -5
BITMAP
0000
0000
0000
0000
0000
0000
0000
0000
FF80
0040
0020
0040
FF80
0000
0000
0000
0000
0000
0000
0000
0000
0000
ENDCHAR
STARTCHAR uni2971
ENCODING 10609
SWIDTH 500 0
DWIDTH 11 0
BBX 11 22 0 -5
BITMAP
0000
0000
0000
0000
0000
0000
0000
FF00
0000
FF00
0000
0100
0080
FFC0
0080
0100
0000
0000
0000
0000
0000
0000
ENDCHAR
STARTCHAR uni2972
ENCODING 10610
SWIDTH 500 0
DWIDTH 11 0
BBX 11 22 0 -5
BITMAP
0000
0000
0000
0000
0000
0000
0000
6000
9E40
0180
0000
0100
0080
FFC0
0080
0100
0000
0000
0000
0000
0000
0000
ENDCHAR
STARTCHAR uni2973
ENCODING 10611
SWIDTH 500 0
DWIDTH 11 0
BBX 11 22 0 -5
BITMAP
0000
0000
0000
0000
0000
2000
4000
FFC0
4000
2000
0000
6000
9E40
0180
0000
0000
0000
0000
0000
0000
0000
0000
ENDCHAR
STARTCHAR uni2974
ENCODING 10612
SWIDTH 500 0
DWIDTH 11 0
BBX 11 22 0 -5
BITMAP
0000
0000
0000
0000
0000
0100
0080
FFC0
0080
0100
0000
6000
9E40
0180
0000
0000
0000
0000
0000
0000
0000
0000
ENDCHAR
STARTCHAR uni2975
ENCODING 10613
SWIDTH 500 0
DWIDTH 11 0
BBX 11 22 0 -5
BITMAP
0000
0000
0000
0000
0000
0100
0080
FFC0
0080
0100
6000
9E40
0180
6000
9E40
0180
0000
0000
0000
0000
0000
0000
ENDCHAR
STARTCHAR uni2976
ENCODING 10614
SWIDTH 500 0
DWIDTH 11 0
BBX 11 22 0 -5
BITMAP
0000
0000
0000
0000
0000
0000
00C0
0F00
3000
0F00
00C0
2000
4000
FFC0
4000
2000
0000
0000
0000
0000
0000
0000
ENDCHAR
STARTCHAR uni2977
ENCODING 10615
SWIDTH 500 0
DWIDTH 11 0
BBX 11 22 0 -5
BITMAP
0000
0000
0000
0000
0000
0000
0000
00C0
2300
4C00
FFC0
4C00
2300
00C0
0000
0000
0000
0000
0000
0000
0000
0000
ENDCHAR
STARTCHAR uni2978
ENCODING 10616
SWIDTH 500 0
DWIDTH 11 0
BBX 11 22 0 -5
BITMAP
0000
0000
0000
0000
0000
0000
3000
0F00
00C0
0F00
3000
0100
0080
FFC0
0080
0100
0000
0000
0000
0000
0000
0000
ENDCHAR
STARTCHAR uni2979
ENCODING 10617
SWIDTH 500 0
DWIDTH 11 0
BBX 11 22 0 -5
BITMAP
0000
0000
0000
0000
0000
0000
1FC0
2000
2000
2000
1FC0
0100
0080
FFC0
0080
0100
0000
0000
0000
0000
0000
0000
ENDCHAR
STARTCHAR uni297A
ENCODING 10618
SWIDTH 500 0
DWIDTH 11 0
BBX 11 22 0 -5
BITMAP
0000
0000
0000
0000
0000
0000
0000
0000
3FC0
6000
FFC0
6000
3FC0
0000
0000
0000
0000
0000
0000
0000
0000
0000
ENDCHAR
STARTCHAR uni297B
ENCODING 10619
SWIDTH 500 0
DWIDTH 11 0
BBX 11 22 0 -5
BITMAP
0000
0000
0000
0000
0000
0000
3F80
0040
0040
0040
3F80
2000
4000
FFC0
4000
2000
0000
0000
0000
0000
0000
0000
ENDCHAR
STARTCHAR uni297C
ENCODING 10620
SWIDTH 500 0
DWIDTH 11 0
BBX 11 22 0 -5
BITMAP
0000
0000
0000
0000
0000
0000
0000
0000
6000
8000
7FC0
8000
6000
0000
0000
0000
0000
0000
0000
0000
0000
0000
ENDCHAR
STARTCHAR uni297D
ENCODING 10621
SWIDTH 500 0
DWIDTH 11 0
BBX 11 22 0 -5
BITMAP
0000
0000
0000
0000
0000
0000
0000
0000
00C0
0020
FFC0
0020
00C0
0000
0000
0000
0000
0000
0000
0000
0000
0000
ENDCHAR
STARTCHAR uni297E
ENCODING 10622
SWIDTH 500 0
DWIDTH 11 0
BBX 11 22 0 -5
BITMAP
0000
0000
0000
1300
2C80
2480
0400
0400
0400
0400
0400
0400
0400
0400
0400
0400
0400
0000
0000
0000
0000
0000
ENDCHAR
STARTCHAR uni297F
ENCODING 10623
SWIDTH 500 0
DWIDTH 11 0
BBX 11 22 0 -5
BITMAP
0000
0000
0000
0400
0400
0400
0400
0400
0400
0400
0400
0400
0400
0400
2480
2C80
1300
0000
0000
0000
0000
0000
ENDCHAR
STARTCHAR uni2B05
ENCODING 11013
SWIDTH 500 0
DWIDTH 11 0
BBX 11 22 0 -5
BITMAP
0000
0000
0000
0000
0000
0000
0000
0800
1800
1800
3FC0
7FC0
3FC0
1800
1800
0800
0000
0000
0000
0000
0000
0000
ENDCHAR
STARTCHAR uni2B06
ENCODING 11014
SWIDTH 500 0
DWIDTH 11 0
BBX 11 22 0 -5
BITMAP
0000
0000
0000
0000
0000
0400
0E00
1F00
3F80
7FC0
1F00
1F00
1F00
1F00
1F00
1F00
0000
0000
0000
0000
0000
0000
ENDCHAR
STARTCHAR uni2B07
ENCODING 11015
SWIDTH 500 0
DWIDTH 11 0
BBX 11 22 0 -5
BITMAP
0000
0000
0000
0000
0000
0000
1F00
1F00
1F00
1F00
1F00
1F00
7FC0
3F80
1F00
0E00
0400
0000
0000
0000
0000
0000
ENDCHAR
STARTCHAR uni2B1B
ENCODING 11035
SWIDTH 500 0
DWIDTH 11 0
BBX 11 22 0 -5
BITMAP
0000
0000
0000
0000
0000
FFC0
FFC0
FFC0
FFC0
FFC0
FFC0
FFC0
FFC0
FFC0
FFC0
0000
0000
0000
0000
0000
0000
0000
ENDCHAR
STARTCHAR uni2B1C
ENCODING 11036
SWIDTH 500 0
DWIDTH 11 0
BBX 11 22 0 -5
BITMAP
0000
0000
0000
0000
0000
FFC0
8040
8040
8040
8040
8040
8040
8040
8040
FFC0
0000
0000
0000
0000
0000
0000
0000
ENDCHAR
STARTCHAR uni2B4D
ENCODING 11085
SWIDTH 500 0
DWIDTH 11 0
BBX 11 22 0 -5
BITMAP
0000
0000
0000
0040
0180
0600
1800
6000
1E00
0180
0080
0100
0100
0200
1F00
0E00
0400
0000
0000
0000
0000
0000
ENDCHAR
STARTCHAR uni2B50
ENCODING 11088
SWIDTH 500 0
DWIDTH 11 0
BBX 11 22 0 -5
BITMAP
0000
0000
0000
0000
0000
0000
0400
0400
0E00
FFE0
7FC0
3F80
1F00
1F00
3180
2080
0000
0000
0000
0000
0000
0000
ENDCHAR
STARTCHAR uni2B55
ENCODING 11093
SWIDTH 500 0
DWIDTH 11 0
BBX 11 22 0 -5
BITMAP
0000
0000
0000
0000
0000
0000
0000
0E00
3F80
3180
60C0
60C0
60C0
3180
3F80
0E00
0000
0000
0000
0000
0000
0000
ENDCHAR
STARTCHAR uni2C60
ENCODING 11360
SWIDTH 500 0
DWIDTH 11 0
BBX 11 22 0 -5
BITMAP
0000
0000
0000
4000
4000
4000
4000
4000
FFC0
4000
4000
FFC0
4000
4000
4000
4000
7F80
0000
0000
0000
0000
0000
ENDCHAR
STARTCHAR uni2C61
ENCODING 11361
SWIDTH 500 0
DWIDTH 11 0
BBX 11 22 0 -5
BITMAP
0000
0000
0000
3800
0800
0800
0800
0800
7F80
0800
0800
7F80
0800
0800
0800
0800
0700
0000
0000
0000
0000
0000
ENDCHAR
STARTCHAR uni2C62
ENCODING 11362
SWIDTH 500 0
DWIDTH 11 0
BBX 11 22 0 -5
BITMAP
0000
0000
0000
4000
4000
4000
4000
4000
4200
6400
D800
4000
4000
4000
4000
4000
7F80
0000
0000
0000
0000
0000
ENDCHAR
STARTCHAR uni2C63
ENCODING 11363
SWIDTH 500 0
DWIDTH 11 0
BBX 11 22 0 -5
BITMAP
0000
0000
0000
7E00
4100
4080
4080
4080
FF80
4100
7E00
4000
4000
4000
4000
4000
4000
0000
0000
0000
0000
0000
ENDCHAR
STARTCHAR uni2C64
ENCODING 11364
SWIDTH 500 0
DWIDTH 11 0
BBX 11 22 0 -5
BITMAP
0000
0000
0000
7E00
4100
4080
4080
4080
4080
4100
7E00
5000
4800
4400
4200
4100
4080
4000
4000
7000
0000
0000
ENDCHAR
STARTCHAR uni2C65
ENCODING 11365
SWIDTH 500 0
DWIDTH 11 0
BBX 11 22 0 -5
BITMAP
0000
0000
0000
0000
0000
0000
0000
3E00
0100
0080
0380
3F80
7080
4080
4080
4080
3F80
0000
0000
0000
0000
0000
ENDCHAR
STARTCHAR uni2C66
ENCODING 11366
SWIDTH 500 0
DWIDTH 11 0
BBX 11 22 0 -5
BITMAP
0000
0000
0000
0800
0800
0800
0800
7F80
0B00
0C00
3800
4800
0800
0800
0800
0800
0780
0000
0000
0000
0000
0000
ENDCHAR
STARTCHAR uni2C67
ENCODING 11367
SWIDTH 500 0
DWIDTH 11 0
BBX 11 22 0 -5
BITMAP
0000
0000
0000
4080
4080
4080
4080
4080
4080
7F80
4080
4080
4080
4080
4080
4080
4080
0080
0080
0180
0000
0000
ENDCHAR
STARTCHAR uni2C68
ENCODING 11368
SWIDTH 500 0
DWIDTH 11 0
BBX 11 22 0 -5
BITMAP
0000
0000
0000
4000
4000
4000
4000
7E00
4100
4080
4080
4080
4080
4080
4080
4080
4080
0080
0080
0180
0000
0000
ENDCHAR
STARTCHAR uni2C69
ENCODING 11369
SWIDTH 500 0
DWIDTH 11 0
BBX 11 22 0 -5
BITMAP
0000
0000
0000
4080
4100
4200
4400
4800
5000
6000
6000
5000
4800
4400
4200
4100
4080
0080
0080
0180
0000
0000
ENDCHAR
STARTCHAR uni2C6A
ENCODING 11370
SWIDTH 500 0
DWIDTH 11 0
BBX 11 22 0 -5
BITMAP
0000
0000
0000
2000
2000
2000
2000
2080
2100
2200
2400
3800
3800
2400
2200
2100
2080
0080
0080
0180
0000
0000
ENDCHAR
STARTCHAR uni2C6B
ENCODING 11371
SWIDTH 500 0
DWIDTH 11 0
BBX 11 22 0 -5
BITMAP
0000
0000
0000
7F80
0080
0080
0080
0100
0200
0400
0800
1000
2000
4000
4000
4000
7F80
0080
0080
0180
0000
0000
ENDCHAR
STARTCHAR uni2C6C
ENCODING 11372
SWIDTH 500 0
DWIDTH 11 0
BBX 11 22 0 -5
BITMAP
0000
0000
0000
0000
0000
0000
0000
7F80
0080
0100
0200
0400
0800
1000
2000
4000
7F80
0080
0080
0180
0000
0000
ENDCHAR
STARTCHAR uni2C6D
ENCODING 11373
SWIDTH 500 0
DWIDTH 11 0
BBX 11 22 0 -5
BITMAP
0000
0000
0000
1F80
2080
4080
4080
4080
4080
4080
4080
4080
4080
4080
4080
2080
1F80
0000
0000
0000
0000
0000
ENDCHAR
STARTCHAR uni2C6E
ENCODING 11374
SWIDTH 500 0
DWIDTH 11 0
BBX 11 22 0 -5
BITMAP
0000
0000
0000
4040
60C0
5140
5140
4A40
4440
4440
4040
4040
4040
4040
4040
4040
4040
0040
0040
01C0
0000
0000
ENDCHAR
STARTCHAR uni2C6F
ENCODING 11375
SWIDTH 500 0
DWIDTH 11 0
BBX 11 22 0 -5
BITMAP
0000
0000
0000
4080
4080
4080
4080
4080
4080
7F80
4080
4080
4080
4080
4080
2100
1E00
0000
0000
0000
0000
0000
ENDCHAR
STARTCHAR uni2C70
ENCODING 11376
SWIDTH 500 0
DWIDTH 11 0
BBX 11 22 0 -5
BITMAP
0000
0000
0000
4000
4000
7E80
4080
4080
4080
4080
4080
4080
4080
4080
4080
4100
7E00
0000
0000
0000
0000
0000
ENDCHAR
STARTCHAR uni2C71
ENCODING 11377
SWIDTH 500 0
DWIDTH 11 0
BBX 11 22 0 -5
BITMAP
0000
0000
0000
0000
0000
0000
0000
40C0
40C0
4080
2100
2100
2100
1200
1200
0C00
0C00
0000
0000
0000
0000
0000
ENDCHAR
STARTCHAR uni2C72
ENCODING 11378
SWIDTH 500 0
DWIDTH 11 0
BBX 11 22 0 -5
BITMAP
0000
0000
0000
40C0
40C0
4080
4080
4080
4080
4080
4480
4480
4C80
5280
5280
6180
4080
0000
0000
0000
0000
0000
ENDCHAR
STARTCHAR uni2C73
ENCODING 11379
SWIDTH 500 0
DWIDTH 11 0
BBX 11 22 0 -5
BITMAP
0000
0000
0000
0000
0000
0000
0000
40C0
40C0
4080
4480
4480
4480
4480
4480
4480
3F00
0000
0000
0000
0000
0000
ENDCHAR
STARTCHAR uni2C74
ENCODING 11380
SWIDTH 500 0
DWIDTH 11 0
BBX 11 22 0 -5
BITMAP
0000
0000
0000
0000
0000
4000
A000
C080
4080
4080
2100
2100
2100
1200
1200
0C00
0C00
0000
0000
0000
0000
0000
ENDCHAR
STARTCHAR uni2C75
ENCODING 11381
SWIDTH 500 0
DWIDTH 11 0
BBX 11 22 0 -5
BITMAP
0000
0000
0000
4000
4000
4000
4000
4000
4080
7F80
4080
4000
4000
4000
4000
4000
4000
0000
0000
0000
0000
0000
ENDCHAR
STARTCHAR uni2C76
ENCODING 11382
SWIDTH 500 0
DWIDTH 11 0
BBX 11 22 0 -5
BITMAP
0000
0000
0000
4000
4000
4000
4000
4000
4000
4000
4080
7F80
4080
4000
4000
4000
4000
0000
0000
0000
0000
0000
ENDCHAR
STARTCHAR uni2C77
ENCODING 11383
SWIDTH 500 0
DWIDTH 11 0
BBX 11 22 0 -5
BITMAP
0000
0000
0000
0000
0000
0000
0000
1E00
2900
4880
4880
4880
4880
4880
4880
2900
1E00
0000
0000
0000
0000
0000
ENDCHAR
STARTCHAR uni2C78
ENCODING 11384
SWIDTH 500 0
DWIDTH 11 0
BBX 11 22 0 -5
BITMAP
0000
0000
0000
0000
0000
0000
0000
1E00
2100
4080
4080
7F80
4000
4000
4000
20C0
1F80
0000
0000
0000
0000
0000
ENDCHAR
STARTCHAR uni2C79
ENCODING 11385
SWIDTH 500 0
DWIDTH 11 0
BBX 11 22 0 -5
BITMAP
0000
0000
0000
0000
0000
0000
0000
7C80
0280
0180
0080
0080
0080
0080
0080
0080
0080
0080
0180
0000
0000
0000
ENDCHAR
STARTCHAR uni2C7A
ENCODING 11386
SWIDTH 500 0
DWIDTH 11 0
BBX 11 22 0 -5
BITMAP
0000
0000
0000
0000
0000
0000
0000
1E00
2100
4080
4080
4080
4880
5480
4880
2100
1E00
0000
0000
0000
0000
0000
ENDCHAR
STARTCHAR uni2C7B
ENCODING 11387
SWIDTH 500 0
DWIDTH 11 0
BBX 11 22 0 -5
BITMAP
0000
0000
0000
0000
0000
0000
0000
7F80
0080
0080
0080
3F80
0080
0080
0080
0080
7F80
0000
0000
0000
0000
0000
ENDCHAR
STARTCHAR uni2C7C
ENCODING 11388
SWIDTH 500 0
DWIDTH 11 0
BBX 11 22 0 -5
BITMAP
0000
0000
0000
0000
0000
0000
0000
0000
0000
0000
0000
0000
0000
0400
0000
0400
0400
0400
0400
1400
1800
0000
ENDCHAR
STARTCHAR uni2C7D
ENCODING 11389
SWIDTH 500 0
DWIDTH 11 0
BBX 11 22 0 -5
BITMAP
0000
0000
0000
1080
1080
0900
0A00
0A00
0600
0400
0000
0000
0000
0000
0000
0000
0000
0000
0000
0000
0000
0000
ENDCHAR
STARTCHAR uni2C7E
ENCODING 11390
SWIDTH 500 0
DWIDTH 11 0
BBX 11 22 0 -5
BITMAP
0000
0000
0000
1E00
2100
4080
4000
4000
2000
1E00
0100
0080
0080
0080
4080
2100
1E00
0C40
0380
0000
0000
0000
ENDCHAR
STARTCHAR uni2C7F
ENCODING 11391
SWIDTH 500 0
DWIDTH 11 0
BBX 11 22 0 -5
BITMAP
0000
0000
0000
7F80
0080
0080
0080
0100
0200
0400
0800
1000
2000
4000
4000
4000
6000
1C40
0380
0000
0000
0000
ENDCHAR
STARTCHAR uni3030
ENCODING 12336
SWIDTH 500 0
DWIDTH 11 0
BBX 11 22 0 -5
BITMAP
0000
0000
0000
0000
0000
0000
0000
0000
0000
0000
70C0
FC80
4780
0180
0000
0000
0000
0000
0000
0000
0000
0000
ENDCHAR
STARTCHAR uni303D
ENCODING 12349
SWIDTH 500 0
DWIDTH 11 0
BBX 11 22 0 -5
BITMAP
0000
0000
0000
0000
0000
0000
0000
1400
2E00
4A00
0100
0100
0080
0080
0040
0040
0000
0000
0000
0000
0000
0000
ENDCHAR
STARTCHAR uni3297
ENCODING 12951
SWIDTH 500 0
DWIDTH 11 0
BBX 11 22 0 -5
BITMAP
0000
2000
07E0
0420
0420
F420
2420
2420
6420
67E0
A180
3180
3180
2180
2180
2180
21A0
22A0
22A0
24E0
2400
0000
ENDCHAR
STARTCHAR uni3299
ENCODING 12953
SWIDTH 500 0
DWIDTH 11 0
BBX 11 22 0 -5
BITMAP
0000
3000
6100
2000
2000
2040
FA40
2280
2280
22C0
7B40
7320
6A20
6A00
A200
A620
2620
2640
2940
2880
2000
0000
ENDCHAR
STARTCHAR uniA720
ENCODING 42784
SWIDTH 500 0
DWIDTH 11 0
BBX 11 22 0 -5
BITMAP
0000
0000
0000
7000
2000
2000
0000
0000
0000
0000
0000
0000
0000
0000
0000
0000
0000
0000
0000
0000
0000
0000
ENDCHAR
STARTCHAR uniA721
ENCODING 42785
SWIDTH 500 0
DWIDTH 11 0
BBX 11 22 0 -5
BITMAP
0000
0000
0000
0000
0000
0000
0000
0000
0000
0000
0000
0000
0000
7000
2000
2000
0000
0000
0000
0000
0000
0000
ENDCHAR
STARTCHAR uniA722
ENCODING 42786
SWIDTH 500 0
DWIDTH 11 0
BBX 11 22 0 -5
BITMAP
0000
0000
0000
1E00
2180
4080
0080
0080
0180
1E80
0180
0080
0080
0080
4080
2180
1E00
0000
0000
0000
0000
0000
ENDCHAR
STARTCHAR uniA723
ENCODING 42787
SWIDTH 500 0
DWIDTH 11 0
BBX 11 22 0 -5
BITMAP
0000
0000
0000
0000
0000
0000
0000
1E00
2180
0080
0080
1E80
0180
0080
0080
2180
1E00
0000
0000
0000
0000
0000
ENDCHAR
STARTCHAR uniA724
ENCODING 42788
SWIDTH 500 0
DWIDTH 11 0
BBX 11 22 0 -5
BITMAP
0000
0000
0000
1E00
2100
4080
4080
4000
4000
4000
4000
4000
4000
4080
4080
2100
1E00
0000
0000
0000
0000
0000
ENDCHAR
STARTCHAR uniA725
ENCODING 42789
SWIDTH 500 0
DWIDTH 11 0
BBX 11 22 0 -5
BITMAP
0000
0000
0000
0000
0000
0000
0000
1E00
2100
4080
4000
4000
4000
4000
4080
2100
1E00
0000
0000
0000
0000
0000
ENDCHAR
STARTCHAR uniA726
ENCODING 42790
SWIDTH 500 0
DWIDTH 11 0
BBX 11 22 0 -5
BITMAP
0000
0000
0000
4080
4080
4080
4080
4080
4080
7F80
4080
4080
4080
4080
4080
4080
4080
0080
0080
0080
0000
0000
ENDCHAR
STARTCHAR uniA727
ENCODING 42791
SWIDTH 500 0
DWIDTH 11 0
BBX 11 22 0 -5
BITMAP
0000
0000
0000
4000
4000
4000
4000
7E00
4100
4080
4080
4080
4080
4080
4080
4080
4080
0080
0080
0080
0000
0000
ENDCHAR
STARTCHAR uniA728
ENCODING 42792
SWIDTH 500 0
DWIDTH 11 0
BBX 11 22 0 -5
BITMAP
0000
0000
0000
FFE0
0020
0020
0020
0040
0000
0080
0100
0000
0200
0400
0400
0400
07E0
0000
0000
0000
0000
0000
ENDCHAR
STARTCHAR uniA729
ENCODING 42793
SWIDTH 500 0
DWIDTH 11 0
BBX 11 22 0 -5
BITMAP
0000
0000
0000
2000
2000
2000
2000
FFE0
2020
2040
2000
2080
2100
2000
2200
2400
1FE0
0000
0000
0000
0000
0000
ENDCHAR
STARTCHAR uniA72A
ENCODING 42794
SWIDTH 500 0
DWIDTH 11 0
BBX 11 22 0 -5
BITMAP
0000
0000
0000
3F00
4080
4080
4000
4000
4000
3C00
4000
4000
4000
4000
4080
4080
3F00
0000
0000
0000
0000
0000
ENDCHAR
STARTCHAR uniA72B
ENCODING 42795
SWIDTH 500 0
DWIDTH 11 0
BBX 11 22 0 -5
BITMAP
0000
0000
0000
0000
0000
0000
0000
3F00
4080
4000
4000
3C00
4000
4000
4000
4080
3F00
0000
0000
0000
0000
0000
ENDCHAR
STARTCHAR uniA72C
ENCODING 42796
SWIDTH 500 0
DWIDTH 11 0
BBX 11 22 0 -5
BITMAP
0000
0000
0000
0080
0180
0280
0480
0880
1080
2080
4080
4080
4080
7F80
0080
0080
0080
0080
0100
0000
0000
0000
ENDCHAR
STARTCHAR uniA72D
ENCODING 42797
SWIDTH 500 0
DWIDTH 11 0
BBX 11 22 0 -5
BITMAP
0000
0000
0000
0000
0000
0000
0000
0080
0180
0480
0880
2080
4080
4080
7F80
0080
0080
0080
0100
0000
0000
0000
ENDCHAR
STARTCHAR uniA72E
ENCODING 42798
SWIDTH 500 0
DWIDTH 11 0
BBX 11 22 0 -5
BITMAP
0000
0000
0000
0080
0180
0280
0480
0880
1080
2080
4080
4080
4080
7F80
0080
0080
0080
0080
0100
0080
0100
0000
ENDCHAR
STARTCHAR uniA72F
ENCODING 42799
SWIDTH 500 0
DWIDTH 11 0
BBX 11 22 0 -5
BITMAP
0000
0000
0000
0000
0000
0000
0000
0080
0180
0480
0880
2080
4080
4080
7F80
0080
0080
0080
0100
0080
0100
0000
ENDCHAR
STARTCHAR uniA730
ENCODING 42800
SWIDTH 500 0
DWIDTH 11 0
BBX 11 22 0 -5
BITMAP
0000
0000
0000
0000
0000
0000
0000
7F80
4000
4000
4000
7E00
4000
4000
4000
4000
4000
0000
0000
0000
0000
0000
ENDCHAR
STARTCHAR uniA731
ENCODING 42801
SWIDTH 500 0
DWIDTH 11 0
BBX 11 22 0 -5
BITMAP
0000
0000
0000
0000
0000
0000
0000
1E00
2100
4000
4000
1E00
0100
0080
0080
2100
1E00
0000
0000
0000
0000
0000
ENDCHAR
STARTCHAR uniA732
ENCODING 42802
SWIDTH 500 0
DWIDTH 11 0
BBX 11 22 0 -5
BITMAP
0000
0000
0000
3180
4A40
8420
8420
8420
8420
8420
FFE0
8420
8420
8420
8420
8420
8420
0000
0000
0000
0000
0000
ENDCHAR
STARTCHAR uniA733
ENCODING 42803
SWIDTH 500 0
DWIDTH 11 0
BBX 11 22 0 -5
BITMAP
0000
0000
0000
0000
0000
0000
0000
7380
0840
0420
0420
7FE0
8420
8420
8420
8420
7FE0
0000
0000
0000
0000
0000
ENDCHAR
STARTCHAR uniA734
ENCODING 42804
SWIDTH 500 0
DWIDTH 11 0
BBX 11 22 0 -5
BITMAP
0000
0000
0000
3180
4A40
8420
8420
8420
8420
8420
FC20
8420
8420
8420
8420
8640
8580
0000
0000
0000
0000
0000
ENDCHAR
STARTCHAR uniA735
ENCODING 42805
SWIDTH 500 0
DWIDTH 11 0
BBX 11 22 0 -5
BITMAP
0000
0000
0000
0000
0000
0000
0000
7180
0A40
0420
0420
7C20
8420
8420
8420
8640
7D80
0000
0000
0000
0000
0000
ENDCHAR
STARTCHAR uniA736
ENCODING 42806
SWIDTH 500 0
DWIDTH 11 0
BBX 11 22 0 -5
BITMAP
0000
0000
0000
3420
4C20
8420
8420
8420
8420
8420
FC20
8420
8420
8420
8420
8640
8580
0000
0000
0000
0000
0000
ENDCHAR
STARTCHAR uniA737
ENCODING 42807
SWIDTH 500 0
DWIDTH 11 0
BBX 11 22 0 -5
BITMAP
0000
0000
0000
0000
0000
0000
0000
7420
0C20
0420
0420
7C20
8420
8420
8420
8620
7DE0
0000
0000
0000
0000
0000
ENDCHAR
STARTCHAR uniA738
ENCODING 42808
SWIDTH 500 0
DWIDTH 11 0
BBX 11 22 0 -5
BITMAP
0000
0000
0000
3420
4C20
8420
8420
8420
8640
8640
FE40
8640
8400
8400
8400
8580
8580
0000
0000
0000
0000
0000
ENDCHAR
STARTCHAR uniA739
ENCODING 42809
SWIDTH 500 0
DWIDTH 11 0
BBX 11 22 0 -5
BITMAP
0000
0000
0000
0000
0000
0000
0000
7420
0C20
0420
0640
7E40
8640
8400
8400
8580
7D80
0000
0000
0000
0000
0000
ENDCHAR
STARTCHAR uniA73A
ENCODING 42810
SWIDTH 500 0
DWIDTH 11 0
BBX 11 22 0 -5
BITMAP
0000
0000
0000
3420
4C20
8420
8420
8420
8640
FFE0
FE40
8640
8400
8400
8400
8580
8580
0000
0000
0000
0000
0000
ENDCHAR
STARTCHAR uniA73B
ENCODING 42811
SWIDTH 500 0
DWIDTH 11 0
BBX 11 22 0 -5
BITMAP
0000
0000
0000
0000
0000
0000
0000
7420
0C20
0420
0640
FFE0
8640
8400
8400
8580
7D80
0000
0000
0000
0000
0000
ENDCHAR
STARTCHAR uniA73C
ENCODING 42812
SWIDTH 500 0
DWIDTH 11 0
BBX 11 22 0 -5
BITMAP
0000
0000
0000
3420
4C20
8400
8400
8640
8640
8580
FD80
8400
8400
8400
8400
8400
8400
0000
0000
0000
0000
0000
ENDCHAR
STARTCHAR uniA73D
ENCODING 42813
SWIDTH 500 0
DWIDTH 11 0
BBX 11 22 0 -5
BITMAP
0000
0000
0000
0000
0000
0000
0000
7420
0C20
0420
0420
7C20
8420
8420
8420
8620
7DE0
0020
0020
0040
0380
0000
ENDCHAR
STARTCHAR uniA73E
ENCODING 42814
SWIDTH 500 0
DWIDTH 11 0
BBX 11 22 0 -5
BITMAP
0000
0000
0000
1E00
2100
4080
4080
0080
0080
0880
0080
0080
0080
4080
4080
2100
1E00
0000
0000
0000
0000
0000
ENDCHAR
STARTCHAR uniA73F
ENCODING 42815
SWIDTH 500 0
DWIDTH 11 0
BBX 11 22 0 -5
BITMAP
0000
0000
0000
0000
0000
0000
0000
1E00
2100
4080
0080
0880
0080
0080
4080
2100
1E00
0000
0000
0000
0000
0000
ENDCHAR
STARTCHAR uniA740
ENCODING 42816
SWIDTH 500 0
DWIDTH 11 0
BBX 11 22 0 -5
BITMAP
0000
0000
0000
4080
4100
4200
4400
4800
5000
FFC0
6000
5000
4800
4400
4200
4100
4080
0000
0000
0000
0000
0000
ENDCHAR
STARTCHAR uniA741
ENCODING 42817
SWIDTH 500 0
DWIDTH 11 0
BBX 11 22 0 -5
BITMAP
0000
0000
0000
2000
2000
2000
2000
2080
2100
7FC0
2400
3800
3800
2400
2200
2100
2080
0000
0000
0000
0000
0000
ENDCHAR
STARTCHAR uniA742
ENCODING 42818
SWIDTH 500 0
DWIDTH 11 0
BBX 11 22 0 -5
BITMAP
0000
0000
0000
4080
4100
4200
4400
4800
5000
6380
7C00
7000
4800
4400
4200
4100
4080
0000
0000
0000
0000
0000
ENDCHAR
STARTCHAR uniA743
ENCODING 42819
SWIDTH 500 0
DWIDTH 11 0
BBX 11 22 0 -5
BITMAP
0000
0000
0000
2000
2000
2000
2000
2080
2100
2380
3C00
3800
3800
2400
2200
2100
2080
0000
0000
0000
0000
0000
ENDCHAR
STARTCHAR uniA744
ENCODING 42820
SWIDTH 500 0
DWIDTH 11 0
BBX 11 22 0 -5
BITMAP
0000
0000
0000
4080
4100
4200
4400
7F80
5000
6380
7C00
7000
4800
4400
4200
4100
4080
0000
0000
0000
0000
0000
ENDCHAR
STARTCHAR uniA745
ENCODING 42821
SWIDTH 500 0
DWIDTH 11 0
BBX 11 22 0 -5
BITMAP
0000
0000
0000
2000
2000
2000
2000
3F80
2100
2380
3C00
3800
3800
2400
2200
2100
2080
0000
0000
0000
0000
0000
ENDCHAR
STARTCHAR uniA746
ENCODING 42822
SWIDTH 500 0
DWIDTH 11 0
BBX 11 22 0 -5
BITMAP
0000
0000
0000
4000
4000
4000
4000
4000
4000
2000
2000
2000
2000
2000
2000
2000
3FC0
0000
0000
0000
0000
0000
ENDCHAR
STARTCHAR uniA747
ENCODING 42823
SWIDTH 500 0
DWIDTH 11 0
BBX 11 22 0 -5
BITMAP
0000
0000
0000
3800
0800
0800
0800
0800
0800
1000
0400
0400
0400
0400
0400
0400
0380
0000
0000
0000
0000
0000
ENDCHAR
STARTCHAR uniA748
ENCODING 42824
SWIDTH 500 0
DWIDTH 11 0
BBX 11 22 0 -5
BITMAP
0000
0000
0000
4000
4000
4000
4000
FFC0
4000
4000
4000
4000
4000
4000
4000
4000
7F80
0000
0000
0000
0000
0000
ENDCHAR
STARTCHAR uniA749
ENCODING 42825
SWIDTH 500 0
DWIDTH 11 0
BBX 11 22 0 -5
BITMAP
0000
0000
0000
3800
0800
0800
0800
7F80
0800
0800
0800
0800
0800
0800
0800
0800
0700
0000
0000
0000
0000
0000
ENDCHAR
STARTCHAR uniA74A
ENCODING 42826
SWIDTH 500 0
DWIDTH 11 0
BBX 11 22 0 -5
BITMAP
0000
0000
0000
1E00
2100
4080
4080
4080
4080
FFC0
4080
4080
4080
4080
4080
2100
1E00
0000
0000
0000
0000
0000
ENDCHAR
STARTCHAR uniA74B
ENCODING 42827
SWIDTH 500 0
DWIDTH 11 0
BBX 11 22 0 -5
BITMAP
0000
0000
0000
0000
0000
0000
0000
1E00
2100
4080
4080
FFC0
4080
4080
4080
2100
1E00
0000
0000
0000
0000
0000
ENDCHAR
STARTCHAR uniA74C
ENCODING 42828
SWIDTH 500 0
DWIDTH 11 0
BBX 11 22 0 -5
BITMAP
0000
0000
0000
1E00
21C0
41C0
41C0
4080
4080
4080
4080
4080
4080
4080
4080
2100
1E00
0000
0000
0000
0000
0000
ENDCHAR
STARTCHAR uniA74D
ENCODING 42829
SWIDTH 500 0
DWIDTH 11 0
BBX 11 22 0 -5
BITMAP
0000
0000
0000
0000
0000
0000
0000
1E00
21C0
41C0
41C0
4080
4080
4080
4080
2100
1E00
0000
0000
0000
0000
0000
ENDCHAR
STARTCHAR uniA74E
ENCODING 42830
SWIDTH 500 0
DWIDTH 11 0
BBX 11 22 0 -5
BITMAP
0000
0000
0000
3180
4A40
8420
8420
8420
8420
8420
8420
8420
8420
8420
8420
4A40
3180
0000
0000
0000
0000
0000
ENDCHAR
STARTCHAR uniA74F
ENCODING 42831
SWIDTH 500 0
DWIDTH 11 0
BBX 11 22 0 -5
BITMAP
0000
0000
0000
0000
0000
0000
0000
3180
4A40
8420
8420
8420
8420
8420
8420
4A40
3180
0000
0000
0000
0000
0000
ENDCHAR
STARTCHAR uniA750
ENCODING 42832
SWIDTH 500 0
DWIDTH 11 0
BBX 11 22 0 -5
BITMAP
0000
0000
0000
7E00
4100
4080
4080
4080
4080
4100
7E00
4000
4000
4000
4000
4000
4000
E000
4000
0000
0000
0000
ENDCHAR
STARTCHAR uniA751
ENCODING 42833
SWIDTH 500 0
DWIDTH 11 0
BBX 11 22 0 -5
BITMAP
0000
0000
0000
0000
0000
0000
0000
7E00
4100
4080
4080
4080
4080
4080
4080
4100
7E00
4000
4000
4000
4000
E000
ENDCHAR
STARTCHAR uniA752
ENCODING 42834
SWIDTH 500 0
DWIDTH 11 0
BBX 11 22 0 -5
BITMAP
0000
0080
0040
7E00
4100
4080
4080
4080
4080
4100
7E00
4000
4000
4000
4000
4000
4000
0000
0000
0000
0000
0000
ENDCHAR
STARTCHAR uniA753
ENCODING 42835
SWIDTH 500 0
DWIDTH 11 0
BBX 11 22 0 -5
BITMAP
0000
0000
0000
0000
0000
0080
0040
7E00
4100
4080
4080
4080
4080
4080
4080
4100
7E00
4000
4000
4000
4000
0000
ENDCHAR
STARTCHAR uniA754
ENCODING 42836
SWIDTH 500 0
DWIDTH 11 0
BBX 11 22 0 -5
BITMAP
0000
0000
0000
7E00
4100
4080
4080
4080
4080
4100
7E00
4000
4000
4000
4000
4000
4080
0080
0100
0000
0000
0000
ENDCHAR
STARTCHAR uniA755
ENCODING 42837
SWIDTH 500 0
DWIDTH 11 0
BBX 11 22 0 -5
BITMAP
0000
0000
0000
0000
0000
0000
0000
7E00
4100
4080
4080
4080
4080
4080
4080
4100
7E00
4000
4000
4000
4080
0100
ENDCHAR
STARTCHAR uniA756
ENCODING 42838
SWIDTH 500 0
DWIDTH 11 0
BBX 11 22 0 -5
BITMAP
0000
0000
0000
1E00
2100
4080
4080
4080
4080
4080
4080
4080
4080
4080
4880
2500
1E00
0100
0080
01C0
0080
0000
ENDCHAR
STARTCHAR uniA757
ENCODING 42839
SWIDTH 500 0
DWIDTH 11 0
BBX 11 22 0 -5
BITMAP
0000
0000
0000
0000
0000
0000
0000
1F80
2080
4080
4080
4080
4080
4080
4080
2080
1F80
0080
0080
0080
0080
01C0
ENDCHAR
STARTCHAR uniA758
ENCODING 42840
SWIDTH 500 0
DWIDTH 11 0
BBX 11 22 0 -5
BITMAP
0000
0000
0000
1E00
2100
4080
4080
4080
4080
4080
4380
5C80
6080
4080
4880
2500
1E00
0100
0080
0000
0000
0000
ENDCHAR
STARTCHAR uniA759
ENCODING 42841
SWIDTH 500 0
DWIDTH 11 0
BBX 11 22 0 -5
BITMAP
0000
0000
0000
0000
0000
0000
0000
1F80
2080
4080
4080
4080
4080
4380
5C80
6080
1F80
0080
0080
0080
0080
0000
ENDCHAR
STARTCHAR uniA75A
ENCODING 42842
SWIDTH 500 0
DWIDTH 11 0
BBX 11 22 0 -5
BITMAP
0000
0000
0000
1E00
2100
4080
4080
4080
0080
0100
0200
0400
0800
1000
2080
4080
6080
0080
0000
0000
0000
0000
ENDCHAR
STARTCHAR uniA75B
ENCODING 42843
SWIDTH 500 0
DWIDTH 11 0
BBX 11 22 0 -5
BITMAP
0000
0000
0000
0000
0000
0000
0000
1E00
2100
4080
4080
0100
0200
0800
1080
4080
6080
0080
0000
0000
0000
0000
ENDCHAR
STARTCHAR uniA75C
ENCODING 42844
SWIDTH 500 0
DWIDTH 11 0
BBX 11 22 0 -5
BITMAP
0000
0000
0000
1E00
2100
4080
4080
4080
0080
0100
FFC0
0400
0800
1000
2080
4080
6080
0080
0000
0000
0000
0000
ENDCHAR
STARTCHAR uniA75D
ENCODING 42845
SWIDTH 500 0
DWIDTH 11 0
BBX 11 22 0 -5
BITMAP
0000
0000
0000
0000
0000
0000
0000
1E00
2100
4080
4080
0100
FFC0
0800
1080
4080
6080
0080
0000
0000
0000
0000
ENDCHAR
STARTCHAR uniA75E
ENCODING 42846
SWIDTH 500 0
DWIDTH 11 0
BBX 11 22 0 -5
BITMAP
0000
0000
0000
4080
4080
4080
4080
4080
2100
2380
3D00
6100
1200
1200
1200
0C00
0C00
0000
0000
0000
0000
0000
ENDCHAR
STARTCHAR uniA75F
ENCODING 42847
SWIDTH 500 0
DWIDTH 11 0
BBX 11 22 0 -5
BITMAP
0000
0000
0000
0000
0000
0000
0000
4080
4080
4080
2100
2380
3D00
7200
1200
0C00
0C00
0000
0000
0000
0000
0000
ENDCHAR
STARTCHAR uniA760
ENCODING 42848
SWIDTH 500 0
DWIDTH 11 0
BBX 11 22 0 -5
BITMAP
0000
0000
0000
8420
8420
8400
8400
8640
4A40
4980
4980
4800
0000
0000
0000
3000
3000
0000
0000
0000
0000
0000
ENDCHAR
STARTCHAR uniA761
ENCODING 42849
SWIDTH 500 0
DWIDTH 11 0
BBX 11 22 0 -5
BITMAP
0000
0000
0000
0000
0000
0000
0000
8420
8420
8420
4C20
4C20
4C20
0420
0420
3220
31E0
0020
0020
0040
0380
0000
ENDCHAR
STARTCHAR uniA762
ENCODING 42850
SWIDTH 500 0
DWIDTH 11 0
BBX 11 22 0 -5
BITMAP
0000
0000
0000
7F80
0100
0200
0400
0800
1E00
0100
0080
0080
0080
0080
4080
2100
1E00
0000
0000
0000
0000
0000
ENDCHAR
STARTCHAR uniA763
ENCODING 42851
SWIDTH 500 0
DWIDTH 11 0
BBX 11 22 0 -5
BITMAP
0000
0000
0000
0000
0000
0000
0000
7F80
0100
0200
0400
0800
1E00
0100
0080
0080
0080
0080
4080
2100
1E00
0000
ENDCHAR
STARTCHAR uniA764
ENCODING 42852
SWIDTH 500 0
DWIDTH 11 0
BBX 11 22 0 -5
BITMAP
0000
0000
0000
4000
4000
4000
4000
7E00
4100
4080
4080
FFC0
4080
4080
4080
4100
7E00
4000
4000
4000
4000
0000
ENDCHAR
STARTCHAR uniA765
ENCODING 42853
SWIDTH 500 0
DWIDTH 11 0
BBX 11 22 0 -5
BITMAP
0000
0000
0000
4000
4000
4000
4000
7E00
4100
4080
4080
FFC0
4080
4080
4080
4100
7E00
4000
4000
4000
4000
0000
ENDCHAR
STARTCHAR uniA766
ENCODING 42854
SWIDTH 500 0
DWIDTH 11 0
BBX 11 22 0 -5
BITMAP
0000
0000
0000
4000
4000
4000
4000
7E00
4100
4080
4080
4080
4080
4080
4080
4100
7E00
4000
4000
4000
4000
E000
ENDCHAR
STARTCHAR uniA767
ENCODING 42855
SWIDTH 500 0
DWIDTH 11 0
BBX 11 22 0 -5
BITMAP
0000
0000
0000
4000
4000
4000
4000
7E00
4100
4080
4080
4080
4080
4080
4080
4100
7E00
4000
4000
4000
4000
E000
ENDCHAR
STARTCHAR uniA768
ENCODING 42856
SWIDTH 500 0
DWIDTH 11 0
BBX 11 22 0 -5
BITMAP
0000
0000
0000
4080
4080
4080
4080
4080
6100
6100
6100
6100
5200
5200
5200
4C00
4C00
0000
0000
0000
0000
0000
ENDCHAR
STARTCHAR uniA769
ENCODING 42857
SWIDTH 500 0
DWIDTH 11 0
BBX 11 22 0 -5
BITMAP
0000
0000
0000
0000
0000
0000
0000
4080
4080
4080
6100
6100
6100
5200
5200
4C00
4C00
0000
0000
0000
0000
0000
ENDCHAR
STARTCHAR uniA76A
ENCODING 42858
SWIDTH 500 0
DWIDTH 11 0
BBX 11 22 0 -5
BITMAP
0000
0080
0040
1E00
2100
4080
0080
0080
0100
1E00
0100
0080
0080
0080
4080
2100
1E00
0000
0000
0000
0000
0000
ENDCHAR
STARTCHAR uniA76B
ENCODING 42859
SWIDTH 500 0
DWIDTH 11 0
BBX 11 22 0 -5
BITMAP
0000
0000
0000
0000
0000
0000
0000
0080
1E00
2100
0080
0100
1E00
0080
0080
4080
1E00
0000
0000
0000
0000
0000
ENDCHAR
STARTCHAR uniA76C
ENCODING 42860
SWIDTH 500 0
DWIDTH 11 0
BBX 11 22 0 -5
BITMAP
0000
0000
0000
4000
8000
4000
4000
4000
4000
7E00
4100
4080
4080
4080
4080
4080
4100
7E00
4000
4000
4000
4000
ENDCHAR
STARTCHAR uniA76D
ENCODING 42861
SWIDTH 500 0
DWIDTH 11 0
BBX 11 22 0 -5
BITMAP
0000
4000
8000
4000
4000
4000
4000
7E00
4100
4080
4080
4080
4080
4080
4080
4100
7E00
4000
4000
4000
4000
0000
ENDCHAR
STARTCHAR uniA76E
ENCODING 42862
SWIDTH 500 0
DWIDTH 11 0
BBX 11 22 0 -5
BITMAP
0000
0000
0000
1E00
2100
4080
4080
4080
4080
4080
2080
1F80
0080
0080
0080
0100
3E00
0000
0000
0000
0000
0000
ENDCHAR
STARTCHAR uniA76F
ENCODING 42863
SWIDTH 500 0
DWIDTH 11 0
BBX 11 22 0 -5
BITMAP
0000
0000
0000
0000
0000
0000
0000
1E00
2100
4080
4080
4080
2080
0080
0080
0100
3E00
0000
0000
0000
0000
0000
ENDCHAR
STARTCHAR uniA770
ENCODING 42864
SWIDTH 500 0
DWIDTH 11 0
BBX 11 22 0 -5
BITMAP
0000
0000
0000
1E00
4080
4080
4080
0080
0080
3E00
0000
0000
0000
0000
0000
0000
0000
0000
0000
0000
0000
0000
ENDCHAR
STARTCHAR uniA771
ENCODING 42865
SWIDTH 500 0
DWIDTH 11 0
BBX 11 22 0 -5
BITMAP
0000
0000
0000
0080
0080
0080
0080
1F80
2080
4080
4080
4080
4080
4080
4080
2080
1FC0
0040
0000
0000
0000
0000
ENDCHAR
STARTCHAR uniA772
ENCODING 42866
SWIDTH 500 0
DWIDTH 11 0
BBX 11 22 0 -5
BITMAP
0000
0000
0000
3800
0800
0800
0800
0800
0800
0800
0800
0800
0800
0800
0800
0800
0780
0080
0000
0000
0000
0000
ENDCHAR
STARTCHAR uniA773
ENCODING 42867
SWIDTH 500 0
DWIDTH 11 0
BBX 11 22 0 -5
BITMAP
0000
0000
0000
0000
0000
0000
0000
7F00
4480
4440
4440
4440
4440
4440
4440
4440
44E0
0020
0000
0000
0000
0000
ENDCHAR
STARTCHAR uniA774
ENCODING 42868
SWIDTH 500 0
DWIDTH 11 0
BBX 11 22 0 -5
BITMAP
0000
0000
0000
0000
0000
0000
0000
7E00
4100
4080
4080
4080
4080
4080
4080
4080
41C0
0040
0000
0000
0000
0000
ENDCHAR
STARTCHAR uniA775
ENCODING 42869
SWIDTH 500 0
DWIDTH 11 0
BBX 11 22 0 -5
BITMAP
0000
0000
0000
0000
0000
0000
0000
4F80
5000
6000
4000
4000
4000
4000
4000
4000
41C0
0040
0000
0000
0000
0000
ENDCHAR
STARTCHAR uniA776
ENCODING 42870
SWIDTH 500 0
DWIDTH 11 0
BBX 11 22 0 -5
BITMAP
0000
0000
0000
0000
0000
0000
0000
7E00
4100
4080
4080
FFC0
7E00
4800
4400
4100
4080
0000
0000
0000
0000
0000
ENDCHAR
STARTCHAR uniA777
ENCODING 42871
SWIDTH 500 0
DWIDTH 11 0
BBX 11 22 0 -5
BITMAP
0000
0000
0000
0800
0800
0800
0800
7F00
0800
0800
0800
0800
0800
0800
0800
0800
07C0
0040
0000
0000
0000
0000
ENDCHAR
STARTCHAR uniA778
ENCODING 42872
SWIDTH 500 0
DWIDTH 11 0
BBX 11 22 0 -5
BITMAP
0000
0000
0000
0000
0000
0000
0000
4080
4080
4080
4080
4080
4080
4080
4080
2080
1FC0
0040
0000
0000
0000
0000
ENDCHAR
STARTCHAR uniA779
ENCODING 42873
SWIDTH 500 0
DWIDTH 11 0
BBX 11 22 0 -5
BITMAP
0000
0000
0000
7E00
4100
4080
4080
4080
4080
F880
4080
4080
4080
4080
4080
4100
7E00
0000
0000
0000
0000
0000
ENDCHAR
STARTCHAR uniA77A
ENCODING 42874
SWIDTH 500 0
DWIDTH 11 0
BBX 11 22 0 -5
BITMAP
0000
0000
0000
2C00
1000
6800
0400
1E00
2100
4080
4080
4080
4080
4080
4080
2100
1E00
0000
0000
0000
0000
0000
ENDCHAR
STARTCHAR uniA77B
ENCODING 42875
SWIDTH 500 0
DWIDTH 11 0
BBX 11 22 0 -5
BITMAP
0000
0080
0040
7F80
4000
4000
4000
4000
4000
7E00
4000
4000
4000
4000
4000
4000
4000
0000
0000
0000
0000
0000
ENDCHAR
STARTCHAR uniA77C
ENCODING 42876
SWIDTH 500 0
DWIDTH 11 0
BBX 11 22 0 -5
BITMAP
0000
0080
0040
0780
0800
0800
0800
7F00
0800
0800
0800
0800
0800
0800
0800
0800
0800
0000
0000
0000
0000
0000
ENDCHAR
STARTCHAR uniA77D
ENCODING 42877
SWIDTH 500 0
DWIDTH 11 0
BBX 11 22 0 -5
BITMAP
0000
0000
0000
1E00
2100
4080
4080
4000
4000
4000
4780
4080
4080
4080
4080
2100
5E00
4000
2000
0000
0000
0000
ENDCHAR
STARTCHAR uniA77E
ENCODING 42878
SWIDTH 500 0
DWIDTH 11 0
BBX 11 22 0 -5
BITMAP
0000
0000
0000
0100
0080
1E80
2100
4080
4080
4080
4080
7880
0080
0080
0080
4080
4080
2100
1E00
0000
0000
0000
ENDCHAR
STARTCHAR uniA77F
ENCODING 42879
SWIDTH 500 0
DWIDTH 11 0
BBX 11 22 0 -5
BITMAP
0000
0000
0000
0000
0000
0000
0000
1F80
2080
4080
4080
4080
4080
4080
4080
2080
1F80
0080
0080
0100
7E00
2000
ENDCHAR
STARTCHAR uniA780
ENCODING 42880
SWIDTH 500 0
DWIDTH 11 0
BBX 11 22 0 -5
BITMAP
0000
0000
0000
7F80
0080
0080
0080
0080
0080
0080
0080
0080
0080
0080
0080
0080
0080
0000
0000
0000
0000
0000
ENDCHAR
STARTCHAR uniA781
ENCODING 42881
SWIDTH 500 0
DWIDTH 11 0
BBX 11 22 0 -5
BITMAP
0000
0000
0000
3800
0400
0400
0400
0400
0400
0400
0400
0400
0400
0400
0400
0400
0700
0000
0000
0000
0000
0000
ENDCHAR
STARTCHAR uniA782
ENCODING 42882
SWIDTH 500 0
DWIDTH 11 0
BBX 11 22 0 -5
BITMAP
0000
0000
0000
7E00
4100
4100
4080
4080
4080
4080
4080
4080
4080
4080
4080
4080
4080
4000
4000
4000
0000
0000
ENDCHAR
STARTCHAR uniA783
ENCODING 42883
SWIDTH 500 0
DWIDTH 11 0
BBX 11 22 0 -5
BITMAP
0000
0000
0000
0000
0000
0000
0000
7E00
4100
4080
4080
4080
4080
4080
4080
4080
4080
4000
4000
4000
0000
0000
ENDCHAR
STARTCHAR uniA784
ENCODING 42884
SWIDTH 500 0
DWIDTH 11 0
BBX 11 22 0 -5
BITMAP
0000
0000
0000
4F80
5000
5000
6000
4000
4000
4000
4000
4000
4000
4000
4000
4000
4000
0000
0000
0000
0000
0000
ENDCHAR
STARTCHAR uniA785
ENCODING 42885
SWIDTH 500 0
DWIDTH 11 0
BBX 11 22 0 -5
BITMAP
0000
0000
0000
0000
0000
0000
0000
4F80
5000
6000
4000
4000
4000
4000
4000
4000
4000
0000
0000
0000
0000
0000
ENDCHAR
STARTCHAR uniA786
ENCODING 42886
SWIDTH 500 0
DWIDTH 11 0
BBX 11 22 0 -5
BITMAP
0000
0080
0040
1E00
2100
4080
4080
4000
7FC0
4000
4000
4000
4000
4080
4080
2100
1E00
0000
0000
0000
0000
0000
ENDCHAR
STARTCHAR uniA787
ENCODING 42887
SWIDTH 500 0
DWIDTH 11 0
BBX 11 22 0 -5
BITMAP
0000
0000
0000
0000
0000
0080
0040
1E00
2100
4080
7FC0
4000
4000
4000
4080
2100
1E00
0000
0000
0000
0000
0000
ENDCHAR
STARTCHAR uniA788
ENCODING 42888
SWIDTH 500 0
DWIDTH 11 0
BBX 11 22 0 -5
BITMAP
0000
0000
0000
0000
0000
0000
0000
0000
0000
0000
0000
0400
0A00
0000
0000
0000
0000
0000
0000
0000
0000
0000
ENDCHAR
STARTCHAR uniA789
ENCODING 42889
SWIDTH 500 0
DWIDTH 11 0
BBX 11 22 0 -5
BITMAP
0000
0000
0000
0000
0000
0000
0000
0000
0000
0400
0000
0000
0400
0000
0000
0000
0000
0000
0000
0000
0000
0000
ENDCHAR
STARTCHAR uniA78A
ENCODING 42890
SWIDTH 500 0
DWIDTH 11 0
BBX 11 22 0 -5
BITMAP
0000
0000
0000
0000
0000
0000
0000
0000
0000
0000
0E00
0000
0E00
0000
0000
0000
0000
0000
0000
0000
0000
0000
ENDCHAR
STARTCHAR uniA78B
ENCODING 42891
SWIDTH 500 0
DWIDTH 11 0
BBX 11 22 0 -5
BITMAP
0000
0000
0000
0C00
0400
0400
0400
0400
0400
0400
0400
0400
0400
0400
0400
0400
0400
0000
0000
0000
0000
0000
ENDCHAR
STARTCHAR uniA78C
ENCODING 42892
SWIDTH 500 0
DWIDTH 11 0
BBX 11 22 0 -5
BITMAP
0000
0000
0000
0000
0000
0000
0000
0C00
0400
0400
0400
0400
0400
0400
0400
0400
0400
0000
0000
0000
0000
0000
ENDCHAR
STARTCHAR uniA78D
ENCODING 42893
SWIDTH 500 0
DWIDTH 11 0
BBX 11 22 0 -5
BITMAP
0000
0000
0000
4080
4080
4080
4080
4080
4080
4080
7F80
4080
4080
4080
4080
4080
4080
0000
0000
0000
0000
0000
ENDCHAR
STARTCHAR uniA78E
ENCODING 42894
SWIDTH 500 0
DWIDTH 11 0
BBX 11 22 0 -5
BITMAP
0000
0000
0000
3800
0800
0800
0800
0800
0800
0800
7F80
0800
0800
0800
0800
0800
0700
0100
0200
0000
0000
0000
ENDCHAR
STARTCHAR uniA78F
ENCODING 42895
SWIDTH 500 0
DWIDTH 11 0
BBX 11 22 0 -5
BITMAP
0000
0000
0000
0000
0000
0000
0000
0000
0000
0000
0000
0400
0000
0000
0000
0000
0000
0000
0000
0000
0000
0000
ENDCHAR
STARTCHAR uniA790
ENCODING 42896
SWIDTH 500 0
DWIDTH 11 0
BBX 11 22 0 -5
BITMAP
0000
0000
0000
4080
4080
4080
4080
6080
5080
4880
4480
4280
4180
4080
4080
4080
4080
0080
0080
0080
0000
0000
ENDCHAR
STARTCHAR uniA791
ENCODING 42897
SWIDTH 500 0
DWIDTH 11 0
BBX 11 22 0 -5
BITMAP
0000
0000
0000
0000
0000
0000
0000
7E00
4100
4080
4080
4080
4080
4080
4080
4080
4080
0080
0080
0080
0000
0000
ENDCHAR
STARTCHAR uniA792
ENCODING 42898
SWIDTH 500 0
DWIDTH 11 0
BBX 11 22 0 -5
BITMAP
0000
0000
0000
1E00
2100
4080
4080
4000
4000
FFC0
4000
4000
4000
4080
4080
2100
1E00
0000
0000
0000
0000
0000
ENDCHAR
STARTCHAR uniA793
ENCODING 42899
SWIDTH 500 0
DWIDTH 11 0
BBX 11 22 0 -5
BITMAP
0000
0000
0000
0000
0000
0000
0000
1E00
2100
4080
4000
FFC0
4000
4000
4080
2100
1E00
0000
0000
0000
0000
0000
ENDCHAR
STARTCHAR uniA794
ENCODING 42900
SWIDTH 500 0
DWIDTH 11 0
BBX 11 22 0 -5
BITMAP
0000
0000
0000
0000
0000
0000
0000
1E00
2100
4080
4000
4000
4000
4000
4080
2100
1E80
0080
0100
0000
0000
0000
ENDCHAR
STARTCHAR uniA795
ENCODING 42901
SWIDTH 500 0
DWIDTH 11 0
BBX 11 22 0 -5
BITMAP
0000
0000
0000
4000
4000
4000
4000
7E00
4100
4080
4080
4080
4080
4080
4080
4080
4080
0080
0100
0000
0000
0000
ENDCHAR
STARTCHAR uniA796
ENCODING 42902
SWIDTH 500 0
DWIDTH 11 0
BBX 11 22 0 -5
BITMAP
0000
0080
0040
7E00
4100
4080
4080
4080
4100
7E00
4100
4080
4080
4080
4080
4100
7E00
0000
0000
0000
0000
0000
ENDCHAR
STARTCHAR uniA797
ENCODING 42903
SWIDTH 500 0
DWIDTH 11 0
BBX 11 22 0 -5
BITMAP
0000
4000
8000
4000
4000
4000
4000
7E00
4100
4080
4080
4080
4080
4080
4080
4100
7E00
0000
0000
0000
0000
0000
ENDCHAR
STARTCHAR uniA798
ENCODING 42904
SWIDTH 500 0
DWIDTH 11 0
BBX 11 22 0 -5
BITMAP
0000
0000
0000
7F80
4000
4000
4000
4000
4000
FFC0
4000
4000
4000
4000
4000
4000
4000
0000
0000
0000
0000
0000
ENDCHAR
STARTCHAR uniA799
ENCODING 42905
SWIDTH 500 0
DWIDTH 11 0
BBX 11 22 0 -5
BITMAP
0000
0000
0000
0780
0800
0800
0800
7F00
0800
FFC0
0800
0800
0800
0800
0800
0800
0800
0000
0000
0000
0000
0000
ENDCHAR
STARTCHAR uniA79A
ENCODING 42906
SWIDTH 500 0
DWIDTH 11 0
BBX 11 22 0 -5
BITMAP
0000
0000
0000
3FC0
4400
8400
8400
8400
8400
FFC0
8400
8400
8400
8400
8400
8400
87C0
0000
0000
0000
0000
0000
ENDCHAR
STARTCHAR uniA79B
ENCODING 42907
SWIDTH 500 0
DWIDTH 11 0
BBX 11 22 0 -5
BITMAP
0000
0000
0000
0000
0000
0000
0000
3B80
0440
0440
0440
3FC0
4400
4400
4400
4440
3B80
0000
0000
0000
0000
0000
ENDCHAR
STARTCHAR uniA79C
ENCODING 42908
SWIDTH 500 0
DWIDTH 11 0
BBX 11 22 0 -5
BITMAP
0000
0000
0000
3FC0
4400
8400
8400
8400
8400
87C0
8400
8400
8400
8400
8400
4400
3FC0
0000
0000
0000
0000
0000
ENDCHAR
STARTCHAR uniA79D
ENCODING 42909
SWIDTH 500 0
DWIDTH 11 0
BBX 11 22 0 -5
BITMAP
0000
0000
0000
0000
0000
0000
0000
3F80
4440
4440
4440
47C0
4400
4400
4400
4440
3F80
0000
0000
0000
0000
0000
ENDCHAR
STARTCHAR uniA79E
ENCODING 42910
SWIDTH 500 0
DWIDTH 11 0
BBX 11 22 0 -5
BITMAP
0000
0000
0000
87E0
8400
8400
8400
8400
8400
8780
8400
8400
8400
8400
8400
4C00
37E0
0000
0000
0000
0000
0000
ENDCHAR
STARTCHAR uniA79F
ENCODING 42911
SWIDTH 500 0
DWIDTH 11 0
BBX 11 22 0 -5
BITMAP
0000
0000
0000
0000
0000
0000
0000
8580
8640
8420
8420
87E0
8400
8400
8400
4620
3DC0
0000
0000
0000
0000
0000
ENDCHAR
STARTCHAR uniA7A0
ENCODING 42912
SWIDTH 500 0
DWIDTH 11 0
BBX 11 22 0 -5
BITMAP
0000
0000
0000
1E00
2100
4080
4080
4000
4000
7000
4F80
4180
4080
4080
4080
2100
1E00
0000
0000
0000
0000
0000
ENDCHAR
STARTCHAR uniA7A1
ENCODING 42913
SWIDTH 500 0
DWIDTH 11 0
BBX 11 22 0 -5
BITMAP
0000
0000
0000
0000
0000
0000
0000
1F80
2080
4080
4080
4080
4080
7080
4E80
2180
1F80
0080
0080
0100
3E00
0000
ENDCHAR
STARTCHAR uniA7A2
ENCODING 42914
SWIDTH 500 0
DWIDTH 11 0
BBX 11 22 0 -5
BITMAP
0000
0000
0000
4080
4100
4200
4400
4800
5000
7000
6E00
5180
4800
4400
4200
4100
4080
0000
0000
0000
0000
0000
ENDCHAR
STARTCHAR uniA7A3
ENCODING 42915
SWIDTH 500 0
DWIDTH 11 0
BBX 11 22 0 -5
BITMAP
0000
0000
0000
2000
2000
2000
2000
2080
2100
3A00
2700
3880
3800
2400
2200
2100
2080
0000
0000
0000
0000
0000
ENDCHAR
STARTCHAR uniA7A4
ENCODING 42916
SWIDTH 500 0
DWIDTH 11 0
BBX 11 22 0 -5
BITMAP
0000
0000
0000
4080
4080
4080
4080
6080
5080
7880
4E80
4380
4180
4080
4080
4080
4080
0000
0000
0000
0000
0000
ENDCHAR
STARTCHAR uniA7A5
ENCODING 42917
SWIDTH 500 0
DWIDTH 11 0
BBX 11 22 0 -5
BITMAP
0000
0000
0000
0000
0000
0000
0000
7E00
4100
4080
4080
7080
4E80
4180
4080
4080
4080
0000
0000
0000
0000
0000
ENDCHAR
STARTCHAR uniA7A6
ENCODING 42918
SWIDTH 500 0
DWIDTH 11 0
BBX 11 22 0 -5
BITMAP
0000
0000
0000
7E00
4100
4080
4080
4080
4080
7100
7E00
5180
4800
4400
4200
4100
4080
0000
0000
0000
0000
0000
ENDCHAR
STARTCHAR uniA7A7
ENCODING 42919
SWIDTH 500 0
DWIDTH 11 0
BBX 11 22 0 -5
BITMAP
0000
0000
0000
0000
0000
0000
0000
4F80
5000
6000
4000
7000
4E00
4180
4000
4000
4000
0000
0000
0000
0000
0000
ENDCHAR
STARTCHAR uniA7A8
ENCODING 42920
SWIDTH 500 0
DWIDTH 11 0
BBX 11 22 0 -5
BITMAP
0000
0000
0000
1E00
2100
4080
4000
4000
2000
7E00
0F00
0180
0080
0080
4080
2100
1E00
0000
0000
0000
0000
0000
ENDCHAR
STARTCHAR uniA7A9
ENCODING 42921
SWIDTH 500 0
DWIDTH 11 0
BBX 11 22 0 -5
BITMAP
0000
0000
0000
0000
0000
0000
0000
3F00
4080
4000
4000
7F00
0E80
0180
0080
4080
3F00
0000
0000
0000
0000
0000
ENDCHAR
STARTCHAR uniA7AA
ENCODING 42922
SWIDTH 500 0
DWIDTH 11 0
BBX 11 22 0 -5
BITMAP
0000
0100
0080
4080
4080
4080
4080
4080
4080
7F80
4080
4080
4080
4080
4080
4080
4080
0000
0000
0000
0000
0000
ENDCHAR
STARTCHAR uniA7AB
ENCODING 42923
SWIDTH 500 0
DWIDTH 11 0
BBX 11 22 0 -5
BITMAP
0000
0000
0000
1E00
2100
4080
0080
0080
0100
1E00
0100
0080
0080
0080
4080
2100
1E00
0000
0000
0000
0000
0000
ENDCHAR
STARTCHAR uniA7AC
ENCODING 42924
SWIDTH 500 0
DWIDTH 11 0
BBX 11 22 0 -5
BITMAP
0000
0000
0000
1F80
2080
4080
4080
4080
4080
4080
2080
1F80
0080
0080
0080
0080
0380
0000
0000
0000
0000
0000
ENDCHAR
STARTCHAR uniA7AD
ENCODING 42925
SWIDTH 500 0
DWIDTH 11 0
BBX 11 22 0 -5
BITMAP
0000
0000
0000
4000
4000
4000
4000
4000
4000
FFC0
4000
4000
4000
4000
4000
4000
7F80
0000
0000
0000
0000
0000
ENDCHAR
STARTCHAR uniA7AE
ENCODING 42926
SWIDTH 500 0
DWIDTH 11 0
BBX 11 22 0 -5
BITMAP
0000
0000
0000
1F00
0400
0400
0400
0400
0400
0400
0400
0400
0400
0400
0400
0400
1F00
0000
0000
0000
0000
0000
ENDCHAR
STARTCHAR uniA7AF
ENCODING 42927
SWIDTH 500 0
DWIDTH 11 0
BBX 11 22 0 -5
BITMAP
0000
0000
0000
0000
0000
0000
0000
1E00
2100
4080
4080
4080
4080
4080
4080
2100
1F80
0040
0000
0000
0000
0000
ENDCHAR
STARTCHAR uniA7B0
ENCODING 42928
SWIDTH 500 0
DWIDTH 11 0
BBX 11 22 0 -5
BITMAP
0000
0000
0000
4080
2080
1080
0880
0480
0280
0180
0180
0280
0480
0880
1080
2080
4080
0000
0000
0000
0000
0000
ENDCHAR
STARTCHAR uniA7B1
ENCODING 42929
SWIDTH 500 0
DWIDTH 11 0
BBX 11 22 0 -5
BITMAP
0000
0000
0000
0400
0400
0400
0400
0400
0400
0400
0400
0400
0400
0400
0400
0400
7FC0
0000
0000
0000
0000
0000
ENDCHAR
STARTCHAR uniA7B2
ENCODING 42930
SWIDTH 500 0
DWIDTH 11 0
BBX 11 22 0 -5
BITMAP
0000
0000
0000
07C0
0100
0100
0100
0100
0100
FFE0
0100
0100
4100
4100
4100
2200
1C00
0000
0000
0000
0000
0000
ENDCHAR
STARTCHAR uniA7B3
ENCODING 42931
SWIDTH 500 0
DWIDTH 11 0
BBX 11 22 0 -5
BITMAP
0000
0000
0000
4080
4080
2100
2100
1200
1200
0C00
0C00
1200
1200
2100
2100
4080
4080
0000
0000
0000
0000
0000
ENDCHAR
STARTCHAR uniA7B4
ENCODING 42932
SWIDTH 500 0
DWIDTH 11 0
BBX 11 22 0 -5
BITMAP
0000
0000
0000
7E00
4100
4080
4080
4080
4100
7E00
4100
4080
4080
4080
4080
4100
7E00
0000
0000
0000
0000
0000
ENDCHAR
STARTCHAR uniA7B5
ENCODING 42933
SWIDTH 500 0
DWIDTH 11 0
BBX 11 22 0 -5
BITMAP
0000
0000
0000
3C00
4200
4100
4100
4100
4200
7E00
4100
4080
4080
4080
4080
4100
7E00
4000
4000
4000
4000
0000
ENDCHAR
STARTCHAR uniA7B6
ENCODING 42934
SWIDTH 500 0
DWIDTH 11 0
BBX 11 22 0 -5
BITMAP
0000
0000
0000
1E00
2100
4080
4080
4080
4080
4080
4080
4080
4080
2100
1200
1200
7380
0000
0000
0000
0000
0000
ENDCHAR
STARTCHAR uniA7B7
ENCODING 42935
SWIDTH 500 0
DWIDTH 11 0
BBX 11 22 0 -5
BITMAP
0000
0000
0000
0000
0000
0000
0000
2080
4040
4040
4440
4440
4440
4440
4440
4440
3B80
0000
0000
0000
0000
0000
ENDCHAR
STARTCHAR uniA7B8
ENCODING 42936
SWIDTH 500 0
DWIDTH 11 0
BBX 11 22 0 -5
BITMAP
0000
0000
0000
4080
4080
4080
4080
4080
4080
FFC0
4080
4080
4080
4080
4080
2100
1E00
0000
0000
0000
0000
0000
ENDCHAR
STARTCHAR uniA7B9
ENCODING 42937
SWIDTH 500 0
DWIDTH 11 0
BBX 11 22 0 -5
BITMAP
0000
0000
0000
0000
0000
0000
0000
4080
4080
4080
4080
FFC0
4080
4080
4080
2080
1F80
0000
0000
0000
0000
0000
ENDCHAR
STARTCHAR uniA7BA
ENCODING 42938
SWIDTH 500 0
DWIDTH 11 0
BBX 11 22 0 -5
BITMAP
0000
C000
4000
9E00
2100
4080
4080
4080
4080
4080
7F80
4080
4080
4080
4080
4080
4080
0000
0000
0000
0000
0000
ENDCHAR
STARTCHAR uniA7BB
ENCODING 42939
SWIDTH 500 0
DWIDTH 11 0
BBX 11 22 0 -5
BITMAP
0000
0000
0000
0000
0000
C000
4000
BE00
0100
0080
0080
3F80
4080
4080
4080
4080
3F80
0000
0000
0000
0000
0000
ENDCHAR
STARTCHAR uniA7BC
ENCODING 42940
SWIDTH 500 0
DWIDTH 11 0
BBX 11 22 0 -5
BITMAP
0000
C000
4000
9F00
0400
0400
0400
0400
0400
0400
0400
0400
0400
0400
0400
0400
1F00
0000
0000
0000
0000
0000
ENDCHAR
STARTCHAR uniA7BD
ENCODING 42941
SWIDTH 500 0
DWIDTH 11 0
BBX 11 22 0 -5
BITMAP
0000
C000
4000
8400
0400
0400
0000
1C00
0400
0400
0400
0400
0400
0400
0400
0400
1F00
0000
0000
0000
0000
0000
ENDCHAR
STARTCHAR uniA7BE
ENCODING 42942
SWIDTH 500 0
DWIDTH 11 0
BBX 11 22 0 -5
BITMAP
0000
C000
4000
C080
4080
4080
4080
4080
4080
4080
4080
4080
4080
4080
4080
2100
1E00
0000
0000
0000
0000
0000
ENDCHAR
STARTCHAR uniA7BF
ENCODING 42943
SWIDTH 500 0
DWIDTH 11 0
BBX 11 22 0 -5
BITMAP
0000
0000
0000
0000
0000
C000
4000
C080
4080
4080
4080
4080
4080
4080
4080
2080
1F80
0000
0000
0000
0000
0000
ENDCHAR
STARTCHAR uniA7C0
ENCODING 42944
SWIDTH 500 0
DWIDTH 11 0
BBX 11 22 0 -5
BITMAP
0000
0000
0800
1E00
2900
4880
4880
4880
4880
4880
4880
4880
4880
4880
4880
2900
1E00
0000
0000
0000
0000
0000
ENDCHAR
STARTCHAR uniA7C1
ENCODING 42945
SWIDTH 500 0
DWIDTH 11 0
BBX 11 22 0 -5
BITMAP
0000
0000
0000
0000
0000
0000
0800
1E00
2900
4880
4880
4880
4880
4880
4880
2900
1E00
0000
0000
0000
0000
0000
ENDCHAR
STARTCHAR uniA7C2
ENCODING 42946
SWIDTH 500 0
DWIDTH 11 0
BBX 11 22 0 -5
BITMAP
0000
0000
0000
8400
8400
8400
8400
87C0
8420
8420
8420
85C0
B420
CC20
CC20
8420
87C0
0000
0000
0000
0000
0000
ENDCHAR
STARTCHAR uniA7C3
ENCODING 42947
SWIDTH 500 0
DWIDTH 11 0
BBX 11 22 0 -5
BITMAP
0000
0000
0000
0000
0000
0000
0000
87C0
8420
8420
8420
85C0
8420
8420
8420
8420
7BC0
0000
0000
0000
0000
0000
ENDCHAR
STARTCHAR uniA7C4
ENCODING 42948
SWIDTH 500 0
DWIDTH 11 0
BBX 11 22 0 -5
BITMAP
0000
0000
0000
1E00
2100
4080
4080
4000
4000
4000
4000
4000
4000
4080
4080
2100
1E80
0080
0100
0000
0000
0000
ENDCHAR
STARTCHAR uniA7C5
ENCODING 42949
SWIDTH 500 0
DWIDTH 11 0
BBX 11 22 0 -5
BITMAP
0000
0100
0080
1E80
2100
4080
4000
4000
2000
1E00
0100
0080
0080
0080
4080
2100
1E00
0000
0000
0000
0000
0000
ENDCHAR
STARTCHAR uniA7C6
ENCODING 42950
SWIDTH 500 0
DWIDTH 11 0
BBX 11 22 0 -5
BITMAP
0000
0000
0000
7F80
0080
0080
0080
0100
0200
0400
0800
1000
2000
4000
4000
4000
7F80
0080
0100
0000
0000
0000
ENDCHAR
STARTCHAR uniA7C7
ENCODING 42951
SWIDTH 500 0
DWIDTH 11 0
BBX 11 22 0 -5
BITMAP
0000
0000
0000
7E00
4100
4080
4080
4080
4080
7F80
4080
4080
4080
4080
4080
4100
7E00
0000
0000
0000
0000
0000
ENDCHAR
STARTCHAR uniA7C8
ENCODING 42952
SWIDTH 500 0
DWIDTH 11 0
BBX 11 22 0 -5
BITMAP
0000
0000
0000
0080
0080
0080
0080
1F80
2080
7F80
4080
4080
4080
4080
4080
2080
1F80
0000
0000
0000
0000
0000
ENDCHAR
STARTCHAR uniA7C9
ENCODING 42953
SWIDTH 500 0
DWIDTH 11 0
BBX 11 22 0 -5
BITMAP
0000
0000
0000
1E00
2100
4080
4000
4000
2000
7F80
0100
0080
0080
0080
4080
2100
1E00
0000
0000
0000
0000
0000
ENDCHAR
STARTCHAR uniA7CA
ENCODING 42954
SWIDTH 500 0
DWIDTH 11 0
BBX 11 22 0 -5
BITMAP
0000
0000
0000
0000
0000
0000
0000
3F00
4080
4000
4000
7F80
0080
0080
0080
4080
3F00
0000
0000
0000
0000
0000
ENDCHAR
STARTCHAR uniA7CB
ENCODING 42955
SWIDTH 500 0
DWIDTH 11 0
BBX 11 22 0 -5
BITMAP
0000
0000
0000
4080
4100
4100
2100
2200
2200
4080
4080
4080
4080
4080
2080
2080
1F80
0000
0000
0000
0000
0000
ENDCHAR
STARTCHAR uniA7CC
ENCODING 42956
SWIDTH 500 0
DWIDTH 11 0
BBX 11 22 0 -5
BITMAP
0000
0000
0000
1E00
2100
4080
4000
4000
2000
1F80
1D00
6080
0080
0080
4080
2100
1E00
0000
0000
0000
0000
0000
ENDCHAR
STARTCHAR uniA7CD
ENCODING 42957
SWIDTH 500 0
DWIDTH 11 0
BBX 11 22 0 -5
BITMAP
0000
0000
0000
0000
0000
0000
0000
3F00
4080
4000
4000
3F80
1C80
6080
0080
4080
3F00
0000
0000
0000
0000
0000
ENDCHAR
STARTCHAR uniA7CE
ENCODING 42958
SWIDTH 500 0
DWIDTH 11 0
BBX 11 22 0 -5
BITMAP
0000
0000
0000
1E00
2100
2100
4080
4080
4080
4000
4000
2000
1000
1000
0800
0800
0800
0000
0000
0000
0000
0000
ENDCHAR
STARTCHAR uniA7CF
ENCODING 42959
SWIDTH 500 0
DWIDTH 11 0
BBX 11 22 0 -5
BITMAP
0000
0000
0000
1E00
2100
4080
4080
4000
2000
1000
0800
0800
0000
0000
0000
0000
0000
0000
0000
0000
0000
0000
ENDCHAR
STARTCHAR uniA7D0
ENCODING 42960
SWIDTH 500 0
DWIDTH 11 0
BBX 11 22 0 -5
BITMAP
0000
3F00
0000
1E00
2100
4080
4080
4000
4000
4000
4780
4080
4080
4080
4080
2100
5E00
4000
2000
0000
0000
0000
ENDCHAR
STARTCHAR uniA7D1
ENCODING 42961
SWIDTH 500 0
DWIDTH 11 0
BBX 11 22 0 -5
BITMAP
0000
0000
0000
0000
0000
3F00
0000
1F80
2080
4080
4080
4080
4080
4080
4080
2080
1F80
0080
0080
0100
7E00
2000
ENDCHAR
STARTCHAR uniA7D2
ENCODING 42962
SWIDTH 500 0
DWIDTH 11 0
BBX 11 22 0 -5
BITMAP
0000
0000
0000
8400
8400
8400
8400
F780
8C40
8420
8420
8420
8420
8420
8420
8C40
F780
8400
8400
8400
8400
0000
ENDCHAR
STARTCHAR uniA7D3
ENCODING 42963
SWIDTH 500 0
DWIDTH 11 0
BBX 11 22 0 -5
BITMAP
0000
0000
0000
8400
8400
8400
8400
F780
8C40
8420
8420
8420
8420
8420
8420
8C40
F780
8400
8400
8400
8400
0000
ENDCHAR
STARTCHAR uniA7D4
ENCODING 42964
SWIDTH 500 0
DWIDTH 11 0
BBX 11 22 0 -5
BITMAP
0000
0000
0000
F780
8C60
8420
8420
8C60
9480
A500
C600
8400
8400
8400
8400
8400
8400
0000
0000
0000
0000
0000
ENDCHAR
STARTCHAR uniA7D5
ENCODING 42965
SWIDTH 500 0
DWIDTH 11 0
BBX 11 22 0 -5
BITMAP
0000
0000
0000
0000
0000
0000
0000
F780
8C60
8420
8420
8C60
9480
A500
C600
8400
C600
8400
8400
8400
8400
0000
ENDCHAR
STARTCHAR uniA7D6
ENCODING 42966
SWIDTH 500 0
DWIDTH 11 0
BBX 11 22 0 -5
BITMAP
0000
0000
0000
3C00
4200
4100
4100
4100
4200
7E00
4100
4080
4080
4080
4080
6100
5E00
0000
0000
0000
0000
0000
ENDCHAR
STARTCHAR uniA7D7
ENCODING 42967
SWIDTH 500 0
DWIDTH 11 0
BBX 11 22 0 -5
BITMAP
0000
0000
0000
0000
0000
0000
0000
3C00
4200
4100
4100
7E00
4100
4080
4080
6100
5E00
0000
0000
0000
0000
0000
ENDCHAR
STARTCHAR uniA7D8
ENCODING 42968
SWIDTH 500 0
DWIDTH 11 0
BBX 11 22 0 -5
BITMAP
0000
0000
0000
3F00
1000
0800
0400
1E00
2100
4080
4080
4080
4080
4080
4080
2100
1E00
0000
0000
0000
0000
0000
ENDCHAR
STARTCHAR uniA7D9
ENCODING 42969
SWIDTH 500 0
DWIDTH 11 0
BBX 11 22 0 -5
BITMAP
0000
0000
0000
0000
0000
0000
0000
3F00
1000
0400
1E00
4080
4080
4080
4080
2100
1E00
0000
0000
0000
0000
0000
ENDCHAR
STARTCHAR uniA7DA
ENCODING 42970
SWIDTH 500 0
DWIDTH 11 0
BBX 11 22 0 -5
BITMAP
0000
0000
0000
0400
0400
0400
0A00
0A00
1100
1100
1100
2080
2080
2080
4040
4040
4040
0000
0000
0000
0000
0000
ENDCHAR
STARTCHAR uniA7DB
ENCODING 42971
SWIDTH 500 0
DWIDTH 11 0
BBX 11 22 0 -5
BITMAP
0000
0000
0000
1000
1000
0800
0800
0C00
0C00
1200
1200
2100
2100
2100
4080
4080
4080
0000
0000
0000
0000
0000
ENDCHAR
STARTCHAR uniA7DC
ENCODING 42972
SWIDTH 500 0
DWIDTH 11 0
BBX 11 22 0 -5
BITMAP
0000
0000
0000
0800
0800
0800
0800
3E00
0800
1400
1400
1200
2200
2100
2100
4080
4080
0000
0000
0000
0000
0000
ENDCHAR
STARTCHAR uniA7DD
ENCODING 42973
SWIDTH 500 0
DWIDTH 11 0
BBX 11 22 0 -5
BITMAP
0000
0000
0000
2080
7FC0
7FC0
4040
4440
4440
4440
4440
4440
4440
4440
4440
4440
3B80
0000
0000
0000
0000
0000
ENDCHAR
STARTCHAR uniA7E2
ENCODING 42978
SWIDTH 500 0
DWIDTH 11 0
BBX 11 22 0 -5
BITMAP
0000
0000
0000
7F80
4000
4000
4000
4000
4000
4000
4000
4000
4000
4000
4000
4000
4000
0000
0000
0000
0000
0000
ENDCHAR
STARTCHAR uniA7F1
ENCODING 42993
SWIDTH 500 0
DWIDTH 11 0
BBX 11 22 0 -5
BITMAP
0000
0000
0000
1E00
4080
4000
1E00
0080
4080
1E00
0000
0000
0000
0000
0000
0000
0000
0000
0000
0000
0000
0000
ENDCHAR
STARTCHAR uniA7F2
ENCODING 42994
SWIDTH 500 0
DWIDTH 11 0
BBX 11 22 0 -5
BITMAP
0000
0000
0000
1E00
4080
4000
4000
4000
4080
1E00
0000
0000
0000
0000
0000
0000
0000
0000
0000
0000
0000
0000
ENDCHAR
STARTCHAR uniA7F3
ENCODING 42995
SWIDTH 500 0
DWIDTH 11 0
BBX 11 22 0 -5
BITMAP
0000
0000
0000
7F80
4000
4000
7E00
4000
4000
4000
0000
0000
0000
0000
0000
0000
0000
0000
0000
0000
0000
0000
ENDCHAR
STARTCHAR uniA7F4
ENCODING 42996
SWIDTH 500 0
DWIDTH 11 0
BBX 11 22 0 -5
BITMAP
0000
0000
0000
1E00
4080
4080
4080
4080
4080
1F80
0040
0000
0000
0000
0000
0000
0000
0000
0000
0000
0000
0000
ENDCHAR
STARTCHAR uniA7F5
ENCODING 42997
SWIDTH 500 0
DWIDTH 11 0
BBX 11 22 0 -5
BITMAP
0000
0000
0000
0080
0080
0080
0080
0080
0080
7F80
0080
0080
0080
0080
0080
0080
0080
0000
0000
0000
0000
0000
ENDCHAR
STARTCHAR uniA7F6
ENCODING 42998
SWIDTH 500 0
DWIDTH 11 0
BBX 11 22 0 -5
BITMAP
0000
0000
0000
0000
0000
0000
0000
0080
0080
0080
0080
7F80
0080
0080
0080
0080
0080
0000
0000
0000
0000
0000
ENDCHAR
STARTCHAR uniA7F7
ENCODING 42999
SWIDTH 500 0
DWIDTH 11 0
BBX 11 22 0 -5
BITMAP
0000
0000
0000
0000
0000
0000
0000
0000
0000
0000
4040
7FC0
4040
0000
0000
0000
0000
0000
0000
0000
0000
0000
ENDCHAR
STARTCHAR uniA7F8
ENCODING 43000
SWIDTH 500 0
DWIDTH 11 0
BBX 11 22 0 -5
BITMAP
0000
0000
0000
4080
4080
4080
FFC0
4080
4080
4080
0000
0000
0000
0000
0000
0000
0000
0000
0000
0000
0000
0000
ENDCHAR
STARTCHAR uniA7F9
ENCODING 43001
SWIDTH 500 0
DWIDTH 11 0
BBX 11 22 0 -5
BITMAP
0000
0000
0000
3F80
4440
4440
47C0
4400
4440
3F80
0000
0000
0000
0000
0000
0000
0000
0000
0000
0000
0000
0000
ENDCHAR
STARTCHAR uniA7FA
ENCODING 43002
SWIDTH 500 0
DWIDTH 11 0
BBX 11 22 0 -5
BITMAP
0000
0000
0000
0000
0000
0000
0000
4040
4040
4040
4040
4040
4440
4A40
5140
60C0
4040
0000
0000
0000
0000
0000
ENDCHAR
STARTCHAR uniA7FB
ENCODING 43003
SWIDTH 500 0
DWIDTH 11 0
BBX 11 22 0 -5
BITMAP
0000
0000
0000
7F80
0080
0080
0080
0080
0080
1F80
0080
0080
0080
0080
0080
0080
0080
0000
0000
0000
0000
0000
ENDCHAR
STARTCHAR uniA7FC
ENCODING 43004
SWIDTH 500 0
DWIDTH 11 0
BBX 11 22 0 -5
BITMAP
0000
0000
0000
1F80
2080
4080
4080
4080
4080
2080
1F80
0080
0080
0080
0080
0080
0080
0000
0000
0000
0000
0000
ENDCHAR
STARTCHAR uniA7FD
ENCODING 43005
SWIDTH 500 0
DWIDTH 11 0
BBX 11 22 0 -5
BITMAP
0000
0000
0000
4040
4040
4040
4040
4040
4040
4040
4440
4440
4A40
5140
5140
60C0
4040
0000
0000
0000
0000
0000
ENDCHAR
STARTCHAR uniA7FE
ENCODING 43006
SWIDTH 500 0
DWIDTH 11 0
BBX 11 22 0 -5
BITMAP
0000
0000
0000
1F00
0400
0400
0400
0400
0400
0400
0400
0400
0400
0400
0400
0400
1F00
0100
0100
0100
0000
0000
ENDCHAR
STARTCHAR uniA7FF
ENCODING 43007
SWIDTH 500 0
DWIDTH 11 0
BBX 11 22 0 -5
BITMAP
0000
0000
0000
4040
60C0
5140
5140
4A40
4440
4440
4040
4040
4040
4040
4040
4040
4040
0040
0080
0000
0000
0000
ENDCHAR
STARTCHAR uniE0B4
ENCODING 57524
SWIDTH 500 0
DWIDTH 11 0
BBX 11 22 0 -5
BITMAP
E000
F800
FC00
FE00
FF00
FF80
FF80
FFC0
FFC0
FFE0
FFE0
FFE0
FFE0
FFC0
FFC0
FF80
FF80
FF00
FE00
FC00
F800
E000
ENDCHAR
STARTCHAR uniE0B5
ENCODING 57525
SWIDTH 500 0
DWIDTH 11 0
BBX 11 22 0 -5
BITMAP
2000
0800
0400
0200
0100
0080
0080
0040
0040
0020
0020
0020
0020
0040
0040
0080
0080
0100
0200
0400
0800
2000
ENDCHAR
STARTCHAR uniE0B6
ENCODING 57526
SWIDTH 500 0
DWIDTH 11 0
BBX 11 22 0 -5
BITMAP
00E0
03E0
07E0
0FE0
1FE0
3FE0
3FE0
7FE0
7FE0
FFE0
FFE0
FFE0
FFE0
7FE0
7FE0
3FE0
3FE0
1FE0
0FE0
07E0
03E0
00E0
ENDCHAR
STARTCHAR uniE0B7
ENCODING 57527
SWIDTH 500 0
DWIDTH 11 0
BBX 11 22 0 -5
BITMAP
0080
0200
0400
0800
1000
2000
2000
4000
4000
8000
8000
8000
8000
4000
4000
2000
2000
1000
0800
0400
0200
0080
ENDCHAR
STARTCHAR uniE0B8
ENCODING 57528
SWIDTH 500 0
DWIDTH 11 0
BBX 11 22 0 -5
BITMAP
8000
8000
8000
C000
C000
E000
E000
F000
F000
F800
F800
FC00
FC00
FE00
FE00
FF00
FF00
FF80
FF80
FFC0
FFC0
FFE0
ENDCHAR
STARTCHAR uniE0B9
ENCODING 57529
SWIDTH 500 0
DWIDTH 11 0
BBX 11 22 0 -5
BITMAP
8000
8000
4000
4000
2000
2000
1000
1000
0800
0800
0400
0400
0200
0200
0100
0100
0080
0080
0040
0040
0020
0020
ENDCHAR
STARTCHAR uniE0BA
ENCODING 57530
SWIDTH 500 0
DWIDTH 11 0
BBX 11 22 0 -5
BITMAP
0020
0020
0020
0060
0060
00E0
00E0
01E0
01E0
03E0
03E0
07E0
07E0
0FE0
0FE0
1FE0
1FE0
3FE0
3FE0
7FE0
7FE0
FFE0
ENDCHAR
STARTCHAR uniE0BB
ENCODING 57531
SWIDTH 500 0
DWIDTH 11 0
BBX 11 22 0 -5
BITMAP
0020
0020
0040
0040
0080
0080
0100
0100
0200
0200
0400
0400
0800
0800
1000
1000
2000
2000
4000
4000
8000
8000
ENDCHAR
STARTCHAR uniE0BC
ENCODING 57532
SWIDTH 500 0
DWIDTH 11 0
BBX 11 22 0 -5
BITMAP
FFE0
FFE0
FFE0
FFC0
FFC0
FF80
FF80
FF00
FF00
FE00
FE00
FC00
FC00
F800
F800
F000
F000
E000
E000
C000
C000
8000
ENDCHAR
STARTCHAR uniE0BD
ENCODING 57533
SWIDTH 500 0
DWIDTH 11 0
BBX 11 22 0 -5
BITMAP
0020
0020
0040
0040
0080
0080
0100
0100
0200
0200
0400
0400
0800
0800
1000
1000
2000
2000
4000
4000
8000
8000
ENDCHAR
STARTCHAR uniE0BE
ENCODING 57534
SWIDTH 500 0
DWIDTH 11 0
BBX 11 22 0 -5
BITMAP
FFE0
FFE0
FFE0
7FE0
7FE0
3FE0
3FE0
1FE0
1FE0
0FE0
0FE0
07E0
07E0
03E0
03E0
01E0
01E0
00E0
00E0
0060
0060
0020
ENDCHAR
STARTCHAR uniE0BF
ENCODING 57535
SWIDTH 500 0
DWIDTH 11 0
BBX 11 22 0 -5
BITMAP
8000
8000
4000
4000
2000
2000
1000
1000
0800
0800
0400
0400
0200
0200
0100
0100
0080
0080
0040
0040
0020
0020
ENDCHAR
STARTCHAR uni1F004
ENCODING 126980
SWIDTH 500 0
DWIDTH 11 0
BBX 11 22 0 -5
BITMAP
0000
FFC0
8040
8840
8840
8840
8840
BF40
A940
A940
A940
A940
A940
A940
BF40
8840
8840
8840
8840
8040
FFC0
0000
ENDCHAR
STARTCHAR uni1F0CF
ENCODING 127183
SWIDTH 500 0
DWIDTH 11 0
BBX 11 22 0 -5
BITMAP
0000
0000
0000
0000
7FC0
4440
66C0
7FC0
7FC0
5140
5B40
5940
5740
4E40
4040
5F40
4040
7FC0
0000
0000
0000
0000
ENDCHAR
STARTCHAR uni1F170
ENCODING 127344
SWIDTH 500 0
DWIDTH 11 0
BBX 11 22 0 -5
BITMAP
0000
0000
0000
0000
0000
3F80
2080
2480
2A80
2E80
2A80
2A80
2080
3F80
0000
0000
0000
0000
0000
0000
0000
0000
ENDCHAR
STARTCHAR uni1F171
ENCODING 127345
SWIDTH 500 0
DWIDTH 11 0
BBX 11 22 0 -5
BITMAP
0000
0000
0000
0000
0000
3F80
2080
2C80
2A80
2C80
2A80
2C80
2080
3F80
0000
0000
0000
0000
0000
0000
0000
0000
ENDCHAR
STARTCHAR uni1F17E
ENCODING 127358
SWIDTH 500 0
DWIDTH 11 0
BBX 11 22 0 -5
BITMAP
0000
0000
0000
0000
0000
3F80
2080
2480
2A80
2A80
2A80
2480
2080
3F80
0000
0000
0000
0000
0000
0000
0000
0000
ENDCHAR
STARTCHAR uni1F17F
ENCODING 127359
SWIDTH 500 0
DWIDTH 11 0
BBX 11 22 0 -5
BITMAP
0000
0000
0000
0000
0000
3F80
2080
2C80
2A80
2C80
2880
2880
2080
3F80
0000
0000
0000
0000
0000
0000
0000
0000
ENDCHAR
STARTCHAR uni1F18E
ENCODING 127374
SWIDTH 500 0
DWIDTH 11 0
BBX 11 22 0 -5
BITMAP
0000
0000
0000
0000
0000
FFE0
8020
9320
AAA0
BB20
AAA0
AB20
8020
FFE0
0000
0000
0000
0000
0000
0000
0000
0000
ENDCHAR
STARTCHAR uni1F191
ENCODING 127377
SWIDTH 500 0
DWIDTH 11 0
BBX 11 22 0 -5
BITMAP
0000
0000
0000
0000
0000
FFC0
8040
9440
A440
A440
A440
9740
8040
FFC0
0000
0000
0000
0000
0000
0000
0000
0000
ENDCHAR
STARTCHAR uni1F192
ENCODING 127378
SWIDTH 500 0
DWIDTH 11 0
BBX 11 22 0 -5
BITMAP
0000
0000
FFE0
8020
9920
A2A0
A2A0
A2A0
9920
8020
9220
AA20
AA20
AA20
93A0
8020
FFE0
0000
0000
0000
0000
0000
ENDCHAR
STARTCHAR uni1F193
ENCODING 127379
SWIDTH 500 0
DWIDTH 11 0
BBX 11 22 0 -5
BITMAP
0000
0000
FFE0
8020
BB20
A2A0
B320
A2A0
A2A0
8020
BBA0
A220
B320
A220
BBA0
8020
FFE0
0000
0000
0000
0000
0000
ENDCHAR
STARTCHAR uni1F194
ENCODING 127380
SWIDTH 500 0
DWIDTH 11 0
BBX 11 22 0 -5
BITMAP
0000
0000
0000
0000
0000
FFE0
8020
BB20
92A0
92A0
92A0
BB20
8020
FFE0
0000
0000
0000
0000
0000
0000
0000
0000
ENDCHAR
STARTCHAR uni1F195
ENCODING 127381
SWIDTH 500 0
DWIDTH 11 0
BBX 11 22 0 -5
BITMAP
0000
0000
0000
0000
4B80
6A00
5B00
4A00
4B80
0000
1100
1100
1500
1500
0A00
0000
0000
0000
0000
0000
0000
0000
ENDCHAR
STARTCHAR uni1F196
ENCODING 127382
SWIDTH 500 0
DWIDTH 11 0
BBX 11 22 0 -5
BITMAP
0000
0000
0000
0000
0000
0000
0000
4980
6A00
5A80
4A80
4980
0000
0000
0000
0000
0000
0000
0000
0000
0000
0000
ENDCHAR
STARTCHAR uni1F197
ENCODING 127383
SWIDTH 500 0
DWIDTH 11 0
BBX 11 22 0 -5
BITMAP
0000
0000
0000
0000
0000
FFE0
8020
92A0
AAA0
AB20
AAA0
92A0
8020
FFE0
0000
0000
0000
0000
0000
0000
0000
0000
ENDCHAR
STARTCHAR uni1F198
ENCODING 127384
SWIDTH 500 0
DWIDTH 11 0
BBX 11 22 0 -5
BITMAP
0000
0000
0000
0000
0000
0000
0000
6460
8A80
4A40
2A20
C4C0
0000
0000
0000
0000
0000
0000
0000
0000
0000
0000
ENDCHAR
STARTCHAR uni1F199
ENCODING 127385
SWIDTH 500 0
DWIDTH 11 0
BBX 11 22 0 -5
BITMAP
0000
0000
0000
0000
0000
0000
0000
5640
5540
5640
5400
7440
0000
0000
0000
0000
0000
0000
0000
0000
0000
0000
ENDCHAR
STARTCHAR uni1F19A
ENCODING 127386
SWIDTH 500 0
DWIDTH 11 0
BBX 11 22 0 -5
BITMAP
0000
0000
0000
0000
0000
FFE0
8020
A9A0
AA20
A920
A8A0
9320
8020
FFE0
0000
0000
0000
0000
0000
0000
0000
0000
ENDCHAR
STARTCHAR uni1F201
ENCODING 127489
SWIDTH 500 0
DWIDTH 11 0
BBX 11 22 0 -5
BITMAP
0000
0000
0000
0000
F800
0800
0800
0800
0800
F800
0000
0000
03E0
0020
0020
0020
0020
03E0
0000
0000
0000
0000
ENDCHAR
STARTCHAR uni1F202
ENCODING 127490
SWIDTH 500 0
DWIDTH 11 0
BBX 11 22 0 -5
BITMAP
0000
0080
2080
2080
2080
2080
FFE0
2080
2080
2080
2080
2080
2080
0080
0100
0100
0200
0200
0400
0800
1000
0000
ENDCHAR
STARTCHAR uni1F21A
ENCODING 127514
SWIDTH 500 0
DWIDTH 11 0
BBX 11 22 0 -5
BITMAP
0000
2000
4000
4000
FFE0
A940
2940
2940
2940
FFE0
2940
2940
2940
2940
2940
FFE0
0000
2940
2940
5280
5280
0000
ENDCHAR
STARTCHAR uni1F22F
ENCODING 127535
SWIDTH 500 0
DWIDTH 11 0
BBX 11 22 0 -5
BITMAP
0000
2400
2420
24C0
2500
2620
F420
2420
27E0
2000
3000
2000
67E0
A420
2420
2420
27E0
2420
2420
2420
E7E0
0000
ENDCHAR
STARTCHAR uni1F232
ENCODING 127538
SWIDTH 500 0
DWIDTH 11 0
BBX 11 22 0 -5
BITMAP
0000
2080
2080
2080
F3C0
2080
6180
71C0
B2C0
B2C0
0000
0000
3F80
0000
0000
FFE0
0400
2480
2480
4440
4C40
0000
ENDCHAR
STARTCHAR uni1F233
ENCODING 127539
SWIDTH 500 0
DWIDTH 11 0
BBX 11 22 0 -5
BITMAP
0000
0400
0000
0000
FFE0
8020
9120
2080
2080
4040
4040
0000
0000
3F80
0400
0400
0400
0400
0400
0400
FFE0
0000
ENDCHAR
STARTCHAR uni1F234
ENCODING 127540
SWIDTH 500 0
DWIDTH 11 0
BBX 11 22 0 -5
BITMAP
0000
0400
0A00
0A00
1100
2080
4040
4040
8040
3F80
0000
0000
0000
3F80
2080
2080
2080
2080
2080
2080
3F80
0000
ENDCHAR
STARTCHAR uni1F235
ENCODING 127541
SWIDTH 500 0
DWIDTH 11 0
BBX 11 22 0 -5
BITMAP
0000
0480
4480
0480
1FE0
0480
0480
0000
8000
1FE0
0100
0100
1FE0
35A0
35A0
55A0
55A0
57A0
5020
9020
9FE0
0000
ENDCHAR
STARTCHAR uni1F236
ENCODING 127542
SWIDTH 500 0
DWIDTH 11 0
BBX 11 22 0 -5
BITMAP
0000
0800
0800
1000
FFC0
2000
2000
4000
5F80
9080
9080
1080
1F80
1080
1080
1080
1F80
1080
1080
1080
1F80
0000
ENDCHAR
STARTCHAR uni1F237
ENCODING 127543
SWIDTH 500 0
DWIDTH 11 0
BBX 11 22 0 -5
BITMAP
0000
3FC0
2040
2040
2040
2040
2040
2040
3FC0
2040
2040
2040
2040
3FC0
2040
2040
2040
4040
4040
8040
80C0
0000
ENDCHAR
STARTCHAR uni1F238
ENCODING 127544
SWIDTH 500 0
DWIDTH 11 0
BBX 11 22 0 -5
BITMAP
0000
0400
0400
0400
0400
7FC0
4440
4440
4440
4440
7FC0
4440
4440
4440
4440
4440
7FC0
0400
0400
0400
0400
0000
ENDCHAR
STARTCHAR uni1F239
ENCODING 127545
SWIDTH 500 0
DWIDTH 11 0
BBX 11 22 0 -5
BITMAP
0000
2040
0040
0040
FC40
A440
A540
2140
7940
2140
FD40
2140
2140
FD40
0140
0140
7840
4840
4840
4840
79C0
0000
ENDCHAR
STARTCHAR uni1F23A
ENCODING 127546
SWIDTH 500 0
DWIDTH 11 0
BBX 11 22 0 -5
BITMAP
0000
4880
4880
2500
2500
0000
FFC0
8040
8040
BF40
2100
2100
2100
3F00
0000
0000
7F80
4080
4080
4080
7F80
0000
ENDCHAR
STARTCHAR uni1F250
ENCODING 127568
SWIDTH 500 0
DWIDTH 11 0
BBX 11 22 0 -5
BITMAP
0000
2FE0
4820
4820
8FE0
8820
0820
0820
2FE0
4000
6000
A000
AFE0
2080
2080
3FE0
2080
2880
2480
2480
2180
0000
ENDCHAR
STARTCHAR uni1F251
ENCODING 127569
SWIDTH 500 0
DWIDTH 11 0
BBX 11 22 0 -5
BITMAP
0000
0000
FFC0
0080
0080
0080
0080
0080
7C80
4480
4480
4480
4480
4480
4480
7C80
0080
0080
0080
0080
0380
0000
ENDCHAR
STARTCHAR uni1F300
ENCODING 127744
SWIDTH 500 0
DWIDTH 11 0
BBX 11 22 0 -5
BITMAP
0000
0000
0000
0000
0000
0000
0E00
1300
2D80
5A80
52A0
52C0
56C0
3940
2E80
3180
0F00
0000
0000
0000
0000
0000
ENDCHAR
STARTCHAR uni1F301
ENCODING 127745
SWIDTH 500 0
DWIDTH 11 0
BBX 11 22 0 -5
BITMAP
0000
0000
0000
0000
0000
3C00
2400
2400
3780
E680
0000
FFE0
C620
8160
0000
FFE0
8020
8020
0000
FFE0
FFE0
0000
ENDCHAR
STARTCHAR uni1F302
ENCODING 127746
SWIDTH 500 0
DWIDTH 11 0
BBX 11 22 0 -5
BITMAP
0000
0200
0200
0600
0600
0E00
0E00
1500
1500
2500
2900
4900
4900
8900
6A00
1E00
1000
1000
1100
0E00
0800
0000
ENDCHAR
STARTCHAR uni1F303
ENCODING 127747
SWIDTH 500 0
DWIDTH 11 0
BBX 11 22 0 -5
BITMAP
0000
0100
4000
0000
0000
0400
0020
0000
0000
3C00
2400
2780
3680
E680
97E0
C620
8020
8160
C020
8020
FFE0
0000
ENDCHAR
STARTCHAR uni1F304
ENCODING 127748
SWIDTH 500 0
DWIDTH 11 0
BBX 11 22 0 -5
BITMAP
0000
0000
0400
4440
4440
2080
0E00
1100
9120
60C0
FFE0
0100
2280
2280
3580
5440
4840
4840
4040
8020
FFE0
0000
ENDCHAR
STARTCHAR uni1F305
ENCODING 127749
SWIDTH 500 0
DWIDTH 11 0
BBX 11 22 0 -5
BITMAP
0000
0000
0400
0400
4440
4440
2E80
1100
1100
A0A0
60C0
FFE0
0000
0E00
0000
0000
1F00
0000
0000
3F80
0000
0000
ENDCHAR
STARTCHAR uni1F306
ENCODING 127750
SWIDTH 500 0
DWIDTH 11 0
BBX 11 22 0 -5
BITMAP
0000
0000
70E0
1800
24E0
4200
4200
4200
4200
7E00
6600
2780
3680
E680
97E0
C620
8020
8160
C020
8020
FFE0
0000
ENDCHAR
STARTCHAR uni1F307
ENCODING 127751
SWIDTH 500 0
DWIDTH 11 0
BBX 11 22 0 -5
BITMAP
0000
0000
0000
0000
0000
0000
0000
0000
0000
0C00
1200
2100
21C0
13C0
7D40
71C0
51C0
7F40
7FC0
5BC0
7FC0
0000
ENDCHAR
STARTCHAR uni1F308
ENCODING 127752
SWIDTH 500 0
DWIDTH 11 0
BBX 11 22 0 -5
BITMAP
0000
0000
0000
0E00
1100
2480
2A80
3580
5540
5540
5B40
6AC0
AAA0
AAA0
AAA0
AAA0
AAA0
AAA0
0000
0000
0000
0000
ENDCHAR
STARTCHAR uni1F309
ENCODING 127753
SWIDTH 500 0
DWIDTH 11 0
BBX 11 22 0 -5
BITMAP
0000
8000
0200
0000
0040
0000
0000
0000
2080
2080
30C0
71C0
EBE0
AEE0
AAC0
AAC0
AAC0
FFE0
2080
6EE0
B180
0000
ENDCHAR
STARTCHAR uni1F30A
ENCODING 127754
SWIDTH 500 0
DWIDTH 11 0
BBX 11 22 0 -5
BITMAP
0000
0000
0400
0B00
1100
1080
2080
2080
4E80
5680
6500
6400
6400
A400
C200
C200
C900
8CC0
9420
93E0
FFE0
0000
ENDCHAR
STARTCHAR uni1F30B
ENCODING 127755
SWIDTH 500 0
DWIDTH 11 0
BBX 11 22 0 -5
BITMAP
0000
0900
0140
6200
1200
1260
5280
0B00
0A00
0E00
1500
0E00
1900
1900
2500
2280
2280
4440
4440
8020
FFE0
0000
ENDCHAR
STARTCHAR uni1F30C
ENCODING 127756
SWIDTH 500 0
DWIDTH 11 0
BBX 11 22 0 -5
BITMAP
0000
8020
00C0
0060
0180
0080
4380
E100
4600
0300
0C00
0400
1C00
0840
30E0
1840
6000
2000
E000
4000
8020
0000
ENDCHAR
STARTCHAR uni1F30D
ENCODING 127757
SWIDTH 500 0
DWIDTH 11 0
BBX 11 22 0 -5
BITMAP
0000
0000
0000
0000
0000
1F00
3C80
7C40
7F40
BFA0
9C20
BF20
8E20
5E40
4CC0
2480
1F00
0000
0000
0000
0000
0000
ENDCHAR
STARTCHAR uni1F30E
ENCODING 127758
SWIDTH 500 0
DWIDTH 11 0
BBX 11 22 0 -5
BITMAP
0000
0000
0000
0000
0000
1E00
3F00
7E80
7C80
B040
9040
9E40
8740
4680
4680
2500
1E00
0000
0000
0000
0000
0000
ENDCHAR
STARTCHAR uni1F30F
ENCODING 127759
SWIDTH 500 0
DWIDTH 11 0
BBX 11 22 0 -5
BITMAP
0000
0000
0000
0000
0000
1F00
2F80
7FC0
5FC0
8FE0
8F20
8560
8720
43C0
47C0
2280
1F00
0000
0000
0000
0000
0000
ENDCHAR
STARTCHAR uni1F310
ENCODING 127760
SWIDTH 500 0
DWIDTH 11 0
BBX 11 22 0 -5
BITMAP
0000
0000
0000
0000
0000
1E00
3300
5280
6180
A140
FFC0
A140
A140
6180
5280
3300
1E00
0000
0000
0000
0000
0000
ENDCHAR
STARTCHAR uni1F311
ENCODING 127761
SWIDTH 500 0
DWIDTH 11 0
BBX 11 22 0 -5
BITMAP
0000
0000
0000
0000
0000
1E00
3F00
7F80
FFC0
EFC0
FFC0
FFC0
FDC0
7F80
3F00
1E00
0000
0000
0000
0000
0000
0000
ENDCHAR
STARTCHAR uni1F312
ENCODING 127762
SWIDTH 500 0
DWIDTH 11 0
BBX 11 22 0 -5
BITMAP
0000
0000
0000
0000
0000
1E00
3D00
7E80
FF40
FF40
FF40
FF40
FF40
7E80
3D00
1E00
0000
0000
0000
0000
0000
0000
ENDCHAR
STARTCHAR uni1F313
ENCODING 127763
SWIDTH 500 0
DWIDTH 11 0
BBX 11 22 0 -5
BITMAP
0000
0000
0000
0000
0000
1E00
3900
7080
F840
F840
F840
F840
F840
7080
3900
1E00
0000
0000
0000
0000
0000
0000
ENDCHAR
STARTCHAR uni1F314
ENCODING 127764
SWIDTH 500 0
DWIDTH 11 0
BBX 11 22 0 -5
BITMAP
0000
0000
0000
0000
0000
1E00
3100
6080
C040
C040
C040
C040
C040
6080
3100
1E00
0000
0000
0000
0000
0000
0000
ENDCHAR
STARTCHAR uni1F315
ENCODING 127765
SWIDTH 500 0
DWIDTH 11 0
BBX 11 22 0 -5
BITMAP
0000
0000
0000
0000
0000
1E00
2100
4080
8040
9040
8040
8040
8240
4080
2100
1E00
0000
0000
0000
0000
0000
0000
ENDCHAR
STARTCHAR uni1F316
ENCODING 127766
SWIDTH 500 0
DWIDTH 11 0
BBX 11 22 0 -5
BITMAP
0000
0000
0000
0000
0000
1E00
2300
4180
80C0
80C0
80C0
80C0
80C0
4180
2300
1E00
0000
0000
0000
0000
0000
0000
ENDCHAR
STARTCHAR uni1F317
ENCODING 127767
SWIDTH 500 0
DWIDTH 11 0
BBX 11 22 0 -5
BITMAP
0000
0000
0000
0000
0000
1E00
2F00
4780
8FC0
8FC0
8FC0
8FC0
8FC0
4780
2F00
1E00
0000
0000
0000
0000
0000
0000
ENDCHAR
STARTCHAR uni1F318
ENCODING 127768
SWIDTH 500 0
DWIDTH 11 0
BBX 11 22 0 -5
BITMAP
0000
0000
0000
0000
0000
1E00
2F00
5F80
BFC0
BFC0
BFC0
BFC0
BFC0
5F80
2F00
1E00
0000
0000
0000
0000
0000
0000
ENDCHAR
STARTCHAR uni1F319
ENCODING 127769
SWIDTH 500 0
DWIDTH 11 0
BBX 11 22 0 -5
BITMAP
0000
0000
0000
0080
0E00
1C00
1C00
3800
7800
7800
7800
7800
7C00
3C00
3FE0
3FC0
0F80
0400
0000
0000
0000
0000
ENDCHAR
STARTCHAR uni1F31A
ENCODING 127770
SWIDTH 500 0
DWIDTH 11 0
BBX 11 22 0 -5
BITMAP
0000
0000
0000
0000
0000
1E00
3F00
7F80
DEC0
FFC0
FFC0
FFC0
FFC0
4C80
3300
1E00
0000
0000
0000
0000
0000
0000
ENDCHAR
STARTCHAR uni1F31B
ENCODING 127771
SWIDTH 500 0
DWIDTH 11 0
BBX 11 22 0 -5
BITMAP
0000
0000
0000
0300
1E00
2400
2800
4800
5800
8800
8C00
8300
4400
5800
2C00
2300
1980
0600
0000
0000
0000
0000
ENDCHAR
STARTCHAR uni1F31C
ENCODING 127772
SWIDTH 500 0
DWIDTH 11 0
BBX 11 22 0 -5
BITMAP
0000
0000
0000
1800
0F00
0480
0280
0240
0340
0220
0620
1820
0440
0340
0680
1880
3300
0C00
0000
0000
0000
0000
ENDCHAR
STARTCHAR uni1F31D
ENCODING 127773
SWIDTH 500 0
DWIDTH 11 0
BBX 11 22 0 -5
BITMAP
0000
0000
0000
0000
0000
1E00
2100
4080
A140
8040
8040
8040
8040
7380
2D00
1E00
0000
0000
0000
0000
0000
0000
ENDCHAR
STARTCHAR uni1F31E
ENCODING 127774
SWIDTH 500 0
DWIDTH 11 0
BBX 11 22 0 -5
BITMAP
0000
0000
0400
0400
4E40
5140
2080
2080
4040
5140
C060
4040
5340
2C80
2080
5140
4E40
0400
0400
0000
0000
0000
ENDCHAR
STARTCHAR uni1F31F
ENCODING 127775
SWIDTH 500 0
DWIDTH 11 0
BBX 11 22 0 -5
BITMAP
0000
8040
4040
4040
0000
0000
0400
0400
0E00
0E00
7FC0
3F80
1F00
1F00
3180
2080
0000
0000
4040
4040
8040
0000
ENDCHAR
STARTCHAR uni1F320
ENCODING 127776
SWIDTH 500 0
DWIDTH 11 0
BBX 11 22 0 -5
BITMAP
0000
0080
0080
0100
0120
0240
0240
0480
0480
0920
0A40
1240
0480
1500
1A00
FE00
3C00
3800
6C00
4400
0000
0000
ENDCHAR
STARTCHAR uni1F321
ENCODING 127777
SWIDTH 500 0
DWIDTH 11 0
BBX 11 22 0 -5
BITMAP
0000
0400
0A00
0AE0
0A00
1100
11E0
1100
1100
11E0
1100
1500
15E0
1500
1500
0E00
1500
2480
2480
1100
0E00
0000
ENDCHAR
STARTCHAR uni1F324
ENCODING 127780
SWIDTH 500 0
DWIDTH 11 0
BBX 11 22 0 -5
BITMAP
0000
0000
0000
0000
0000
0000
0000
1000
8200
3800
4400
C400
4600
3980
0840
0780
0000
0000
0000
0000
0000
0000
ENDCHAR
STARTCHAR uni1F325
ENCODING 127781
SWIDTH 500 0
DWIDTH 11 0
BBX 11 22 0 -5
BITMAP
0000
0000
0000
0000
1000
8200
3800
4400
C400
3000
4B00
8480
8040
7F80
0000
0000
0000
0000
0000
0000
0000
0000
ENDCHAR
STARTCHAR uni1F326
ENCODING 127782
SWIDTH 500 0
DWIDTH 11 0
BBX 11 22 0 -5
BITMAP
0000
0000
0000
1000
8200
3800
4400
C400
3000
4B00
8480
8040
7F80
7FC0
0000
4080
4080
8500
8500
0800
0800
0000
ENDCHAR
STARTCHAR uni1F327
ENCODING 127783
SWIDTH 500 0
DWIDTH 11 0
BBX 11 22 0 -5
BITMAP
0000
0000
0000
0000
0000
0000
0000
0000
3000
4B00
8480
8040
7F80
7FC0
0000
4080
4080
8500
8500
0800
0800
0000
ENDCHAR
STARTCHAR uni1F328
ENCODING 127784
SWIDTH 500 0
DWIDTH 11 0
BBX 11 22 0 -5
BITMAP
0000
0000
0000
0000
0000
0000
0000
0000
3000
4B00
8480
8040
7F80
7FC0
0000
0000
0080
4000
0000
0400
0000
0000
ENDCHAR
STARTCHAR uni1F329
ENCODING 127785
SWIDTH 500 0
DWIDTH 11 0
BBX 11 22 0 -5
BITMAP
0000
0000
0000
0000
0000
0000
0000
0000
3000
4B00
8480
8040
7F80
7FC0
0C80
1F00
3F00
0600
0400
0C00
0800
0000
ENDCHAR
STARTCHAR uni1F32A
ENCODING 127786
SWIDTH 500 0
DWIDTH 11 0
BBX 11 22 0 -5
BITMAP
0000
FFE0
0040
0000
7FC0
0040
0000
7F80
0100
0000
3F00
0100
0000
1F00
0200
0000
0E00
0200
0400
0C00
0800
0000
ENDCHAR
STARTCHAR uni1F32B
ENCODING 127787
SWIDTH 500 0
DWIDTH 11 0
BBX 11 22 0 -5
BITMAP
0000
0000
FFC0
0000
0000
3FE0
0000
0000
FFC0
0000
0000
3FE0
0000
0000
FFC0
0000
0000
3FE0
0000
0000
0000
0000
ENDCHAR
STARTCHAR uni1F32C
ENCODING 127788
SWIDTH 500 0
DWIDTH 11 0
BBX 11 22 0 -5
BITMAP
0000
0800
3800
4800
4800
88C0
8840
8840
5840
4880
8F80
C400
3400
1780
2860
2C00
2B00
2480
2480
1C40
1040
0000
ENDCHAR
STARTCHAR uni1F32D
ENCODING 127789
SWIDTH 500 0
DWIDTH 11 0
BBX 11 22 0 -5
BITMAP
0000
0400
0A00
0A00
1F00
3380
3380
5540
5940
5540
5540
5340
5540
5540
5940
3580
3380
1B00
0A00
0A00
0400
0000
ENDCHAR
STARTCHAR uni1F32E
ENCODING 127790
SWIDTH 500 0
DWIDTH 11 0
BBX 11 22 0 -5
BITMAP
0000
0000
0000
0000
0000
0000
1F00
3180
2E80
6AC0
5360
BFA0
C060
90A0
4020
4240
30C0
0F00
0000
0000
0000
0000
ENDCHAR
STARTCHAR uni1F32F
ENCODING 127791
SWIDTH 500 0
DWIDTH 11 0
BBX 11 22 0 -5
BITMAP
0000
0300
0480
0A80
0B40
1CC0
34A0
30A0
4CE0
43C0
4340
C440
E480
9880
8D00
9300
5300
6200
4400
2400
1800
0000
ENDCHAR
STARTCHAR uni1F330
ENCODING 127792
SWIDTH 500 0
DWIDTH 11 0
BBX 11 22 0 -5
BITMAP
0000
0000
0000
0000
0800
0C00
1200
1180
2040
4040
4020
8020
8020
FFA0
8060
AAC0
43C0
3C00
0000
0000
0000
0000
ENDCHAR
STARTCHAR uni1F331
ENCODING 127793
SWIDTH 500 0
DWIDTH 11 0
BBX 11 22 0 -5
BITMAP
0000
0040
03C0
07C0
07C0
8FC0
EF80
FF80
FF00
7F00
7800
3800
0800
0800
0800
0800
0800
0800
0800
0800
3F00
0000
ENDCHAR
STARTCHAR uni1F332
ENCODING 127794
SWIDTH 500 0
DWIDTH 11 0
BBX 11 22 0 -5
BITMAP
0000
0400
0E00
0E00
1F00
1F00
3F80
1F00
0C00
3380
7FC0
3F80
5F40
64C0
7BC0
FFE0
FFE0
0E00
0E00
0E00
0E00
0000
ENDCHAR
STARTCHAR uni1F333
ENCODING 127795
SWIDTH 500 0
DWIDTH 11 0
BBX 11 22 0 -5
BITMAP
0000
1800
2400
2380
2080
2040
4240
4240
4140
B940
8840
8840
4080
6680
1F00
0E00
0E00
0E00
0E00
0E00
0E00
0000
ENDCHAR
STARTCHAR uni1F334
ENCODING 127796
SWIDTH 500 0
DWIDTH 11 0
BBX 11 22 0 -5
BITMAP
0000
0480
14C0
7540
5D20
AF20
AEA0
4EA0
4A40
8A40
0A20
0A00
0E00
0A00
0A00
0A00
0A00
0E00
0A00
0A00
0E00
0000
ENDCHAR
STARTCHAR uni1F335
ENCODING 127797
SWIDTH 500 0
DWIDTH 11 0
BBX 11 22 0 -5
BITMAP
0000
0400
0A00
0A40
0EA0
0EA0
4EA0
AEE0
EEA0
AFA0
AC20
BC20
8440
87C0
7600
1600
1600
1600
1200
1200
1E00
0000
ENDCHAR
STARTCHAR uni1F336
ENCODING 127798
SWIDTH 500 0
DWIDTH 11 0
BBX 11 22 0 -5
BITMAP
0000
0E00
0200
0200
0200
0200
0380
0480
04C0
0740
0540
0540
0540
0940
0940
1280
1280
2480
4300
4C00
F000
0000
ENDCHAR
STARTCHAR uni1F337
ENCODING 127799
SWIDTH 500 0
DWIDTH 11 0
BBX 11 22 0 -5
BITMAP
0000
0400
8620
CA60
A9A0
5120
4940
4940
4940
4A40
2A40
2680
1480
8F20
C460
44C0
67C0
37C0
3F00
0C00
0400
0000
ENDCHAR
STARTCHAR uni1F338
ENCODING 127800
SWIDTH 500 0
DWIDTH 11 0
BBX 11 22 0 -5
BITMAP
0000
0000
0000
0000
0000
0A00
1500
60C0
4440
9F40
8E40
4E40
4040
60C0
5540
3B80
0000
0000
0000
0000
0000
0000
ENDCHAR
STARTCHAR uni1F339
ENCODING 127801
SWIDTH 500 0
DWIDTH 11 0
BBX 11 22 0 -5
BITMAP
0000
2200
5580
4840
9C40
A340
4140
4E40
4A40
3E40
2080
3080
1380
1F00
0F00
0F00
15C0
17C0
0F80
0700
0400
0000
ENDCHAR
STARTCHAR uni1F33A
ENCODING 127802
SWIDTH 500 0
DWIDTH 11 0
BBX 11 22 0 -5
BITMAP
0000
0000
0000
0000
0000
0C00
1300
7140
9BA0
8A20
7C60
3780
4580
4AC0
3BE0
0060
0020
0000
0000
0000
0000
0000
ENDCHAR
STARTCHAR uni1F33B
ENCODING 127803
SWIDTH 500 0
DWIDTH 11 0
BBX 11 22 0 -5
BITMAP
0000
0400
3B80
6080
4E40
5F40
9F40
5F40
4E40
6080
1B80
0400
8400
E400
F400
F400
7C00
7C00
3C00
0C00
0400
0000
ENDCHAR
STARTCHAR uni1F33C
ENCODING 127804
SWIDTH 500 0
DWIDTH 11 0
BBX 11 22 0 -5
BITMAP
0000
0000
0000
0000
0000
0E00
6AC0
5B40
2A80
F5E0
8E20
F5E0
2A80
5B40
6AC0
0E00
0000
0000
0000
0000
0000
0000
ENDCHAR
STARTCHAR uni1F33D
ENCODING 127805
SWIDTH 500 0
DWIDTH 11 0
BBX 11 22 0 -5
BITMAP
0000
0400
0E00
1500
1F00
2480
A4A0
FFE0
E4E0
A4A0
7FC0
5540
5F40
5540
5540
4E40
2A80
2680
2500
1F00
0C00
0000
ENDCHAR
STARTCHAR uni1F33E
ENCODING 127806
SWIDTH 500 0
DWIDTH 11 0
BBX 11 22 0 -5
BITMAP
0000
0000
0200
0580
0340
06C0
0540
0E80
1560
08C0
0820
8840
8880
4900
4A00
5400
3800
3000
3000
1000
1000
0000
ENDCHAR
STARTCHAR uni1F33F
ENCODING 127807
SWIDTH 500 0
DWIDTH 11 0
BBX 11 22 0 -5
BITMAP
0000
01E0
03E0
07E0
E7C0
F7C0
F780
7DE0
7BE0
0BE0
EFC0
FFC0
FF80
7800
79E0
0BE0
17C0
17C0
1780
1000
1000
0000
ENDCHAR
STARTCHAR uni1F340
ENCODING 127808
SWIDTH 500 0
DWIDTH 11 0
BBX 11 22 0 -5
BITMAP
0000
0000
0000
5140
FBE0
FBE0
FBE0
71C0
71C0
2480
0400
5540
FFE0
FFE0
FFE0
75C0
2280
0200
0200
0200
0200
0000
ENDCHAR
STARTCHAR uni1F341
ENCODING 127809
SWIDTH 500 0
DWIDTH 11 0
BBX 11 22 0 -5
BITMAP
0000
0400
0400
0600
1B00
1B00
5540
75C0
D560
8420
A4C0
5D40
4640
4420
C460
3580
1E00
0E00
0400
0400
0400
0000
ENDCHAR
STARTCHAR uni1F342
ENCODING 127810
SWIDTH 500 0
DWIDTH 11 0
BBX 11 22 0 -5
BITMAP
0000
0000
E000
9800
8400
C200
A200
A200
9100
5100
4900
4500
25E0
2720
1860
09A0
1320
1640
1440
1B80
1C00
0000
ENDCHAR
STARTCHAR uni1F343
ENCODING 127811
SWIDTH 500 0
DWIDTH 11 0
BBX 11 22 0 -5
BITMAP
0000
01E0
0E20
3020
40A0
4120
4220
8240
8440
8880
9080
A100
A200
DC00
FE00
0100
0080
0100
0F00
0100
FE00
0000
ENDCHAR
STARTCHAR uni1F344
ENCODING 127812
SWIDTH 500 0
DWIDTH 11 0
BBX 11 22 0 -5
BITMAP
0000
0400
1F80
3F80
3D80
7FC0
6FC0
7FC0
FF40
FFE0
FFE0
FFE0
0A00
0A00
0A00
1100
1100
1100
1100
1F00
0000
0000
ENDCHAR
STARTCHAR uni1F345
ENCODING 127813
SWIDTH 500 0
DWIDTH 11 0
BBX 11 22 0 -5
BITMAP
0000
0000
0000
0400
0D00
0E00
3E00
3FC0
4E40
5240
8240
A040
A040
A040
A040
6040
4040
3180
0E00
0000
0000
0000
ENDCHAR
STARTCHAR uni1F346
ENCODING 127814
SWIDTH 500 0
DWIDTH 11 0
BBX 11 22 0 -5
BITMAP
0000
0080
0100
0100
0300
0380
07C0
0780
0B80
0A80
3080
4080
5040
6040
A040
A040
A040
6040
6040
1880
0700
0000
ENDCHAR
STARTCHAR uni1F347
ENCODING 127815
SWIDTH 500 0
DWIDTH 11 0
BBX 11 22 0 -5
BITMAP
0000
0380
7A00
4A00
2600
7900
89C0
8A40
8A40
9F40
64C0
2480
2480
2E80
1100
1100
1700
1900
0900
0900
0600
0000
ENDCHAR
STARTCHAR uni1F348
ENCODING 127816
SWIDTH 500 0
DWIDTH 11 0
BBX 11 22 0 -5
BITMAP
0000
0000
0000
0700
0400
0E00
3D80
7640
7640
B620
D660
C960
A9A0
B5A0
95A0
6A40
4E40
3580
0E00
0000
0000
0000
ENDCHAR
STARTCHAR uni1F349
ENCODING 127817
SWIDTH 500 0
DWIDTH 11 0
BBX 11 22 0 -5
BITMAP
0000
0000
0000
0000
0400
0600
0A00
0900
1500
1080
2280
3040
4040
4460
A060
5FC0
3880
0700
0000
0000
0000
0000
ENDCHAR
STARTCHAR uni1F34A
ENCODING 127818
SWIDTH 500 0
DWIDTH 11 0
BBX 11 22 0 -5
BITMAP
0000
0000
0000
0000
07C0
0780
0E00
3D80
4040
4040
8020
A020
8020
80A0
8020
6040
4040
3180
0E00
0000
0000
0000
ENDCHAR
STARTCHAR uni1F34B
ENCODING 127819
SWIDTH 500 0
DWIDTH 11 0
BBX 11 22 0 -5
BITMAP
0000
0000
0000
0080
0780
0840
1440
2840
5040
6040
8040
8040
8140
8080
8480
4100
5E00
2000
0000
0000
0000
0000
ENDCHAR
STARTCHAR uni1F34C
ENCODING 127820
SWIDTH 500 0
DWIDTH 11 0
BBX 11 22 0 -5
BITMAP
0000
2000
2000
5000
7000
7000
7800
7800
7800
6C00
6CC0
5B40
5840
3440
2EC0
19A0
1420
0CC0
0B40
0680
0100
0000
ENDCHAR
STARTCHAR uni1F34D
ENCODING 127821
SWIDTH 500 0
DWIDTH 11 0
BBX 11 22 0 -5
BITMAP
0000
0900
4B00
7F40
2DC0
2180
1E80
3780
3680
3980
6940
7AC0
56C0
76C0
6EC0
4940
4D40
3680
3280
3700
0E00
0000
ENDCHAR
STARTCHAR uni1F34E
ENCODING 127822
SWIDTH 500 0
DWIDTH 11 0
BBX 11 22 0 -5
BITMAP
0000
0000
0000
0200
0780
1F80
2E80
5540
AAC0
D560
AAA0
D560
AAC0
D540
6AC0
5580
2A80
1D00
1200
0000
0000
0000
ENDCHAR
STARTCHAR uni1F34F
ENCODING 127823
SWIDTH 500 0
DWIDTH 11 0
BBX 11 22 0 -5
BITMAP
0000
0000
0000
0200
0780
1F80
2E80
4440
AAC0
8020
AAA0
8020
AAC0
8040
6AC0
4080
2A80
1D00
1200
0000
0000
0000
ENDCHAR
STARTCHAR uni1F350
ENCODING 127824
SWIDTH 500 0
DWIDTH 11 0
BBX 11 22 0 -5
BITMAP
0000
1E00
1600
1C00
0600
0A00
1100
1100
1100
1100
1080
2080
4040
4040
A040
A040
A040
5040
4040
2040
1F80
0000
ENDCHAR
STARTCHAR uni1F351
ENCODING 127825
SWIDTH 500 0
DWIDTH 11 0
BBX 11 22 0 -5
BITMAP
0000
0000
0000
03E0
0240
14C0
2F00
44C0
4440
8820
8820
8820
8420
4440
4440
2480
2480
1300
0C00
0000
0000
0000
ENDCHAR
STARTCHAR uni1F352
ENCODING 127826
SWIDTH 500 0
DWIDTH 11 0
BBX 11 22 0 -5
BITMAP
0000
0200
7E00
2E00
3D00
0900
0900
1100
1100
1100
1080
3080
4980
8640
C440
8540
8440
8440
4C40
3240
0180
0000
ENDCHAR
STARTCHAR uni1F353
ENCODING 127827
SWIDTH 500 0
DWIDTH 11 0
BBX 11 22 0 -5
BITMAP
0000
0800
0900
0F00
7D00
19C0
3880
5F40
4040
40A0
9220
8020
8040
4940
4040
4080
2480
1100
1100
0A00
0400
0000
ENDCHAR
STARTCHAR uni1F354
ENCODING 127828
SWIDTH 500 0
DWIDTH 11 0
BBX 11 22 0 -5
BITMAP
0000
0000
0000
0E00
3180
2440
50C0
4020
FFE0
B480
4B60
FFE0
FFE0
FFE0
2B00
FFE0
8020
4040
7FC0
0000
0000
0000
ENDCHAR
STARTCHAR uni1F355
ENCODING 127829
SWIDTH 500 0
DWIDTH 11 0
BBX 11 22 0 -5
BITMAP
0000
0E00
3180
4040
9FA0
A060
4040
5140
6AC0
3280
2380
3080
2500
1B00
1B00
1500
0A00
0A00
0A00
0400
0400
0000
ENDCHAR
STARTCHAR uni1F356
ENCODING 127830
SWIDTH 500 0
DWIDTH 11 0
BBX 11 22 0 -5
BITMAP
0000
0000
5000
A800
A800
7800
2400
3200
7900
4C80
4C80
5440
2840
1040
1080
08C0
07A0
03A0
0240
0180
0000
0000
ENDCHAR
STARTCHAR uni1F357
ENCODING 127831
SWIDTH 500 0
DWIDTH 11 0
BBX 11 22 0 -5
BITMAP
0000
3000
4800
5400
5B00
A080
8080
8040
4040
4040
3040
0880
0580
0580
0300
00C0
00A0
01A0
01A0
0140
0080
0000
ENDCHAR
STARTCHAR uni1F358
ENCODING 127832
SWIDTH 500 0
DWIDTH 11 0
BBX 11 22 0 -5
BITMAP
0000
0000
0000
0E00
3180
2080
5240
4040
8040
A140
8240
BE40
9F40
5F40
4F40
2F80
3780
0E00
0000
0000
0000
0000
ENDCHAR
STARTCHAR uni1F359
ENCODING 127833
SWIDTH 500 0
DWIDTH 11 0
BBX 11 22 0 -5
BITMAP
0000
0000
0000
0C00
0A00
1200
1100
2100
2080
4880
4280
8040
9E40
9E40
9E40
9E40
9E40
9E80
7F80
0000
0000
0000
ENDCHAR
STARTCHAR uni1F35A
ENCODING 127834
SWIDTH 500 0
DWIDTH 11 0
BBX 11 22 0 -5
BITMAP
0000
0000
0000
0400
0A00
0A00
1100
3880
4080
4240
6140
7C20
FFE0
8020
4040
4040
4080
2080
2100
1F00
1F00
0000
ENDCHAR
STARTCHAR uni1F35B
ENCODING 127835
SWIDTH 500 0
DWIDTH 11 0
BBX 11 22 0 -5
BITMAP
0000
0000
0000
0000
0E00
3180
5B40
6BC0
A6E0
D7E0
C7E0
CFE0
BF60
A5A0
5BC0
5240
3180
0E00
0000
0000
0000
0000
ENDCHAR
STARTCHAR uni1F35C
ENCODING 127836
SWIDTH 500 0
DWIDTH 11 0
BBX 11 22 0 -5
BITMAP
0000
2200
2400
2400
2400
1200
1200
0000
3F80
55C0
AA60
FFE0
8020
8040
7FC0
4040
4080
2080
2100
1F00
1F00
0000
ENDCHAR
STARTCHAR uni1F35D
ENCODING 127837
SWIDTH 500 0
DWIDTH 11 0
BBX 11 22 0 -5
BITMAP
0000
01A0
01A0
01C0
01C0
01C0
0100
0300
0100
0300
1700
2F00
2D80
3F80
7FC0
BF60
9C20
8020
60C0
1F00
0000
0000
ENDCHAR
STARTCHAR uni1F35E
ENCODING 127838
SWIDTH 500 0
DWIDTH 11 0
BBX 11 22 0 -5
BITMAP
0000
0000
1F00
20C0
5E40
6120
A0A0
A0A0
A0A0
A0A0
5140
3140
3540
3140
3140
3340
3140
3140
3140
3FC0
0000
0000
ENDCHAR
STARTCHAR uni1F35F
ENCODING 127839
SWIDTH 500 0
DWIDTH 11 0
BBX 11 22 0 -5
BITMAP
0000
1000
9000
9400
9480
9480
9480
9480
9480
FFC0
A140
A140
E1C0
E1C0
6180
7F80
4080
4080
2100
2100
3F00
0000
ENDCHAR
STARTCHAR uni1F360
ENCODING 127840
SWIDTH 500 0
DWIDTH 11 0
BBX 11 22 0 -5
BITMAP
0000
1800
3800
7400
4C00
CC00
CA00
CA00
B200
B500
5880
6040
3040
0820
0A20
0820
04A0
0420
0440
0280
0300
0000
ENDCHAR
STARTCHAR uni1F361
ENCODING 127841
SWIDTH 500 0
DWIDTH 11 0
BBX 11 22 0 -5
BITMAP
0000
0C00
1200
2100
2100
1200
0C00
0C00
1200
2100
2100
1200
0C00
0C00
1200
2100
2100
1200
0C00
0400
0400
0000
ENDCHAR
STARTCHAR uni1F362
ENCODING 127842
SWIDTH 500 0
DWIDTH 11 0
BBX 11 22 0 -5
BITMAP
0000
0400
0A00
1100
1100
2080
7FC0
0400
0E00
1100
2080
2080
1100
0E00
3F80
2080
2080
2080
3F80
0400
0400
0000
ENDCHAR
STARTCHAR uni1F363
ENCODING 127843
SWIDTH 500 0
DWIDTH 11 0
BBX 11 22 0 -5
BITMAP
0000
0000
0000
0000
1800
2F00
2980
54C0
54A0
8A60
8A60
C520
B560
8CA0
5320
4040
3280
0C80
0300
0000
0000
0000
ENDCHAR
STARTCHAR uni1F364
ENCODING 127844
SWIDTH 500 0
DWIDTH 11 0
BBX 11 22 0 -5
BITMAP
0000
2000
3400
4C00
8200
A200
4900
2100
2100
2100
38C0
0940
0840
0440
07E0
00A0
0140
0140
0140
01E0
0120
0000
ENDCHAR
STARTCHAR uni1F365
ENCODING 127845
SWIDTH 500 0
DWIDTH 11 0
BBX 11 22 0 -5
BITMAP
0000
0000
0000
0800
1780
6080
8080
8FE0
40A0
5FC0
91C0
91A0
90A0
5FC0
4040
7080
1380
0C00
0000
0000
0000
0000
ENDCHAR
STARTCHAR uni1F366
ENCODING 127846
SWIDTH 500 0
DWIDTH 11 0
BBX 11 22 0 -5
BITMAP
0000
0400
0600
0A00
0C00
0A00
1100
2E80
2080
1300
3D00
4080
4080
2080
3F80
3100
1B00
1600
0A00
0C00
0400
0000
ENDCHAR
STARTCHAR uni1F367
ENCODING 127847
SWIDTH 500 0
DWIDTH 11 0
BBX 11 22 0 -5
BITMAP
0000
0200
0200
0500
0900
0880
1080
3080
3140
2A40
4440
4020
FFE0
4040
4040
2080
2080
1900
0600
0400
1F80
0000
ENDCHAR
STARTCHAR uni1F368
ENCODING 127848
SWIDTH 500 0
DWIDTH 11 0
BBX 11 22 0 -5
BITMAP
0000
0180
0160
0120
1220
2A40
45C0
4440
4440
4440
4440
2A80
FFE0
8020
8040
4040
4040
3180
0E00
0400
3F80
0000
ENDCHAR
STARTCHAR uni1F369
ENCODING 127849
SWIDTH 500 0
DWIDTH 11 0
BBX 11 22 0 -5
BITMAP
0000
0000
0000
0000
0C00
3300
4480
5080
8D40
9240
9240
D340
AEC0
8040
4080
4080
3300
0C00
0000
0000
0000
0000
ENDCHAR
STARTCHAR uni1F36A
ENCODING 127850
SWIDTH 500 0
DWIDTH 11 0
BBX 11 22 0 -5
BITMAP
0000
0000
0000
0000
0600
3980
4040
4220
5020
8020
8020
80A0
8820
8040
4040
4480
3300
0C00
0000
0000
0000
0000
ENDCHAR
STARTCHAR uni1F36B
ENCODING 127851
SWIDTH 500 0
DWIDTH 11 0
BBX 11 22 0 -5
BITMAP
0000
7F80
4480
4480
4480
4480
7F80
4480
4480
4480
7F80
4480
4480
C4C0
EEC0
9940
8880
8880
5080
5380
3C00
0000
ENDCHAR
STARTCHAR uni1F36C
ENCODING 127852
SWIDTH 500 0
DWIDTH 11 0
BBX 11 22 0 -5
BITMAP
0000
2000
3000
F000
A800
9E00
5100
7100
3080
3080
2880
2880
2880
2880
15E0
1520
0EA0
0260
02E0
0180
0080
0000
ENDCHAR
STARTCHAR uni1F36D
ENCODING 127853
SWIDTH 500 0
DWIDTH 11 0
BBX 11 22 0 -5
BITMAP
0000
1F00
2080
4FC0
80A0
BEA0
A2A0
A2A0
A0A0
7FC0
2080
1F00
0400
0400
0400
0400
0400
0400
0400
0400
0400
0000
ENDCHAR
STARTCHAR uni1F36E
ENCODING 127854
SWIDTH 500 0
DWIDTH 11 0
BBX 11 22 0 -5
BITMAP
0000
0000
0000
0000
0000
0C00
3300
2F00
3F00
2D00
2100
2080
2080
4080
6080
DFC0
C0C0
3F00
0000
0000
0000
0000
ENDCHAR
STARTCHAR uni1F36F
ENCODING 127855
SWIDTH 500 0
DWIDTH 11 0
BBX 11 22 0 -5
BITMAP
0000
0040
0180
0180
01C0
0360
04E0
0840
1F00
60C0
60C0
3F80
3780
5440
5440
4C40
4040
4040
4040
2080
1F00
0000
ENDCHAR
STARTCHAR uni1F370
ENCODING 127856
SWIDTH 500 0
DWIDTH 11 0
BBX 11 22 0 -5
BITMAP
0000
0600
0E00
0E00
0E00
0D00
1100
6080
8080
C040
F040
FFE0
D7A0
AA60
E820
9FE0
8820
8820
C860
3B80
0C00
0000
ENDCHAR
STARTCHAR uni1F371
ENCODING 127857
SWIDTH 500 0
DWIDTH 11 0
BBX 11 22 0 -5
BITMAP
0000
FFE0
8020
9020
B820
BA20
B820
90A0
8020
A220
8020
FFE0
8420
B420
D7E0
CC20
CE20
D5A0
F460
8420
FFE0
0000
ENDCHAR
STARTCHAR uni1F372
ENCODING 127858
SWIDTH 500 0
DWIDTH 11 0
BBX 11 22 0 -5
BITMAP
0000
2200
2200
2200
1200
1200
0000
1F00
3980
7FC0
4040
4040
E060
E060
E060
E060
6040
6040
4040
4080
3F80
0000
ENDCHAR
STARTCHAR uni1F373
ENCODING 127859
SWIDTH 500 0
DWIDTH 11 0
BBX 11 22 0 -5
BITMAP
0000
0020
0040
0040
0080
0080
0F00
3180
3880
6540
62C0
C060
C660
CFA0
CFA0
CFA0
46C0
6D40
3380
3180
0E00
0000
ENDCHAR
STARTCHAR uni1F374
ENCODING 127860
SWIDTH 500 0
DWIDTH 11 0
BBX 11 22 0 -5
BITMAP
0000
A840
A840
A8C0
A8C0
A8C0
A8C0
F8C0
20C0
20C0
20C0
20C0
20C0
2040
2040
2040
2040
2040
2040
2040
2040
0000
ENDCHAR
STARTCHAR uni1F375
ENCODING 127861
SWIDTH 500 0
DWIDTH 11 0
BBX 11 22 0 -5
BITMAP
0000
1400
2400
2400
2400
1200
1200
0000
0000
3F00
FFC0
8040
8080
8080
4080
4100
4100
2200
1E00
80C0
7F00
0000
ENDCHAR
STARTCHAR uni1F376
ENCODING 127862
SWIDTH 500 0
DWIDTH 11 0
BBX 11 22 0 -5
BITMAP
0000
0780
0480
0780
0480
0480
0480
0480
0480
0480
0480
0840
0940
1140
7240
FA40
8940
8940
4840
4840
7F80
0000
ENDCHAR
STARTCHAR uni1F377
ENCODING 127863
SWIDTH 500 0
DWIDTH 11 0
BBX 11 22 0 -5
BITMAP
0000
3F80
2080
2080
4040
4040
4040
7FC0
4080
4080
2080
1100
0900
0600
0400
0400
0400
0400
0400
0E00
3F80
0000
ENDCHAR
STARTCHAR uni1F378
ENCODING 127864
SWIDTH 500 0
DWIDTH 11 0
BBX 11 22 0 -5
BITMAP
0000
0000
1000
2800
EFE0
5840
7FC0
2280
2280
1100
1100
0A00
0A00
0400
0400
0400
0400
0400
0400
0E00
3F80
0000
ENDCHAR
STARTCHAR uni1F379
ENCODING 127865
SWIDTH 500 0
DWIDTH 11 0
BBX 11 22 0 -5
BITMAP
0000
1000
28E0
2480
4480
FE80
7100
9900
9FC0
9040
7FC0
2080
2080
2080
2080
1100
1100
1200
0A00
1A00
3F80
0000
ENDCHAR
STARTCHAR uni1F37A
ENCODING 127866
SWIDTH 500 0
DWIDTH 11 0
BBX 11 22 0 -5
BITMAP
0000
0000
1000
1800
7700
4500
8100
8100
C700
BD00
85C0
A540
A540
A540
A540
A540
A540
A5C0
8100
8200
7E00
0000
ENDCHAR
STARTCHAR uni1F37B
ENCODING 127867
SWIDTH 500 0
DWIDTH 11 0
BBX 11 22 0 -5
BITMAP
0000
6080
9AC0
97A0
8420
EEC0
9B40
8AE0
AAE0
AAA0
AAA0
AA60
AA60
AA60
8A60
EA20
1AC0
0700
0600
0A00
0000
0000
ENDCHAR
STARTCHAR uni1F37C
ENCODING 127868
SWIDTH 500 0
DWIDTH 11 0
BBX 11 22 0 -5
BITMAP
0000
0E00
0A00
0A00
0A00
1100
1080
3F80
3F80
4080
4080
4380
4080
4080
4380
4080
4080
4380
4080
4100
3F00
0000
ENDCHAR
STARTCHAR uni1F37D
ENCODING 127869
SWIDTH 500 0
DWIDTH 11 0
BBX 11 22 0 -5
BITMAP
0000
A020
A020
A020
A020
A020
A220
E520
4520
48A0
48A0
48A0
48A0
48A0
48A0
48A0
48A0
4520
4520
4220
4020
0000
ENDCHAR
STARTCHAR uni1F37E
ENCODING 127870
SWIDTH 500 0
DWIDTH 11 0
BBX 11 22 0 -5
BITMAP
0000
0180
0A40
0940
0380
0280
0260
0480
0700
1900
2A00
2600
4600
6200
9200
C900
A900
9600
5200
2C00
1C00
0000
ENDCHAR
STARTCHAR uni1F37F
ENCODING 127871
SWIDTH 500 0
DWIDTH 11 0
BBX 11 22 0 -5
BITMAP
0000
0900
1680
1480
6080
51E0
9220
9220
8A20
FFE0
A4A0
A4A0
64C0
64C0
64C0
5540
5540
5540
3580
3580
3F80
0000
ENDCHAR
STARTCHAR uni1F380
ENCODING 127872
SWIDTH 500 0
DWIDTH 11 0
BBX 11 22 0 -5
BITMAP
0000
0000
0000
0000
0000
0000
4040
60C0
5140
4E40
4E40
5F40
65C0
0900
0900
0D00
1B00
1100
0000
0000
0000
0000
ENDCHAR
STARTCHAR uni1F381
ENCODING 127873
SWIDTH 500 0
DWIDTH 11 0
BBX 11 22 0 -5
BITMAP
0000
0000
0000
0000
2100
3980
6640
1E40
7FC0
4440
4440
7FC0
4440
4440
4440
4440
4440
7FC0
0000
0000
0000
0000
ENDCHAR
STARTCHAR uni1F382
ENCODING 127874
SWIDTH 500 0
DWIDTH 11 0
BBX 11 22 0 -5
BITMAP
0000
2480
2480
0000
2480
2480
2480
2480
3F80
4040
FFE0
8020
8020
8020
96A0
E960
8020
FFE0
8020
4040
3FC0
0000
ENDCHAR
STARTCHAR uni1F383
ENCODING 127875
SWIDTH 500 0
DWIDTH 11 0
BBX 11 22 0 -5
BITMAP
0000
0000
0000
0000
0300
0400
0400
0E00
1F00
3F80
4440
6EC0
7FC0
5B40
64C0
2D80
1F00
0E00
0000
0000
0000
0000
ENDCHAR
STARTCHAR uni1F384
ENCODING 127876
SWIDTH 500 0
DWIDTH 11 0
BBX 11 22 0 -5
BITMAP
0000
0000
0000
0400
1E00
0C00
0400
0400
0E00
0E00
1700
1F00
3D80
7FC0
2F80
3F80
7FC0
0400
0400
0000
0000
0000
ENDCHAR
STARTCHAR uni1F385
ENCODING 127877
SWIDTH 500 0
DWIDTH 11 0
BBX 11 22 0 -5
BITMAP
0400
0F80
1FC0
3FE0
3FA0
FFA0
80C0
FF80
2080
5140
4040
60C0
5540
4E40
6040
1980
0600
1100
7BC0
7BC0
FBE0
0000
ENDCHAR
STARTCHAR uni1F386
ENCODING 127878
SWIDTH 500 0
DWIDTH 11 0
BBX 11 22 0 -5
BITMAP
0000
0000
0000
0000
0400
0400
3580
0E00
0000
F5E0
0A00
1500
2480
0400
1200
1240
5100
0100
0000
0000
0000
0000
ENDCHAR
STARTCHAR uni1F387
ENCODING 127879
SWIDTH 500 0
DWIDTH 11 0
BBX 11 22 0 -5
BITMAP
0000
0000
0000
0000
0400
2500
1500
0A00
7FC0
1500
2500
0400
0840
0800
0800
0800
1000
1000
1000
0000
0000
0000
ENDCHAR
STARTCHAR uni1F388
ENCODING 127880
SWIDTH 500 0
DWIDTH 11 0
BBX 11 22 0 -5
BITMAP
0000
0000
0000
0000
0E00
3D80
3080
5040
4040
4040
2080
3180
0E00
1E00
0400
0800
1000
0800
0400
0000
0000
0000
ENDCHAR
STARTCHAR uni1F389
ENCODING 127881
SWIDTH 500 0
DWIDTH 11 0
BBX 11 22 0 -5
BITMAP
0000
0000
0100
4100
0000
0260
0400
0000
3000
3800
3C00
7E00
7B00
7780
6E00
F800
C000
0000
0000
0000
0000
0000
ENDCHAR
STARTCHAR uni1F38A
ENCODING 127882
SWIDTH 500 0
DWIDTH 11 0
BBX 11 22 0 -5
BITMAP
0000
0000
0000
0000
0E00
3180
2080
4040
4340
2CC0
3200
2500
2100
5240
1200
2100
2100
0400
0000
0000
0000
0000
ENDCHAR
STARTCHAR uni1F38B
ENCODING 127883
SWIDTH 500 0
DWIDTH 11 0
BBX 11 22 0 -5
BITMAP
0000
0000
0000
0000
0580
6600
FC00
A440
A5C0
A740
E540
4540
35C0
0F00
0480
0400
0400
0400
0400
0000
0000
0000
ENDCHAR
STARTCHAR uni1F38C
ENCODING 127884
SWIDTH 500 0
DWIDTH 11 0
BBX 11 22 0 -5
BITMAP
0000
0000
FBE0
8A20
AAA0
8A20
FBE0
0A00
0400
0400
0400
0A00
0A00
1100
1100
1100
2080
2080
0000
0000
0000
0000
ENDCHAR
STARTCHAR uni1F38D
ENCODING 127885
SWIDTH 500 0
DWIDTH 11 0
BBX 11 22 0 -5
BITMAP
0000
0000
0000
0000
0E00
0A00
0E00
7A00
5A00
7BC0
5B40
5BC0
5B40
DB60
5B40
FBC0
7FC0
7FC0
0000
0000
0000
0000
ENDCHAR
STARTCHAR uni1F38E
ENCODING 127886
SWIDTH 500 0
DWIDTH 11 0
BBX 11 22 0 -5
BITMAP
0000
0000
0000
1000
1000
1000
3800
1100
3380
3100
2980
4980
7A40
4BC0
4640
8640
FC20
07E0
7FC0
0000
0000
0000
ENDCHAR
STARTCHAR uni1F38F
ENCODING 127887
SWIDTH 500 0
DWIDTH 11 0
BBX 11 22 0 -5
BITMAP
0000
0000
0000
4000
E000
4000
7FC0
7080
7F80
4040
40C0
7F80
6080
7FC0
4000
4000
4000
4000
4000
0000
0000
0000
ENDCHAR
STARTCHAR uni1F390
ENCODING 127888
SWIDTH 500 0
DWIDTH 11 0
BBX 11 22 0 -5
BITMAP
0000
0000
0000
0400
0400
0E00
3180
2080
4040
4040
4040
7FC0
0400
0400
1F00
1100
1100
1100
1F00
0000
0000
0000
ENDCHAR
STARTCHAR uni1F391
ENCODING 127889
SWIDTH 500 0
DWIDTH 11 0
BBX 11 22 0 -5
BITMAP
0000
0000
0000
0000
0380
07C0
07C0
07C0
4B80
5000
3100
6B80
7580
3FC0
6480
47C0
4280
4280
0000
0000
0000
0000
ENDCHAR
STARTCHAR uni1F392
ENCODING 127890
SWIDTH 500 0
DWIDTH 11 0
BBX 11 22 0 -5
BITMAP
0000
0000
1F00
1100
1100
1F00
1080
2080
2080
7FC0
60C0
7FC0
71C0
71C0
71C0
7FC0
2080
3F80
0000
0000
0000
0000
ENDCHAR
STARTCHAR uni1F393
ENCODING 127891
SWIDTH 500 0
DWIDTH 11 0
BBX 11 22 0 -5
BITMAP
0000
0000
0000
0400
0A00
1100
2080
4040
20C0
1140
1B40
1540
1140
0A40
0440
0040
0000
0000
0000
0000
0000
0000
ENDCHAR
STARTCHAR uni1F396
ENCODING 127894
SWIDTH 500 0
DWIDTH 11 0
BBX 11 22 0 -5
BITMAP
0000
0000
0000
0000
3F80
2A80
2A80
2A80
3F80
0A00
0400
0400
0E00
7FC0
3F80
1F00
1F00
1100
0000
0000
0000
0000
ENDCHAR
STARTCHAR uni1F397
ENCODING 127895
SWIDTH 500 0
DWIDTH 11 0
BBX 11 22 0 -5
BITMAP
0000
0000
0000
0400
1F00
1B00
3F00
1B00
1B00
0E00
0E00
0E00
0E00
1B00
1B00
3180
3180
60C0
0000
0000
0000
0000
ENDCHAR
STARTCHAR uni1F399
ENCODING 127897
SWIDTH 500 0
DWIDTH 11 0
BBX 11 22 0 -5
BITMAP
0000
0000
0400
0A00
1100
1F00
1100
5140
5F40
5140
5140
4E40
2480
2080
1F00
0400
0400
0400
0400
1F00
0000
0000
ENDCHAR
STARTCHAR uni1F39A
ENCODING 127898
SWIDTH 500 0
DWIDTH 11 0
BBX 11 22 0 -5
BITMAP
0000
0000
0000
2480
2480
2480
7480
7480
75C0
75C0
25C0
25C0
2480
2E80
2E80
2E80
2E80
2480
2480
2480
0000
0000
ENDCHAR
STARTCHAR uni1F39B
ENCODING 127899
SWIDTH 500 0
DWIDTH 11 0
BBX 11 22 0 -5
BITMAP
0000
0000
0000
7FC0
4040
5140
7AC0
7AC0
7BC0
6AC0
5140
4E40
5140
5140
5140
5140
4E40
4040
7FC0
0000
0000
0000
ENDCHAR
STARTCHAR uni1F39E
ENCODING 127902
SWIDTH 500 0
DWIDTH 11 0
BBX 11 22 0 -5
BITMAP
0000
0000
7FC0
5140
1100
5140
5140
1100
5F40
5140
1100
5140
1100
5F40
5140
1100
5140
5140
1100
7FC0
0000
0000
ENDCHAR
STARTCHAR uni1F39F
ENCODING 127903
SWIDTH 500 0
DWIDTH 11 0
BBX 11 22 0 -5
BITMAP
0000
0000
0000
0000
1FC0
1040
7F40
4140
4140
5540
4140
1C40
0040
4140
4140
55C0
4100
7F00
0000
0000
0000
0000
ENDCHAR
STARTCHAR uni1F3A0
ENCODING 127904
SWIDTH 500 0
DWIDTH 11 0
BBX 11 22 0 -5
BITMAP
0000
0400
1A00
2180
7FC0
0400
0480
0580
0540
DEA0
E6C0
C080
4080
5100
7F00
34C0
1480
1400
2400
0400
1F80
0000
ENDCHAR
STARTCHAR uni1F3A1
ENCODING 127905
SWIDTH 500 0
DWIDTH 11 0
BBX 11 22 0 -5
BITMAP
0000
0000
1F00
71C0
71C0
5140
8A20
8A20
FFE0
CE60
4B40
5B40
3BC0
3FC0
1100
1100
2080
2080
2080
4040
FFE0
0000
ENDCHAR
STARTCHAR uni1F3A2
ENCODING 127906
SWIDTH 500 0
DWIDTH 11 0
BBX 11 22 0 -5
BITMAP
0000
0000
0000
0300
0480
0840
1020
1020
1820
2820
3020
7020
F840
6C80
AB00
6420
A740
23E0
22C0
2240
2240
0000
ENDCHAR
STARTCHAR uni1F3A3
ENCODING 127907
SWIDTH 500 0
DWIDTH 11 0
BBX 11 22 0 -5
BITMAP
0000
0000
0000
0000
0600
0980
1080
1080
1040
2040
2040
2040
2040
7180
2BC0
4E80
4900
4000
0000
0000
0000
0000
ENDCHAR
STARTCHAR uni1F3A4
ENCODING 127908
SWIDTH 500 0
DWIDTH 11 0
BBX 11 22 0 -5
BITMAP
0000
0000
0700
0880
1040
1840
1440
1240
1140
0880
0F00
0900
1100
1200
1200
1400
2400
2800
2800
1000
0000
0000
ENDCHAR
STARTCHAR uni1F3A5
ENCODING 127909
SWIDTH 500 0
DWIDTH 11 0
BBX 11 22 0 -5
BITMAP
0000
0000
0000
3300
4C80
4C80
4C80
4C80
3340
7FC0
41C0
41C0
41C0
41C0
7FC0
0840
0800
1C00
1A00
2100
0000
0000
ENDCHAR
STARTCHAR uni1F3A6
ENCODING 127910
SWIDTH 500 0
DWIDTH 11 0
BBX 11 22 0 -5
BITMAP
0000
0000
0000
0000
FFE0
A0A0
E0E0
A8A0
ECE0
AEA0
ECE0
A8A0
E0E0
A0A0
FFE0
0000
0000
0000
0000
0000
0000
0000
ENDCHAR
STARTCHAR uni1F3A7
ENCODING 127911
SWIDTH 500 0
DWIDTH 11 0
BBX 11 22 0 -5
BITMAP
0000
0000
0E00
1100
1100
2080
2080
4040
4040
4040
71C0
71C0
71C0
71C0
71C0
71C0
71C0
71C0
0000
0000
0000
0000
ENDCHAR
STARTCHAR uni1F3A8
ENCODING 127912
SWIDTH 500 0
DWIDTH 11 0
BBX 11 22 0 -5
BITMAP
0000
0000
0000
0000
0000
0F00
3180
7B80
5140
A040
F040
A1C0
5200
6A00
3900
3D00
1A00
0400
0000
0000
0000
0000
ENDCHAR
STARTCHAR uni1F3A9
ENCODING 127913
SWIDTH 500 0
DWIDTH 11 0
BBX 11 22 0 -5
BITMAP
0000
0000
0000
0000
1F00
1100
1100
1100
1100
1100
1100
1F00
1100
1100
5F40
4040
7FC0
0000
0000
0000
0000
0000
ENDCHAR
STARTCHAR uni1F3AA
ENCODING 127914
SWIDTH 500 0
DWIDTH 11 0
BBX 11 22 0 -5
BITMAP
0000
0400
0780
0400
0400
0A00
0A00
1100
2080
4040
4040
FFE0
A0A0
A0A0
A4A0
A4A0
AEA0
AEA0
AEA0
AEA0
FFE0
0000
ENDCHAR
STARTCHAR uni1F3AB
ENCODING 127915
SWIDTH 500 0
DWIDTH 11 0
BBX 11 22 0 -5
BITMAP
0000
0000
0000
0000
0000
0000
7FC0
4040
4040
5540
4040
1F00
0000
4040
4040
5540
4040
7FC0
0000
0000
0000
0000
ENDCHAR
STARTCHAR uni1F3AC
ENCODING 127916
SWIDTH 500 0
DWIDTH 11 0
BBX 11 22 0 -5
BITMAP
0000
0000
0080
0380
1D40
32C0
52C0
5180
4600
5800
7FC0
4040
5F40
4040
4040
5E40
4040
4040
7FC0
0000
0000
0000
ENDCHAR
STARTCHAR uni1F3AD
ENCODING 127917
SWIDTH 500 0
DWIDTH 11 0
BBX 11 22 0 -5
BITMAP
0000
0000
0000
0000
E000
9E00
8200
CA00
47E0
4420
4420
7D60
2C40
15C0
0640
0440
0280
0100
0000
0000
0000
0000
ENDCHAR
STARTCHAR uni1F3AE
ENCODING 127918
SWIDTH 500 0
DWIDTH 11 0
BBX 11 22 0 -5
BITMAP
0000
0000
0000
0000
0200
0400
0400
0400
3F80
2080
6140
7140
6040
8E40
D140
20C0
0000
0000
0000
0000
0000
0000
ENDCHAR
STARTCHAR uni1F3AF
ENCODING 127919
SWIDTH 500 0
DWIDTH 11 0
BBX 11 22 0 -5
BITMAP
0000
0000
0000
0000
0040
0080
0080
0F00
3180
2E80
5740
5540
5140
2E80
3180
0E00
0000
0000
0000
0000
0000
0000
ENDCHAR
STARTCHAR uni1F3B0
ENCODING 127920
SWIDTH 500 0
DWIDTH 11 0
BBX 11 22 0 -5
BITMAP
0000
0000
0000
0000
0000
0040
7FE0
40C0
7FC0
55C0
7DC0
55C0
5580
7F80
4080
7E80
4080
7F80
0000
0000
0000
0000
ENDCHAR
STARTCHAR uni1F3B1
ENCODING 127921
SWIDTH 500 0
DWIDTH 11 0
BBX 11 22 0 -5
BITMAP
0000
0000
0000
0000
0000
0000
0000
0E00
3F80
3180
75C0
71C0
75C0
3180
3F80
0E00
0000
0000
0000
0000
0000
0000
ENDCHAR
STARTCHAR uni1F3B2
ENCODING 127922
SWIDTH 500 0
DWIDTH 11 0
BBX 11 22 0 -5
BITMAP
0000
0000
0000
0000
0300
1C80
7180
40C0
6340
6C40
7040
5440
5040
7040
5140
30C0
3700
1800
0000
0000
0000
0000
ENDCHAR
STARTCHAR uni1F3B3
ENCODING 127923
SWIDTH 500 0
DWIDTH 11 0
BBX 11 22 0 -5
BITMAP
0000
0000
0000
0000
2000
7000
2000
2000
0000
2000
2000
7700
7F80
FDC0
7EC0
7FC0
0F80
0700
0000
0000
0000
0000
ENDCHAR
STARTCHAR uni1F3B4
ENCODING 127924
SWIDTH 500 0
DWIDTH 11 0
BBX 11 22 0 -5
BITMAP
0000
0000
0000
0000
7FC0
4040
6140
43C0
5140
4040
4840
55C0
6240
4040
5C40
6340
40C0
7FC0
0000
0000
0000
0000
ENDCHAR
STARTCHAR uni1F3B5
ENCODING 127925
SWIDTH 500 0
DWIDTH 11 0
BBX 11 22 0 -5
BITMAP
0000
0000
0000
0000
0400
0600
0700
0780
0780
0580
0480
0400
0400
3C00
7C00
7C00
7C00
7C00
3800
0000
0000
0000
ENDCHAR
STARTCHAR uni1F3B6
ENCODING 127926
SWIDTH 500 0
DWIDTH 11 0
BBX 11 22 0 -5
BITMAP
0000
0000
0000
0000
0000
0300
0700
1F00
3900
1100
1100
1100
1300
1700
1700
3200
7000
7000
2000
0000
0000
0000
ENDCHAR
STARTCHAR uni1F3B7
ENCODING 127927
SWIDTH 500 0
DWIDTH 11 0
BBX 11 22 0 -5
BITMAP
0000
0000
1800
2600
4200
0900
3500
0500
0500
0580
0500
3D80
2D00
2D00
2A00
2200
1400
1C00
0000
0000
0000
0000
ENDCHAR
STARTCHAR uni1F3B8
ENCODING 127928
SWIDTH 500 0
DWIDTH 11 0
BBX 11 22 0 -5
BITMAP
0000
0000
0380
0080
0100
0100
0100
0200
0200
0E00
1500
1500
1A00
3E00
5E00
4900
4100
5D00
2100
1F00
0000
0000
ENDCHAR
STARTCHAR uni1F3B9
ENCODING 127929
SWIDTH 500 0
DWIDTH 11 0
BBX 11 22 0 -5
BITMAP
0000
0000
0000
0000
0000
7FC0
57C0
57C0
57C0
57C0
57C0
57C0
5540
5540
5540
5540
5540
7FC0
0000
0000
0000
0000
ENDCHAR
STARTCHAR uni1F3BA
ENCODING 127930
SWIDTH 500 0
DWIDTH 11 0
BBX 11 22 0 -5
BITMAP
0000
0000
0000
0000
0000
0040
0040
1AC0
1AC0
1B40
7F40
0240
3F40
22C0
22C0
3E40
0000
0000
0000
0000
0000
0000
ENDCHAR
STARTCHAR uni1F3BB
ENCODING 127931
SWIDTH 500 0
DWIDTH 11 0
BBX 11 22 0 -5
BITMAP
0000
0000
0380
0080
0100
0140
0140
0280
0280
1C80
1680
1700
1B00
2900
2300
2300
4300
5F00
2700
1C00
0000
0000
ENDCHAR
STARTCHAR uni1F3BC
ENCODING 127932
SWIDTH 500 0
DWIDTH 11 0
BBX 11 22 0 -5
BITMAP
0000
0000
0600
0500
0900
0900
7FC0
0900
0A00
7FC0
1800
7FC0
3100
3100
7FC0
1300
1C00
7FC0
0800
0400
0000
0000
ENDCHAR
STARTCHAR uni1F3BD
ENCODING 127933
SWIDTH 500 0
DWIDTH 11 0
BBX 11 22 0 -5
BITMAP
0000
0000
0000
0000
3B80
2A80
2E80
2080
2080
2080
5F40
4040
4040
5F40
2080
2080
2080
3F80
0000
0000
0000
0000
ENDCHAR
STARTCHAR uni1F3BE
ENCODING 127934
SWIDTH 500 0
DWIDTH 11 0
BBX 11 22 0 -5
BITMAP
0000
0000
0000
0000
1C00
3600
7F00
5500
7F00
5500
3600
1C00
1000
1000
2080
21C0
2080
2000
0000
0000
0000
0000
ENDCHAR
STARTCHAR uni1F3BF
ENCODING 127935
SWIDTH 500 0
DWIDTH 11 0
BBX 11 22 0 -5
BITMAP
0000
0000
0000
0000
3300
5500
5500
5500
5540
7580
5F00
7F80
2A80
3B80
6AC0
2A80
2A80
2A80
1100
0000
0000
0000
ENDCHAR
STARTCHAR uni1F3C0
ENCODING 127936
SWIDTH 500 0
DWIDTH 11 0
BBX 11 22 0 -5
BITMAP
0000
0000
0000
0000
0000
0000
0000
0E00
3F80
2480
4440
7FC0
4440
2480
3F80
0E00
0000
0000
0000
0000
0000
0000
ENDCHAR
STARTCHAR uni1F3C1
ENCODING 127937
SWIDTH 500 0
DWIDTH 11 0
BBX 11 22 0 -5
BITMAP
0000
0000
0000
0000
0000
4C00
73C0
6CC0
6CC0
7340
7340
6CC0
72C0
4180
4000
4000
4000
4000
0000
0000
0000
0000
ENDCHAR
STARTCHAR uni1F3C2
ENCODING 127938
SWIDTH 500 0
DWIDTH 11 0
BBX 11 22 0 -5
BITMAP
0000
0000
0200
0740
0240
8080
4180
3E00
0400
0400
0400
0400
0C00
3300
2080
2080
F100
8F00
60E0
1E20
01C0
0000
ENDCHAR
STARTCHAR uni1F3C3
ENCODING 127939
SWIDTH 500 0
DWIDTH 11 0
BBX 11 22 0 -5
BITMAP
0000
0000
0100
0380
0100
0000
0220
1E40
2540
2480
0800
0800
0800
9400
5200
2100
0100
0200
0200
0400
0400
0000
ENDCHAR
STARTCHAR uni1F3C4
ENCODING 127940
SWIDTH 500 0
DWIDTH 11 0
BBX 11 22 0 -5
BITMAP
0000
0000
0400
0E00
0400
0000
0400
CF80
3860
1000
1000
1800
2400
4200
2100
3F80
C060
3F80
0000
CCC0
3320
CCC0
ENDCHAR
STARTCHAR uni1F3C5
ENCODING 127941
SWIDTH 500 0
DWIDTH 11 0
BBX 11 22 0 -5
BITMAP
0000
0000
E1C0
5280
3B00
0E00
0000
1E00
2100
4080
8040
8040
8040
8040
4080
2100
1E00
0000
0000
0000
0000
0000
ENDCHAR
STARTCHAR uni1F3C6
ENCODING 127942
SWIDTH 500 0
DWIDTH 11 0
BBX 11 22 0 -5
BITMAP
0000
0000
0000
0000
1F00
1100
71C0
5140
5140
5140
5140
3380
0A00
0C00
0400
0400
0400
3F80
3F80
0000
0000
0000
ENDCHAR
STARTCHAR uni1F3C7
ENCODING 127943
SWIDTH 500 0
DWIDTH 11 0
BBX 11 22 0 -5
BITMAP
0000
0000
1800
1800
0000
0000
0800
0C80
17C0
10C0
11C0
8D20
8EC0
F880
C880
A080
3F00
2900
2900
50E0
A080
0000
ENDCHAR
STARTCHAR uni1F3C8
ENCODING 127944
SWIDTH 500 0
DWIDTH 11 0
BBX 11 22 0 -5
BITMAP
0000
0000
0000
0000
0E00
1100
60C0
60C0
7FC0
5F40
5F40
4440
5F40
5F40
3F80
60C0
5140
0E00
0000
0000
0000
0000
ENDCHAR
STARTCHAR uni1F3C9
ENCODING 127945
SWIDTH 500 0
DWIDTH 11 0
BBX 11 22 0 -5
BITMAP
0000
0000
0000
0000
0E00
1500
3F80
2A80
5140
5140
5140
5140
5140
5140
2A80
2A80
1F00
0E00
0000
0000
0000
0000
ENDCHAR
STARTCHAR uni1F3CA
ENCODING 127946
SWIDTH 500 0
DWIDTH 11 0
BBX 11 22 0 -5
BITMAP
0000
0000
0000
0000
0080
0140
0240
0220
0400
0400
3400
3800
0B00
0C80
0040
0000
CCC0
3320
0000
CCC0
3320
0000
ENDCHAR
STARTCHAR uni1F3CB
ENCODING 127947
SWIDTH 500 0
DWIDTH 11 0
BBX 11 22 0 -5
BITMAP
0000
8020
A0A0
FFE0
A0A0
A0A0
2080
2480
2E80
2480
1500
0E00
0400
0400
0400
0400
0A00
0A00
1100
2080
2040
0000
ENDCHAR
STARTCHAR uni1F3CC
ENCODING 127948
SWIDTH 500 0
DWIDTH 11 0
BBX 11 22 0 -5
BITMAP
0000
0000
0800
1C00
0800
0000
0800
0800
0C00
1C00
1A00
1E00
1100
1900
2880
2480
2440
4440
42E0
8200
8240
0000
ENDCHAR
STARTCHAR uni1F3CD
ENCODING 127949
SWIDTH 500 0
DWIDTH 11 0
BBX 11 22 0 -5
BITMAP
0000
0000
0000
0000
0000
0000
0000
0000
0700
0100
1F00
7F00
0B00
1500
3480
7FC0
2080
0000
0000
0000
0000
0000
ENDCHAR
STARTCHAR uni1F3CE
ENCODING 127950
SWIDTH 500 0
DWIDTH 11 0
BBX 11 22 0 -5
BITMAP
0000
0000
0000
0000
0000
0000
0000
0000
0000
0000
7000
7200
4300
7FC0
7FC0
7FC0
2080
0000
0000
0000
0000
0000
ENDCHAR
STARTCHAR uni1F3CF
ENCODING 127951
SWIDTH 500 0
DWIDTH 11 0
BBX 11 22 0 -5
BITMAP
0000
0000
0000
0000
0200
0200
0400
0400
1C00
1600
2200
2400
2400
2400
4480
49C0
3880
0800
0000
0000
0000
0000
ENDCHAR
STARTCHAR uni1F3D0
ENCODING 127952
SWIDTH 500 0
DWIDTH 11 0
BBX 11 22 0 -5
BITMAP
0000
0000
0000
0000
0000
0000
0000
0E00
3580
2480
4440
4C40
5B40
3180
3780
0E00
0000
0000
0000
0000
0000
0000
ENDCHAR
STARTCHAR uni1F3D1
ENCODING 127953
SWIDTH 500 0
DWIDTH 11 0
BBX 11 22 0 -5
BITMAP
0000
0000
0000
0000
0100
0100
0200
0200
0200
0400
0400
0800
0800
0800
5000
5080
61C0
2080
0000
0000
0000
0000
ENDCHAR
STARTCHAR uni1F3D2
ENCODING 127954
SWIDTH 500 0
DWIDTH 11 0
BBX 11 22 0 -5
BITMAP
0000
0000
0000
0000
0100
0100
0200
0200
0200
0400
0400
0800
0800
0800
1000
1F00
3E00
02E0
0000
0000
0000
0000
ENDCHAR
STARTCHAR uni1F3D3
ENCODING 127955
SWIDTH 500 0
DWIDTH 11 0
BBX 11 22 0 -5
BITMAP
0000
0000
0000
0000
1C00
3E00
7F00
7F00
7F00
7F00
7F00
3E00
1C00
0840
10E0
1040
2000
2000
0000
0000
0000
0000
ENDCHAR
STARTCHAR uni1F3D4
ENCODING 127956
SWIDTH 500 0
DWIDTH 11 0
BBX 11 22 0 -5
BITMAP
0000
0000
0000
0200
0200
0500
0500
0700
0B00
0E80
2880
3480
5480
4A40
4A40
4940
9120
FFE0
0000
0000
0000
0000
ENDCHAR
STARTCHAR uni1F3D5
ENCODING 127957
SWIDTH 500 0
DWIDTH 11 0
BBX 11 22 0 -5
BITMAP
0000
0080
0080
0080
01C0
01C0
0180
0180
03C0
1FC0
15C0
33E0
3BE0
3A80
3A80
7900
7900
7900
7D00
DC80
FFE0
0000
ENDCHAR
STARTCHAR uni1F3D6
ENCODING 127958
SWIDTH 500 0
DWIDTH 11 0
BBX 11 22 0 -5
BITMAP
0000
0000
1800
6C00
4A00
4A00
8900
FF80
0940
0820
0840
0820
4820
2820
2840
1840
3C00
4300
8080
0060
0000
0000
ENDCHAR
STARTCHAR uni1F3D7
ENCODING 127959
SWIDTH 500 0
DWIDTH 11 0
BBX 11 22 0 -5
BITMAP
0000
0000
3800
FFC0
2000
FFC0
2100
2100
2100
2100
2500
2200
2000
2000
FFC0
9240
9240
FFC0
9240
9240
FFC0
0000
ENDCHAR
STARTCHAR uni1F3D8
ENCODING 127960
SWIDTH 500 0
DWIDTH 11 0
BBX 11 22 0 -5
BITMAP
0000
01C0
02C0
04C0
0440
0840
1FE0
0840
0E40
0FC0
17C0
27C0
23C0
43C0
FF00
7100
7100
7D00
4D00
4D00
7F00
0000
ENDCHAR
STARTCHAR uni1F3D9
ENCODING 127961
SWIDTH 500 0
DWIDTH 11 0
BBX 11 22 0 -5
BITMAP
0000
0000
3C00
2400
3780
2680
E680
97E0
C620
8020
8160
C020
8020
8020
8020
8020
8020
8020
8020
8020
FFE0
0000
ENDCHAR
STARTCHAR uni1F3DA
ENCODING 127962
SWIDTH 500 0
DWIDTH 11 0
BBX 11 22 0 -5
BITMAP
0000
0000
0000
1800
2800
2E00
4900
4080
8080
8240
42E0
7C80
6C80
6C80
7A80
6A80
7C80
C480
C0A0
C0A0
FFC0
0000
ENDCHAR
STARTCHAR uni1F3DB
ENCODING 127963
SWIDTH 500 0
DWIDTH 11 0
BBX 11 22 0 -5
BITMAP
0000
0000
0000
0800
1400
2300
4080
FFC0
FFC0
5480
5480
5480
5480
5480
5480
5480
FFC0
FFC0
0000
0000
0000
0000
ENDCHAR
STARTCHAR uni1F3DC
ENCODING 127964
SWIDTH 500 0
DWIDTH 11 0
BBX 11 22 0 -5
BITMAP
0000
00C0
0140
0140
0940
18C0
1800
5800
5000
7000
1000
1000
1000
3000
5C00
4200
8100
1F00
2080
4040
8040
0000
ENDCHAR
STARTCHAR uni1F3DD
ENCODING 127965
SWIDTH 500 0
DWIDTH 11 0
BBX 11 22 0 -5
BITMAP
0000
0800
0900
0900
2B00
1F80
1DE0
2480
2240
4240
0240
0200
0200
0200
0400
0400
3F80
C460
C060
3F80
FC60
0000
ENDCHAR
STARTCHAR uni1F3DE
ENCODING 127966
SWIDTH 500 0
DWIDTH 11 0
BBX 11 22 0 -5
BITMAP
0000
0100
0100
1280
1A80
2A80
3440
4440
4040
A020
FFE0
2280
7500
7500
7600
7500
7300
7280
FA80
2500
2500
0000
ENDCHAR
STARTCHAR uni1F3DF
ENCODING 127967
SWIDTH 500 0
DWIDTH 11 0
BBX 11 22 0 -5
BITMAP
0000
0000
0000
B1A0
9F20
B1A0
D160
DF60
9520
A4A0
A4A0
A4A0
D560
CE60
A0A0
7F40
6940
2980
1F00
0000
0000
0000
ENDCHAR
STARTCHAR uni1F3E0
ENCODING 127968
SWIDTH 500 0
DWIDTH 11 0
BBX 11 22 0 -5
BITMAP
0000
0000
0000
0580
0B80
0B80
1180
2080
40C0
4040
FFE0
4040
4040
7840
7840
7F40
4540
4540
4540
4540
7FC0
0000
ENDCHAR
STARTCHAR uni1F3E1
ENCODING 127969
SWIDTH 500 0
DWIDTH 11 0
BBX 11 22 0 -5
BITMAP
0000
0080
0140
0220
0220
0A20
1E20
16A0
27C0
2280
4280
4180
FF80
4280
7280
7280
7E80
4E80
4E80
4E80
FFE0
0000
ENDCHAR
STARTCHAR uni1F3E2
ENCODING 127970
SWIDTH 500 0
DWIDTH 11 0
BBX 11 22 0 -5
BITMAP
0000
0300
1D80
6140
4140
4140
63C0
4140
4140
4140
63C0
4140
4140
63C0
4140
4140
4140
63C0
4940
5540
7FC0
0000
ENDCHAR
STARTCHAR uni1F3E3
ENCODING 127971
SWIDTH 500 0
DWIDTH 11 0
BBX 11 22 0 -5
BITMAP
0000
0000
0000
FFE0
8020
BFE0
8420
8420
8020
8020
8020
8020
8020
A0A0
8020
8020
8420
8620
8A20
8A20
FFE0
0000
ENDCHAR
STARTCHAR uni1F3E4
ENCODING 127972
SWIDTH 500 0
DWIDTH 11 0
BBX 11 22 0 -5
BITMAP
0000
0400
1B00
60C0
FFE0
8020
BFA0
B1A0
AAA0
A4A0
BFA0
8020
8020
A0A0
8020
8020
8420
8620
8A20
8A20
FFE0
0000
ENDCHAR
STARTCHAR uni1F3E5
ENCODING 127973
SWIDTH 500 0
DWIDTH 11 0
BBX 11 22 0 -5
BITMAP
0000
0000
0000
FFE0
8420
8E20
8420
8420
8020
8020
8020
8020
8020
A0A0
8020
8020
8420
8620
8A20
8A20
FFE0
0000
ENDCHAR
STARTCHAR uni1F3E6
ENCODING 127974
SWIDTH 500 0
DWIDTH 11 0
BBX 11 22 0 -5
BITMAP
0000
0400
0A00
1100
2080
4040
FFE0
FFE0
4440
4C40
5740
5440
4C40
4640
4640
4E40
4440
4040
FFE0
0000
FFE0
0000
ENDCHAR
STARTCHAR uni1F3E7
ENCODING 127975
SWIDTH 500 0
DWIDTH 11 0
BBX 11 22 0 -5
BITMAP
0000
0000
0000
0000
1380
2900
3900
2900
2900
0000
1100
1B00
1500
1500
1100
0000
0000
0000
0000
0000
0000
0000
ENDCHAR
STARTCHAR uni1F3E8
ENCODING 127976
SWIDTH 500 0
DWIDTH 11 0
BBX 11 22 0 -5
BITMAP
0000
0000
0000
FFE0
8A20
8E20
8A20
8A20
8020
8020
8020
8020
8020
A0A0
8020
8020
8420
8620
8A20
8A20
FFE0
0000
ENDCHAR
STARTCHAR uni1F3E9
ENCODING 127977
SWIDTH 500 0
DWIDTH 11 0
BBX 11 22 0 -5
BITMAP
0000
0000
0000
FFE0
9B20
BFA0
BFA0
BFA0
8E20
8420
8020
8020
8020
A0A0
8020
8020
8420
8620
8A20
8A20
FFE0
0000
ENDCHAR
STARTCHAR uni1F3EA
ENCODING 127978
SWIDTH 500 0
DWIDTH 11 0
BBX 11 22 0 -5
BITMAP
0000
0000
0000
7F80
6A80
6A40
AA40
AA40
AA40
FFC0
8040
8040
FFC0
CCC0
CCC0
CCC0
CCC0
FCC0
84C0
84C0
FFC0
0000
ENDCHAR
STARTCHAR uni1F3EB
ENCODING 127979
SWIDTH 500 0
DWIDTH 11 0
BBX 11 22 0 -5
BITMAP
0000
0400
0A00
0A00
1100
1700
1D00
1F00
F9E0
8920
8620
A260
8020
8020
8020
8020
8420
8620
8A20
8A20
FFE0
0000
ENDCHAR
STARTCHAR uni1F3EC
ENCODING 127980
SWIDTH 500 0
DWIDTH 11 0
BBX 11 22 0 -5
BITMAP
0000
7FC0
4040
4040
7FC0
FFE0
8020
FFE0
A4A0
A4A0
A4A0
A4A0
FFE0
A4A0
A4A0
A4A0
A4A0
FFE0
8420
8A20
FFE0
0000
ENDCHAR
STARTCHAR uni1F3ED
ENCODING 127981
SWIDTH 500 0
DWIDTH 11 0
BBX 11 22 0 -5
BITMAP
0000
0180
7180
5180
5180
5180
5180
5180
5180
53C0
57A0
77A0
5B20
9220
8020
8020
A4A0
8020
8020
FFE0
FFE0
0000
ENDCHAR
STARTCHAR uni1F3EE
ENCODING 127982
SWIDTH 500 0
DWIDTH 11 0
BBX 11 22 0 -5
BITMAP
0000
0000
1F00
0100
0F00
1100
2080
3F80
4040
4040
4040
7FC0
4040
4040
3F80
2080
1100
0E00
1F00
0400
0000
0000
ENDCHAR
STARTCHAR uni1F3EF
ENCODING 127983
SWIDTH 500 0
DWIDTH 11 0
BBX 11 22 0 -5
BITMAP
0000
0400
0600
0A00
0A00
1100
1500
1B00
1100
1100
2080
2080
3F80
1B00
2080
4040
4040
8020
FFE0
2A80
3F80
0000
ENDCHAR
STARTCHAR uni1F3F0
ENCODING 127984
SWIDTH 500 0
DWIDTH 11 0
BBX 11 22 0 -5
BITMAP
0000
0000
0000
0F00
0F00
0F00
0900
D9E0
D0E0
F0E0
8020
8020
A060
A060
A060
A460
8A20
8A20
8A20
8A20
FFE0
0000
ENDCHAR
STARTCHAR uni1F3F3
ENCODING 127987
SWIDTH 500 0
DWIDTH 11 0
BBX 11 22 0 -5
BITMAP
0000
0000
0000
0000
0000
4C00
73C0
6040
6040
6040
6040
6C40
7240
4180
4000
4000
4000
4000
0000
0000
0000
0000
ENDCHAR
STARTCHAR uni1F3F4
ENCODING 127988
SWIDTH 500 0
DWIDTH 11 0
BBX 11 22 0 -5
BITMAP
0000
0000
0000
0000
0000
4400
7FC0
7FC0
7FC0
7FC0
7FC0
7FC0
63C0
4100
4000
4000
4000
4000
0000
0000
0000
0000
ENDCHAR
STARTCHAR uni1F3F5
ENCODING 127989
SWIDTH 500 0
DWIDTH 11 0
BBX 11 22 0 -5
BITMAP
0000
0000
0000
0000
0000
0400
3F80
3580
EEE0
F1C0
5140
71E0
EEE0
3580
3F80
0400
0000
0000
0000
0000
0000
0000
ENDCHAR
STARTCHAR uni1F3F7
ENCODING 127991
SWIDTH 500 0
DWIDTH 11 0
BBX 11 22 0 -5
BITMAP
0000
0000
0000
0F80
0880
1080
1140
1040
2040
2080
2080
4100
4100
2200
2200
1400
1400
0800
0000
0000
0000
0000
ENDCHAR
STARTCHAR uni1F3F8
ENCODING 127992
SWIDTH 500 0
DWIDTH 11 0
BBX 11 22 0 -5
BITMAP
0000
0000
0000
0000
1C00
3600
7F00
5500
7F00
5500
3600
1C40
10C0
1140
21C0
20C0
2000
2000
0000
0000
0000
0000
ENDCHAR
STARTCHAR uni1F3F9
ENCODING 127993
SWIDTH 500 0
DWIDTH 11 0
BBX 11 22 0 -5
BITMAP
0000
0000
0000
0000
1800
1600
1200
1100
1100
5080
30C0
FFE0
3080
5080
1100
1100
1200
1600
1800
0000
0000
0000
ENDCHAR
STARTCHAR uni1F3FA
ENCODING 127994
SWIDTH 500 0
DWIDTH 11 0
BBX 11 22 0 -5
BITMAP
0000
1F00
1100
1F00
0A00
6AC0
6AC0
9120
A0A0
B0A0
B1A0
B1A0
71C0
71C0
3180
2100
1100
1100
1200
0A00
1F00
0000
ENDCHAR
STARTCHAR uni1F400
ENCODING 128000
SWIDTH 500 0
DWIDTH 11 0
BBX 11 22 0 -5
BITMAP
0000
0000
0000
0000
2000
4000
4000
8580
9B80
A180
A180
C0C0
6020
3060
3F80
3860
0000
0000
0000
0000
0000
0000
ENDCHAR
STARTCHAR uni1F401
ENCODING 128001
SWIDTH 500 0
DWIDTH 11 0
BBX 11 22 0 -5
BITMAP
0000
0000
0000
0000
0000
0180
0240
0240
4E40
9240
A3C0
A240
E220
33E0
1EC0
2040
3800
0000
0000
0000
0000
0000
ENDCHAR
STARTCHAR uni1F402
ENCODING 128002
SWIDTH 500 0
DWIDTH 11 0
BBX 11 22 0 -5
BITMAP
0000
0000
0000
0000
0140
0220
0420
05E0
02C0
1EC0
E220
8120
C1E0
C300
FF40
D140
5140
4100
0000
0000
0000
0000
ENDCHAR
STARTCHAR uni1F403
ENCODING 128003
SWIDTH 500 0
DWIDTH 11 0
BBX 11 22 0 -5
BITMAP
0000
0000
0000
0000
0440
0840
0820
0420
06E0
03C0
FF40
FFE0
83C0
BF40
FF40
D140
5140
4100
0000
0000
0000
0000
ENDCHAR
STARTCHAR uni1F404
ENCODING 128004
SWIDTH 500 0
DWIDTH 11 0
BBX 11 22 0 -5
BITMAP
0000
0000
0000
0000
0000
0000
0280
0280
01C0
01A0
FE20
B660
F7E0
C500
FF40
DD40
5140
4100
0000
0000
0000
0000
ENDCHAR
STARTCHAR uni1F405
ENCODING 128005
SWIDTH 500 0
DWIDTH 11 0
BBX 11 22 0 -5
BITMAP
0000
0000
0000
0000
4000
A000
C000
C0C0
81E0
FF60
DAA0
5BC0
4100
7F40
5140
5140
4100
0000
0000
0000
0000
0000
ENDCHAR
STARTCHAR uni1F406
ENCODING 128006
SWIDTH 500 0
DWIDTH 11 0
BBX 11 22 0 -5
BITMAP
0000
0000
0000
0000
4000
A000
C000
C0C0
81E0
FE60
E560
53C0
4100
7F40
5140
5140
4100
0000
0000
0000
0000
0000
ENDCHAR
STARTCHAR uni1F407
ENCODING 128007
SWIDTH 500 0
DWIDTH 11 0
BBX 11 22 0 -5
BITMAP
0000
0100
0100
02C0
02C0
02A0
02A0
03A0
0260
04A0
1E20
2140
2180
4080
E080
E080
E140
7D40
4240
43C0
3C00
0000
ENDCHAR
STARTCHAR uni1F408
ENCODING 128008
SWIDTH 500 0
DWIDTH 11 0
BBX 11 22 0 -5
BITMAP
0000
0000
0000
0000
0440
06C0
4340
6240
A3A0
AC60
9060
94C0
A680
A680
6700
7700
1700
0F00
0000
0000
0000
0000
ENDCHAR
STARTCHAR uni1F409
ENCODING 128009
SWIDTH 500 0
DWIDTH 11 0
BBX 11 22 0 -5
BITMAP
0000
0040
0940
0980
2DC0
3D40
3EC0
2E40
1220
12E0
5C80
BC80
A8C0
E8C0
F140
B300
6D00
5900
28C0
0880
0C00
0000
ENDCHAR
STARTCHAR uni1F40A
ENCODING 128010
SWIDTH 500 0
DWIDTH 11 0
BBX 11 22 0 -5
BITMAP
0000
0000
0000
0000
0000
0000
0000
0980
2EE0
3CE0
3CE0
3500
7700
7E00
D200
6180
0000
0000
0000
0000
0000
0000
ENDCHAR
STARTCHAR uni1F40B
ENCODING 128011
SWIDTH 500 0
DWIDTH 11 0
BBX 11 22 0 -5
BITMAP
0000
0000
0000
0000
0000
9180
F640
9440
98C0
6020
6060
E2C0
1E40
0580
0F00
0800
0000
0000
0000
0000
0000
0000
ENDCHAR
STARTCHAR uni1F40C
ENCODING 128012
SWIDTH 500 0
DWIDTH 11 0
BBX 11 22 0 -5
BITMAP
0000
0000
0000
0000
0000
0000
3C20
7B20
4B20
D520
DDC0
B5C0
A540
5A40
FE40
8080
8060
7FC0
0000
0000
0000
0000
ENDCHAR
STARTCHAR uni1F40D
ENCODING 128013
SWIDTH 500 0
DWIDTH 11 0
BBX 11 22 0 -5
BITMAP
0000
3000
4C00
3A00
0E80
1380
1440
2400
3800
6000
6000
6000
7C00
4300
4080
A480
DA80
6280
7E80
1D00
0300
0000
ENDCHAR
STARTCHAR uni1F40E
ENCODING 128014
SWIDTH 500 0
DWIDTH 11 0
BBX 11 22 0 -5
BITMAP
0000
0000
0000
0000
0280
0180
0180
0240
02C0
0660
7EC0
C500
E100
FF40
D140
D140
D140
4100
0000
0000
0000
0000
ENDCHAR
STARTCHAR uni1F40F
ENCODING 128015
SWIDTH 500 0
DWIDTH 11 0
BBX 11 22 0 -5
BITMAP
0000
0000
0000
0000
0000
0000
0180
0B40
36C0
C3C0
EA60
95C0
8DC0
F740
5B40
5140
5140
4100
0000
0000
0000
0000
ENDCHAR
STARTCHAR uni1F410
ENCODING 128016
SWIDTH 500 0
DWIDTH 11 0
BBX 11 22 0 -5
BITMAP
0000
0000
0000
0000
0200
0E00
0700
0380
8580
84C0
F980
4100
2380
7E80
5280
5280
5280
4200
0000
0000
0000
0000
ENDCHAR
STARTCHAR uni1F411
ENCODING 128017
SWIDTH 500 0
DWIDTH 11 0
BBX 11 22 0 -5
BITMAP
0000
0000
0000
0000
0000
0000
0000
0880
37E0
C3C0
E9E0
95C0
8DC0
F740
5B40
5140
5140
4100
0000
0000
0000
0000
ENDCHAR
STARTCHAR uni1F412
ENCODING 128018
SWIDTH 500 0
DWIDTH 11 0
BBX 11 22 0 -5
BITMAP
0000
0000
0100
0280
0540
0A40
0AC0
0680
2780
6580
A8C0
A8E0
F880
9480
9700
9900
9900
7080
1080
1040
1C20
0000
ENDCHAR
STARTCHAR uni1F413
ENCODING 128019
SWIDTH 500 0
DWIDTH 11 0
BBX 11 22 0 -5
BITMAP
0000
0080
0280
4380
63C0
A780
A280
E380
C4E0
C4C0
A980
7D80
3380
2280
3C80
2500
1100
1F00
1100
1100
3F80
0000
ENDCHAR
STARTCHAR uni1F414
ENCODING 128020
SWIDTH 500 0
DWIDTH 11 0
BBX 11 22 0 -5
BITMAP
0000
0000
0000
0080
0280
0380
0280
0380
84E0
84C0
C980
5D80
7380
6280
3C80
2500
1100
1F00
1100
1100
3F80
0000
ENDCHAR
STARTCHAR uni1F415
ENCODING 128021
SWIDTH 500 0
DWIDTH 11 0
BBX 11 22 0 -5
BITMAP
0000
0000
0000
0000
0000
8100
8280
87C0
86C0
7E80
4180
4100
2200
7E80
5280
5280
4200
0000
0000
0000
0000
0000
ENDCHAR
STARTCHAR uni1F416
ENCODING 128022
SWIDTH 500 0
DWIDTH 11 0
BBX 11 22 0 -5
BITMAP
0000
0000
0000
0000
0000
0000
C400
FE00
E500
C680
85C0
85C0
8540
67C0
5B80
5280
5280
4200
0000
0000
0000
0000
ENDCHAR
STARTCHAR uni1F417
ENCODING 128023
SWIDTH 500 0
DWIDTH 11 0
BBX 11 22 0 -5
BITMAP
0000
0000
0000
0000
0000
1000
1800
6E00
C780
C180
4040
40A0
40A0
2760
79E0
5140
5140
4100
0000
0000
0000
0000
ENDCHAR
STARTCHAR uni1F418
ENCODING 128024
SWIDTH 500 0
DWIDTH 11 0
BBX 11 22 0 -5
BITMAP
0000
0000
0000
0000
0000
0000
3900
27C0
44C0
44A0
C4A0
C4A0
A4E0
A3E0
7FE0
51E0
51C0
4140
0000
0000
0000
0000
ENDCHAR
STARTCHAR uni1F419
ENCODING 128025
SWIDTH 500 0
DWIDTH 11 0
BBX 11 22 0 -5
BITMAP
0000
0E00
1100
1100
2080
2080
2080
2A80
2080
2480
3B80
3580
4E40
4A40
5140
9120
9120
B1A0
5540
1500
0A00
0000
ENDCHAR
STARTCHAR uni1F41A
ENCODING 128026
SWIDTH 500 0
DWIDTH 11 0
BBX 11 22 0 -5
BITMAP
0000
0000
0000
0C00
1B00
1B00
3A80
2E80
4B80
BA40
AA40
AF40
A480
9C80
8480
4300
6400
1800
0000
0000
0000
0000
ENDCHAR
STARTCHAR uni1F41B
ENCODING 128027
SWIDTH 500 0
DWIDTH 11 0
BBX 11 22 0 -5
BITMAP
0000
0000
0000
0000
0000
0000
0100
0120
0FE0
15E0
3560
7520
AF60
AEC0
DB80
6CC0
2000
0000
0000
0000
0000
0000
ENDCHAR
STARTCHAR uni1F41C
ENCODING 128028
SWIDTH 500 0
DWIDTH 11 0
BBX 11 22 0 -5
BITMAP
0000
4040
2080
1F00
1B00
1B00
3180
DF60
0E00
0A00
0A00
0A00
3F80
C260
0600
0A00
1100
1100
3180
CA60
0400
0000
ENDCHAR
STARTCHAR uni1F41D
ENCODING 128029
SWIDTH 500 0
DWIDTH 11 0
BBX 11 22 0 -5
BITMAP
0000
2080
1F00
1F00
3F80
5F40
9F20
9120
9120
BFA0
B1A0
60C0
2080
3F80
2080
60C0
1F00
3180
4E40
0400
0400
0000
ENDCHAR
STARTCHAR uni1F41E
ENCODING 128030
SWIDTH 500 0
DWIDTH 11 0
BBX 11 22 0 -5
BITMAP
0000
0000
2080
1F00
1F00
1F00
3F80
D560
2480
5540
4440
4440
4440
D560
4440
2480
1500
2E80
C060
0000
0000
0000
ENDCHAR
STARTCHAR uni1F41F
ENCODING 128031
SWIDTH 500 0
DWIDTH 11 0
BBX 11 22 0 -5
BITMAP
0000
0000
0000
0000
0000
0800
0C00
8B00
DDC0
6220
42A0
4200
6240
D140
8F80
0600
0200
0000
0000
0000
0000
0000
ENDCHAR
STARTCHAR uni1F420
ENCODING 128032
SWIDTH 500 0
DWIDTH 11 0
BBX 11 22 0 -5
BITMAP
0000
0000
0000
0000
0000
0400
0A00
9B80
D4C0
B540
95A0
8D20
ACC0
DC80
8E80
0F00
0E00
0000
0000
0000
0000
0000
ENDCHAR
STARTCHAR uni1F421
ENCODING 128033
SWIDTH 500 0
DWIDTH 11 0
BBX 11 22 0 -5
BITMAP
0000
0000
0000
0000
0000
0400
0E00
3140
A480
D140
C060
B0A0
E240
A080
3540
0E00
0400
0000
0000
0000
0000
0000
ENDCHAR
STARTCHAR uni1F422
ENCODING 128034
SWIDTH 500 0
DWIDTH 11 0
BBX 11 22 0 -5
BITMAP
0000
0000
0000
0000
0000
0400
1E00
2600
3DC0
5360
5520
7DC0
FF00
FF00
6180
0100
0000
0000
0000
0000
0000
0000
ENDCHAR
STARTCHAR uni1F423
ENCODING 128035
SWIDTH 500 0
DWIDTH 11 0
BBX 11 22 0 -5
BITMAP
0000
0400
0600
0E00
1100
1100
2080
3180
2080
2E80
64C0
74C0
93E0
EDC0
A920
8020
60C0
50C0
40C0
2080
1F80
0000
ENDCHAR
STARTCHAR uni1F424
ENCODING 128036
SWIDTH 500 0
DWIDTH 11 0
BBX 11 22 0 -5
BITMAP
0000
0000
0000
0000
0700
0500
0880
0980
08E0
0880
8880
D900
A300
7500
6900
6100
1A00
1700
1100
1100
3F80
0000
ENDCHAR
STARTCHAR uni1F425
ENCODING 128037
SWIDTH 500 0
DWIDTH 11 0
BBX 11 22 0 -5
BITMAP
0000
0400
0600
0E00
1100
1100
2080
3180
2080
2E80
64C0
6EC0
91E0
2080
2080
2080
1100
1F00
1100
1100
3F80
0000
ENDCHAR
STARTCHAR uni1F426
ENCODING 128038
SWIDTH 500 0
DWIDTH 11 0
BBX 11 22 0 -5
BITMAP
0000
0000
0000
0000
0100
0280
0280
04C0
0440
1820
70C0
6C80
5500
BB00
E700
9B00
1700
1100
1100
1100
3F80
0000
ENDCHAR
STARTCHAR uni1F427
ENCODING 128039
SWIDTH 500 0
DWIDTH 11 0
BBX 11 22 0 -5
BITMAP
0000
0000
0E00
0F00
1F80
1580
3F80
3180
3F80
7BC0
71C0
60C0
60C0
E0E0
A0E0
2080
2080
3180
3B80
2E80
3B80
0000
ENDCHAR
STARTCHAR uni1F428
ENCODING 128040
SWIDTH 500 0
DWIDTH 11 0
BBX 11 22 0 -5
BITMAP
0000
0000
0000
0000
0000
2080
1100
9F40
9140
9140
64C0
3F80
2E80
2E80
2480
1F00
1100
0E00
0000
0000
0000
0000
ENDCHAR
STARTCHAR uni1F429
ENCODING 128041
SWIDTH 500 0
DWIDTH 11 0
BBX 11 22 0 -5
BITMAP
0000
0000
0000
0000
4000
E300
E480
C5C0
84C0
7F80
4980
4900
4900
7E80
7680
7680
6600
0000
0000
0000
0000
0000
ENDCHAR
STARTCHAR uni1F42A
ENCODING 128042
SWIDTH 500 0
DWIDTH 11 0
BBX 11 22 0 -5
BITMAP
0000
0000
0080
00C0
00A0
0160
19E0
2980
2680
2680
6680
8080
8080
C100
C100
FF40
D140
5140
5140
5140
4100
0000
ENDCHAR
STARTCHAR uni1F42B
ENCODING 128043
SWIDTH 500 0
DWIDTH 11 0
BBX 11 22 0 -5
BITMAP
0000
0000
0080
00C0
00A0
0160
01E0
3D80
3E80
4A80
4A80
4080
8080
C100
C100
FF40
D140
5140
5140
5140
4100
0000
ENDCHAR
STARTCHAR uni1F42C
ENCODING 128044
SWIDTH 500 0
DWIDTH 11 0
BBX 11 22 0 -5
BITMAP
0000
0000
0000
0800
0C00
0F00
0A80
0C80
1080
2640
2B40
52E0
5320
A300
E200
6000
6000
E000
8000
0000
0000
0000
ENDCHAR
STARTCHAR uni1F42D
ENCODING 128045
SWIDTH 500 0
DWIDTH 11 0
BBX 11 22 0 -5
BITMAP
0000
0000
0000
0000
2080
71C0
DB60
DB60
BFA0
5140
2080
3180
4080
E0E0
3580
1F00
0E00
0400
0000
0000
0000
0000
ENDCHAR
STARTCHAR uni1F42E
ENCODING 128046
SWIDTH 500 0
DWIDTH 11 0
BBX 11 22 0 -5
BITMAP
0000
0000
0000
0000
8040
8040
8C40
7B80
BA40
7980
2B00
3100
3F00
6180
9240
8040
6180
1E00
0000
0000
0000
0000
ENDCHAR
STARTCHAR uni1F42F
ENCODING 128047
SWIDTH 500 0
DWIDTH 11 0
BBX 11 22 0 -5
BITMAP
0000
0000
0000
0000
60C0
9120
9F20
B5A0
4E40
4E40
9120
8060
EEA0
B5A0
5F40
5F40
2E80
1F00
0000
0000
0000
0000
ENDCHAR
STARTCHAR uni1F430
ENCODING 128048
SWIDTH 500 0
DWIDTH 11 0
BBX 11 22 0 -5
BITMAP
0000
0000
3100
3100
5B80
5B80
5B80
5B80
5B80
5F80
6080
4040
8020
9120
8E20
8420
FFE0
4440
2080
1F00
0000
0000
ENDCHAR
STARTCHAR uni1F431
ENCODING 128049
SWIDTH 500 0
DWIDTH 11 0
BBX 11 22 0 -5
BITMAP
0000
0000
0000
0000
8020
ECE0
D360
60C0
4040
4040
71C0
8020
CE60
75A0
EEE0
2440
1980
0600
0000
0000
0000
0000
ENDCHAR
STARTCHAR uni1F432
ENCODING 128050
SWIDTH 500 0
DWIDTH 11 0
BBX 11 22 0 -5
BITMAP
0000
0000
0800
4A00
7600
55C0
4540
5080
4C80
4880
6880
D040
C040
4020
40A0
3020
F3E0
36A0
0EC0
01C0
0040
0000
ENDCHAR
STARTCHAR uni1F433
ENCODING 128051
SWIDTH 500 0
DWIDTH 11 0
BBX 11 22 0 -5
BITMAP
0000
0480
0AC0
0940
0100
0100
0100
0380
2240
E440
A460
E420
E820
7860
7420
0F40
06C0
0700
0400
0400
0000
0000
ENDCHAR
STARTCHAR uni1F434
ENCODING 128052
SWIDTH 500 0
DWIDTH 11 0
BBX 11 22 0 -5
BITMAP
0000
0000
0800
2800
3400
5400
7300
7100
6500
6100
6480
2880
6840
E440
E4A0
4EC0
4B40
7180
D000
F000
0000
0000
ENDCHAR
STARTCHAR uni1F435
ENCODING 128053
SWIDTH 500 0
DWIDTH 11 0
BBX 11 22 0 -5
BITMAP
0000
0000
0000
0000
0E00
1F00
3F80
3F80
64C0
E0E0
E9E0
E0E0
EEE0
6040
31C0
2E80
1980
0E00
0000
0000
0000
0000
ENDCHAR
STARTCHAR uni1F436
ENCODING 128054
SWIDTH 500 0
DWIDTH 11 0
BBX 11 22 0 -5
BITMAP
0000
0000
0000
0000
0000
2EC0
71C0
F1A0
A0A0
A0A0
AAA0
A0A0
AFE0
74C0
34C0
1E80
1F00
0E00
0000
0000
0000
0000
ENDCHAR
STARTCHAR uni1F437
ENCODING 128055
SWIDTH 500 0
DWIDTH 11 0
BBX 11 22 0 -5
BITMAP
0000
0000
0000
0000
C0E0
F360
ACC0
4040
4040
5140
8020
8020
8E20
BBC0
60C0
71C0
2F80
1E00
0000
0000
0000
0000
ENDCHAR
STARTCHAR uni1F438
ENCODING 128056
SWIDTH 500 0
DWIDTH 11 0
BBX 11 22 0 -5
BITMAP
0000
0000
0000
0000
0000
3180
4A40
6AC0
4E40
4A40
7BC0
A060
A060
BFA0
4040
2080
1F00
0000
0000
0000
0000
0000
ENDCHAR
STARTCHAR uni1F439
ENCODING 128057
SWIDTH 500 0
DWIDTH 11 0
BBX 11 22 0 -5
BITMAP
0000
0000
0000
0000
30C0
4920
5F20
60A0
20C0
4040
5140
E0E0
E4E0
A4A0
7FC0
7FC0
2E80
1F00
0000
0000
0000
0000
ENDCHAR
STARTCHAR uni1F43A
ENCODING 128058
SWIDTH 500 0
DWIDTH 11 0
BBX 11 22 0 -5
BITMAP
0000
0000
0000
0000
4040
71C0
4E40
8040
8040
9140
4040
4440
6AC0
3F40
3580
1A80
0F00
0400
0000
0000
0000
0000
ENDCHAR
STARTCHAR uni1F43B
ENCODING 128059
SWIDTH 500 0
DWIDTH 11 0
BBX 11 22 0 -5
BITMAP
0000
0000
0000
0000
60C0
F1E0
FFE0
E0E0
4040
4040
9120
8020
8E20
9520
5F40
5F40
2E80
1F00
0000
0000
0000
0000
ENDCHAR
STARTCHAR uni1F43C
ENCODING 128060
SWIDTH 500 0
DWIDTH 11 0
BBX 11 22 0 -5
BITMAP
0000
0000
0000
0000
60C0
F1E0
FFE0
E0E0
4040
5140
AAA0
BBA0
9F20
9520
5F40
5F40
2E80
1F00
0000
0000
0000
0000
ENDCHAR
STARTCHAR uni1F43D
ENCODING 128061
SWIDTH 500 0
DWIDTH 11 0
BBX 11 22 0 -5
BITMAP
0000
0000
0000
0000
0000
0000
0000
0000
1E00
7380
9240
9240
6180
1E00
0000
0000
0000
0000
0000
0000
0000
0000
ENDCHAR
STARTCHAR uni1F43E
ENCODING 128062
SWIDTH 500 0
DWIDTH 11 0
BBX 11 22 0 -5
BITMAP
0000
0000
0140
0000
02A0
01C0
01C0
01C0
01C0
0140
0100
0000
0000
5000
8800
7000
7000
7000
7000
7000
5000
0000
ENDCHAR
STARTCHAR uni1F43F
ENCODING 128063
SWIDTH 500 0
DWIDTH 11 0
BBX 11 22 0 -5
BITMAP
0000
1000
3000
7800
7E00
7E00
FF00
FE80
E4C0
E4C0
E4E0
EAC0
FBC0
F900
F9E0
79E0
39E0
3540
1500
0E00
0580
0000
ENDCHAR
STARTCHAR uni1F440
ENCODING 128064
SWIDTH 500 0
DWIDTH 11 0
BBX 11 22 0 -5
BITMAP
0000
0000
0000
0000
0000
0000
0000
2080
5140
AAA0
AAA0
AAA0
5140
2080
0000
0000
0000
0000
0000
0000
0000
0000
ENDCHAR
STARTCHAR uni1F441
ENCODING 128065
SWIDTH 500 0
DWIDTH 11 0
BBX 11 22 0 -5
BITMAP
0000
0000
0000
0000
0000
0000
0000
1C00
2B00
4880
8840
4880
3900
0E00
0000
0000
0000
0000
0000
0000
0000
0000
ENDCHAR
STARTCHAR uni1F442
ENCODING 128066
SWIDTH 500 0
DWIDTH 11 0
BBX 11 22 0 -5
BITMAP
0000
1E00
2100
4080
4E40
4A40
9140
8140
8140
4140
4640
4840
2880
2900
4900
4100
4100
2100
3200
0E00
0000
0000
ENDCHAR
STARTCHAR uni1F443
ENCODING 128067
SWIDTH 500 0
DWIDTH 11 0
BBX 11 22 0 -5
BITMAP
0000
0000
0A00
0A00
0A00
0A00
0A00
0A00
0A00
1200
1100
2100
2080
4840
8820
A6A0
F5E0
60A0
71C0
0A00
0400
0000
ENDCHAR
STARTCHAR uni1F444
ENCODING 128068
SWIDTH 500 0
DWIDTH 11 0
BBX 11 22 0 -5
BITMAP
0000
0000
0000
0000
0000
0000
0000
1A00
2500
4080
FFC0
5180
3F00
0E00
0000
0000
0000
0000
0000
0000
0000
0000
ENDCHAR
STARTCHAR uni1F445
ENCODING 128069
SWIDTH 500 0
DWIDTH 11 0
BBX 11 22 0 -5
BITMAP
0000
0000
0000
1F00
3F80
7FC0
F5E0
E4E0
64C0
2480
2480
4480
4480
4480
4480
4480
4080
2080
2080
1100
0E00
0000
ENDCHAR
STARTCHAR uni1F446
ENCODING 128070
SWIDTH 500 0
DWIDTH 11 0
BBX 11 22 0 -5
BITMAP
0000
1800
2400
3C00
2400
2400
2400
2400
2400
2600
2580
4540
4540
4340
4380
6380
1080
1080
1080
1080
1F80
0000
ENDCHAR
STARTCHAR uni1F447
ENCODING 128071
SWIDTH 500 0
DWIDTH 11 0
BBX 11 22 0 -5
BITMAP
0000
1F80
1080
1080
1080
1080
6380
4380
4340
4540
4540
2580
2600
2400
2400
2400
2400
2400
3C00
2400
1800
0000
ENDCHAR
STARTCHAR uni1F448
ENCODING 128072
SWIDTH 500 0
DWIDTH 11 0
BBX 11 22 0 -5
BITMAP
0000
0000
0000
0000
0000
0000
0000
0000
FE00
E1C0
1F40
0E40
09C0
0F00
0700
0000
0000
0000
0000
0000
0000
0000
ENDCHAR
STARTCHAR uni1F449
ENCODING 128073
SWIDTH 500 0
DWIDTH 11 0
BBX 11 22 0 -5
BITMAP
0000
0000
0000
0000
0000
0000
0000
0000
1FC0
E1C0
BE00
9C00
E400
3C00
3800
0000
0000
0000
0000
0000
0000
0000
ENDCHAR
STARTCHAR uni1F44A
ENCODING 128074
SWIDTH 500 0
DWIDTH 11 0
BBX 11 22 0 -5
BITMAP
0000
0000
0000
0000
0000
0900
4EE0
7520
9520
9520
9520
F020
4FE0
29C0
3680
2080
3F80
0000
0000
0000
0000
0000
ENDCHAR
STARTCHAR uni1F44B
ENCODING 128075
SWIDTH 500 0
DWIDTH 11 0
BBX 11 22 0 -5
BITMAP
0000
0600
8E00
4F00
7F00
AFC0
AFC0
2FC0
2F40
EF40
AF40
A040
8040
4060
40A0
20C0
20C0
20A0
20A0
3F80
0000
0000
ENDCHAR
STARTCHAR uni1F44C
ENCODING 128076
SWIDTH 500 0
DWIDTH 11 0
BBX 11 22 0 -5
BITMAP
0000
0200
0600
0780
0780
0680
0680
0EC0
0FC0
6D40
9D40
9980
9080
9080
6E80
0080
0100
2100
2100
2200
3E00
0000
ENDCHAR
STARTCHAR uni1F44D
ENCODING 128077
SWIDTH 500 0
DWIDTH 11 0
BBX 11 22 0 -5
BITMAP
0000
0E00
0900
0900
0900
0900
0A00
1200
13C0
E020
A020
A040
A3E0
A020
A020
A7E0
A040
A040
BF80
A000
E000
0000
ENDCHAR
STARTCHAR uni1F44E
ENCODING 128078
SWIDTH 500 0
DWIDTH 11 0
BBX 11 22 0 -5
BITMAP
0000
E000
A000
BF80
A040
A040
A7E0
A020
A020
A3E0
A040
A020
E020
13C0
1200
0A00
0900
0900
0900
0900
0E00
0000
ENDCHAR
STARTCHAR uni1F44F
ENCODING 128079
SWIDTH 500 0
DWIDTH 11 0
BBX 11 22 0 -5
BITMAP
0000
0040
0040
8120
4DA0
4EA0
1E80
1D00
2B00
2A00
4500
4500
4480
4480
8680
8A40
8940
9120
5120
60C0
2080
0000
ENDCHAR
STARTCHAR uni1F450
ENCODING 128080
SWIDTH 500 0
DWIDTH 11 0
BBX 11 22 0 -5
BITMAP
0000
0000
0000
0000
2080
5140
79C0
79C0
75A0
F7A0
F7A0
F7A0
8E60
B6A0
4520
4940
4940
4940
4940
4940
79C0
0000
ENDCHAR
STARTCHAR uni1F451
ENCODING 128081
SWIDTH 500 0
DWIDTH 11 0
BBX 11 22 0 -5
BITMAP
0000
0000
0000
0400
0400
0A00
4A40
6A40
6AC0
51C0
5140
4080
2080
3F80
2080
2080
3F80
0000
0000
0000
0000
0000
ENDCHAR
STARTCHAR uni1F452
ENCODING 128082
SWIDTH 500 0
DWIDTH 11 0
BBX 11 22 0 -5
BITMAP
0000
0000
0000
0000
0000
0000
1F00
1100
1100
1100
1100
1F00
2080
4040
4080
3F80
0000
0000
0000
0000
0000
0000
ENDCHAR
STARTCHAR uni1F453
ENCODING 128083
SWIDTH 500 0
DWIDTH 11 0
BBX 11 22 0 -5
BITMAP
0000
0000
0000
0000
0000
0000
2080
2080
4040
71C0
4E40
4A40
4A40
3180
0000
0000
0000
0000
0000
0000
0000
0000
ENDCHAR
STARTCHAR uni1F454
ENCODING 128084
SWIDTH 500 0
DWIDTH 11 0
BBX 11 22 0 -5
BITMAP
0000
0000
0000
1100
0A00
0A00
0E00
0E00
1F00
0E00
0E00
0E00
0600
0A00
1D00
1E00
1F00
1F00
0E00
0400
0000
0000
ENDCHAR
STARTCHAR uni1F455
ENCODING 128085
SWIDTH 500 0
DWIDTH 11 0
BBX 11 22 0 -5
BITMAP
0000
0000
0000
0000
0E00
1B00
2E80
2080
4040
3180
1100
1100
1100
1100
1100
1100
1100
1F00
0000
0000
0000
0000
ENDCHAR
STARTCHAR uni1F456
ENCODING 128086
SWIDTH 500 0
DWIDTH 11 0
BBX 11 22 0 -5
BITMAP
0000
0000
0000
3F80
2080
2080
3F80
3580
3580
3580
2080
2480
2480
2480
2480
2C80
2A80
2A80
2A80
3B80
0000
0000
ENDCHAR
STARTCHAR uni1F457
ENCODING 128087
SWIDTH 500 0
DWIDTH 11 0
BBX 11 22 0 -5
BITMAP
0000
0000
0000
1B00
1B00
1500
1500
1100
1100
0A00
0A00
1F00
1100
1100
2100
2080
2080
4040
7FC0
0000
0000
0000
ENDCHAR
STARTCHAR uni1F458
ENCODING 128088
SWIDTH 500 0
DWIDTH 11 0
BBX 11 22 0 -5
BITMAP
0000
0000
0000
0000
1100
1B00
2A80
2480
2480
5340
7340
1F80
1100
1F00
2080
2080
2080
2080
3F80
0000
0000
0000
ENDCHAR
STARTCHAR uni1F459
ENCODING 128089
SWIDTH 500 0
DWIDTH 11 0
BBX 11 22 0 -5
BITMAP
0000
0000
0000
2080
2080
1080
1100
1100
2480
2680
7BC0
0000
0000
3F80
2080
1100
1100
0A00
0E00
0000
0000
0000
ENDCHAR
STARTCHAR uni1F45A
ENCODING 128090
SWIDTH 500 0
DWIDTH 11 0
BBX 11 22 0 -5
BITMAP
0000
0000
0000
0000
0A00
1B00
1500
2480
2480
3580
5540
75C0
1500
1500
1500
1500
1100
1F00
0000
0000
0000
0000
ENDCHAR
STARTCHAR uni1F45B
ENCODING 128091
SWIDTH 500 0
DWIDTH 11 0
BBX 11 22 0 -5
BITMAP
0000
0000
0000
0000
0000
0A00
0400
0A00
1F00
1100
2080
2080
2080
4040
4040
2080
2080
1F00
0000
0000
0000
0000
ENDCHAR
STARTCHAR uni1F45C
ENCODING 128092
SWIDTH 500 0
DWIDTH 11 0
BBX 11 22 0 -5
BITMAP
0000
0000
0000
0000
1F00
1100
1100
1100
1F00
1100
1F00
2080
2080
2080
2080
4040
4040
7FC0
0000
0000
0000
0000
ENDCHAR
STARTCHAR uni1F45D
ENCODING 128093
SWIDTH 500 0
DWIDTH 11 0
BBX 11 22 0 -5
BITMAP
0000
0000
0000
0000
0000
0000
0000
0000
0000
7FC0
60C0
5140
4A40
4440
4040
4040
7FC0
0000
0000
0000
0000
0000
ENDCHAR
STARTCHAR uni1F45E
ENCODING 128094
SWIDTH 500 0
DWIDTH 11 0
BBX 11 22 0 -5
BITMAP
0000
0000
0000
0000
0000
0000
0000
0000
0000
0000
0000
7000
5800
5700
4080
4040
7FC0
4040
7FC0
0000
0000
0000
ENDCHAR
STARTCHAR uni1F45F
ENCODING 128095
SWIDTH 500 0
DWIDTH 11 0
BBX 11 22 0 -5
BITMAP
0000
0000
0000
0000
0000
0000
0000
0000
0000
0000
0000
7000
4800
5700
5F80
4540
7FC0
4040
7FC0
0000
0000
0000
ENDCHAR
STARTCHAR uni1F460
ENCODING 128096
SWIDTH 500 0
DWIDTH 11 0
BBX 11 22 0 -5
BITMAP
0000
0000
0000
0000
0000
0000
0000
0000
4000
6000
6000
5300
4C80
5080
3840
3840
37C0
3000
3000
3000
0000
0000
ENDCHAR
STARTCHAR uni1F461
ENCODING 128097
SWIDTH 500 0
DWIDTH 11 0
BBX 11 22 0 -5
BITMAP
0000
0000
0000
0000
0000
0000
0000
0000
0000
2000
2000
3100
2900
3500
7600
4FC0
4040
3FC0
0000
0000
0000
0000
ENDCHAR
STARTCHAR uni1F462
ENCODING 128098
SWIDTH 500 0
DWIDTH 11 0
BBX 11 22 0 -5
BITMAP
0000
0000
0000
0000
3C00
2400
3C00
2400
2400
2400
2400
2400
4300
4080
4040
4040
4040
7FC0
2000
2000
0000
0000
ENDCHAR
STARTCHAR uni1F463
ENCODING 128099
SWIDTH 500 0
DWIDTH 11 0
BBX 11 22 0 -5
BITMAP
0000
0300
0040
0180
03E0
03C0
03C0
C3C0
11C0
61C0
F9C0
F1C0
F080
F080
F000
7000
7000
7000
7000
2000
2000
0000
ENDCHAR
STARTCHAR uni1F464
ENCODING 128100
SWIDTH 500 0
DWIDTH 11 0
BBX 11 22 0 -5
BITMAP
0000
0000
0800
1C00
3E00
3E00
3E00
1C00
1C00
1C00
1C00
3E00
7F80
7F80
7F80
FFC0
FFC0
FFC0
FFC0
FFC0
FFC0
0000
ENDCHAR
STARTCHAR uni1F465
ENCODING 128101
SWIDTH 500 0
DWIDTH 11 0
BBX 11 22 0 -5
BITMAP
0000
0600
0F00
0F00
0F00
1F00
3F00
3E00
3E00
3E00
1F00
1F80
1F80
3BC0
7FC0
7DC0
FFC0
FFC0
FFC0
FFC0
FE00
0000
ENDCHAR
STARTCHAR uni1F466
ENCODING 128102
SWIDTH 500 0
DWIDTH 11 0
BBX 11 22 0 -5
BITMAP
0000
0000
0000
0400
0C00
3F80
3F80
2480
5140
4040
4040
2080
3380
0E00
0A00
1B00
3D80
4040
4040
8020
FFE0
0000
ENDCHAR
STARTCHAR uni1F467
ENCODING 128103
SWIDTH 500 0
DWIDTH 11 0
BBX 11 22 0 -5
BITMAP
0000
0000
0000
0000
0000
3F80
3F80
2480
D160
C060
C060
A0A0
B3A0
4E40
4A40
5B40
3D80
4040
4040
8020
FFE0
0000
ENDCHAR
STARTCHAR uni1F468
ENCODING 128104
SWIDTH 500 0
DWIDTH 11 0
BBX 11 22 0 -5
BITMAP
0000
0000
0000
0000
0000
3F80
3F80
2480
5140
4040
4040
2080
3380
0E00
0E00
0000
1500
7FC0
7FC0
FFE0
FFE0
0000
ENDCHAR
STARTCHAR uni1F469
ENCODING 128105
SWIDTH 500 0
DWIDTH 11 0
BBX 11 22 0 -5
BITMAP
0000
0000
0000
0000
0000
3F80
7FC0
64C0
5140
C060
C060
E0E0
F3E0
FFE0
FBE0
FBE0
BDA0
4040
4040
8020
FFE0
0000
ENDCHAR
STARTCHAR uni1F46A
ENCODING 128106
SWIDTH 500 0
DWIDTH 11 0
BBX 11 22 0 -5
BITMAP
0000
0000
4080
E1C0
4080
4080
6180
F3C0
FFC0
FFC0
F7C0
EBC0
EBC0
F7C0
EBC0
DDC0
DDC0
DDC0
DDC0
DDC0
0000
0000
ENDCHAR
STARTCHAR uni1F46B
ENCODING 128107
SWIDTH 500 0
DWIDTH 11 0
BBX 11 22 0 -5
BITMAP
0000
0000
6180
7180
5000
5000
7080
7080
70C0
71C0
F1A0
FAA0
FEA0
F880
F880
F880
2080
5140
5140
5140
5140
0000
ENDCHAR
STARTCHAR uni1F46C
ENCODING 128108
SWIDTH 500 0
DWIDTH 11 0
BBX 11 22 0 -5
BITMAP
0000
0000
6180
6180
0000
0000
2080
2080
60C0
71C0
B1A0
AAA0
AEA0
2080
2080
2080
2080
5140
5140
5140
5140
0000
ENDCHAR
STARTCHAR uni1F46D
ENCODING 128109
SWIDTH 500 0
DWIDTH 11 0
BBX 11 22 0 -5
BITMAP
0000
0000
6180
71C0
5140
5140
7180
7180
71C0
71C0
F1E0
FBE0
FFE0
FBE0
FBE0
FBE0
2080
5140
5140
5140
5140
0000
ENDCHAR
STARTCHAR uni1F46E
ENCODING 128110
SWIDTH 500 0
DWIDTH 11 0
BBX 11 22 0 -5
BITMAP
1F80
3FC0
FBE0
7FE0
7FC0
3FC0
7FC0
3F80
2480
5140
4040
4040
2080
3380
0E00
0E00
0000
1500
7FC0
7FC0
FFE0
0000
ENDCHAR
STARTCHAR uni1F46F
ENCODING 128111
SWIDTH 500 0
DWIDTH 11 0
BBX 11 22 0 -5
BITMAP
0000
5280
5280
3300
7300
6300
0000
0000
2100
2100
7380
B340
AD40
2100
7380
2100
2100
5280
5280
5280
5280
0000
ENDCHAR
STARTCHAR uni1F470
ENCODING 128112
SWIDTH 500 0
DWIDTH 11 0
BBX 11 22 0 -5
BITMAP
0000
0000
0000
0000
0000
7FC0
7FC0
A4A0
D160
C060
C060
A0A0
B3A0
8E20
8A20
9B20
BDA0
C060
CE60
B1A0
FFE0
0000
ENDCHAR
STARTCHAR uni1F471
ENCODING 128113
SWIDTH 500 0
DWIDTH 11 0
BBX 11 22 0 -5
BITMAP
0000
0000
0000
0000
0400
1F00
3180
3180
5140
4040
4040
2080
3380
0E00
0A00
1B00
3D80
4040
4040
8020
FFE0
0000
ENDCHAR
STARTCHAR uni1F472
ENCODING 128114
SWIDTH 500 0
DWIDTH 11 0
BBX 11 22 0 -5
BITMAP
0E00
3580
2480
4440
4440
8420
BFA0
FFE0
2480
5140
4040
4040
2080
3380
0E00
0A00
1B00
3D80
4040
8040
FFE0
0000
ENDCHAR
STARTCHAR uni1F473
ENCODING 128115
SWIDTH 500 0
DWIDTH 11 0
BBX 11 22 0 -5
BITMAP
1F00
2080
4340
8DA0
BE20
5F40
3F80
3F80
2480
5140
4040
4040
2080
3380
0E00
0A00
1B00
3D80
4040
8040
FFE0
0000
ENDCHAR
STARTCHAR uni1F474
ENCODING 128116
SWIDTH 500 0
DWIDTH 11 0
BBX 11 22 0 -5
BITMAP
0000
0000
0000
0000
0000
0E00
71C0
60C0
5140
71C0
4040
2080
3380
0E00
0E00
0000
1500
7FC0
7FC0
FFE0
FFE0
0000
ENDCHAR
STARTCHAR uni1F475
ENCODING 128117
SWIDTH 500 0
DWIDTH 11 0
BBX 11 22 0 -5
BITMAP
0000
0000
0000
0040
00E0
3FE0
3FC0
3F80
6EC0
7BC0
4040
2080
3380
0E00
0A00
0A00
7180
CE60
4040
8020
FFE0
0000
ENDCHAR
STARTCHAR uni1F476
ENCODING 128118
SWIDTH 500 0
DWIDTH 11 0
BBX 11 22 0 -5
BITMAP
0000
0000
0000
0400
0A00
0E00
3180
2080
5140
4040
4040
2080
3F80
0E00
0A00
1F00
3D80
41C0
5E40
E020
FFE0
0000
ENDCHAR
STARTCHAR uni1F477
ENCODING 128119
SWIDTH 500 0
DWIDTH 11 0
BBX 11 22 0 -5
BITMAP
0000
3F00
44C0
4440
4440
FFE0
3F80
3F80
2480
5140
4040
4040
2080
3380
0E00
0A00
0A00
3180
FFE0
A0C0
FFE0
0000
ENDCHAR
STARTCHAR uni1F478
ENCODING 128120
SWIDTH 500 0
DWIDTH 11 0
BBX 11 22 0 -5
BITMAP
0400
8A20
C960
D160
A0C0
7FC0
4040
7FC0
64C0
5140
C060
C060
E0E0
F3E0
FFE0
FBE0
FBE0
BDA0
4040
8040
FFE0
0000
ENDCHAR
STARTCHAR uni1F479
ENCODING 128121
SWIDTH 500 0
DWIDTH 11 0
BBX 11 22 0 -5
BITMAP
0000
0000
0000
0000
4040
60C0
A0A0
9F20
C060
B1A0
8E20
4E40
4E40
4440
66C0
7680
3F80
2F80
1F00
0000
0000
0000
ENDCHAR
STARTCHAR uni1F47A
ENCODING 128122
SWIDTH 500 0
DWIDTH 11 0
BBX 11 22 0 -5
BITMAP
0000
0000
0000
0000
3F00
2080
4080
6140
5A40
4880
8880
8880
8FE0
40C0
7F80
5F00
2100
3A00
0600
0000
0000
0000
ENDCHAR
STARTCHAR uni1F47B
ENCODING 128123
SWIDTH 500 0
DWIDTH 11 0
BBX 11 22 0 -5
BITMAP
0000
0000
0000
0000
0E00
1100
2080
2080
3B80
3B80
2080
4440
CE40
2EC0
2480
2080
2B80
3C80
0400
0000
0000
0000
ENDCHAR
STARTCHAR uni1F47C
ENCODING 128124
SWIDTH 500 0
DWIDTH 11 0
BBX 11 22 0 -5
BITMAP
1F00
60C0
60C0
1F00
0A00
0E00
71C0
60C0
D160
C060
C060
60C0
73C0
4E40
8A20
9B20
7DC0
4040
4040
8020
FFE0
0000
ENDCHAR
STARTCHAR uni1F47D
ENCODING 128125
SWIDTH 500 0
DWIDTH 11 0
BBX 11 22 0 -5
BITMAP
0000
0000
0000
0000
3F80
2040
4040
60A0
B1A0
BBA0
BBC0
7BC0
4040
2080
2100
1F00
0A00
0C00
0400
0000
0000
0000
ENDCHAR
STARTCHAR uni1F47E
ENCODING 128126
SWIDTH 500 0
DWIDTH 11 0
BBX 11 22 0 -5
BITMAP
0000
0000
0000
0000
2080
2080
1100
3F80
3F80
C460
C460
FFE0
FFE0
EEE0
EEE0
0E00
1100
1100
60C0
0000
0000
0000
ENDCHAR
STARTCHAR uni1F47F
ENCODING 128127
SWIDTH 500 0
DWIDTH 11 0
BBX 11 22 0 -5
BITMAP
0000
0000
0000
8020
CE60
F1E0
E0E0
DB60
9120
9120
8020
8020
9F20
A0A0
4040
4040
3180
0E00
0000
0000
0000
0000
ENDCHAR
STARTCHAR uni1F480
ENCODING 128128
SWIDTH 500 0
DWIDTH 11 0
BBX 11 22 0 -5
BITMAP
0000
0000
0000
0000
3F80
4040
4040
8020
9120
BBA0
BBA0
9520
8420
4E40
2080
3F80
2A80
3F80
0A00
0000
0000
0000
ENDCHAR
STARTCHAR uni1F481
ENCODING 128129
SWIDTH 500 0
DWIDTH 11 0
BBX 11 22 0 -5
BITMAP
0000
0000
0000
0000
0000
0400
0E00
04E0
00E0
1F80
1F80
1580
3580
B580
5500
2480
2480
2480
2080
2080
3F80
0000
ENDCHAR
STARTCHAR uni1F482
ENCODING 128130
SWIDTH 500 0
DWIDTH 11 0
BBX 11 22 0 -5
BITMAP
0E00
3F80
3980
67C0
7FC0
7FC0
7FC0
7FC0
7FC0
2480
5140
4040
4040
2080
3380
0E00
0E00
0000
1500
7FC0
FFE0
0000
ENDCHAR
STARTCHAR uni1F483
ENCODING 128131
SWIDTH 500 0
DWIDTH 11 0
BBX 11 22 0 -5
BITMAP
0000
0000
2C00
2E00
2C00
3800
3000
0E20
0E40
0F80
1E00
1E00
1F00
1F00
3F00
3F00
1200
2200
E200
0100
0180
0000
ENDCHAR
STARTCHAR uni1F484
ENCODING 128132
SWIDTH 500 0
DWIDTH 11 0
BBX 11 22 0 -5
BITMAP
0000
0000
0300
0500
0900
1100
1100
1100
1100
1100
1100
1F00
1100
1100
1F00
1100
1100
1100
1F00
0000
0000
0000
ENDCHAR
STARTCHAR uni1F485
ENCODING 128133
SWIDTH 500 0
DWIDTH 11 0
BBX 11 22 0 -5
BITMAP
0060
0060
0060
0060
0060
0080
0100
3100
7A00
CC00
FC00
CC00
B400
8400
8400
8400
8400
8400
8400
8400
FC00
0000
ENDCHAR
STARTCHAR uni1F486
ENCODING 128134
SWIDTH 500 0
DWIDTH 11 0
BBX 11 22 0 -5
BITMAP
8020
8020
8020
8020
C060
F1E0
BFA0
BFA0
E4E0
D160
60C0
4040
20C0
33C0
0E00
0A00
1B00
3D80
4040
8040
FFE0
0000
ENDCHAR
STARTCHAR uni1F487
ENCODING 128135
SWIDTH 500 0
DWIDTH 11 0
BBX 11 22 0 -5
BITMAP
4060
A180
5E00
FE00
E580
0C60
3F80
3F80
2480
5140
4040
4040
2080
3380
0E00
0A00
1B00
3D80
4040
8040
FFE0
0000
ENDCHAR
STARTCHAR uni1F488
ENCODING 128136
SWIDTH 500 0
DWIDTH 11 0
BBX 11 22 0 -5
BITMAP
0000
1F00
2080
2080
3F80
2980
3280
2480
2980
3280
2480
2980
3280
2480
2980
3280
2480
2980
3F80
2080
1F00
0000
ENDCHAR
STARTCHAR uni1F489
ENCODING 128137
SWIDTH 500 0
DWIDTH 11 0
BBX 11 22 0 -5
BITMAP
0000
0000
0400
0400
0400
3F80
1100
1100
1D00
1100
1100
1D00
1100
1F00
0400
0400
0400
0400
0400
0400
0000
0000
ENDCHAR
STARTCHAR uni1F48A
ENCODING 128138
SWIDTH 500 0
DWIDTH 11 0
BBX 11 22 0 -5
BITMAP
0000
0000
0000
0700
0780
0F80
0FC0
1FC0
1F80
1F80
3F00
3B00
4700
4200
4400
4400
4800
2800
1000
0000
0000
0000
ENDCHAR
STARTCHAR uni1F48B
ENCODING 128139
SWIDTH 500 0
DWIDTH 11 0
BBX 11 22 0 -5
BITMAP
0000
0000
0000
0000
0000
0000
0000
1100
3B80
7FC0
DA60
65C0
7FC0
3F80
0E00
0400
0000
0000
0000
0000
0000
0000
ENDCHAR
STARTCHAR uni1F48C
ENCODING 128140
SWIDTH 500 0
DWIDTH 11 0
BBX 11 22 0 -5
BITMAP
0000
0000
0000
0A00
1F00
1F00
0E00
0400
0000
FFE0
C060
B1A0
8A20
8420
8020
8020
8020
FFE0
0000
0000
0000
0000
ENDCHAR
STARTCHAR uni1F48D
ENCODING 128141
SWIDTH 500 0
DWIDTH 11 0
BBX 11 22 0 -5
BITMAP
0000
0000
0000
1F00
1100
2080
3F80
1100
1200
0E00
1500
1100
2080
2080
2080
2080
2080
1100
1100
0E00
0000
0000
ENDCHAR
STARTCHAR uni1F48E
ENCODING 128142
SWIDTH 500 0
DWIDTH 11 0
BBX 11 22 0 -5
BITMAP
0000
0000
0000
0000
0000
1F00
1180
3180
2940
7FC0
4A80
2A80
2B00
1B00
1600
0E00
0C00
0400
0000
0000
0000
0000
ENDCHAR
STARTCHAR uni1F48F
ENCODING 128143
SWIDTH 500 0
DWIDTH 11 0
BBX 11 22 0 -5
BITMAP
1200
1E00
0C00
0000
2080
71C0
FBE0
FBE0
8A20
FFE0
FFE0
FBE0
FBE0
8020
60C0
F1E0
FBE0
0000
0000
0000
0000
0000
ENDCHAR
STARTCHAR uni1F490
ENCODING 128144
SWIDTH 500 0
DWIDTH 11 0
BBX 11 22 0 -5
BITMAP
0000
0000
0000
0E00
0E00
0E80
75C0
75C0
75C0
17C0
FD40
5580
5580
2F00
2F00
1F00
3F80
0E00
1D80
0400
0400
0000
ENDCHAR
STARTCHAR uni1F491
ENCODING 128145
SWIDTH 500 0
DWIDTH 11 0
BBX 11 22 0 -5
BITMAP
1B00
3F80
3F80
0E00
0400
0000
0000
6180
6180
0000
0000
3180
3140
4940
4A20
8E20
8A20
8A20
8A20
8A20
FBE0
0000
ENDCHAR
STARTCHAR uni1F492
ENCODING 128146
SWIDTH 500 0
DWIDTH 11 0
BBX 11 22 0 -5
BITMAP
0000
0400
0F00
0400
0400
0400
0A00
0A00
1100
1B00
3F80
3F80
6EC0
A4A0
A0A0
E4E0
EAE0
EAE0
EAE0
AAA0
FFE0
0000
ENDCHAR
STARTCHAR uni1F493
ENCODING 128147
SWIDTH 500 0
DWIDTH 11 0
BBX 11 22 0 -5
BITMAP
0000
0000
0000
0000
E0E0
8020
BBA0
3B80
7FC0
7FC0
7FC0
7FC0
3F80
1F00
0E00
0400
8020
0000
0000
0000
0000
0000
ENDCHAR
STARTCHAR uni1F494
ENCODING 128148
SWIDTH 500 0
DWIDTH 11 0
BBX 11 22 0 -5
BITMAP
0000
0000
0000
0000
0000
71C0
7BC0
F7E0
F7E0
F7E0
FBE0
FDE0
7DC0
3B80
1B00
0600
0400
0000
0000
0000
0000
0000
ENDCHAR
STARTCHAR uni1F495
ENCODING 128149
SWIDTH 500 0
DWIDTH 11 0
BBX 11 22 0 -5
BITMAP
0000
0000
0000
0000
0000
03C0
07E0
07E0
07E0
01C0
0080
7800
FC00
FC00
FC00
7000
2000
0000
0000
0000
0000
0000
ENDCHAR
STARTCHAR uni1F496
ENCODING 128150
SWIDTH 500 0
DWIDTH 11 0
BBX 11 22 0 -5
BITMAP
0000
0000
0000
0000
0040
00E0
0040
7380
7780
FFC0
FFC0
FFC0
FFC0
7F80
BE00
DC00
8800
0000
0000
0000
0000
0000
ENDCHAR
STARTCHAR uni1F497
ENCODING 128151
SWIDTH 500 0
DWIDTH 11 0
BBX 11 22 0 -5
BITMAP
0000
0000
0000
0000
0000
71C0
4A40
9F20
9520
AAA0
BFA0
BFA0
5F40
2E80
1F00
0E00
0400
0000
0000
0000
0000
0000
ENDCHAR
STARTCHAR uni1F498
ENCODING 128152
SWIDTH 500 0
DWIDTH 11 0
BBX 11 22 0 -5
BITMAP
0000
0000
0000
0000
00E0
0060
3BA0
2A80
4540
4240
4440
4440
2880
1100
2A00
A400
4000
E000
0000
0000
0000
0000
ENDCHAR
STARTCHAR uni1F499
ENCODING 128153
SWIDTH 500 0
DWIDTH 11 0
BBX 11 22 0 -5
BITMAP
0000
0000
0000
0000
0000
6300
F780
AA80
FF80
AA80
FF80
AA80
FF80
6B00
3E00
1C00
0800
0000
0000
0000
0000
0000
ENDCHAR
STARTCHAR uni1F49A
ENCODING 128154
SWIDTH 500 0
DWIDTH 11 0
BBX 11 22 0 -5
BITMAP
0000
0000
0000
0000
0000
6300
B680
DD80
AA80
D580
AA80
D580
AA80
5500
2A00
1400
0800
0000
0000
0000
0000
0000
ENDCHAR
STARTCHAR uni1F49B
ENCODING 128155
SWIDTH 500 0
DWIDTH 11 0
BBX 11 22 0 -5
BITMAP
0000
0000
0000
0000
0000
6300
B680
8880
AA80
8080
AA80
8080
AA80
4100
2A00
1400
0800
0000
0000
0000
0000
0000
ENDCHAR
STARTCHAR uni1F49C
ENCODING 128156
SWIDTH 500 0
DWIDTH 11 0
BBX 11 22 0 -5
BITMAP
0000
0000
0000
0000
0000
6300
F780
AA80
FF80
AA80
FF80
AA80
FF80
6B00
3E00
1C00
0800
0000
0000
0000
0000
0000
ENDCHAR
STARTCHAR uni1F49D
ENCODING 128157
SWIDTH 500 0
DWIDTH 11 0
BBX 11 22 0 -5
BITMAP
0000
0000
0000
0000
0000
1100
1B00
7FC0
7BC0
FBE0
FBE0
FBE0
0000
7BC0
3B80
1B00
0A00
0400
0000
0000
0000
0000
ENDCHAR
STARTCHAR uni1F49E
ENCODING 128158
SWIDTH 500 0
DWIDTH 11 0
BBX 11 22 0 -5
BITMAP
0000
0000
0000
0800
FC00
83C0
87E0
87E0
87E0
81C0
8080
7800
FC20
FC20
FC20
7020
2020
07E0
0200
0000
0000
0000
ENDCHAR
STARTCHAR uni1F49F
ENCODING 128159
SWIDTH 500 0
DWIDTH 11 0
BBX 11 22 0 -5
BITMAP
0000
0000
0000
0000
FFE0
FFE0
C460
C460
8020
8020
8020
8020
C060
E0E0
F1E0
FBE0
FFE0
FFE0
0000
0000
0000
0000
ENDCHAR
STARTCHAR uni1F4A0
ENCODING 128160
SWIDTH 500 0
DWIDTH 11 0
BBX 11 22 0 -5
BITMAP
0000
0000
0000
0000
0400
0A00
1100
1100
2080
4440
2080
1100
1100
0A00
0400
0000
0000
0000
0000
0000
0000
0000
ENDCHAR
STARTCHAR uni1F4A1
ENCODING 128161
SWIDTH 500 0
DWIDTH 11 0
BBX 11 22 0 -5
BITMAP
0000
0000
0000
1F00
2080
2080
4040
4040
5180
2A80
2A80
2500
1100
1100
1F00
0000
0000
1F00
0000
0E00
0000
0000
ENDCHAR
STARTCHAR uni1F4A2
ENCODING 128162
SWIDTH 500 0
DWIDTH 11 0
BBX 11 22 0 -5
BITMAP
0000
0000
0000
0000
0A00
0A00
0900
D160
3180
0000
0000
0000
0000
0000
F1E0
1100
1200
0A00
0A00
0000
0000
0000
ENDCHAR
STARTCHAR uni1F4A3
ENCODING 128163
SWIDTH 500 0
DWIDTH 11 0
BBX 11 22 0 -5
BITMAP
0000
0000
0000
0000
0140
0080
03C0
0200
0400
0E00
3F80
2F80
7FC0
7FC0
7FC0
3F80
3F80
0E00
0000
0000
0000
0000
ENDCHAR
STARTCHAR uni1F4A4
ENCODING 128164
SWIDTH 500 0
DWIDTH 11 0
BBX 11 22 0 -5
BITMAP
0000
0000
0000
E000
2000
4000
8000
EE00
0200
0400
0800
0EE0
0020
0040
0080
00E0
0000
0000
0000
0000
0000
0000
ENDCHAR
STARTCHAR uni1F4A5
ENCODING 128165
SWIDTH 500 0
DWIDTH 11 0
BBX 11 22 0 -5
BITMAP
0000
0000
0000
0000
0400
2480
3580
1F80
1B80
1B80
F1E0
71C0
7180
3B80
3B80
6EC0
4440
0400
0400
0000
0000
0000
ENDCHAR
STARTCHAR uni1F4A6
ENCODING 128166
SWIDTH 500 0
DWIDTH 11 0
BBX 11 22 0 -5
BITMAP
0000
0000
0000
0000
0000
4000
4000
E040
E040
E0E0
04E0
04E0
0E00
0E00
0E00
0000
0000
0000
0000
0000
0000
0000
ENDCHAR
STARTCHAR uni1F4A7
ENCODING 128167
SWIDTH 500 0
DWIDTH 11 0
BBX 11 22 0 -5
BITMAP
0000
0000
0400
0400
0600
0A00
0A00
0900
1100
2080
2080
4040
6040
A040
A040
9040
5040
6080
1F00
0000
0000
0000
ENDCHAR
STARTCHAR uni1F4A8
ENCODING 128168
SWIDTH 500 0
DWIDTH 11 0
BBX 11 22 0 -5
BITMAP
0000
0000
0000
0000
0000
0000
0380
0240
FC40
0040
0040
FC40
0080
0080
3F00
0100
0600
F800
0000
0000
0000
0000
ENDCHAR
STARTCHAR uni1F4A9
ENCODING 128169
SWIDTH 500 0
DWIDTH 11 0
BBX 11 22 0 -5
BITMAP
0000
0000
0000
0000
0200
0200
0600
0D00
1100
1F00
20C0
2080
3F80
73C0
73A0
8A20
8440
7FC0
0000
0000
0000
0000
ENDCHAR
STARTCHAR uni1F4AA
ENCODING 128170
SWIDTH 500 0
DWIDTH 11 0
BBX 11 22 0 -5
BITMAP
0000
3000
4800
4800
DC00
A400
8800
5800
5000
5400
5B00
5880
5080
50C0
4B40
4C20
20E0
2F20
2040
18C0
0700
0000
ENDCHAR
STARTCHAR uni1F4AB
ENCODING 128171
SWIDTH 500 0
DWIDTH 11 0
BBX 11 22 0 -5
BITMAP
0000
0000
0000
0000
0000
0000
0200
8F80
8700
8700
7F00
2100
4080
8040
8040
4080
2100
1E00
0000
0000
0000
0000
ENDCHAR
STARTCHAR uni1F4AC
ENCODING 128172
SWIDTH 500 0
DWIDTH 11 0
BBX 11 22 0 -5
BITMAP
0000
0000
0000
0000
0000
3F80
4040
4040
8040
8040
9540
8040
8040
4040
2F80
3000
6000
4000
0000
0000
0000
0000
ENDCHAR
STARTCHAR uni1F4AD
ENCODING 128173
SWIDTH 500 0
DWIDTH 11 0
BBX 11 22 0 -5
BITMAP
0000
0000
0000
0000
0000
1E00
2100
4080
8040
8040
8040
8040
4080
2100
1E00
2000
5000
2000
8000
0000
0000
0000
ENDCHAR
STARTCHAR uni1F4AE
ENCODING 128174
SWIDTH 500 0
DWIDTH 11 0
BBX 11 22 0 -5
BITMAP
0000
0000
0000
0000
0000
0E00
1100
60C0
8040
8440
8A40
4440
4040
4040
4440
3B80
0000
0000
0000
0000
0000
0000
ENDCHAR
STARTCHAR uni1F4AF
ENCODING 128175
SWIDTH 500 0
DWIDTH 11 0
BBX 11 22 0 -5
BITMAP
0400
0C00
0400
0000
E1C0
A140
A140
A140
E1C0
0000
FFC0
0000
FFC0
0000
0000
0000
0000
0000
0000
0000
0000
0000
ENDCHAR
STARTCHAR uni1F4B0
ENCODING 128176
SWIDTH 500 0
DWIDTH 11 0
BBX 11 22 0 -5
BITMAP
0000
0000
0000
1F00
1100
1200
0A00
1F00
0900
1100
1080
2480
3F80
3C80
5C40
4740
4440
2080
2080
1F00
0000
0000
ENDCHAR
STARTCHAR uni1F4B1
ENCODING 128177
SWIDTH 500 0
DWIDTH 11 0
BBX 11 22 0 -5
BITMAP
0000
0000
0000
4000
6000
C080
4FC0
6080
C000
4000
0000
0140
4080
FDC0
4080
01C0
0000
0000
0000
0000
0000
0000
ENDCHAR
STARTCHAR uni1F4B2
ENCODING 128178
SWIDTH 500 0
DWIDTH 11 0
BBX 11 22 0 -5
BITMAP
0000
0000
0000
0000
1E00
7F80
6480
6400
6400
6400
7400
1E00
07C0
04C0
44C0
7FC0
1F80
0400
0000
0000
0000
0000
ENDCHAR
STARTCHAR uni1F4B3
ENCODING 128179
SWIDTH 500 0
DWIDTH 11 0
BBX 11 22 0 -5
BITMAP
0000
0000
0000
0000
0000
0000
7FC0
4040
4040
7FC0
7FC0
7FC0
4040
5C40
4040
4040
7FC0
0000
0000
0000
0000
0000
ENDCHAR
STARTCHAR uni1F4B4
ENCODING 128180
SWIDTH 500 0
DWIDTH 11 0
BBX 11 22 0 -5
BITMAP
0000
0000
7FC0
4040
4040
4040
5B40
5B40
5B40
4440
5F40
4440
5F40
5F40
4440
4040
4040
4040
4040
7FC0
0000
0000
ENDCHAR
STARTCHAR uni1F4B5
ENCODING 128181
SWIDTH 500 0
DWIDTH 11 0
BBX 11 22 0 -5
BITMAP
0000
0000
7FC0
4040
4040
4040
4440
5F40
5F40
5840
5F40
4340
5F40
5F40
4440
4040
4040
4040
4040
7FC0
0000
0000
ENDCHAR
STARTCHAR uni1F4B6
ENCODING 128182
SWIDTH 500 0
DWIDTH 11 0
BBX 11 22 0 -5
BITMAP
0000
0000
7FC0
4040
4040
4040
4740
5840
5840
5F40
5840
5F40
5840
5840
4740
4040
4040
4040
4040
7FC0
0000
0000
ENDCHAR
STARTCHAR uni1F4B7
ENCODING 128183
SWIDTH 500 0
DWIDTH 11 0
BBX 11 22 0 -5
BITMAP
0000
0000
7FC0
4040
4040
4040
4740
4440
4440
4440
5F40
4440
4440
4440
5F40
4040
4040
4040
4040
7FC0
0000
0000
ENDCHAR
STARTCHAR uni1F4B8
ENCODING 128184
SWIDTH 500 0
DWIDTH 11 0
BBX 11 22 0 -5
BITMAP
0000
0000
0000
4040
60C0
60C0
5140
4A40
4440
5F40
3180
1900
1500
1500
1300
1300
1100
1F00
0000
0000
0000
0000
ENDCHAR
STARTCHAR uni1F4B9
ENCODING 128185
SWIDTH 500 0
DWIDTH 11 0
BBX 11 22 0 -5
BITMAP
0000
0000
4800
4800
4800
3000
7800
7800
3000
0000
01C0
40C0
40C0
4900
4D00
5200
5000
6000
4000
7FC0
0000
0000
ENDCHAR
STARTCHAR uni1F4BA
ENCODING 128186
SWIDTH 500 0
DWIDTH 11 0
BBX 11 22 0 -5
BITMAP
0000
0000
0000
0000
0000
7800
4800
4800
4800
4800
4800
4800
7F00
1F80
1FC0
1100
1100
1100
0000
0000
0000
0000
ENDCHAR
STARTCHAR uni1F4BB
ENCODING 128187
SWIDTH 500 0
DWIDTH 11 0
BBX 11 22 0 -5
BITMAP
0000
0000
0000
0000
0000
7F80
7F80
6180
6180
6180
6180
7F80
4080
7F80
4080
7F40
8C40
FFC0
0000
0000
0000
0000
ENDCHAR
STARTCHAR uni1F4BC
ENCODING 128188
SWIDTH 500 0
DWIDTH 11 0
BBX 11 22 0 -5
BITMAP
0000
0000
0000
0000
0000
1F00
1100
1100
7FC0
4040
4040
7FC0
4E40
4E40
4040
4040
4040
7FC0
0000
0000
0000
0000
ENDCHAR
STARTCHAR uni1F4BD
ENCODING 128189
SWIDTH 500 0
DWIDTH 11 0
BBX 11 22 0 -5
BITMAP
0000
0000
0000
0000
7FC0
7840
4040
4E40
5140
64C0
6AC0
64C0
5140
4E40
7F40
7F40
4040
7FC0
0000
0000
0000
0000
ENDCHAR
STARTCHAR uni1F4BE
ENCODING 128190
SWIDTH 500 0
DWIDTH 11 0
BBX 11 22 0 -5
BITMAP
0000
0000
0000
0000
7F80
5340
5340
5340
5F40
4040
4040
7FC0
60C0
7FC0
60C0
60C0
60C0
7FC0
0000
0000
0000
0000
ENDCHAR
STARTCHAR uni1F4BF
ENCODING 128191
SWIDTH 500 0
DWIDTH 11 0
BBX 11 22 0 -5
BITMAP
0000
0000
0000
0000
0000
0000
0000
0E00
3180
3080
5440
4A40
4540
2080
3180
0E00
0000
0000
0000
0000
0000
0000
ENDCHAR
STARTCHAR uni1F4C0
ENCODING 128192
SWIDTH 500 0
DWIDTH 11 0
BBX 11 22 0 -5
BITMAP
0000
0000
0000
0000
0000
0000
0000
0E00
3180
3080
5440
4A40
4540
2080
3180
0E00
0000
0000
0000
0000
0000
0000
ENDCHAR
STARTCHAR uni1F4C1
ENCODING 128193
SWIDTH 500 0
DWIDTH 11 0
BBX 11 22 0 -5
BITMAP
0000
0000
0000
0000
0000
0000
7800
4400
47C0
4040
4040
4040
4040
4040
4040
4040
4040
7FC0
0000
0000
0000
0000
ENDCHAR
STARTCHAR uni1F4C2
ENCODING 128194
SWIDTH 500 0
DWIDTH 11 0
BBX 11 22 0 -5
BITMAP
0000
0000
0000
0000
0000
0000
7800
4400
47C0
4040
5FC0
5040
60C0
60C0
60C0
60C0
4140
7FC0
0000
0000
0000
0000
ENDCHAR
STARTCHAR uni1F4C3
ENCODING 128195
SWIDTH 500 0
DWIDTH 11 0
BBX 11 22 0 -5
BITMAP
0000
0000
0000
3F00
2100
2180
2180
2080
3F80
2080
2080
3F80
2080
3F80
2280
2300
2300
3E00
0000
0000
0000
0000
ENDCHAR
STARTCHAR uni1F4C4
ENCODING 128196
SWIDTH 500 0
DWIDTH 11 0
BBX 11 22 0 -5
BITMAP
0000
0000
0000
3F00
2100
2180
2180
2080
3F80
2080
2080
3F80
2080
3F80
2080
2080
2080
3F80
0000
0000
0000
0000
ENDCHAR
STARTCHAR uni1F4C5
ENCODING 128197
SWIDTH 500 0
DWIDTH 11 0
BBX 11 22 0 -5
BITMAP
0000
0000
0000
1100
1100
3F80
3180
3180
2080
3F80
2080
3380
2080
2080
3380
2080
2080
3F80
0000
0000
0000
0000
ENDCHAR
STARTCHAR uni1F4C6
ENCODING 128198
SWIDTH 500 0
DWIDTH 11 0
BBX 11 22 0 -5
BITMAP
0000
0000
0000
1100
1100
3F80
3180
3180
2080
3F80
2080
2F80
2180
2680
2680
2680
2080
3F80
1000
1F80
0000
0000
ENDCHAR
STARTCHAR uni1F4C7
ENCODING 128199
SWIDTH 500 0
DWIDTH 11 0
BBX 11 22 0 -5
BITMAP
0000
0000
0000
0000
0000
7FC0
4040
7840
6BC0
6840
6840
7BC0
4040
4040
4040
7FC0
1100
2100
2080
3F80
0000
0000
ENDCHAR
STARTCHAR uni1F4C8
ENCODING 128200
SWIDTH 500 0
DWIDTH 11 0
BBX 11 22 0 -5
BITMAP
0000
0000
0000
4000
4000
4040
4040
4080
4080
4080
4100
4900
4E00
5200
5000
6000
6000
4000
4000
7FC0
0000
0000
ENDCHAR
STARTCHAR uni1F4C9
ENCODING 128201
SWIDTH 500 0
DWIDTH 11 0
BBX 11 22 0 -5
BITMAP
0000
0000
0000
4000
4000
6000
6000
5000
5200
4E00
4900
4100
4080
4080
4080
4040
4040
4000
4000
7FC0
0000
0000
ENDCHAR
STARTCHAR uni1F4CA
ENCODING 128202
SWIDTH 500 0
DWIDTH 11 0
BBX 11 22 0 -5
BITMAP
0000
0000
0000
4000
4000
4600
4600
4600
4600
4780
4780
5780
5780
5780
5780
5780
5780
5780
4000
7FC0
0000
0000
ENDCHAR
STARTCHAR uni1F4CB
ENCODING 128203
SWIDTH 500 0
DWIDTH 11 0
BBX 11 22 0 -5
BITMAP
0000
0000
0000
1F00
1F00
3F80
3F80
3F80
2080
2080
3F80
2080
3F80
2080
2080
3F80
2080
2080
2080
3F80
0000
0000
ENDCHAR
STARTCHAR uni1F4CC
ENCODING 128204
SWIDTH 500 0
DWIDTH 11 0
BBX 11 22 0 -5
BITMAP
0000
0000
0000
0000
1F00
1100
1100
1100
1100
1100
1100
3F80
0400
0400
0400
0400
0400
0400
0400
0400
0000
0000
ENDCHAR
STARTCHAR uni1F4CD
ENCODING 128205
SWIDTH 500 0
DWIDTH 11 0
BBX 11 22 0 -5
BITMAP
0000
0000
0000
0400
0E00
1F00
1F00
1F00
0E00
0400
0400
0400
0400
0400
0400
0400
0400
0400
0400
0400
0000
0000
ENDCHAR
STARTCHAR uni1F4CE
ENCODING 128206
SWIDTH 500 0
DWIDTH 11 0
BBX 11 22 0 -5
BITMAP
0000
0000
0000
0000
1E00
1200
2100
2100
2300
2500
2900
2900
2900
2900
2900
2100
2100
1200
1E00
0000
0000
0000
ENDCHAR
STARTCHAR uni1F4CF
ENCODING 128207
SWIDTH 500 0
DWIDTH 11 0
BBX 11 22 0 -5
BITMAP
0000
0000
1F00
1100
1100
1D00
1100
1100
1900
1100
1100
1D00
1100
1900
1100
1100
1D00
1100
1100
1F00
0000
0000
ENDCHAR
STARTCHAR uni1F4D0
ENCODING 128208
SWIDTH 500 0
DWIDTH 11 0
BBX 11 22 0 -5
BITMAP
0000
0000
4000
4000
6000
6000
7000
5000
4800
4800
7400
5C00
5A00
7600
5500
5300
5E80
6080
4040
7FC0
0000
0000
ENDCHAR
STARTCHAR uni1F4D1
ENCODING 128209
SWIDTH 500 0
DWIDTH 11 0
BBX 11 22 0 -5
BITMAP
0000
0000
0000
3F00
2100
2180
2180
2080
3FC0
21C0
21C0
3F80
21C0
21C0
21C0
2080
2080
3F80
0000
0000
0000
0000
ENDCHAR
STARTCHAR uni1F4D2
ENCODING 128210
SWIDTH 500 0
DWIDTH 11 0
BBX 11 22 0 -5
BITMAP
0000
0000
0000
0000
1F80
3880
3880
3B80
3B80
3B80
3B80
3880
3880
3880
3880
2880
1F80
1000
1F80
0000
0000
0000
ENDCHAR
STARTCHAR uni1F4D3
ENCODING 128211
SWIDTH 500 0
DWIDTH 11 0
BBX 11 22 0 -5
BITMAP
0000
0000
0000
0000
1F80
3080
7080
3080
3080
3080
7080
3080
3080
7080
3080
2080
1F80
1000
1F80
0000
0000
0000
ENDCHAR
STARTCHAR uni1F4D4
ENCODING 128212
SWIDTH 500 0
DWIDTH 11 0
BBX 11 22 0 -5
BITMAP
0000
0000
0000
0000
1F80
3080
3280
3280
3580
3580
3980
3580
3680
3280
3080
2080
1F80
1000
1F80
0000
0000
0000
ENDCHAR
STARTCHAR uni1F4D5
ENCODING 128213
SWIDTH 500 0
DWIDTH 11 0
BBX 11 22 0 -5
BITMAP
0000
0000
0000
0000
1F80
3080
3F80
3F80
3F80
3F80
3F80
3F80
3F80
3F80
3080
2080
1F80
1000
1F80
0000
0000
0000
ENDCHAR
STARTCHAR uni1F4D6
ENCODING 128214
SWIDTH 500 0
DWIDTH 11 0
BBX 11 22 0 -5
BITMAP
0000
0000
0000
0000
0000
71C0
4A40
4440
4440
64C0
5540
64C0
5540
4440
64C0
5540
75C0
0E00
0400
0000
0000
0000
ENDCHAR
STARTCHAR uni1F4D7
ENCODING 128215
SWIDTH 500 0
DWIDTH 11 0
BBX 11 22 0 -5
BITMAP
0000
0000
0000
0000
1F80
3080
3080
3780
3080
3080
3080
3780
3080
3080
3780
2080
1F80
1000
1F80
0000
0000
0000
ENDCHAR
STARTCHAR uni1F4D8
ENCODING 128216
SWIDTH 500 0
DWIDTH 11 0
BBX 11 22 0 -5
BITMAP
0000
0000
0000
0000
1F80
3080
3580
3580
3580
3580
3580
3580
3580
3580
3580
2080
1F80
1000
1F80
0000
0000
0000
ENDCHAR
STARTCHAR uni1F4D9
ENCODING 128217
SWIDTH 500 0
DWIDTH 11 0
BBX 11 22 0 -5
BITMAP
0000
0000
0000
0000
1F80
3080
3480
3280
3280
3180
3480
3280
3180
3480
3280
2280
1F80
1000
1F80
0000
0000
0000
ENDCHAR
STARTCHAR uni1F4DA
ENCODING 128218
SWIDTH 500 0
DWIDTH 11 0
BBX 11 22 0 -5
BITMAP
0000
0000
0000
0300
1C80
60C0
6700
5800
40C0
2700
1C80
31C0
3E00
20C0
1700
58C0
6740
5840
21C0
1E00
0000
0000
ENDCHAR
STARTCHAR uni1F4DB
ENCODING 128219
SWIDTH 500 0
DWIDTH 11 0
BBX 11 22 0 -5
BITMAP
0000
0000
0000
0000
0000
0000
2200
3740
7FC0
7FC0
7FC0
4040
4040
4040
7FC0
7FC0
3F80
3F80
0000
0000
0000
0000
ENDCHAR
STARTCHAR uni1F4DC
ENCODING 128220
SWIDTH 500 0
DWIDTH 11 0
BBX 11 22 0 -5
BITMAP
0000
0000
1F00
2080
4040
4080
3180
1F00
1100
1100
1F00
1100
1F00
1100
1100
3F00
2080
4040
2080
1F80
0000
0000
ENDCHAR
STARTCHAR uni1F4DD
ENCODING 128221
SWIDTH 500 0
DWIDTH 11 0
BBX 11 22 0 -5
BITMAP
0000
0000
0000
3F00
2100
2180
2180
2080
3FC0
21C0
21C0
3F80
2280
2480
2580
2980
2980
3F80
0A00
0C00
0000
0000
ENDCHAR
STARTCHAR uni1F4DE
ENCODING 128222
SWIDTH 500 0
DWIDTH 11 0
BBX 11 22 0 -5
BITMAP
0000
0000
0000
0000
7000
7800
F800
FC00
F000
7000
7800
7880
3CC0
1FC0
1FE0
0FE0
03C0
01C0
0000
0000
0000
0000
ENDCHAR
STARTCHAR uni1F4DF
ENCODING 128223
SWIDTH 500 0
DWIDTH 11 0
BBX 11 22 0 -5
BITMAP
0000
0000
0000
0000
0000
0000
0000
0000
7FC0
7F40
7DC0
7F40
40C0
7740
4040
7FC0
0000
0000
0000
0000
0000
0000
ENDCHAR
STARTCHAR uni1F4E0
ENCODING 128224
SWIDTH 500 0
DWIDTH 11 0
BBX 11 22 0 -5
BITMAP
0000
0000
0000
0000
1FC0
1040
1740
1040
1740
1040
7FC0
75C0
7040
7040
75C0
7040
4040
7FC0
0000
0000
0000
0000
ENDCHAR
STARTCHAR uni1F4E1
ENCODING 128225
SWIDTH 500 0
DWIDTH 11 0
BBX 11 22 0 -5
BITMAP
0000
0000
0000
0040
00E0
0040
0080
4100
2100
1200
0A00
0400
4200
2180
1500
0E00
0400
3FC0
0000
0000
0000
0000
ENDCHAR
STARTCHAR uni1F4E2
ENCODING 128226
SWIDTH 500 0
DWIDTH 11 0
BBX 11 22 0 -5
BITMAP
0000
0000
0000
0080
0180
02C0
0480
0880
7080
4080
4080
7480
3C80
3780
3480
3400
3400
3C00
3F00
0000
0000
0000
ENDCHAR
STARTCHAR uni1F4E3
ENCODING 128227
SWIDTH 500 0
DWIDTH 11 0
BBX 11 22 0 -5
BITMAP
0000
0000
0000
0080
0180
0280
0480
0880
7080
4080
4080
7480
1C80
1780
1480
1400
1400
1C00
0000
0000
0000
0000
ENDCHAR
STARTCHAR uni1F4E4
ENCODING 128228
SWIDTH 500 0
DWIDTH 11 0
BBX 11 22 0 -5
BITMAP
0000
0000
0400
0E00
0E00
1500
0400
0400
0400
0400
0400
2480
2080
2080
71C0
4940
4E40
7FC0
0000
0000
0000
0000
ENDCHAR
STARTCHAR uni1F4E5
ENCODING 128229
SWIDTH 500 0
DWIDTH 11 0
BBX 11 22 0 -5
BITMAP
0000
0000
0400
0400
0400
0400
0400
0400
0400
1500
0E00
2480
2080
2080
71C0
4940
4E40
7FC0
0000
0000
0000
0000
ENDCHAR
STARTCHAR uni1F4E6
ENCODING 128230
SWIDTH 500 0
DWIDTH 11 0
BBX 11 22 0 -5
BITMAP
0000
0000
0000
0400
1A00
2980
4440
62C0
5140
4B40
4540
4540
4440
4440
4440
4440
2480
1500
0E00
0400
0000
0000
ENDCHAR
STARTCHAR uni1F4E7
ENCODING 128231
SWIDTH 500 0
DWIDTH 11 0
BBX 11 22 0 -5
BITMAP
0000
0000
1F00
1F00
1B00
1F00
1F00
1800
1F00
1F00
0000
7FC0
60C0
5140
4A40
4440
4040
4040
4040
7FC0
0000
0000
ENDCHAR
STARTCHAR uni1F4E8
ENCODING 128232
SWIDTH 500 0
DWIDTH 11 0
BBX 11 22 0 -5
BITMAP
0000
0000
0000
0000
1E00
0000
0000
3800
0000
0000
0000
7FC0
61C0
5A40
4440
4040
4040
4040
7FC0
0000
0000
0000
ENDCHAR
STARTCHAR uni1F4E9
ENCODING 128233
SWIDTH 500 0
DWIDTH 11 0
BBX 11 22 0 -5
BITMAP
0000
0000
0400
0400
0400
0400
1500
0E00
0E00
0400
0000
7FC0
61C0
5A40
4440
4040
4040
4040
7FC0
0000
0000
0000
ENDCHAR
STARTCHAR uni1F4EA
ENCODING 128234
SWIDTH 500 0
DWIDTH 11 0
BBX 11 22 0 -5
BITMAP
0000
0000
0000
0000
0000
0000
1F00
3080
4880
7880
4980
49C0
4880
7F80
0400
0400
0400
0400
0400
0400
0000
0000
ENDCHAR
STARTCHAR uni1F4EB
ENCODING 128235
SWIDTH 500 0
DWIDTH 11 0
BBX 11 22 0 -5
BITMAP
0000
0000
0000
01C0
0140
01C0
1F00
3180
4980
7980
4980
4880
4880
7F80
0400
0400
0400
0400
0400
0400
0000
0000
ENDCHAR
STARTCHAR uni1F4EC
ENCODING 128236
SWIDTH 500 0
DWIDTH 11 0
BBX 11 22 0 -5
BITMAP
0000
0000
0000
01C0
0140
01C0
1F00
3180
4980
4980
7980
4880
4880
7F80
4C00
4C00
7C00
0400
0400
0400
0000
0000
ENDCHAR
STARTCHAR uni1F4ED
ENCODING 128237
SWIDTH 500 0
DWIDTH 11 0
BBX 11 22 0 -5
BITMAP
0000
0000
0000
0000
0000
0000
1F00
3080
4880
4880
7980
49C0
4880
7F80
4C00
4C00
7C00
0400
0400
0400
0000
0000
ENDCHAR
STARTCHAR uni1F4EE
ENCODING 128238
SWIDTH 500 0
DWIDTH 11 0
BBX 11 22 0 -5
BITMAP
0000
0000
0000
0000
1F00
1080
2080
2080
3F80
3F80
3F80
2080
2080
3F80
3180
3180
3F80
2080
3F80
0000
0000
0000
ENDCHAR
STARTCHAR uni1F4EF
ENCODING 128239
SWIDTH 500 0
DWIDTH 11 0
BBX 11 22 0 -5
BITMAP
0000
0000
0000
0000
0000
00C0
00C0
0140
4140
2E40
1240
2DC0
3300
3300
3300
2D00
2100
1200
0C00
0000
0000
0000
ENDCHAR
STARTCHAR uni1F4F0
ENCODING 128240
SWIDTH 500 0
DWIDTH 11 0
BBX 11 22 0 -5
BITMAP
0000
0000
0000
0000
0000
7F80
4080
5BC0
58C0
58C0
5BC0
58C0
40C0
5FC0
40C0
5FC0
40C0
7FC0
0040
3FC0
0000
0000
ENDCHAR
STARTCHAR uni1F4F1
ENCODING 128241
SWIDTH 500 0
DWIDTH 11 0
BBX 11 22 0 -5
BITMAP
0000
0000
0000
0000
3F80
2E80
2080
3F80
3180
3180
3180
3180
3180
3180
3180
3F80
2080
2480
3F80
0000
0000
0000
ENDCHAR
STARTCHAR uni1F4F2
ENCODING 128242
SWIDTH 500 0
DWIDTH 11 0
BBX 11 22 0 -5
BITMAP
0000
0000
0000
0000
8000
4000
3FC0
1440
3FC0
1CC0
14C0
14C0
14C0
14C0
14C0
17C0
1040
1240
1FC0
0000
0000
0000
ENDCHAR
STARTCHAR uni1F4F3
ENCODING 128243
SWIDTH 500 0
DWIDTH 11 0
BBX 11 22 0 -5
BITMAP
0000
0000
0000
0000
0000
0000
1E00
9240
5280
5280
9240
9240
5280
5E80
9240
1E00
0000
0000
0000
0000
0000
0000
ENDCHAR
STARTCHAR uni1F4F4
ENCODING 128244
SWIDTH 500 0
DWIDTH 11 0
BBX 11 22 0 -5
BITMAP
0000
0000
0000
0000
0040
0080
1F80
1100
1100
1300
1500
1500
1900
1F00
1100
3F00
2000
4000
0000
0000
0000
0000
ENDCHAR
STARTCHAR uni1F4F5
ENCODING 128245
SWIDTH 500 0
DWIDTH 11 0
BBX 11 22 0 -5
BITMAP
0000
0000
0000
0000
0000
0000
1F40
3F80
5140
9340
9540
9540
9940
9F40
7140
7F80
1F00
0000
0000
0000
0000
0000
ENDCHAR
STARTCHAR uni1F4F6
ENCODING 128246
SWIDTH 500 0
DWIDTH 11 0
BBX 11 22 0 -5
BITMAP
0000
0000
0000
0000
0040
0040
0040
0240
0240
1240
1240
1240
9240
9240
9240
0000
0000
0000
0000
0000
0000
0000
ENDCHAR
STARTCHAR uni1F4F7
ENCODING 128247
SWIDTH 500 0
DWIDTH 11 0
BBX 11 22 0 -5
BITMAP
0000
0000
0000
0000
0000
1C00
1C00
7FC0
4040
4040
4E40
5140
5140
5140
4E40
4040
4040
7FC0
0000
0000
0000
0000
ENDCHAR
STARTCHAR uni1F4F8
ENCODING 128248
SWIDTH 500 0
DWIDTH 11 0
BBX 11 22 0 -5
BITMAP
0000
0000
0940
0100
0780
0100
1D00
1C00
7FC0
4040
4040
4E40
5140
5140
5140
4E40
4040
7FC0
0000
0000
0000
0000
ENDCHAR
STARTCHAR uni1F4F9
ENCODING 128249
SWIDTH 500 0
DWIDTH 11 0
BBX 11 22 0 -5
BITMAP
0000
0000
0000
0000
0000
3E00
0000
7F40
41C0
41C0
41C0
41C0
41C0
41C0
41C0
7F40
0000
1E00
0000
0000
0000
0000
ENDCHAR
STARTCHAR uni1F4FA
ENCODING 128250
SWIDTH 500 0
DWIDTH 11 0
BBX 11 22 0 -5
BITMAP
0000
0000
0000
1100
0900
0A00
0600
7FC0
4040
5F40
5140
5140
5140
5140
5F40
4040
7FC0
1100
2080
2080
0000
0000
ENDCHAR
STARTCHAR uni1F4FB
ENCODING 128251
SWIDTH 500 0
DWIDTH 11 0
BBX 11 22 0 -5
BITMAP
0000
0000
0100
0200
0200
0400
0800
0800
7FC0
4040
4040
59C0
6440
65C0
6440
6440
5940
4040
7FC0
0000
0000
0000
ENDCHAR
STARTCHAR uni1F4FC
ENCODING 128252
SWIDTH 500 0
DWIDTH 11 0
BBX 11 22 0 -5
BITMAP
0000
0000
0000
0000
0000
0000
7FC0
4040
7FC0
7BC0
7BC0
7BC0
7FC0
4040
5F40
4040
7FC0
0000
0000
0000
0000
0000
ENDCHAR
STARTCHAR uni1F4FD
ENCODING 128253
SWIDTH 500 0
DWIDTH 11 0
BBX 11 22 0 -5
BITMAP
0000
0000
0000
3300
4C80
5D80
4C80
4C80
3340
7FC0
41C0
41C0
41C0
41C0
7FC0
0840
0800
0800
7F00
0000
0000
0000
ENDCHAR
STARTCHAR uni1F4FF
ENCODING 128255
SWIDTH 500 0
DWIDTH 11 0
BBX 11 22 0 -5
BITMAP
0000
0000
0000
1100
0000
0000
0000
4040
0000
0000
0000
4040
0000
0000
0000
1500
0400
0400
1F00
0400
0000
0000
ENDCHAR
STARTCHAR uni1F500
ENCODING 128256
SWIDTH 500 0
DWIDTH 11 0
BBX 11 22 0 -5
BITMAP
0000
0000
0000
0000
0000
0100
0080
71C0
0A80
0B00
0000
0400
0B00
0A80
71C0
0080
0100
0000
0000
0000
0000
0000
ENDCHAR
STARTCHAR uni1F501
ENCODING 128257
SWIDTH 500 0
DWIDTH 11 0
BBX 11 22 0 -5
BITMAP
0000
0000
0100
0080
FFC0
8080
8100
0000
0000
0000
0000
0000
0000
0000
2040
4040
FFC0
4000
2000
0000
0000
0000
ENDCHAR
STARTCHAR uni1F502
ENCODING 128258
SWIDTH 500 0
DWIDTH 11 0
BBX 11 22 0 -5
BITMAP
0000
0000
0080
0040
FFE0
8040
8080
0000
0400
0C00
0400
0400
0E00
0000
2020
4020
FFE0
4000
2000
0000
0000
0000
ENDCHAR
STARTCHAR uni1F503
ENCODING 128259
SWIDTH 500 0
DWIDTH 11 0
BBX 11 22 0 -5
BITMAP
0000
0000
0000
0000
0000
0000
1F00
2080
4160
40E0
4040
4040
4040
6040
D040
4040
2080
1F00
0000
0000
0000
0000
ENDCHAR
STARTCHAR uni1F504
ENCODING 128260
SWIDTH 500 0
DWIDTH 11 0
BBX 11 22 0 -5
BITMAP
0000
0000
0000
0000
0000
0000
1F00
2080
D040
6040
4040
4040
4040
40E0
4160
4040
2080
1F00
0000
0000
0000
0000
ENDCHAR
STARTCHAR uni1F505
ENCODING 128261
SWIDTH 500 0
DWIDTH 11 0
BBX 11 22 0 -5
BITMAP
0000
0000
0000
0000
0000
0000
0000
0400
0400
0E00
1100
71C0
1100
0E00
0400
0400
0000
0000
0000
0000
0000
0000
ENDCHAR
STARTCHAR uni1F506
ENCODING 128262
SWIDTH 500 0
DWIDTH 11 0
BBX 11 22 0 -5
BITMAP
0000
0000
0000
0000
0000
0000
0000
0400
2480
1F00
1100
71C0
1100
1F00
2480
0400
0000
0000
0000
0000
0000
0000
ENDCHAR
STARTCHAR uni1F507
ENCODING 128263
SWIDTH 500 0
DWIDTH 11 0
BBX 11 22 0 -5
BITMAP
0000
0000
0000
0000
0000
0000
0800
0800
1800
1A20
7940
7880
7940
1A20
1800
0800
0800
0000
0000
0000
0000
0000
ENDCHAR
STARTCHAR uni1F508
ENCODING 128264
SWIDTH 500 0
DWIDTH 11 0
BBX 11 22 0 -5
BITMAP
0000
0000
0000
0000
0000
0000
0800
0800
1800
1800
7800
7800
7800
1800
1800
0800
0800
0000
0000
0000
0000
0000
ENDCHAR
STARTCHAR uni1F509
ENCODING 128265
SWIDTH 500 0
DWIDTH 11 0
BBX 11 22 0 -5
BITMAP
0000
0000
0000
0000
0000
0000
0A00
0900
1900
1900
7900
7900
7900
1900
1900
0900
0A00
0000
0000
0000
0000
0000
ENDCHAR
STARTCHAR uni1F50A
ENCODING 128266
SWIDTH 500 0
DWIDTH 11 0
BBX 11 22 0 -5
BITMAP
0000
0000
0000
0000
0000
0080
0A40
0940
1940
1940
7940
7940
7940
1940
1940
0940
0A40
0080
0000
0000
0000
0000
ENDCHAR
STARTCHAR uni1F50B
ENCODING 128267
SWIDTH 500 0
DWIDTH 11 0
BBX 11 22 0 -5
BITMAP
0000
0000
0000
0000
0600
0600
3F80
2080
2E80
2E80
2E80
2E80
2E80
2E80
2E80
2E80
2080
3F80
0000
0000
0000
0000
ENDCHAR
STARTCHAR uni1F50C
ENCODING 128268
SWIDTH 500 0
DWIDTH 11 0
BBX 11 22 0 -5
BITMAP
0000
0000
2080
2080
2080
2080
7FC0
4040
4040
4040
7FC0
0C00
0C00
0C00
0C00
0C00
0FC0
0000
0000
0000
0000
0000
ENDCHAR
STARTCHAR uni1F50D
ENCODING 128269
SWIDTH 500 0
DWIDTH 11 0
BBX 11 22 0 -5
BITMAP
0000
0000
0000
0700
0880
1040
1040
1040
1040
1040
0880
0F00
0C00
1800
1800
3000
3000
6000
6000
0000
0000
0000
ENDCHAR
STARTCHAR uni1F50E
ENCODING 128270
SWIDTH 500 0
DWIDTH 11 0
BBX 11 22 0 -5
BITMAP
0000
0000
0000
1C00
2200
4100
4100
4100
4100
4100
2200
1F00
0300
0180
0180
00C0
00C0
0060
0060
0000
0000
0000
ENDCHAR
STARTCHAR uni1F50F
ENCODING 128271
SWIDTH 500 0
DWIDTH 11 0
BBX 11 22 0 -5
BITMAP
0000
0000
0000
1000
1980
2540
2540
2640
2680
2680
7E80
7E80
6E80
6E80
6F00
6F00
7F00
7E00
7E00
0400
0000
0000
ENDCHAR
STARTCHAR uni1F510
ENCODING 128272
SWIDTH 500 0
DWIDTH 11 0
BBX 11 22 0 -5
BITMAP
0000
0000
0000
1000
1980
2640
2640
2640
2580
2500
7F00
7F00
6F00
6FC0
6F00
6F00
7F00
7FC0
7E00
0000
0000
0000
ENDCHAR
STARTCHAR uni1F511
ENCODING 128273
SWIDTH 500 0
DWIDTH 11 0
BBX 11 22 0 -5
BITMAP
0000
0000
0400
0A00
1100
1100
1100
1100
0A00
0400
0400
0400
0400
0400
0700
0400
0400
0400
0700
0400
0000
0000
ENDCHAR
STARTCHAR uni1F512
ENCODING 128274
SWIDTH 500 0
DWIDTH 11 0
BBX 11 22 0 -5
BITMAP
0000
0000
0000
1F00
2080
2080
2080
2080
2080
7FC0
7FC0
7BC0
7BC0
7BC0
7BC0
7FC0
7FC0
0000
0000
0000
0000
0000
ENDCHAR
STARTCHAR uni1F513
ENCODING 128275
SWIDTH 500 0
DWIDTH 11 0
BBX 11 22 0 -5
BITMAP
0000
0000
0000
1F00
2080
2080
2080
2000
2000
7FC0
7FC0
7BC0
7BC0
7BC0
7BC0
7FC0
7FC0
0000
0000
0000
0000
0000
ENDCHAR
STARTCHAR uni1F514
ENCODING 128276
SWIDTH 500 0
DWIDTH 11 0
BBX 11 22 0 -5
BITMAP
0000
0000
0400
0000
0400
0A00
1100
1100
1100
1100
1100
1100
2080
2080
7FC0
0000
0000
0E00
0000
0000
0000
0000
ENDCHAR
STARTCHAR uni1F515
ENCODING 128277
SWIDTH 500 0
DWIDTH 11 0
BBX 11 22 0 -5
BITMAP
0000
0000
0400
0000
0440
0A80
1080
1100
1100
1200
1300
0500
2880
0880
57C0
1000
2000
2E00
4000
0000
0000
0000
ENDCHAR
STARTCHAR uni1F516
ENCODING 128278
SWIDTH 500 0
DWIDTH 11 0
BBX 11 22 0 -5
BITMAP
0000
0000
0000
1F00
1100
1100
1F00
1100
1100
1100
1100
1100
1100
1100
1100
1500
1D00
1B00
1300
1100
0000
0000
ENDCHAR
STARTCHAR uni1F517
ENCODING 128279
SWIDTH 500 0
DWIDTH 11 0
BBX 11 22 0 -5
BITMAP
0000
0000
0000
0000
1C00
2200
4100
4100
4100
4100
4700
3A80
1C40
1440
1040
1040
0880
0700
0000
0000
0000
0000
ENDCHAR
STARTCHAR uni1F518
ENCODING 128280
SWIDTH 500 0
DWIDTH 11 0
BBX 11 22 0 -5
BITMAP
0000
0000
0000
0000
0000
0E00
3180
2080
4440
4E40
4440
2080
3180
0E00
0000
0000
0000
0000
0000
0000
0000
0000
ENDCHAR
STARTCHAR uni1F519
ENCODING 128281
SWIDTH 500 0
DWIDTH 11 0
BBX 11 22 0 -5
BITMAP
0000
2000
4000
FFE0
4000
2000
0000
3100
2A80
3380
2A80
3280
0000
1A80
2280
2300
2280
1A80
0000
0000
0000
0000
ENDCHAR
STARTCHAR uni1F51A
ENCODING 128282
SWIDTH 500 0
DWIDTH 11 0
BBX 11 22 0 -5
BITMAP
0000
2000
4000
FFC0
4000
2000
0000
7480
4680
6580
4480
7480
0000
0C00
0A00
0A00
0A00
0C00
0000
0000
0000
0000
ENDCHAR
STARTCHAR uni1F51B
ENCODING 128283
SWIDTH 500 0
DWIDTH 11 0
BBX 11 22 0 -5
BITMAP
0000
0000
0000
0000
2080
4040
FFE0
4040
2080
0000
4940
AD40
AB40
A900
4940
0000
0000
0000
0000
0000
0000
0000
ENDCHAR
STARTCHAR uni1F51C
ENCODING 128284
SWIDTH 500 0
DWIDTH 11 0
BBX 11 22 0 -5
BITMAP
0000
0080
0040
FFE0
0040
0080
0000
1900
2280
1280
0A80
3100
0000
2480
5680
5580
5480
2480
0000
0000
0000
0000
ENDCHAR
STARTCHAR uni1F51D
ENCODING 128285
SWIDTH 500 0
DWIDTH 11 0
BBX 11 22 0 -5
BITMAP
0000
0000
0000
0000
0400
0E00
1500
0400
0400
0000
E4C0
4AA0
4AC0
4A80
4480
0000
0000
0000
0000
0000
0000
0000
ENDCHAR
STARTCHAR uni1F51E
ENCODING 128286
SWIDTH 500 0
DWIDTH 11 0
BBX 11 22 0 -5
BITMAP
0000
0000
0000
0000
0E00
31C0
40C0
40C0
93A0
B2A0
93A0
92A0
BBA0
9020
6040
6040
7180
0E00
0000
0000
0000
0000
ENDCHAR
STARTCHAR uni1F51F
ENCODING 128287
SWIDTH 500 0
DWIDTH 11 0
BBX 11 22 0 -5
BITMAP
0000
0000
0000
0000
0000
FFE0
8020
93A0
B2A0
92A0
92A0
BBA0
8020
FFE0
0000
0000
0000
0000
0000
0000
0000
0000
ENDCHAR
STARTCHAR uni1F520
ENCODING 128288
SWIDTH 500 0
DWIDTH 11 0
BBX 11 22 0 -5
BITMAP
0000
0000
FFE0
8020
9320
AAA0
BB20
AAA0
AB20
8020
9B20
A2A0
A2A0
A2A0
9B20
8020
FFE0
0000
0000
0000
0000
0000
ENDCHAR
STARTCHAR uni1F521
ENCODING 128289
SWIDTH 500 0
DWIDTH 11 0
BBX 11 22 0 -5
BITMAP
0000
0000
FFE0
8020
8220
9A20
AB20
AAA0
9B20
8020
80A0
98A0
A1A0
A2A0
99A0
8020
FFE0
0000
0000
0000
0000
0000
ENDCHAR
STARTCHAR uni1F522
ENCODING 128290
SWIDTH 500 0
DWIDTH 11 0
BBX 11 22 0 -5
BITMAP
0000
0000
FFE0
8020
9320
B0A0
9120
9220
BBA0
8020
B2A0
8AA0
93A0
88A0
B0A0
8020
FFE0
0000
0000
0000
0000
0000
ENDCHAR
STARTCHAR uni1F523
ENCODING 128291
SWIDTH 500 0
DWIDTH 11 0
BBX 11 22 0 -5
BITMAP
0000
0000
0000
0000
0000
0000
0000
4AA0
A2E0
44A0
A8E0
6AA0
0000
0000
0000
0000
0000
0000
0000
0000
0000
0000
ENDCHAR
STARTCHAR uni1F524
ENCODING 128292
SWIDTH 500 0
DWIDTH 11 0
BBX 11 22 0 -5
BITMAP
0000
0000
0000
0000
0000
0000
0000
0800
6860
AC80
AA80
6C60
0000
0000
0000
0000
0000
0000
0000
0000
0000
0000
ENDCHAR
STARTCHAR uni1F525
ENCODING 128293
SWIDTH 500 0
DWIDTH 11 0
BBX 11 22 0 -5
BITMAP
0000
0400
0400
0400
0600
0E00
2F00
2F00
2FC0
6FC0
7BC0
7BC0
7BE0
F1E0
F1E0
F1E0
70C0
60C0
6180
3180
1F00
0000
ENDCHAR
STARTCHAR uni1F526
ENCODING 128294
SWIDTH 500 0
DWIDTH 11 0
BBX 11 22 0 -5
BITMAP
0000
0000
3F80
2080
2080
3F80
2080
2080
2080
1100
1100
1500
1500
1500
1100
1100
1100
1100
1100
1F00
0000
0000
ENDCHAR
STARTCHAR uni1F527
ENCODING 128295
SWIDTH 500 0
DWIDTH 11 0
BBX 11 22 0 -5
BITMAP
0000
0000
0000
0000
0440
0CC0
0BA0
0840
0440
0780
0400
0400
0800
1000
1000
2000
2000
4000
0000
0000
0000
0000
ENDCHAR
STARTCHAR uni1F528
ENCODING 128296
SWIDTH 500 0
DWIDTH 11 0
BBX 11 22 0 -5
BITMAP
0000
0000
0000
0000
0400
0F00
1FC0
07C0
0780
0480
0800
0800
1000
1000
2000
2000
4000
4000
0000
0000
0000
0000
ENDCHAR
STARTCHAR uni1F529
ENCODING 128297
SWIDTH 500 0
DWIDTH 11 0
BBX 11 22 0 -5
BITMAP
0000
0000
0000
0000
1F00
2080
2480
4A40
2480
2080
1F00
1B00
1D00
1300
1D00
1300
1D00
1F00
0000
0000
0000
0000
ENDCHAR
STARTCHAR uni1F52A
ENCODING 128298
SWIDTH 500 0
DWIDTH 11 0
BBX 11 22 0 -5
BITMAP
0000
0060
03A0
0C20
0820
0820
0820
1020
1040
1040
1040
1880
3D00
3E00
2800
7800
7000
F000
D000
E000
6000
0000
ENDCHAR
STARTCHAR uni1F52B
ENCODING 128299
SWIDTH 500 0
DWIDTH 11 0
BBX 11 22 0 -5
BITMAP
0000
0000
0000
0000
0000
1E00
1E00
1E00
7FC0
60C0
7FC0
7F80
3D00
3F00
7800
7000
7000
0000
0000
0000
0000
0000
ENDCHAR
STARTCHAR uni1F52C
ENCODING 128300
SWIDTH 500 0
DWIDTH 11 0
BBX 11 22 0 -5
BITMAP
0000
0000
0000
0000
0C00
0B00
08C0
1100
1300
2280
1A80
0440
0040
7E40
0840
0880
1080
7FC0
7FC0
0000
0000
0000
ENDCHAR
STARTCHAR uni1F52D
ENCODING 128301
SWIDTH 500 0
DWIDTH 11 0
BBX 11 22 0 -5
BITMAP
0000
0000
0000
0000
3000
3000
6800
6600
6100
1880
0440
0680
0500
0400
0E00
1600
1500
2500
4080
0000
0000
0000
ENDCHAR
STARTCHAR uni1F52E
ENCODING 128302
SWIDTH 500 0
DWIDTH 11 0
BBX 11 22 0 -5
BITMAP
0000
0000
0000
0000
0000
0000
0E00
3D80
3080
6040
4040
4040
2080
3F80
3F80
3F80
7FC0
0000
0000
0000
0000
0000
ENDCHAR
STARTCHAR uni1F52F
ENCODING 128303
SWIDTH 500 0
DWIDTH 11 0
BBX 11 22 0 -5
BITMAP
0000
0000
0000
0000
0000
0000
0400
0A00
7FC0
5180
3180
2580
3180
7FC0
0A00
0C00
0400
0000
0000
0000
0000
0000
ENDCHAR
STARTCHAR uni1F530
ENCODING 128304
SWIDTH 500 0
DWIDTH 11 0
BBX 11 22 0 -5
BITMAP
0000
0000
0000
0000
0000
4040
61C0
5BC0
47C0
47C0
47C0
47C0
2780
2780
1700
0E00
0E00
0400
0000
0000
0000
0000
ENDCHAR
STARTCHAR uni1F531
ENCODING 128305
SWIDTH 500 0
DWIDTH 11 0
BBX 11 22 0 -5
BITMAP
0000
0000
0000
0000
0400
0400
0E00
4440
C460
E4E0
E4E0
4440
2480
1F00
0400
0400
0400
0400
0000
0000
0000
0000
ENDCHAR
STARTCHAR uni1F532
ENCODING 128306
SWIDTH 500 0
DWIDTH 11 0
BBX 11 22 0 -5
BITMAP
0000
0000
0000
0000
0000
7FC0
7FC0
60C0
60C0
60C0
60C0
60C0
7FC0
7FC0
0000
0000
0000
0000
0000
0000
0000
0000
ENDCHAR
STARTCHAR uni1F533
ENCODING 128307
SWIDTH 500 0
DWIDTH 11 0
BBX 11 22 0 -5
BITMAP
0000
0000
0000
0000
0000
7FC0
4040
5F40
5F40
5F40
5F40
5F40
4040
7FC0
0000
0000
0000
0000
0000
0000
0000
0000
ENDCHAR
STARTCHAR uni1F534
ENCODING 128308
SWIDTH 500 0
DWIDTH 11 0
BBX 11 22 0 -5
BITMAP
0000
0000
0000
0000
0000
0E00
3B80
3D80
6AC0
7740
6AC0
3D80
3B80
0E00
0000
0000
0000
0000
0000
0000
0000
0000
ENDCHAR
STARTCHAR uni1F535
ENCODING 128309
SWIDTH 500 0
DWIDTH 11 0
BBX 11 22 0 -5
BITMAP
0000
0000
0000
0000
0000
0E00
3F80
3F80
7BC0
7FC0
6EC0
3F80
3B80
0E00
0000
0000
0000
0000
0000
0000
0000
0000
ENDCHAR
STARTCHAR uni1F536
ENCODING 128310
SWIDTH 500 0
DWIDTH 11 0
BBX 11 22 0 -5
BITMAP
0000
0000
0000
0000
0000
0400
0A00
1500
2080
5540
2080
1500
0A00
0400
0000
0000
0000
0000
0000
0000
0000
0000
ENDCHAR
STARTCHAR uni1F537
ENCODING 128311
SWIDTH 500 0
DWIDTH 11 0
BBX 11 22 0 -5
BITMAP
0000
0000
0000
0000
0000
0400
0E00
1F00
3B80
7FC0
2E80
1F00
0A00
0400
0000
0000
0000
0000
0000
0000
0000
0000
ENDCHAR
STARTCHAR uni1F538
ENCODING 128312
SWIDTH 500 0
DWIDTH 11 0
BBX 11 22 0 -5
BITMAP
0000
0000
0000
0000
0000
0000
0000
0400
0A00
1500
0A00
0400
0000
0000
0000
0000
0000
0000
0000
0000
0000
0000
ENDCHAR
STARTCHAR uni1F539
ENCODING 128313
SWIDTH 500 0
DWIDTH 11 0
BBX 11 22 0 -5
BITMAP
0000
0000
0000
0000
0000
0000
0000
0400
0A00
1F00
0E00
0400
0000
0000
0000
0000
0000
0000
0000
0000
0000
0000
ENDCHAR
STARTCHAR uni1F53A
ENCODING 128314
SWIDTH 500 0
DWIDTH 11 0
BBX 11 22 0 -5
BITMAP
0000
0000
0000
0000
0000
0400
0400
0E00
0E00
1F00
1F00
3F80
3F80
7FC0
0000
0000
0000
0000
0000
0000
0000
0000
ENDCHAR
STARTCHAR uni1F53B
ENCODING 128315
SWIDTH 500 0
DWIDTH 11 0
BBX 11 22 0 -5
BITMAP
0000
0000
0000
0000
0000
7FC0
3F80
3F80
1F00
1F00
0E00
0E00
0400
0400
0000
0000
0000
0000
0000
0000
0000
0000
ENDCHAR
STARTCHAR uni1F53C
ENCODING 128316
SWIDTH 500 0
DWIDTH 11 0
BBX 11 22 0 -5
BITMAP
0000
0000
0000
0000
0000
0000
0000
0000
0400
0E00
0E00
1F00
1F00
3F80
0000
0000
0000
0000
0000
0000
0000
0000
ENDCHAR
STARTCHAR uni1F53D
ENCODING 128317
SWIDTH 500 0
DWIDTH 11 0
BBX 11 22 0 -5
BITMAP
0000
0000
0000
0000
0000
0000
0000
0000
3F80
1F00
1F00
0E00
0E00
0400
0000
0000
0000
0000
0000
0000
0000
0000
ENDCHAR
STARTCHAR uni1F549
ENCODING 128329
SWIDTH 500 0
DWIDTH 11 0
BBX 11 22 0 -5
BITMAP
0000
0000
0000
0000
0100
0000
0040
0440
1380
2D00
45C0
1940
0E40
4580
4400
6400
1800
0000
0000
0000
0000
0000
ENDCHAR
STARTCHAR uni1F54A
ENCODING 128330
SWIDTH 500 0
DWIDTH 11 0
BBX 11 22 0 -5
BITMAP
0000
0000
0000
1000
9000
D000
E800
F980
B940
AAC0
BE20
9040
4EC0
4120
2260
2460
6860
7040
3000
2000
0000
0000
ENDCHAR
STARTCHAR uni1F54B
ENCODING 128331
SWIDTH 500 0
DWIDTH 11 0
BBX 11 22 0 -5
BITMAP
0000
0000
0000
0800
3F00
FFE0
FDE0
FDE0
3D80
C460
F9E0
FDE0
FC20
FC20
FC20
1C20
01E0
0020
0000
0000
0000
0000
ENDCHAR
STARTCHAR uni1F54C
ENCODING 128332
SWIDTH 500 0
DWIDTH 11 0
BBX 11 22 0 -5
BITMAP
0000
0200
0400
4200
4200
A200
A780
A840
F020
B020
B020
BFE0
B020
B020
B020
B220
B520
B520
B520
B520
FFE0
0000
ENDCHAR
STARTCHAR uni1F54D
ENCODING 128333
SWIDTH 500 0
DWIDTH 11 0
BBX 11 22 0 -5
BITMAP
0000
0000
0000
2080
24C0
5B40
5120
8420
BFA0
9B20
9120
9B20
BFA0
8420
8020
8020
8420
8A20
8A20
8A20
FFE0
0000
ENDCHAR
STARTCHAR uni1F54E
ENCODING 128334
SWIDTH 500 0
DWIDTH 11 0
BBX 11 22 0 -5
BITMAP
0000
0000
0800
8840
8840
6980
1E00
8840
8840
6980
1E00
8840
8840
6980
1E00
8840
8840
6980
1E00
0000
0000
0000
ENDCHAR
STARTCHAR uni1F550
ENCODING 128336
SWIDTH 500 0
DWIDTH 11 0
BBX 11 22 0 -5
BITMAP
0000
0000
0000
0000
0000
1E00
2900
4A80
4C80
8C40
8840
8040
8040
4080
4080
2100
1E00
0000
0000
0000
0000
0000
ENDCHAR
STARTCHAR uni1F551
ENCODING 128337
SWIDTH 500 0
DWIDTH 11 0
BBX 11 22 0 -5
BITMAP
0000
0000
0000
0000
0000
1E00
2900
4880
4980
8E40
8840
8040
8040
4080
4080
2100
1E00
0000
0000
0000
0000
0000
ENDCHAR
STARTCHAR uni1F552
ENCODING 128338
SWIDTH 500 0
DWIDTH 11 0
BBX 11 22 0 -5
BITMAP
0000
0000
0000
0000
0000
1E00
2900
4880
4880
8840
8F40
8040
8040
4080
4080
2100
1E00
0000
0000
0000
0000
0000
ENDCHAR
STARTCHAR uni1F553
ENCODING 128339
SWIDTH 500 0
DWIDTH 11 0
BBX 11 22 0 -5
BITMAP
0000
0000
0000
0000
0000
1E00
2900
4880
4880
8840
8840
8640
8140
4080
4080
2100
1E00
0000
0000
0000
0000
0000
ENDCHAR
STARTCHAR uni1F554
ENCODING 128340
SWIDTH 500 0
DWIDTH 11 0
BBX 11 22 0 -5
BITMAP
0000
0000
0000
0000
0000
1E00
2900
4880
4880
8840
8840
8440
8440
4280
4080
2100
1E00
0000
0000
0000
0000
0000
ENDCHAR
STARTCHAR uni1F555
ENCODING 128341
SWIDTH 500 0
DWIDTH 11 0
BBX 11 22 0 -5
BITMAP
0000
0000
0000
0000
0000
1E00
2900
4880
4880
8840
8840
8840
8840
4880
4880
2100
1E00
0000
0000
0000
0000
0000
ENDCHAR
STARTCHAR uni1F556
ENCODING 128342
SWIDTH 500 0
DWIDTH 11 0
BBX 11 22 0 -5
BITMAP
0000
0000
0000
0000
0000
1E00
2500
4480
4480
8440
8440
8840
8840
5080
4080
2100
1E00
0000
0000
0000
0000
0000
ENDCHAR
STARTCHAR uni1F557
ENCODING 128343
SWIDTH 500 0
DWIDTH 11 0
BBX 11 22 0 -5
BITMAP
0000
0000
0000
0000
0000
1E00
2900
4880
4880
8840
8840
9040
A040
4080
4080
2100
1E00
0000
0000
0000
0000
0000
ENDCHAR
STARTCHAR uni1F558
ENCODING 128344
SWIDTH 500 0
DWIDTH 11 0
BBX 11 22 0 -5
BITMAP
0000
0000
0000
0000
0000
1E00
2900
4880
4880
8840
B840
8040
8040
4080
4080
2100
1E00
0000
0000
0000
0000
0000
ENDCHAR
STARTCHAR uni1F559
ENCODING 128345
SWIDTH 500 0
DWIDTH 11 0
BBX 11 22 0 -5
BITMAP
0000
0000
0000
0000
0000
1E00
2900
4880
6880
9840
8840
8040
8040
4080
4080
2100
1E00
0000
0000
0000
0000
0000
ENDCHAR
STARTCHAR uni1F55A
ENCODING 128346
SWIDTH 500 0
DWIDTH 11 0
BBX 11 22 0 -5
BITMAP
0000
0000
0000
0000
0000
1E00
2500
5480
4C80
8C40
8440
8040
8040
4080
4080
2100
1E00
0000
0000
0000
0000
0000
ENDCHAR
STARTCHAR uni1F55B
ENCODING 128347
SWIDTH 500 0
DWIDTH 11 0
BBX 11 22 0 -5
BITMAP
0000
0000
0000
0000
0000
1E00
2900
4880
4880
8840
8840
8040
8040
4080
4080
2100
1E00
0000
0000
0000
0000
0000
ENDCHAR
STARTCHAR uni1F55C
ENCODING 128348
SWIDTH 500 0
DWIDTH 11 0
BBX 11 22 0 -5
BITMAP
0000
0000
0000
0000
0000
1E00
2100
4280
4480
8440
8840
8840
8840
4880
4880
2100
1E00
0000
0000
0000
0000
0000
ENDCHAR
STARTCHAR uni1F55D
ENCODING 128349
SWIDTH 500 0
DWIDTH 11 0
BBX 11 22 0 -5
BITMAP
0000
0000
0000
0000
0000
1E00
2100
4080
4080
8340
8C40
8840
8840
4880
4880
2100
1E00
0000
0000
0000
0000
0000
ENDCHAR
STARTCHAR uni1F55E
ENCODING 128350
SWIDTH 500 0
DWIDTH 11 0
BBX 11 22 0 -5
BITMAP
0000
0000
0000
0000
0000
1E00
2100
4080
4080
8040
8C40
8B40
8840
4880
4880
2100
1E00
0000
0000
0000
0000
0000
ENDCHAR
STARTCHAR uni1F55F
ENCODING 128351
SWIDTH 500 0
DWIDTH 11 0
BBX 11 22 0 -5
BITMAP
0000
0000
0000
0000
0000
1E00
2100
4080
4080
8040
8840
8C40
8C40
4A80
4880
2100
1E00
0000
0000
0000
0000
0000
ENDCHAR
STARTCHAR uni1F560
ENCODING 128352
SWIDTH 500 0
DWIDTH 11 0
BBX 11 22 0 -5
BITMAP
0000
0000
0000
0000
0000
1E00
2100
4080
4080
8040
8840
8840
8C40
4C80
4C80
2100
1E00
0000
0000
0000
0000
0000
ENDCHAR
STARTCHAR uni1F561
ENCODING 128353
SWIDTH 500 0
DWIDTH 11 0
BBX 11 22 0 -5
BITMAP
0000
0000
0000
0000
0000
1E00
2100
4080
4080
8040
8440
8440
8C40
4C80
4C80
2100
1E00
0000
0000
0000
0000
0000
ENDCHAR
STARTCHAR uni1F562
ENCODING 128354
SWIDTH 500 0
DWIDTH 11 0
BBX 11 22 0 -5
BITMAP
0000
0000
0000
0000
0000
1E00
2100
4080
4080
8040
8440
8C40
8C40
5480
4480
2100
1E00
0000
0000
0000
0000
0000
ENDCHAR
STARTCHAR uni1F563
ENCODING 128355
SWIDTH 500 0
DWIDTH 11 0
BBX 11 22 0 -5
BITMAP
0000
0000
0000
0000
0000
1E00
2100
4080
4080
8040
8C40
B440
8440
4480
4480
2100
1E00
0000
0000
0000
0000
0000
ENDCHAR
STARTCHAR uni1F564
ENCODING 128356
SWIDTH 500 0
DWIDTH 11 0
BBX 11 22 0 -5
BITMAP
0000
0000
0000
0000
0000
1E00
2100
4080
4080
B040
8C40
8440
8440
4480
4480
2100
1E00
0000
0000
0000
0000
0000
ENDCHAR
STARTCHAR uni1F565
ENCODING 128357
SWIDTH 500 0
DWIDTH 11 0
BBX 11 22 0 -5
BITMAP
0000
0000
0000
0000
0000
1E00
2100
5080
4880
8840
8440
8440
8440
4480
4480
2100
1E00
0000
0000
0000
0000
0000
ENDCHAR
STARTCHAR uni1F566
ENCODING 128358
SWIDTH 500 0
DWIDTH 11 0
BBX 11 22 0 -5
BITMAP
0000
0000
0000
0000
0000
1E00
2900
4880
4880
8440
8440
8440
8440
4480
4480
2100
1E00
0000
0000
0000
0000
0000
ENDCHAR
STARTCHAR uni1F567
ENCODING 128359
SWIDTH 500 0
DWIDTH 11 0
BBX 11 22 0 -5
BITMAP
0000
0000
0000
0000
0000
1E00
2500
4480
4480
8840
8840
8840
8840
4880
4880
2100
1E00
0000
0000
0000
0000
0000
ENDCHAR
STARTCHAR uni1F56F
ENCODING 128367
SWIDTH 500 0
DWIDTH 11 0
BBX 11 22 0 -5
BITMAP
0000
0000
0400
0C00
0A00
1200
1100
1100
1200
0C00
0000
1F00
1900
1900
1100
1100
1100
1100
1F00
7FC0
0000
0000
ENDCHAR
STARTCHAR uni1F570
ENCODING 128368
SWIDTH 500 0
DWIDTH 11 0
BBX 11 22 0 -5
BITMAP
0000
0000
0400
1B00
2080
2E80
5140
60C0
50C0
4B40
4440
4040
4040
4040
60C0
5140
4E40
4020
FFE0
8020
FFE0
0000
ENDCHAR
STARTCHAR uni1F573
ENCODING 128371
SWIDTH 500 0
DWIDTH 11 0
BBX 11 22 0 -5
BITMAP
0000
0000
0000
0000
0000
0000
0000
0000
0000
7F80
FFC0
FFC0
FFC0
7F80
1E00
0000
0000
0000
0000
0000
0000
0000
ENDCHAR
STARTCHAR uni1F574
ENCODING 128372
SWIDTH 500 0
DWIDTH 11 0
BBX 11 22 0 -5
BITMAP
0000
0E00
0E00
3F80
0400
0000
0400
0A00
1100
2480
2480
2480
2480
2480
2A80
0A00
0A00
0A00
0000
0000
3F80
0000
ENDCHAR
STARTCHAR uni1F575
ENCODING 128373
SWIDTH 500 0
DWIDTH 11 0
BBX 11 22 0 -5
BITMAP
2200
3F00
3F00
4080
7FC0
FFE0
3F80
3F80
2480
5140
4040
4040
2080
3380
0E00
0E40
00A0
1540
7FC0
7FC0
FFE0
0000
ENDCHAR
STARTCHAR uni1F576
ENCODING 128374
SWIDTH 500 0
DWIDTH 11 0
BBX 11 22 0 -5
BITMAP
0000
0000
0000
0000
0000
0000
2080
2080
4040
71C0
7FC0
7BC0
7BC0
3180
0000
0000
0000
0000
0000
0000
0000
0000
ENDCHAR
STARTCHAR uni1F577
ENCODING 128375
SWIDTH 500 0
DWIDTH 11 0
BBX 11 22 0 -5
BITMAP
0000
4040
4040
4040
2080
AEA0
9F20
5540
3F80
1F00
1100
2080
60C0
60C0
A0A0
9120
1F00
2080
2080
2080
2080
0000
ENDCHAR
STARTCHAR uni1F578
ENCODING 128376
SWIDTH 500 0
DWIDTH 11 0
BBX 11 22 0 -5
BITMAP
0000
0000
8420
4440
5F40
2480
2C80
3780
5F40
5F40
FFE0
5F40
5F40
3D80
2680
2480
5F40
4440
8420
0000
0000
0000
ENDCHAR
STARTCHAR uni1F579
ENCODING 128377
SWIDTH 500 0
DWIDTH 11 0
BBX 11 22 0 -5
BITMAP
0000
0000
0000
0000
0E00
1F00
1F00
1F00
0E00
0400
0400
0400
3F00
2180
4080
4040
4040
7FC0
0000
0000
0000
0000
ENDCHAR
STARTCHAR uni1F57A
ENCODING 128378
SWIDTH 500 0
DWIDTH 11 0
BBX 11 22 0 -5
BITMAP
0000
8000
8000
4000
4400
2E00
1400
0C00
0200
0100
0900
0880
0880
0D00
0B00
1160
1080
2000
4000
4000
8000
0000
ENDCHAR
STARTCHAR uni1F587
ENCODING 128391
SWIDTH 500 0
DWIDTH 11 0
BBX 11 22 0 -5
BITMAP
0000
0000
0000
0100
1E80
1240
2140
2140
2340
2540
2B40
2B40
2B40
2B80
2900
2100
2100
1200
1E00
0000
0000
0000
ENDCHAR
STARTCHAR uni1F58A
ENCODING 128394
SWIDTH 500 0
DWIDTH 11 0
BBX 11 22 0 -5
BITMAP
0000
0000
0300
0300
0500
05C0
0940
0940
0940
0940
0940
0940
0900
0900
0A00
0A00
0A00
0C00
0C00
0000
0000
0000
ENDCHAR
STARTCHAR uni1F58B
ENCODING 128395
SWIDTH 500 0
DWIDTH 11 0
BBX 11 22 0 -5
BITMAP
0000
0000
0380
0280
0280
0280
0480
0500
0500
0500
0500
0700
0700
0900
1600
1A00
1A00
1400
1800
1000
0000
0000
ENDCHAR
STARTCHAR uni1F58C
ENCODING 128396
SWIDTH 500 0
DWIDTH 11 0
BBX 11 22 0 -5
BITMAP
0000
0000
0100
0180
0280
0280
0300
0500
0500
0500
0A00
0E00
0E00
1200
1200
1200
1200
1400
2800
7000
0000
0000
ENDCHAR
STARTCHAR uni1F58D
ENCODING 128397
SWIDTH 500 0
DWIDTH 11 0
BBX 11 22 0 -5
BITMAP
0000
0000
0400
0A00
0A00
1100
1100
1100
1F00
1100
1100
1100
1100
1100
1100
1F00
1100
1100
1F00
0000
0000
0000
ENDCHAR
STARTCHAR uni1F590
ENCODING 128400
SWIDTH 500 0
DWIDTH 11 0
BBX 11 22 0 -5
BITMAP
0000
1800
1A00
1B80
3A80
3680
3CC0
3D60
2DA0
5DC0
B140
9040
8240
8D80
7080
1100
1100
1100
1100
1100
1F00
0000
ENDCHAR
STARTCHAR uni1F595
ENCODING 128405
SWIDTH 500 0
DWIDTH 11 0
BBX 11 22 0 -5
BITMAP
0000
0400
0B00
0900
0900
0900
0900
0900
0900
0900
2980
5940
6040
51C0
50C0
50C0
2040
2080
2080
2080
3F80
0000
ENDCHAR
STARTCHAR uni1F596
ENCODING 128406
SWIDTH 500 0
DWIDTH 11 0
BBX 11 22 0 -5
BITMAP
0000
0200
1380
32C0
33A0
3BA0
3CA0
2D20
1D40
DD40
B940
9040
8280
4D80
5080
2080
2080
2080
2080
2080
3F80
0000
ENDCHAR
STARTCHAR uni1F5A4
ENCODING 128420
SWIDTH 500 0
DWIDTH 11 0
BBX 11 22 0 -5
BITMAP
0000
0000
0000
0000
0000
6300
F780
FF80
FF80
FF80
FF80
FF80
FF80
7F00
3E00
1C00
0800
0000
0000
0000
0000
0000
ENDCHAR
STARTCHAR uni1F5A5
ENCODING 128421
SWIDTH 500 0
DWIDTH 11 0
BBX 11 22 0 -5
BITMAP
0000
0000
0000
0000
0000
7FC0
7FC0
60C0
60C0
60C0
60C0
7FC0
4040
7FC0
0400
0400
0400
3F80
0000
0000
0000
0000
ENDCHAR
STARTCHAR uni1F5A8
ENCODING 128424
SWIDTH 500 0
DWIDTH 11 0
BBX 11 22 0 -5
BITMAP
0000
0000
0000
0000
1F00
1F00
1100
1100
7FC0
4040
4140
4040
5F40
5140
7FC0
1100
1F00
1100
1F00
0000
0000
0000
ENDCHAR
STARTCHAR uni1F5B1
ENCODING 128433
SWIDTH 500 0
DWIDTH 11 0
BBX 11 22 0 -5
BITMAP
0000
0000
0000
0180
0600
0400
0400
0E00
1B00
2A80
7FC0
4040
4040
4040
4040
2080
1100
0E00
0000
0000
0000
0000
ENDCHAR
STARTCHAR uni1F5B2
ENCODING 128434
SWIDTH 500 0
DWIDTH 11 0
BBX 11 22 0 -5
BITMAP
0000
0000
0000
0000
0000
0000
1F00
1100
1F00
3F80
3F80
3F80
2E80
2080
7BC0
4040
7FC0
0000
0000
0000
0000
0000
ENDCHAR
STARTCHAR uni1F5BC
ENCODING 128444
SWIDTH 500 0
DWIDTH 11 0
BBX 11 22 0 -5
BITMAP
0000
0000
0000
0000
0000
FFE0
FFE0
C060
C160
C3E0
C160
C860
D560
D2E0
E060
FFE0
8020
FFE0
0000
0000
0000
0000
ENDCHAR
STARTCHAR uni1F5C2
ENCODING 128450
SWIDTH 500 0
DWIDTH 11 0
BBX 11 22 0 -5
BITMAP
0000
0000
0000
1E00
1100
11C0
7040
4840
4F40
4140
4140
4140
4140
4140
41C0
4100
4100
7F00
0000
0000
0000
0000
ENDCHAR
STARTCHAR uni1F5C3
ENCODING 128451
SWIDTH 500 0
DWIDTH 11 0
BBX 11 22 0 -5
BITMAP
0000
0000
0000
0000
0000
1F80
2080
2040
7FC0
4040
4040
5F40
5140
5140
5F40
4040
4040
4040
7FC0
0000
0000
0000
ENDCHAR
STARTCHAR uni1F5C4
ENCODING 128452
SWIDTH 500 0
DWIDTH 11 0
BBX 11 22 0 -5
BITMAP
0000
0000
3F80
2080
2080
2E80
2080
2080
3F80
2080
2080
2E80
2080
3F80
2080
2080
2E80
2080
2080
3F80
0000
0000
ENDCHAR
STARTCHAR uni1F5D1
ENCODING 128465
SWIDTH 500 0
DWIDTH 11 0
BBX 11 22 0 -5
BITMAP
0000
0000
0000
1F00
0000
7FC0
4040
4040
5540
3580
3580
3580
3580
3580
3580
3580
1500
1100
1100
1F00
0000
0000
ENDCHAR
STARTCHAR uni1F5D2
ENCODING 128466
SWIDTH 500 0
DWIDTH 11 0
BBX 11 22 0 -5
BITMAP
0000
0000
1500
1500
3F80
3580
3580
2080
2080
3F80
2080
3F80
2080
2080
3F80
2080
2080
3F80
2080
3F80
0000
0000
ENDCHAR
STARTCHAR uni1F5D3
ENCODING 128467
SWIDTH 500 0
DWIDTH 11 0
BBX 11 22 0 -5
BITMAP
0000
0000
0000
3980
3980
3F80
3980
3980
2080
3F80
2080
3380
2080
2080
3380
2080
2080
3F80
0000
0000
0000
0000
ENDCHAR
STARTCHAR uni1F5DC
ENCODING 128476
SWIDTH 500 0
DWIDTH 11 0
BBX 11 22 0 -5
BITMAP
0000
0000
0000
0000
0000
7F80
4100
47C0
4100
4100
4100
4100
47C0
4080
4080
7F80
0100
07C0
0100
0000
0000
0000
ENDCHAR
STARTCHAR uni1F5DD
ENCODING 128477
SWIDTH 500 0
DWIDTH 11 0
BBX 11 22 0 -5
BITMAP
0000
0000
0400
0A00
3180
5B40
5B40
5B40
3B80
0400
0400
0400
0400
0400
0400
0780
0480
0480
0580
0400
0000
0000
ENDCHAR
STARTCHAR uni1F5DE
ENCODING 128478
SWIDTH 500 0
DWIDTH 11 0
BBX 11 22 0 -5
BITMAP
0000
0000
0000
0700
1E80
1940
16C0
1880
2700
3100
3500
3500
3500
3A00
5A00
5A00
5200
4200
2600
1800
0000
0000
ENDCHAR
STARTCHAR uni1F5E1
ENCODING 128481
SWIDTH 500 0
DWIDTH 11 0
BBX 11 22 0 -5
BITMAP
0000
0000
0000
0400
0600
0E00
0D00
1500
1500
1500
1500
1500
1500
7FC0
0E00
0E00
0E00
0E00
0E00
0400
0000
0000
ENDCHAR
STARTCHAR uni1F5E3
ENCODING 128483
SWIDTH 500 0
DWIDTH 11 0
BBX 11 22 0 -5
BITMAP
0000
0000
0000
0800
7C20
7C40
7C40
FA80
FE00
FE00
7FE0
7E00
7E00
7E80
3C40
3840
3820
3800
3C00
3C00
3E00
0000
ENDCHAR
STARTCHAR uni1F5E8
ENCODING 128488
SWIDTH 500 0
DWIDTH 11 0
BBX 11 22 0 -5
BITMAP
0000
0000
0000
0000
0000
3F00
4080
4080
8040
8040
8040
8040
8040
4080
6F00
7000
E000
C000
0000
0000
0000
0000
ENDCHAR
STARTCHAR uni1F5EF
ENCODING 128495
SWIDTH 500 0
DWIDTH 11 0
BBX 11 22 0 -5
BITMAP
0000
0000
0000
0000
0800
2C80
5580
5280
C0E0
2020
4040
4040
C020
20E0
2280
5B80
6D80
0C80
0880
0000
0000
0000
ENDCHAR
STARTCHAR uni1F5F3
ENCODING 128499
SWIDTH 500 0
DWIDTH 11 0
BBX 11 22 0 -5
BITMAP
0000
0000
0700
1900
1100
1B00
1700
1500
1100
1600
1800
7FC0
4040
4040
4040
4040
4040
4040
7FC0
0000
0000
0000
ENDCHAR
STARTCHAR uni1F5FA
ENCODING 128506
SWIDTH 500 0
DWIDTH 11 0
BBX 11 22 0 -5
BITMAP
0000
0020
1060
7CA0
9320
91A0
B1A0
B7E0
FBE0
F3A0
F3A0
B3A0
BBA0
9B20
9B20
9BE0
9BE0
99E0
9940
E780
8100
0000
ENDCHAR
STARTCHAR uni1F5FB
ENCODING 128507
SWIDTH 500 0
DWIDTH 11 0
BBX 11 22 0 -5
BITMAP
0000
0000
0000
0000
0000
0000
0000
0E00
0A00
1100
1500
1F00
2080
2080
4040
4040
FFE0
0000
0000
FFE0
0000
0000
ENDCHAR
STARTCHAR uni1F5FC
ENCODING 128508
SWIDTH 500 0
DWIDTH 11 0
BBX 11 22 0 -5
BITMAP
0000
0400
0400
0400
0E00
0A00
0A00
0A00
1F00
1F00
1500
1700
2A80
3F80
2080
3F80
2480
4A40
4940
5140
7FC0
0000
ENDCHAR
STARTCHAR uni1F5FD
ENCODING 128509
SWIDTH 500 0
DWIDTH 11 0
BBX 11 22 0 -5
BITMAP
0000
4000
4000
E000
E600
FF00
4780
2900
2900
2700
1D00
0D80
0E80
0F80
0C80
1480
1480
1F80
3FC0
2040
7FE0
0000
ENDCHAR
STARTCHAR uni1F5FE
ENCODING 128510
SWIDTH 500 0
DWIDTH 11 0
BBX 11 22 0 -5
BITMAP
0000
0100
0120
03E0
03C0
00C0
0080
0100
0180
0380
0380
0300
0300
0600
8E00
1800
1800
7000
FC00
F000
E000
0000
ENDCHAR
STARTCHAR uni1F5FF
ENCODING 128511
SWIDTH 500 0
DWIDTH 11 0
BBX 11 22 0 -5
BITMAP
0000
0000
1F80
1080
1080
1080
1080
1F80
1480
1480
2480
7780
1080
1080
1F80
2080
2080
2080
2100
3F00
0000
0000
ENDCHAR
STARTCHAR uni1F600
ENCODING 128512
SWIDTH 500 0
DWIDTH 11 0
BBX 11 22 0 -5
BITMAP
0000
0000
0000
0000
0C00
3300
4080
4080
9240
9240
8040
8040
BF40
A140
7F80
5E80
3300
0C00
0000
0000
0000
0000
ENDCHAR
STARTCHAR uni1F601
ENCODING 128513
SWIDTH 500 0
DWIDTH 11 0
BBX 11 22 0 -5
BITMAP
0000
0000
0000
0000
0E00
3180
4040
4040
9120
AAA0
8020
8020
BFA0
A0A0
7FC0
7FC0
3180
0E00
0000
0000
0000
0000
ENDCHAR
STARTCHAR uni1F602
ENCODING 128514
SWIDTH 500 0
DWIDTH 11 0
BBX 11 22 0 -5
BITMAP
0000
0000
0000
0000
0E00
3180
4040
4040
9120
AAA0
8020
8020
E0E0
FFE0
7FC0
5F40
3180
0E00
0000
0000
0000
0000
ENDCHAR
STARTCHAR uni1F603
ENCODING 128515
SWIDTH 500 0
DWIDTH 11 0
BBX 11 22 0 -5
BITMAP
0000
0000
0000
0000
0C00
3300
4080
5B80
9B40
9B40
8040
8040
BF40
A140
7F80
5E80
3300
0C00
0000
0000
0000
0000
ENDCHAR
STARTCHAR uni1F604
ENCODING 128516
SWIDTH 500 0
DWIDTH 11 0
BBX 11 22 0 -5
BITMAP
0000
0000
0000
0000
0E00
3180
4040
4040
9120
AAA0
8020
8020
A0A0
BFA0
7FC0
5F40
3180
0E00
0000
0000
0000
0000
ENDCHAR
STARTCHAR uni1F605
ENCODING 128517
SWIDTH 500 0
DWIDTH 11 0
BBX 11 22 0 -5
BITMAP
0000
0000
0000
0040
0CC0
33C0
4080
4080
9240
9240
8040
8040
A140
BF40
7F80
5E80
3300
0C00
0000
0000
0000
0000
ENDCHAR
STARTCHAR uni1F606
ENCODING 128518
SWIDTH 500 0
DWIDTH 11 0
BBX 11 22 0 -5
BITMAP
0000
0000
0000
0000
0E00
3180
4040
60C0
9B20
B1A0
8020
8020
A0A0
BFA0
7FC0
5F40
3180
0E00
0000
0000
0000
0000
ENDCHAR
STARTCHAR uni1F607
ENCODING 128519
SWIDTH 500 0
DWIDTH 11 0
BBX 11 22 0 -5
BITMAP
0000
0000
1E00
6180
1E00
3300
4080
4080
9240
9240
8040
8040
A140
9E40
4080
4080
3300
0C00
0000
0000
0000
0000
ENDCHAR
STARTCHAR uni1F608
ENCODING 128520
SWIDTH 500 0
DWIDTH 11 0
BBX 11 22 0 -5
BITMAP
0000
0000
0000
8020
CE60
F1E0
E0E0
DB60
9120
9120
8020
8020
BFA0
A0A0
7FC0
5F40
3180
0E00
0000
0000
0000
0000
ENDCHAR
STARTCHAR uni1F609
ENCODING 128521
SWIDTH 500 0
DWIDTH 11 0
BBX 11 22 0 -5
BITMAP
0000
0000
0000
0000
0C00
3300
4080
4080
9240
AA40
8040
8040
A140
9E40
4080
4080
3300
0C00
0000
0000
0000
0000
ENDCHAR
STARTCHAR uni1F60A
ENCODING 128522
SWIDTH 500 0
DWIDTH 11 0
BBX 11 22 0 -5
BITMAP
0000
0000
0000
0000
0E00
3180
4040
4040
9120
AAA0
8020
C060
A0A0
9F20
4040
4040
3180
0E00
0000
0000
0000
0000
ENDCHAR
STARTCHAR uni1F60B
ENCODING 128523
SWIDTH 500 0
DWIDTH 11 0
BBX 11 22 0 -5
BITMAP
0000
0000
0000
0000
0E00
3180
4040
4040
9120
AAA0
8020
8020
A0A0
9FA0
43C0
43C0
3180
0E00
0000
0000
0000
0000
ENDCHAR
STARTCHAR uni1F60C
ENCODING 128524
SWIDTH 500 0
DWIDTH 11 0
BBX 11 22 0 -5
BITMAP
0000
0000
0000
0000
0E00
3180
7BC0
4040
AAA0
9120
8020
8020
A0A0
9F20
4040
4040
3180
0E00
0000
0000
0000
0000
ENDCHAR
STARTCHAR uni1F60D
ENCODING 128525
SWIDTH 500 0
DWIDTH 11 0
BBX 11 22 0 -5
BITMAP
0000
0000
0000
0000
0E00
3180
4040
6AC0
BBA0
9120
8020
8020
BFA0
A0A0
7FC0
5F40
3180
0E00
0000
0000
0000
0000
ENDCHAR
STARTCHAR uni1F60E
ENCODING 128526
SWIDTH 500 0
DWIDTH 11 0
BBX 11 22 0 -5
BITMAP
0000
0000
0000
0000
0C00
3300
4080
FFC0
FFC0
FFC0
8040
8040
A140
9E40
4080
4080
3300
0C00
0000
0000
0000
0000
ENDCHAR
STARTCHAR uni1F60F
ENCODING 128527
SWIDTH 500 0
DWIDTH 11 0
BBX 11 22 0 -5
BITMAP
0000
0000
0000
0000
1C00
2300
4080
4080
B740
9140
8040
8140
8140
BE40
4080
4080
2300
1C00
0000
0000
0000
0000
ENDCHAR
STARTCHAR uni1F610
ENCODING 128528
SWIDTH 500 0
DWIDTH 11 0
BBX 11 22 0 -5
BITMAP
0000
0000
0000
0000
0C00
3300
4080
4080
9240
9240
8040
8040
8040
BF40
4080
4080
3300
0C00
0000
0000
0000
0000
ENDCHAR
STARTCHAR uni1F611
ENCODING 128529
SWIDTH 500 0
DWIDTH 11 0
BBX 11 22 0 -5
BITMAP
0000
0000
0000
0000
0C00
3300
4080
4080
9B40
8040
8040
8040
8040
BF40
4080
4080
3300
0C00
0000
0000
0000
0000
ENDCHAR
STARTCHAR uni1F612
ENCODING 128530
SWIDTH 500 0
DWIDTH 11 0
BBX 11 22 0 -5
BITMAP
0000
0000
0000
0000
1C00
2300
4080
4080
B740
9140
8040
8040
BE40
8140
4080
4080
2300
1C00
0000
0000
0000
0000
ENDCHAR
STARTCHAR uni1F613
ENCODING 128531
SWIDTH 500 0
DWIDTH 11 0
BBX 11 22 0 -5
BITMAP
0000
0000
0000
0020
0E60
31E0
4040
4040
AAA0
9120
8020
8020
9F20
A0A0
4040
4040
3180
0E00
0000
0000
0000
0000
ENDCHAR
STARTCHAR uni1F614
ENCODING 128532
SWIDTH 500 0
DWIDTH 11 0
BBX 11 22 0 -5
BITMAP
0000
0000
0000
0000
0E00
3180
6140
4040
AAA0
9120
8020
8020
9F20
A0A0
4040
4040
3180
0E00
0000
0000
0000
0000
ENDCHAR
STARTCHAR uni1F615
ENCODING 128533
SWIDTH 500 0
DWIDTH 11 0
BBX 11 22 0 -5
BITMAP
0000
0000
0000
0000
0C00
3300
6080
5880
9240
9240
8040
8040
9840
8440
4380
4080
3300
0C00
0000
0000
0000
0000
ENDCHAR
STARTCHAR uni1F616
ENCODING 128534
SWIDTH 500 0
DWIDTH 11 0
BBX 11 22 0 -5
BITMAP
0000
0000
0000
0000
0E00
3180
4040
60C0
9B20
B1A0
8020
8020
AAA0
9520
4040
4040
3180
0E00
0000
0000
0000
0000
ENDCHAR
STARTCHAR uni1F617
ENCODING 128535
SWIDTH 500 0
DWIDTH 11 0
BBX 11 22 0 -5
BITMAP
0000
0000
0000
0000
0E00
3180
4040
4040
9140
9140
8040
8040
8840
8640
4C40
4640
3180
0E00
0000
0000
0000
0000
ENDCHAR
STARTCHAR uni1F618
ENCODING 128536
SWIDTH 500 0
DWIDTH 11 0
BBX 11 22 0 -5
BITMAP
0000
0000
0000
0000
0E00
3180
4040
4040
9120
A920
8020
8020
8820
8620
4C40
46E0
31E0
0E40
0000
0000
0000
0000
ENDCHAR
STARTCHAR uni1F619
ENCODING 128537
SWIDTH 500 0
DWIDTH 11 0
BBX 11 22 0 -5
BITMAP
0000
0000
0000
0000
0E00
3180
4040
4040
9120
AAA0
8020
8020
8820
8620
4C40
4640
3180
0E00
0000
0000
0000
0000
ENDCHAR
STARTCHAR uni1F61A
ENCODING 128538
SWIDTH 500 0
DWIDTH 11 0
BBX 11 22 0 -5
BITMAP
0000
0000
0000
0000
0E00
3180
4040
4040
AAA0
9120
8020
8020
8820
8620
4C40
4640
3180
0E00
0000
0000
0000
0000
ENDCHAR
STARTCHAR uni1F61B
ENCODING 128539
SWIDTH 500 0
DWIDTH 11 0
BBX 11 22 0 -5
BITMAP
0000
0000
0000
0000
0C00
3300
4080
4080
9240
9240
8040
8040
A140
9E40
4C80
4C80
3300
0C00
0000
0000
0000
0000
ENDCHAR
STARTCHAR uni1F61C
ENCODING 128540
SWIDTH 500 0
DWIDTH 11 0
BBX 11 22 0 -5
BITMAP
0000
0000
0000
0000
0C00
3300
4080
4080
9240
AA40
8040
8040
A140
9E40
4C80
4C80
3300
0C00
0000
0000
0000
0000
ENDCHAR
STARTCHAR uni1F61D
ENCODING 128541
SWIDTH 500 0
DWIDTH 11 0
BBX 11 22 0 -5
BITMAP
0000
0000
0000
0000
0E00
3180
4040
60C0
9B20
B1A0
8020
8020
A0A0
9F20
4E40
4E40
3180
0E00
0000
0000
0000
0000
ENDCHAR
STARTCHAR uni1F61E
ENCODING 128542
SWIDTH 500 0
DWIDTH 11 0
BBX 11 22 0 -5
BITMAP
0000
0000
0000
0000
0E00
3180
4040
4040
BBA0
9120
8020
8020
9F20
A0A0
4040
4040
3180
0E00
0000
0000
0000
0000
ENDCHAR
STARTCHAR uni1F61F
ENCODING 128543
SWIDTH 500 0
DWIDTH 11 0
BBX 11 22 0 -5
BITMAP
0000
0000
0000
0000
0E00
3180
5B40
60C0
9120
9120
8020
8020
9F20
A0A0
4040
4040
3180
0E00
0000
0000
0000
0000
ENDCHAR
STARTCHAR uni1F620
ENCODING 128544
SWIDTH 500 0
DWIDTH 11 0
BBX 11 22 0 -5
BITMAP
0000
0000
0000
0000
0E00
3180
60C0
5B40
9120
9120
8020
8020
9F20
A0A0
4040
4040
3180
0E00
0000
0000
0000
0000
ENDCHAR
STARTCHAR uni1F621
ENCODING 128545
SWIDTH 500 0
DWIDTH 11 0
BBX 11 22 0 -5
BITMAP
0000
0000
0000
0000
0E00
3B80
64C0
5B40
9120
9120
8020
8020
9F20
90A0
60C0
4040
3180
0E00
0000
0000
0000
0000
ENDCHAR
STARTCHAR uni1F622
ENCODING 128546
SWIDTH 500 0
DWIDTH 11 0
BBX 11 22 0 -5
BITMAP
0000
0000
0000
0000
0E00
3180
5B40
60C0
9120
9120
8020
8020
DF20
E0A0
4040
4040
3180
0E00
0000
0000
0000
0000
ENDCHAR
STARTCHAR uni1F623
ENCODING 128547
SWIDTH 500 0
DWIDTH 11 0
BBX 11 22 0 -5
BITMAP
0000
0000
0000
0000
0E00
3180
4040
60C0
9B20
B1A0
8020
8020
9F20
A0A0
4040
4040
3180
0E00
0000
0000
0000
0000
ENDCHAR
STARTCHAR uni1F624
ENCODING 128548
SWIDTH 500 0
DWIDTH 11 0
BBX 11 22 0 -5
BITMAP
0000
0000
0000
0000
0E00
3180
4040
4040
9120
AAA0
8020
8020
9F20
F1E0
4040
E0E0
71C0
0E00
0000
0000
0000
0000
ENDCHAR
STARTCHAR uni1F625
ENCODING 128549
SWIDTH 500 0
DWIDTH 11 0
BBX 11 22 0 -5
BITMAP
0000
0000
0000
8000
CE00
F180
5B40
60C0
9140
9140
8040
8040
8440
8E40
4440
4040
3180
0E00
0000
0000
0000
0000
ENDCHAR
STARTCHAR uni1F626
ENCODING 128550
SWIDTH 500 0
DWIDTH 11 0
BBX 11 22 0 -5
BITMAP
0000
0000
0000
0000
0C00
3300
4080
4080
9240
9240
8040
8040
9E40
BF40
7F80
7F80
3300
0C00
0000
0000
0000
0000
ENDCHAR
STARTCHAR uni1F627
ENCODING 128551
SWIDTH 500 0
DWIDTH 11 0
BBX 11 22 0 -5
BITMAP
0000
0000
0000
0000
0E00
3180
5B40
60C0
9120
9120
8020
8020
9F20
BFA0
7FC0
7FC0
3180
0E00
0000
0000
0000
0000
ENDCHAR
STARTCHAR uni1F628
ENCODING 128552
SWIDTH 500 0
DWIDTH 11 0
BBX 11 22 0 -5
BITMAP
0000
0000
0000
0000
0E00
3B80
4040
5140
AAA0
AAA0
9120
8020
8420
8E20
4440
4040
3180
0E00
0000
0000
0000
0000
ENDCHAR
STARTCHAR uni1F629
ENCODING 128553
SWIDTH 500 0
DWIDTH 11 0
BBX 11 22 0 -5
BITMAP
0000
0000
0000
0000
0E00
3180
4040
4040
9120
AAA0
8020
8020
9F20
BFA0
7FC0
5F40
3180
0E00
0000
0000
0000
0000
ENDCHAR
STARTCHAR uni1F62A
ENCODING 128554
SWIDTH 500 0
DWIDTH 11 0
BBX 11 22 0 -5
BITMAP
0000
0000
0000
0000
0E00
3180
4040
4040
AAA0
9120
8020
8060
84A0
8EA0
44A0
4040
3180
0E00
0000
0000
0000
0000
ENDCHAR
STARTCHAR uni1F62B
ENCODING 128555
SWIDTH 500 0
DWIDTH 11 0
BBX 11 22 0 -5
BITMAP
0000
0000
0000
0000
0E00
3B80
4040
60C0
9B20
B1A0
8020
8020
9F20
BFA0
7FC0
5F40
3180
0E00
0000
0000
0000
0000
ENDCHAR
STARTCHAR uni1F62C
ENCODING 128556
SWIDTH 500 0
DWIDTH 11 0
BBX 11 22 0 -5
BITMAP
0000
0000
0000
0000
0C00
3300
4080
4080
9240
9240
8040
8040
BF40
A140
7F80
7F80
3300
0C00
0000
0000
0000
0000
ENDCHAR
STARTCHAR uni1F62D
ENCODING 128557
SWIDTH 500 0
DWIDTH 11 0
BBX 11 22 0 -5
BITMAP
0000
0000
0000
0000
0E00
3180
4040
4040
9120
AAA0
9120
9120
9720
9F20
5F40
5740
3180
1F00
1B00
0000
0000
0000
ENDCHAR
STARTCHAR uni1F62E
ENCODING 128558
SWIDTH 500 0
DWIDTH 11 0
BBX 11 22 0 -5
BITMAP
0000
0000
0000
0000
0C00
3300
4080
4080
9240
9240
8040
8040
8440
8E40
4E80
4480
3300
0C00
0000
0000
0000
0000
ENDCHAR
STARTCHAR uni1F62F
ENCODING 128559
SWIDTH 500 0
DWIDTH 11 0
BBX 11 22 0 -5
BITMAP
0000
0000
0000
0000
0E00
3B80
4040
4040
9140
9140
8040
8040
8440
8E40
4440
4040
3180
0E00
0000
0000
0000
0000
ENDCHAR
STARTCHAR uni1F630
ENCODING 128560
SWIDTH 500 0
DWIDTH 11 0
BBX 11 22 0 -5
BITMAP
0000
0000
0000
0020
0E60
31E0
5B40
60C0
9120
9120
8020
8020
8620
8F20
4F40
4640
3180
0E00
0000
0000
0000
0000
ENDCHAR
STARTCHAR uni1F631
ENCODING 128561
SWIDTH 500 0
DWIDTH 11 0
BBX 11 22 0 -5
BITMAP
0000
0000
0000
0000
0E00
3180
4040
5140
AAA0
AAA0
9120
C060
C660
CF60
CF60
CF60
F7E0
CE60
C060
0000
0000
0000
ENDCHAR
STARTCHAR uni1F632
ENCODING 128562
SWIDTH 500 0
DWIDTH 11 0
BBX 11 22 0 -5
BITMAP
0000
0000
0000
0000
0E00
3B80
4040
5140
AAA0
AAA0
9120
8020
9F20
BFA0
7FC0
5F40
3180
0E00
0000
0000
0000
0000
ENDCHAR
STARTCHAR uni1F633
ENCODING 128563
SWIDTH 500 0
DWIDTH 11 0
BBX 11 22 0 -5
BITMAP
0000
0000
0000
0000
0E00
3180
4040
5140
AAA0
AAA0
9120
C060
8020
BFA0
4040
4040
3180
0E00
0000
0000
0000
0000
ENDCHAR
STARTCHAR uni1F634
ENCODING 128564
SWIDTH 500 0
DWIDTH 11 0
BBX 11 22 0 -5
BITMAP
00E0
0040
00E0
0000
0E00
3180
4040
4040
AAA0
9120
8020
8020
8020
BFA0
4040
4040
3180
0E00
0000
0000
0000
0000
ENDCHAR
STARTCHAR uni1F635
ENCODING 128565
SWIDTH 500 0
DWIDTH 11 0
BBX 11 22 0 -5
BITMAP
0000
0000
0000
0000
0E00
3180
4040
6AC0
9120
AAA0
8020
8020
8620
8F20
4F40
4640
3180
0E00
0000
0000
0000
0000
ENDCHAR
STARTCHAR uni1F636
ENCODING 128566
SWIDTH 500 0
DWIDTH 11 0
BBX 11 22 0 -5
BITMAP
0000
0000
0000
0000
0C00
3300
4080
4080
9240
9240
8040
8040
8040
8040
4080
4080
3300
0C00
0000
0000
0000
0000
ENDCHAR
STARTCHAR uni1F637
ENCODING 128567
SWIDTH 500 0
DWIDTH 11 0
BBX 11 22 0 -5
BITMAP
0000
0000
0000
0000
0E00
3180
4040
4040
BBA0
9120
8020
FFE0
C060
C060
4040
7FC0
3180
0E00
0000
0000
0000
0000
ENDCHAR
STARTCHAR uni1F638
ENCODING 128568
SWIDTH 500 0
DWIDTH 11 0
BBX 11 22 0 -5
BITMAP
0000
0000
0000
8020
C060
EEE0
F1E0
C060
C060
9120
AAA0
E4E0
FFE0
A0A0
7FC0
5F40
3180
0E00
0000
0000
0000
0000
ENDCHAR
STARTCHAR uni1F639
ENCODING 128569
SWIDTH 500 0
DWIDTH 11 0
BBX 11 22 0 -5
BITMAP
0000
0000
0000
8020
C060
EEE0
F1E0
C060
C060
9120
AAA0
E4E0
E0E0
FFE0
FFE0
5F40
3180
0E00
8020
0000
0000
0000
ENDCHAR
STARTCHAR uni1F63A
ENCODING 128570
SWIDTH 500 0
DWIDTH 11 0
BBX 11 22 0 -5
BITMAP
0000
0000
0000
8020
C060
EEE0
F1E0
C060
C060
9120
9120
E4E0
FFE0
A0A0
7FC0
5F40
3180
0E00
0000
0000
0000
0000
ENDCHAR
STARTCHAR uni1F63B
ENCODING 128571
SWIDTH 500 0
DWIDTH 11 0
BBX 11 22 0 -5
BITMAP
0000
0000
0000
8020
C060
EEE0
F1E0
C060
EAE0
BBA0
9120
E4E0
FFE0
A0A0
7FC0
5F40
3180
0E00
0000
0000
0000
0000
ENDCHAR
STARTCHAR uni1F63C
ENCODING 128572
SWIDTH 500 0
DWIDTH 11 0
BBX 11 22 0 -5
BITMAP
0000
0000
0000
8020
C060
EEE0
F1E0
C060
C060
BBA0
88A0
E4E0
E0E0
BF20
4040
4040
3180
0E00
0000
0000
0000
0000
ENDCHAR
STARTCHAR uni1F63D
ENCODING 128573
SWIDTH 500 0
DWIDTH 11 0
BBX 11 22 0 -5
BITMAP
0000
0000
0000
8020
C060
EEE0
F1E0
C060
C060
AAA0
9120
E4E0
E8E0
8620
4C40
4640
3180
0E00
0000
0000
0000
0000
ENDCHAR
STARTCHAR uni1F63E
ENCODING 128574
SWIDTH 500 0
DWIDTH 11 0
BBX 11 22 0 -5
BITMAP
0000
0000
0000
8020
C060
EEE0
F1E0
E0E0
DB60
9120
9120
E4E0
FFE0
A0A0
4040
4040
3180
0E00
0000
0000
0000
0000
ENDCHAR
STARTCHAR uni1F63F
ENCODING 128575
SWIDTH 500 0
DWIDTH 11 0
BBX 11 22 0 -5
BITMAP
0000
0000
0000
8020
C060
EEE0
F1E0
DB60
E0E0
9120
9120
E4E0
FFE0
E0A0
C040
4040
3180
0E00
0000
0000
0000
0000
ENDCHAR
STARTCHAR uni1F640
ENCODING 128576
SWIDTH 500 0
DWIDTH 11 0
BBX 11 22 0 -5
BITMAP
0000
0000
0000
8020
C060
EEE0
F1E0
C060
D160
AAA0
AAA0
F5E0
FFE0
BFA0
7FC0
5F40
3180
0E00
0000
0000
0000
0000
ENDCHAR
STARTCHAR uni1F641
ENCODING 128577
SWIDTH 500 0
DWIDTH 11 0
BBX 11 22 0 -5
BITMAP
0000
0000
0000
0000
0C00
3300
4080
4080
9240
9240
8040
8040
8C40
9240
4080
4080
3300
0C00
0000
0000
0000
0000
ENDCHAR
STARTCHAR uni1F642
ENCODING 128578
SWIDTH 500 0
DWIDTH 11 0
BBX 11 22 0 -5
BITMAP
0000
0000
0000
0000
0C00
3300
4080
4080
9240
9240
8040
8040
9240
8C40
4080
4080
3300
0C00
0000
0000
0000
0000
ENDCHAR
STARTCHAR uni1F643
ENCODING 128579
SWIDTH 500 0
DWIDTH 11 0
BBX 11 22 0 -5
BITMAP
0000
0000
0000
0000
0C00
3300
4080
4080
9E40
A140
8040
8040
9240
9240
4080
4080
3300
0C00
0000
0000
0000
0000
ENDCHAR
STARTCHAR uni1F644
ENCODING 128580
SWIDTH 500 0
DWIDTH 11 0
BBX 11 22 0 -5
BITMAP
0000
0000
0000
0000
0E00
3180
4040
5140
AAA0
AAA0
9120
8020
8020
BFA0
4040
4040
3180
0E00
0000
0000
0000
0000
ENDCHAR
STARTCHAR uni1F645
ENCODING 128581
SWIDTH 500 0
DWIDTH 11 0
BBX 11 22 0 -5
BITMAP
0000
0000
0000
0000
0000
0400
0E00
0400
0000
1F00
1900
3780
3780
5540
1500
2480
2480
2480
2080
2080
3F80
0000
ENDCHAR
STARTCHAR uni1F646
ENCODING 128582
SWIDTH 500 0
DWIDTH 11 0
BBX 11 22 0 -5
BITMAP
0000
0000
0E00
1100
1100
2100
2480
4E80
2480
3F00
1500
1500
1500
1500
1500
2480
2480
2480
2080
2080
3F80
0000
ENDCHAR
STARTCHAR uni1F647
ENCODING 128583
SWIDTH 500 0
DWIDTH 11 0
BBX 11 22 0 -5
BITMAP
0000
0000
0000
0000
0000
0000
0000
0000
0100
0CC0
0FC0
0E80
1500
1500
1500
1480
1600
1400
1400
1400
1400
0000
ENDCHAR
STARTCHAR uni1F648
ENCODING 128584
SWIDTH 500 0
DWIDTH 11 0
BBX 11 22 0 -5
BITMAP
0000
0000
0000
0000
0E00
1F00
3180
7FC0
C460
FFE0
E0E0
E0E0
E4E0
6EC0
3580
3180
1F00
0E00
0000
0000
0000
0000
ENDCHAR
STARTCHAR uni1F649
ENCODING 128585
SWIDTH 500 0
DWIDTH 11 0
BBX 11 22 0 -5
BITMAP
0000
0000
0000
0000
0E00
1F00
3180
F1E0
F1E0
F1E0
E0E0
E0E0
E4E0
EEE0
3580
3180
1F00
0E00
0000
0000
0000
0000
ENDCHAR
STARTCHAR uni1F64A
ENCODING 128586
SWIDTH 500 0
DWIDTH 11 0
BBX 11 22 0 -5
BITMAP
0000
0000
0000
0000
0E00
1F00
3180
71C0
F1E0
F1E0
EEE0
6DC0
75C0
75C0
3180
3F80
1F00
0E00
0000
0000
0000
0000
ENDCHAR
STARTCHAR uni1F64B
ENCODING 128587
SWIDTH 500 0
DWIDTH 11 0
BBX 11 22 0 -5
BITMAP
0000
0000
00C0
0080
0080
0480
0E40
0440
0040
1F80
1500
3500
3500
5500
5500
6480
6480
6480
2080
2080
3F80
0000
ENDCHAR
STARTCHAR uni1F64C
ENCODING 128588
SWIDTH 500 0
DWIDTH 11 0
BBX 11 22 0 -5
BITMAP
0000
4440
2480
2480
0000
1080
38C0
4940
4520
4520
4520
C720
BBE0
8A20
8A20
4920
4940
4940
4940
4940
79C0
0000
ENDCHAR
STARTCHAR uni1F64D
ENCODING 128589
SWIDTH 500 0
DWIDTH 11 0
BBX 11 22 0 -5
BITMAP
0000
0000
3F80
3F80
64C0
5140
4040
4040
20C0
3DC0
1F00
0A00
1B00
3D80
4040
4040
4040
8040
8020
C060
FFE0
0000
ENDCHAR
STARTCHAR uni1F64E
ENCODING 128590
SWIDTH 500 0
DWIDTH 11 0
BBX 11 22 0 -5
BITMAP
0000
0000
3F80
3F80
64C0
5140
4040
4040
20C0
3FC0
1F00
0A00
1B00
3D80
4040
4040
4040
E0C0
9F60
F1E0
FFE0
0000
ENDCHAR
STARTCHAR uni1F64F
ENCODING 128591
SWIDTH 500 0
DWIDTH 11 0
BBX 11 22 0 -5
BITMAP
0000
0E00
0E00
0E00
0D00
1500
1500
1500
1500
1500
1500
1480
2480
2480
2480
2A80
4A40
72C0
9140
6140
2080
0000
ENDCHAR
STARTCHAR uni1F680
ENCODING 128640
SWIDTH 500 0
DWIDTH 11 0
BBX 11 22 0 -5
BITMAP
0000
0000
0000
0000
0400
0400
0E00
0A00
1100
1B00
1F00
1F00
3F80
3F80
5140
0A00
0A00
0400
0000
0000
0000
0000
ENDCHAR
STARTCHAR uni1F681
ENCODING 128641
SWIDTH 500 0
DWIDTH 11 0
BBX 11 22 0 -5
BITMAP
0000
0000
0000
0000
0000
7FC0
4400
4400
4700
2E00
1E40
1FC0
0F80
0700
0500
1FC0
0000
0000
0000
0000
0000
0000
ENDCHAR
STARTCHAR uni1F682
ENCODING 128642
SWIDTH 500 0
DWIDTH 11 0
BBX 11 22 0 -5
BITMAP
0000
0000
0000
1800
6400
B800
47C0
07C0
34C0
34C0
7FC0
7FC0
7FC0
7FC0
7FC0
FFC0
1480
0000
0000
0000
0000
0000
ENDCHAR
STARTCHAR uni1F683
ENCODING 128643
SWIDTH 500 0
DWIDTH 11 0
BBX 11 22 0 -5
BITMAP
0000
0000
0000
0000
0000
0000
0000
0000
7FC0
7FC0
1240
1240
7FC0
7FC0
2480
7FC0
2480
FFE0
0000
0000
0000
0000
ENDCHAR
STARTCHAR uni1F684
ENCODING 128644
SWIDTH 500 0
DWIDTH 11 0
BBX 11 22 0 -5
BITMAP
0000
0000
0000
0000
0000
0000
0000
0000
7E00
7F00
5580
7FC0
00C0
7FC0
0000
FFC0
0000
0000
0000
0000
0000
0000
ENDCHAR
STARTCHAR uni1F685
ENCODING 128645
SWIDTH 500 0
DWIDTH 11 0
BBX 11 22 0 -5
BITMAP
0000
0000
0000
0000
1F00
3F80
2080
60C0
60C0
7FC0
5F40
6EC0
75C0
7BC0
7FC0
7FC0
2080
2080
4040
0000
0000
0000
ENDCHAR
STARTCHAR uni1F686
ENCODING 128646
SWIDTH 500 0
DWIDTH 11 0
BBX 11 22 0 -5
BITMAP
0000
0000
0000
0000
1F00
3F80
2480
64C0
64C0
64C0
64C0
7FC0
6EC0
6EC0
7FC0
7FC0
2080
3F80
4040
0000
0000
0000
ENDCHAR
STARTCHAR uni1F687
ENCODING 128647
SWIDTH 500 0
DWIDTH 11 0
BBX 11 22 0 -5
BITMAP
0000
0000
0000
0E00
1F00
3F80
2080
60C0
60C0
60C0
60C0
7FC0
6EC0
6EC0
7FC0
7FC0
2080
3F80
4040
0000
0000
0000
ENDCHAR
STARTCHAR uni1F688
ENCODING 128648
SWIDTH 500 0
DWIDTH 11 0
BBX 11 22 0 -5
BITMAP
0000
0000
0000
0C00
1F00
3F80
2480
64C0
64C0
64C0
64C0
7FC0
6EC0
6EC0
7FC0
7FC0
2080
3F80
4040
0000
0000
0000
ENDCHAR
STARTCHAR uni1F689
ENCODING 128649
SWIDTH 500 0
DWIDTH 11 0
BBX 11 22 0 -5
BITMAP
0000
0000
0000
0400
1B00
60C0
8020
7FC0
5F40
4040
5F40
5140
5140
5140
5140
7FC0
0A00
FFE0
2080
0000
0000
0000
ENDCHAR
STARTCHAR uni1F68A
ENCODING 128650
SWIDTH 500 0
DWIDTH 11 0
BBX 11 22 0 -5
BITMAP
0000
0000
1F00
0400
1F00
3F80
2480
64C0
64C0
64C0
64C0
60C0
6EC0
6EC0
7FC0
7FC0
2080
3F80
4040
0000
0000
0000
ENDCHAR
STARTCHAR uni1F68B
ENCODING 128651
SWIDTH 500 0
DWIDTH 11 0
BBX 11 22 0 -5
BITMAP
0000
0000
0000
0000
0000
7FC0
0400
0B00
7FC0
7FC0
1240
1240
7FC0
7FC0
2480
7FC0
2480
FFE0
0000
0000
0000
0000
ENDCHAR
STARTCHAR uni1F68C
ENCODING 128652
SWIDTH 500 0
DWIDTH 11 0
BBX 11 22 0 -5
BITMAP
0000
0000
0000
0000
0000
0000
0000
7FC0
1240
1240
1240
7EC0
7EC0
7EC0
7FC0
71C0
2080
0000
0000
0000
0000
0000
ENDCHAR
STARTCHAR uni1F68D
ENCODING 128653
SWIDTH 500 0
DWIDTH 11 0
BBX 11 22 0 -5
BITMAP
0000
0000
0000
0000
1F00
1F00
1F00
3F80
64C0
64C0
64C0
7FC0
7FC0
4E40
71C0
7FC0
71C0
2080
0000
0000
0000
0000
ENDCHAR
STARTCHAR uni1F68E
ENCODING 128654
SWIDTH 500 0
DWIDTH 11 0
BBX 11 22 0 -5
BITMAP
0000
0000
0000
0000
0240
0480
0900
7FC0
1240
1240
1240
7EC0
7EC0
7EC0
7FC0
71C0
2080
0000
0000
0000
0000
0000
ENDCHAR
STARTCHAR uni1F68F
ENCODING 128655
SWIDTH 500 0
DWIDTH 11 0
BBX 11 22 0 -5
BITMAP
0000
0000
0000
0000
FFC0
8040
9C40
A240
BE40
AA40
BE40
9440
8040
FFC0
0800
0800
0800
3E00
0000
0000
0000
0000
ENDCHAR
STARTCHAR uni1F690
ENCODING 128656
SWIDTH 500 0
DWIDTH 11 0
BBX 11 22 0 -5
BITMAP
0000
0000
0000
0000
0000
0000
0000
0000
7FC0
7FC0
1240
1240
7FC0
7EC0
7FC0
71C0
2080
0000
0000
0000
0000
0000
ENDCHAR
STARTCHAR uni1F691
ENCODING 128657
SWIDTH 500 0
DWIDTH 11 0
BBX 11 22 0 -5
BITMAP
0000
0000
0000
0000
0000
1C00
1C00
7FC0
6E40
6E40
4240
6FC0
6FC0
7FC0
7FC0
71C0
2080
0000
0000
0000
0000
0000
ENDCHAR
STARTCHAR uni1F692
ENCODING 128658
SWIDTH 500 0
DWIDTH 11 0
BBX 11 22 0 -5
BITMAP
0000
0000
0000
FFC0
8840
FFC0
0040
7FC0
7E40
7E40
7E40
03C0
7FC0
7FC0
7FC0
71C0
2080
0000
0000
0000
0000
0000
ENDCHAR
STARTCHAR uni1F693
ENCODING 128659
SWIDTH 500 0
DWIDTH 11 0
BBX 11 22 0 -5
BITMAP
0000
0000
0000
0000
0000
0E00
0E00
0000
1E00
2500
2500
71C0
71C0
71C0
7FC0
71C0
2080
0000
0000
0000
0000
0000
ENDCHAR
STARTCHAR uni1F694
ENCODING 128660
SWIDTH 500 0
DWIDTH 11 0
BBX 11 22 0 -5
BITMAP
0000
0000
0000
0000
0000
4040
2E80
0E00
1F00
3F80
60C0
60C0
60C0
4E40
71C0
7FC0
71C0
2080
0000
0000
0000
0000
ENDCHAR
STARTCHAR uni1F695
ENCODING 128661
SWIDTH 500 0
DWIDTH 11 0
BBX 11 22 0 -5
BITMAP
0000
0000
0000
0000
0000
0000
0E00
0000
1E00
2500
2500
7FC0
7FC0
7FC0
7FC0
71C0
2080
0000
0000
0000
0000
0000
ENDCHAR
STARTCHAR uni1F696
ENCODING 128662
SWIDTH 500 0
DWIDTH 11 0
BBX 11 22 0 -5
BITMAP
0000
0000
0000
0000
0000
0000
0E00
0E00
1F00
3F80
60C0
60C0
60C0
4E40
71C0
7FC0
71C0
2080
0000
0000
0000
0000
ENDCHAR
STARTCHAR uni1F697
ENCODING 128663
SWIDTH 500 0
DWIDTH 11 0
BBX 11 22 0 -5
BITMAP
0000
0000
0000
0000
0000
0000
0000
0000
1E00
2500
2500
7FC0
7FC0
7FC0
7FC0
71C0
2080
0000
0000
0000
0000
0000
ENDCHAR
STARTCHAR uni1F698
ENCODING 128664
SWIDTH 500 0
DWIDTH 11 0
BBX 11 22 0 -5
BITMAP
0000
0000
0000
0000
0000
0000
0000
0000
1F00
3F80
60C0
60C0
60C0
4E40
71C0
7FC0
71C0
2080
0000
0000
0000
0000
ENDCHAR
STARTCHAR uni1F699
ENCODING 128665
SWIDTH 500 0
DWIDTH 11 0
BBX 11 22 0 -5
BITMAP
0000
0000
0000
0000
0000
0000
0000
3F00
2480
6480
64C0
7FC0
FFC0
7FC0
7FC0
71C0
2080
0000
0000
0000
0000
0000
ENDCHAR
STARTCHAR uni1F69A
ENCODING 128666
SWIDTH 500 0
DWIDTH 11 0
BBX 11 22 0 -5
BITMAP
0000
0000
0000
0000
0000
0000
0000
0000
7E00
4200
4380
4280
43C0
43C0
7FC0
71C0
2080
0000
0000
0000
0000
0000
ENDCHAR
STARTCHAR uni1F69B
ENCODING 128667
SWIDTH 500 0
DWIDTH 11 0
BBX 11 22 0 -5
BITMAP
0000
0000
0000
0000
0000
0000
0000
0000
FC00
8400
8700
8780
87C0
8640
FFC0
71C0
2080
0000
0000
0000
0000
0000
ENDCHAR
STARTCHAR uni1F69C
ENCODING 128668
SWIDTH 500 0
DWIDTH 11 0
BBX 11 22 0 -5
BITMAP
0000
0000
0000
0000
0000
0000
0000
7E00
2480
2480
2480
3FC0
3FC0
6FC0
4480
6DC0
3880
0000
0000
0000
0000
0000
ENDCHAR
STARTCHAR uni1F69D
ENCODING 128669
SWIDTH 500 0
DWIDTH 11 0
BBX 11 22 0 -5
BITMAP
0000
0000
0000
0000
0000
0000
0000
0000
7F80
7F80
1480
1480
7F80
7F80
1200
1200
1200
FFC0
0000
0000
0000
0000
ENDCHAR
STARTCHAR uni1F69E
ENCODING 128670
SWIDTH 500 0
DWIDTH 11 0
BBX 11 22 0 -5
BITMAP
0000
0000
0000
0000
0000
0000
0100
0700
3A80
F280
92C0
9FC0
7FC0
7FC0
7C60
4780
3800
C000
0000
0000
0000
0000
ENDCHAR
STARTCHAR uni1F69F
ENCODING 128671
SWIDTH 500 0
DWIDTH 11 0
BBX 11 22 0 -5
BITMAP
0000
0000
0000
0000
FFC0
FFC0
1200
1200
7F80
7F80
1480
1480
7F80
7F80
7F80
0000
0000
0000
0000
0000
0000
0000
ENDCHAR
STARTCHAR uni1F6A0
ENCODING 128672
SWIDTH 500 0
DWIDTH 11 0
BBX 11 22 0 -5
BITMAP
0000
0000
0000
0060
0780
3C00
C400
0400
1F00
3F80
2480
64C0
7FC0
7FC0
3F80
3F80
3F80
0000
0000
0000
0000
0000
ENDCHAR
STARTCHAR uni1F6A1
ENCODING 128673
SWIDTH 500 0
DWIDTH 11 0
BBX 11 22 0 -5
BITMAP
0000
0000
0000
0060
0780
3C00
C400
0400
7FC0
7FC0
64C0
64C0
64C0
7BC0
7BC0
7BC0
7FC0
0000
0000
0000
0000
0000
ENDCHAR
STARTCHAR uni1F6A2
ENCODING 128674
SWIDTH 500 0
DWIDTH 11 0
BBX 11 22 0 -5
BITMAP
0000
0000
0000
0000
0200
0600
1B80
1A00
1E00
1200
1200
1200
1E00
FF80
3F00
1F00
0000
FFC0
0000
0000
0000
0000
ENDCHAR
STARTCHAR uni1F6A3
ENCODING 128675
SWIDTH 500 0
DWIDTH 11 0
BBX 11 22 0 -5
BITMAP
0000
0000
0000
0000
0000
0C80
0C80
0100
0900
0900
1600
1200
1400
0F00
0400
FFE0
4840
4840
3F80
3000
6000
CCC0
ENDCHAR
STARTCHAR uni1F6A4
ENCODING 128676
SWIDTH 500 0
DWIDTH 11 0
BBX 11 22 0 -5
BITMAP
0000
0000
0000
0000
0000
0000
0000
0000
0000
0000
0600
1980
0000
FFC0
3F80
1F80
E000
F000
0000
0000
0000
0000
ENDCHAR
STARTCHAR uni1F6A5
ENCODING 128677
SWIDTH 500 0
DWIDTH 11 0
BBX 11 22 0 -5
BITMAP
0000
0000
0000
0000
0000
0000
0000
0000
FFC0
8040
A940
FFC0
A940
FFC0
0800
0800
0800
0800
0000
0000
0000
0000
ENDCHAR
STARTCHAR uni1F6A6
ENCODING 128678
SWIDTH 500 0
DWIDTH 11 0
BBX 11 22 0 -5
BITMAP
0000
0000
0000
0000
1F00
1500
1F00
1500
1500
1F00
1500
1500
1F00
1500
1100
1F00
0400
0400
0400
0000
0000
0000
ENDCHAR
STARTCHAR uni1F6A7
ENCODING 128679
SWIDTH 500 0
DWIDTH 11 0
BBX 11 22 0 -5
BITMAP
0000
0000
0000
0000
0000
2080
71C0
2080
FFE0
9260
A4A0
C920
FFE0
2080
2080
2080
2080
2080
0000
0000
0000
0000
ENDCHAR
STARTCHAR uni1F6A8
ENCODING 128680
SWIDTH 500 0
DWIDTH 11 0
BBX 11 22 0 -5
BITMAP
0000
0000
0000
0000
2200
1200
1200
0000
DEC0
0E00
2F00
2F00
3F00
7F80
7F80
7F80
7F80
0000
0000
0000
0000
0000
ENDCHAR
STARTCHAR uni1F6A9
ENCODING 128681
SWIDTH 500 0
DWIDTH 11 0
BBX 11 22 0 -5
BITMAP
0000
0000
0000
0000
0000
4000
7800
7E00
7FC0
7E00
7800
4000
4000
4000
4000
4000
4000
4000
0000
0000
0000
0000
ENDCHAR
STARTCHAR uni1F6AA
ENCODING 128682
SWIDTH 500 0
DWIDTH 11 0
BBX 11 22 0 -5
BITMAP
0000
0000
3F80
2080
2080
3F80
3180
3180
3180
3180
3F80
2080
2080
2180
2080
2080
2080
2080
2080
3F80
0000
0000
ENDCHAR
STARTCHAR uni1F6AB
ENCODING 128683
SWIDTH 500 0
DWIDTH 11 0
BBX 11 22 0 -5
BITMAP
0000
0000
0000
0000
0000
0000
1F40
2080
4140
8240
8440
8440
8840
9040
6040
6080
1F00
0000
0000
0000
0000
0000
ENDCHAR
STARTCHAR uni1F6AC
ENCODING 128684
SWIDTH 500 0
DWIDTH 11 0
BBX 11 22 0 -5
BITMAP
0000
0000
1000
1000
1000
1400
1400
2200
2200
1400
0000
3F80
2180
2180
2180
3F80
0000
0000
0000
0000
0000
0000
ENDCHAR
STARTCHAR uni1F6AD
ENCODING 128685
SWIDTH 500 0
DWIDTH 11 0
BBX 11 22 0 -5
BITMAP
0000
0000
0000
0000
0000
0000
1F40
3080
4140
C220
A420
FFE0
C960
FFE0
6040
6080
1F00
0000
0000
0000
0000
0000
ENDCHAR
STARTCHAR uni1F6AE
ENCODING 128686
SWIDTH 500 0
DWIDTH 11 0
BBX 11 22 0 -5
BITMAP
0000
0000
0000
0000
0000
1000
3800
1000
1200
1200
1D00
1000
13C0
1240
2A40
2940
4940
01C0
0000
0000
0000
0000
ENDCHAR
STARTCHAR uni1F6AF
ENCODING 128687
SWIDTH 500 0
DWIDTH 11 0
BBX 11 22 0 -5
BITMAP
0000
0000
0000
0000
0000
1000
3F40
3080
5340
9220
9D20
9420
9BE0
9260
6A40
69C0
5F40
01C0
0000
0000
0000
0000
ENDCHAR
STARTCHAR uni1F6B0
ENCODING 128688
SWIDTH 500 0
DWIDTH 11 0
BBX 11 22 0 -5
BITMAP
0000
0000
0000
0000
0000
7C00
1000
3C00
7F00
3C80
0080
0080
0080
0080
01C0
01C0
0080
0000
0000
0000
0000
0000
ENDCHAR
STARTCHAR uni1F6B1
ENCODING 128689
SWIDTH 500 0
DWIDTH 11 0
BBX 11 22 0 -5
BITMAP
0000
0000
0000
0000
0000
7C00
1F40
3C80
7F40
BEA0
84A0
84A0
88A0
90A0
61C0
61C0
1F80
0000
0000
0000
0000
0000
ENDCHAR
STARTCHAR uni1F6B2
ENCODING 128690
SWIDTH 500 0
DWIDTH 11 0
BBX 11 22 0 -5
BITMAP
0000
0000
0000
0000
0000
0000
0000
01C0
1D00
0900
0900
0F00
7DC0
9AA0
BEA0
8A20
71C0
0000
0000
0000
0000
0000
ENDCHAR
STARTCHAR uni1F6B3
ENCODING 128691
SWIDTH 500 0
DWIDTH 11 0
BBX 11 22 0 -5
BITMAP
0000
0000
0000
0000
0000
0000
1F40
2080
4340
8A20
8D20
F7E0
9AA0
BEA0
EA60
71C0
1F00
0000
0000
0000
0000
0000
ENDCHAR
STARTCHAR uni1F6B4
ENCODING 128692
SWIDTH 500 0
DWIDTH 11 0
BBX 11 22 0 -5
BITMAP
0000
0000
0000
0000
0000
0000
0000
0000
0300
0300
0000
0380
1F00
0F00
0D00
77C0
9FA0
BAA0
8A20
71C0
0000
0000
ENDCHAR
STARTCHAR uni1F6B5
ENCODING 128693
SWIDTH 500 0
DWIDTH 11 0
BBX 11 22 0 -5
BITMAP
0000
0000
0000
0000
0000
0000
0000
0300
0300
0000
0380
0500
1F00
0F00
0FC0
76A0
9FA0
BA20
89E0
7600
9800
0000
ENDCHAR
STARTCHAR uni1F6B6
ENCODING 128694
SWIDTH 500 0
DWIDTH 11 0
BBX 11 22 0 -5
BITMAP
0000
0000
0400
0E00
0400
0000
0400
0400
0E00
0A00
1900
6900
0880
0C40
1200
1200
1100
2100
2080
4080
4000
0000
ENDCHAR
STARTCHAR uni1F6B7
ENCODING 128695
SWIDTH 500 0
DWIDTH 11 0
BBX 11 22 0 -5
BITMAP
0000
0000
0000
0000
0000
0400
1F40
2480
4F40
8F40
9540
8440
8C40
9640
6A40
6A80
1F00
0000
0000
0000
0000
0000
ENDCHAR
STARTCHAR uni1F6B8
ENCODING 128696
SWIDTH 500 0
DWIDTH 11 0
BBX 11 22 0 -5
BITMAP
0000
0000
0000
0000
0000
2000
0080
7000
AFC0
22A0
21C0
51C0
53E0
8940
0140
0000
0000
0000
0000
0000
0000
0000
ENDCHAR
STARTCHAR uni1F6B9
ENCODING 128697
SWIDTH 500 0
DWIDTH 11 0
BBX 11 22 0 -5
BITMAP
0000
0000
0000
0000
0000
0400
0E00
0400
0000
1F00
1500
2480
2480
0E00
0900
1100
1080
2080
0000
0000
0000
0000
ENDCHAR
STARTCHAR uni1F6BA
ENCODING 128698
SWIDTH 500 0
DWIDTH 11 0
BBX 11 22 0 -5
BITMAP
0000
0000
0000
0000
0000
0400
0E00
0400
0000
1F00
1500
2E80
2E80
1F00
3F80
0A00
0A00
0A00
0000
0000
0000
0000
ENDCHAR
STARTCHAR uni1F6BB
ENCODING 128699
SWIDTH 500 0
DWIDTH 11 0
BBX 11 22 0 -5
BITMAP
0000
0000
0000
0000
0000
2080
0000
71C0
AAA0
21C0
21C0
53E0
5140
8940
0000
0000
0000
0000
0000
0000
0000
0000
ENDCHAR
STARTCHAR uni1F6BC
ENCODING 128700
SWIDTH 500 0
DWIDTH 11 0
BBX 11 22 0 -5
BITMAP
0000
0000
0000
0000
0000
0400
0E00
0400
0000
4040
3F80
1F00
1F00
1F00
1F00
2480
1100
1100
0000
0000
0000
0000
ENDCHAR
STARTCHAR uni1F6BD
ENCODING 128701
SWIDTH 500 0
DWIDTH 11 0
BBX 11 22 0 -5
BITMAP
0000
0000
0000
7800
4800
5800
4800
4800
4800
49C0
7800
7FC0
6080
1080
1100
1200
1200
1200
1E00
0000
0000
0000
ENDCHAR
STARTCHAR uni1F6BE
ENCODING 128702
SWIDTH 500 0
DWIDTH 11 0
BBX 11 22 0 -5
BITMAP
0000
0000
0000
0000
0000
0000
0000
44C0
4500
5500
5500
28C0
0000
0000
0000
0000
0000
0000
0000
0000
0000
0000
ENDCHAR
STARTCHAR uni1F6BF
ENCODING 128703
SWIDTH 500 0
DWIDTH 11 0
BBX 11 22 0 -5
BITMAP
0000
0000
0000
3E00
0200
0100
0380
0480
0040
0000
1000
1680
0000
1000
2400
0900
0100
0000
0800
0900
0200
0000
ENDCHAR
STARTCHAR uni1F6C0
ENCODING 128704
SWIDTH 500 0
DWIDTH 11 0
BBX 11 22 0 -5
BITMAP
0000
0000
0000
0000
0000
0200
3700
3100
0500
0100
1500
1100
FFC0
8040
8040
8080
4080
4080
7F80
4080
4080
0000
ENDCHAR
STARTCHAR uni1F6C1
ENCODING 128705
SWIDTH 500 0
DWIDTH 11 0
BBX 11 22 0 -5
BITMAP
0000
0000
0000
0000
1000
2800
2800
2000
2000
2000
2000
7FC0
4040
4040
2080
2080
3F80
1100
1100
1100
0000
0000
ENDCHAR
STARTCHAR uni1F6C2
ENCODING 128706
SWIDTH 500 0
DWIDTH 11 0
BBX 11 22 0 -5
BITMAP
0000
0000
0000
0000
0000
7FC0
5040
5240
5740
5240
5740
5540
5040
5740
5040
5740
5040
7FC0
0000
0000
0000
0000
ENDCHAR
STARTCHAR uni1F6C3
ENCODING 128707
SWIDTH 500 0
DWIDTH 11 0
BBX 11 22 0 -5
BITMAP
0000
0000
0000
0000
0000
7C00
3800
1000
1000
13C0
1E40
1240
1240
7FC0
6000
6000
4000
4000
0000
0000
0000
0000
ENDCHAR
STARTCHAR uni1F6C4
ENCODING 128708
SWIDTH 500 0
DWIDTH 11 0
BBX 11 22 0 -5
BITMAP
0000
0000
0000
0000
0000
0000
0700
0500
1FC0
1040
1040
1040
1040
1040
1FC0
7FC0
1100
3B80
1100
0000
0000
0000
ENDCHAR
STARTCHAR uni1F6C5
ENCODING 128709
SWIDTH 500 0
DWIDTH 11 0
BBX 11 22 0 -5
BITMAP
0000
0000
0000
0000
0000
0000
1C80
1540
7F80
5180
5180
51C0
5100
5100
5100
5100
7F00
0000
0000
0000
0000
0000
ENDCHAR
STARTCHAR uni1F6CB
ENCODING 128715
SWIDTH 500 0
DWIDTH 11 0
BBX 11 22 0 -5
BITMAP
0000
0000
01C0
0140
0140
0140
0140
01C0
0080
1E80
1280
7380
4180
7F80
4180
4180
7F80
2100
2100
0000
0000
0000
ENDCHAR
STARTCHAR uni1F6CC
ENCODING 128716
SWIDTH 500 0
DWIDTH 11 0
BBX 11 22 0 -5
BITMAP
0000
0000
0000
0000
0000
0000
0000
0000
0000
8000
8000
A000
F000
FF40
B8C0
F8C0
FFC0
FFC0
FFC0
8040
8040
0000
ENDCHAR
STARTCHAR uni1F6CD
ENCODING 128717
SWIDTH 500 0
DWIDTH 11 0
BBX 11 22 0 -5
BITMAP
0000
0000
0000
0380
0280
3A80
2A80
2FC0
2C40
7C40
4440
4440
4440
4440
4440
47C0
4400
7C00
0000
0000
0000
0000
ENDCHAR
STARTCHAR uni1F6CE
ENCODING 128718
SWIDTH 500 0
DWIDTH 11 0
BBX 11 22 0 -5
BITMAP
0000
0000
0000
0000
0000
0C00
0C00
0C00
1200
3900
6080
4080
4080
FFC0
8040
FFC0
FFC0
0000
0000
0000
0000
0000
ENDCHAR
STARTCHAR uni1F6CF
ENCODING 128719
SWIDTH 500 0
DWIDTH 11 0
BBX 11 22 0 -5
BITMAP
0000
0000
0000
0000
0000
0000
4000
7800
6800
6800
7FC0
6040
6040
6040
6040
7FC0
4040
4040
4040
4040
0000
0000
ENDCHAR
STARTCHAR uni1F6D0
ENCODING 128720
SWIDTH 500 0
DWIDTH 11 0
BBX 11 22 0 -5
BITMAP
0000
0000
0000
0000
0400
0A00
1100
2080
4040
FFE0
4E40
4440
4440
4F40
4840
5C40
4440
7FC0
0000
0000
0000
0000
ENDCHAR
STARTCHAR uni1F6D1
ENCODING 128721
SWIDTH 500 0
DWIDTH 11 0
BBX 11 22 0 -5
BITMAP
0000
0000
0000
0000
0000
1F00
2080
2080
4640
4840
4440
4240
4C40
4040
2080
2080
1F00
0000
0000
0000
0000
0000
ENDCHAR
STARTCHAR uni1F6D2
ENCODING 128722
SWIDTH 500 0
DWIDTH 11 0
BBX 11 22 0 -5
BITMAP
0000
0000
0000
7000
1000
1000
1000
1FC0
1540
1540
1540
1580
1580
1F80
0000
0000
1F80
0000
0000
0880
0000
0000
ENDCHAR
STARTCHAR uni1F6D5
ENCODING 128725
SWIDTH 500 0
DWIDTH 11 0
BBX 11 22 0 -5
BITMAP
0000
0400
0400
0A00
0A00
0E00
0900
1100
1F00
1080
2080
2080
3F80
2040
4040
4040
7FE0
4A20
4A20
4A20
7FE0
0000
ENDCHAR
STARTCHAR uni1F6D6
ENCODING 128726
SWIDTH 500 0
DWIDTH 11 0
BBX 11 22 0 -5
BITMAP
0000
0000
0400
0E00
0E00
1F00
1F00
3B80
3B80
6AC0
6AC0
CDA0
7FC0
4040
4440
4640
4F40
4F40
4F40
4F40
7FC0
0000
ENDCHAR
STARTCHAR uni1F6D7
ENCODING 128727
SWIDTH 500 0
DWIDTH 11 0
BBX 11 22 0 -5
BITMAP
0000
0000
1340
3380
3980
5900
0000
7FC0
4440
4440
4440
5540
5540
5540
5540
5540
5540
4440
4440
7FC0
0000
0000
ENDCHAR
STARTCHAR uni1F6D8
ENCODING 128728
SWIDTH 500 0
DWIDTH 11 0
BBX 11 22 0 -5
BITMAP
0000
2000
3000
5000
4800
A900
9780
9500
8A00
8680
85C0
8180
8480
8880
8480
85C0
80C0
8040
8040
FC20
03E0
0000
ENDCHAR
STARTCHAR uni1F6DC
ENCODING 128732
SWIDTH 500 0
DWIDTH 11 0
BBX 11 22 0 -5
BITMAP
0000
0000
0000
0000
0000
0E00
3180
2080
0E00
1100
0000
0000
0400
0000
0000
0000
0000
0000
0000
0000
0000
0000
ENDCHAR
STARTCHAR uni1F6DD
ENCODING 128733
SWIDTH 500 0
DWIDTH 11 0
BBX 11 22 0 -5
BITMAP
0000
3C00
2400
2400
F400
9C00
9400
9400
FC00
9A00
9A00
9A00
FA00
9500
9500
9480
92E0
F220
91E0
9000
9000
0000
ENDCHAR
STARTCHAR uni1F6DE
ENCODING 128734
SWIDTH 500 0
DWIDTH 11 0
BBX 11 22 0 -5
BITMAP
0000
0000
0000
0000
0000
0000
0000
0E00
3F80
3580
75C0
6EC0
6EC0
3B80
3F80
0E00
0000
0000
0000
0000
0000
0000
ENDCHAR
STARTCHAR uni1F6DF
ENCODING 128735
SWIDTH 500 0
DWIDTH 11 0
BBX 11 22 0 -5
BITMAP
0000
0000
0000
0000
0000
0000
0000
0E00
3180
3F80
5940
5140
71C0
2E80
71C0
0E00
0000
0000
0000
0000
0000
0000
ENDCHAR
STARTCHAR uni1F6E0
ENCODING 128736
SWIDTH 500 0
DWIDTH 11 0
BBX 11 22 0 -5
BITMAP
0000
0000
0000
0000
1480
7C80
3C80
1E80
0F00
0400
0600
0A00
0900
1100
1080
2080
2040
4040
0000
0000
0000
0000
ENDCHAR
STARTCHAR uni1F6E1
ENCODING 128737
SWIDTH 500 0
DWIDTH 11 0
BBX 11 22 0 -5
BITMAP
0000
0000
0000
0000
1E00
65C0
4440
4440
4440
4440
4440
4440
4440
4440
2480
1500
0A00
0400
0000
0000
0000
0000
ENDCHAR
STARTCHAR uni1F6E2
ENCODING 128738
SWIDTH 500 0
DWIDTH 11 0
BBX 11 22 0 -5
BITMAP
0000
0000
0000
0000
1F00
60C0
61C0
5F40
4040
7FC0
4040
4040
4040
7FC0
4040
4040
60C0
1F00
0000
0000
0000
0000
ENDCHAR
STARTCHAR uni1F6E3
ENCODING 128739
SWIDTH 500 0
DWIDTH 11 0
BBX 11 22 0 -5
BITMAP
0000
0000
0000
7FC0
4040
4040
7FC0
3180
3580
3580
2480
2080
2080
2480
2480
2480
4440
4040
4040
0000
0000
0000
ENDCHAR
STARTCHAR uni1F6E4
ENCODING 128740
SWIDTH 500 0
DWIDTH 11 0
BBX 11 22 0 -5
BITMAP
0000
0000
0000
0000
1100
1100
3F80
1100
2080
3F80
2080
2080
2080
7FC0
2080
4040
4040
7FC0
4040
0000
0000
0000
ENDCHAR
STARTCHAR uni1F6E5
ENCODING 128741
SWIDTH 500 0
DWIDTH 11 0
BBX 11 22 0 -5
BITMAP
0000
0000
0000
0000
0000
0000
0400
0400
1F00
1E00
1200
1200
1E00
FF80
3F00
1F00
0000
FFC0
0000
0000
0000
0000
ENDCHAR
STARTCHAR uni1F6E9
ENCODING 128745
SWIDTH 500 0
DWIDTH 11 0
BBX 11 22 0 -5
BITMAP
0000
0000
0000
0000
0000
0100
0180
0380
0740
4600
7E00
1C00
3E00
3780
7080
E000
5800
0000
0000
0000
0000
0000
ENDCHAR
STARTCHAR uni1F6EB
ENCODING 128747
SWIDTH 500 0
DWIDTH 11 0
BBX 11 22 0 -5
BITMAP
0000
0000
0000
0000
0000
0000
0080
01C0
2380
1F00
0E00
0E00
1D80
7840
7000
F000
5000
0800
7FC0
0000
0000
0000
ENDCHAR
STARTCHAR uni1F6EC
ENCODING 128748
SWIDTH 500 0
DWIDTH 11 0
BBX 11 22 0 -5
BITMAP
0000
0000
0000
0000
0800
1000
3000
7000
7840
1D80
0E00
0600
1F00
2380
01C0
00E0
0040
0000
7FC0
0000
0000
0000
ENDCHAR
STARTCHAR uni1F6F0
ENCODING 128752
SWIDTH 500 0
DWIDTH 11 0
BBX 11 22 0 -5
BITMAP
0000
0000
0000
0000
0000
0040
C080
B540
D440
7F80
2F00
1F00
0FC0
0560
00C0
0040
0000
0000
0000
0000
0000
0000
ENDCHAR
STARTCHAR uni1F6F3
ENCODING 128755
SWIDTH 500 0
DWIDTH 11 0
BBX 11 22 0 -5
BITMAP
0000
0000
0000
0000
1C00
1C00
3F00
2100
3580
7F80
3540
7FC0
0000
FFC0
3F80
1F80
0000
FFE0
0000
0000
0000
0000
ENDCHAR
STARTCHAR uni1F6F4
ENCODING 128756
SWIDTH 500 0
DWIDTH 11 0
BBX 11 22 0 -5
BITMAP
0000
0000
0000
0000
0000
0000
0000
0380
0080
0080
0080
0080
0100
0100
0100
3F80
71C0
2080
0000
0000
0000
0000
ENDCHAR
STARTCHAR uni1F6F5
ENCODING 128757
SWIDTH 500 0
DWIDTH 11 0
BBX 11 22 0 -5
BITMAP
0000
0000
0000
0000
0000
0000
0000
0700
0100
0100
0100
7900
7980
1240
3E80
71C0
2080
0000
0000
0000
0000
0000
ENDCHAR
STARTCHAR uni1F6F6
ENCODING 128758
SWIDTH 500 0
DWIDTH 11 0
BBX 11 22 0 -5
BITMAP
0000
0000
0000
0000
0000
0000
0000
0000
1000
0800
0820
84E0
C7C0
FFC0
7FC0
3F00
1380
01C0
0080
0000
0000
0000
ENDCHAR
STARTCHAR uni1F6F7
ENCODING 128759
SWIDTH 500 0
DWIDTH 11 0
BBX 11 22 0 -5
BITMAP
0000
0000
0000
0000
4100
4100
7F00
6100
7F00
6100
7F00
7F00
6100
7F00
4100
4100
4920
30C0
0000
0000
0000
0000
ENDCHAR
STARTCHAR uni1F6F8
ENCODING 128760
SWIDTH 500 0
DWIDTH 11 0
BBX 11 22 0 -5
BITMAP
0000
0000
0000
0000
0000
0000
0400
0A00
1100
1100
3F80
4040
FFE0
4040
3F80
0000
2080
0400
0000
0000
0000
0000
ENDCHAR
STARTCHAR uni1F6F9
ENCODING 128761
SWIDTH 500 0
DWIDTH 11 0
BBX 11 22 0 -5
BITMAP
0000
0000
0000
0000
0000
0000
0000
0000
0000
0000
0000
4040
E0E0
7FC0
3F80
3B80
1100
0000
0000
0000
0000
0000
ENDCHAR
STARTCHAR uni1F6FA
ENCODING 128762
SWIDTH 500 0
DWIDTH 11 0
BBX 11 22 0 -5
BITMAP
0000
0000
0000
0000
0000
0000
1F00
2080
7F80
4440
4C40
4C40
4C40
7C40
7FC0
71C0
2080
0000
0000
0000
0000
0000
ENDCHAR
STARTCHAR uni1F6FB
ENCODING 128763
SWIDTH 500 0
DWIDTH 11 0
BBX 11 22 0 -5
BITMAP
0000
0000
0000
0000
0000
0000
0000
0000
0000
0700
0480
00C0
7FC0
7FC0
7FC0
71C0
2080
0000
0000
0000
0000
0000
ENDCHAR
STARTCHAR uni1F6FC
ENCODING 128764
SWIDTH 500 0
DWIDTH 11 0
BBX 11 22 0 -5
BITMAP
0000
0000
0000
0000
0000
7C00
7C00
7000
7C00
7000
7C00
73C0
7FC0
7FC0
7FC0
7FC0
1100
3B80
1100
0000
0000
0000
ENDCHAR
STARTCHAR uni1F7E0
ENCODING 128992
SWIDTH 500 0
DWIDTH 11 0
BBX 11 22 0 -5
BITMAP
0000
0000
0000
0000
0000
0E00
3180
3580
4040
5540
4040
3580
3180
0E00
0000
0000
0000
0000
0000
0000
0000
0000
ENDCHAR
STARTCHAR uni1F7E1
ENCODING 128993
SWIDTH 500 0
DWIDTH 11 0
BBX 11 22 0 -5
BITMAP
0000
0000
0000
0000
0000
0E00
3180
2080
4040
4440
4040
2080
3180
0E00
0000
0000
0000
0000
0000
0000
0000
0000
ENDCHAR
STARTCHAR uni1F7E2
ENCODING 128994
SWIDTH 500 0
DWIDTH 11 0
BBX 11 22 0 -5
BITMAP
0000
0000
0000
0000
0000
0E00
3B80
3580
48C0
5540
6AC0
3580
3980
0E00
0000
0000
0000
0000
0000
0000
0000
0000
ENDCHAR
STARTCHAR uni1F7E3
ENCODING 128995
SWIDTH 500 0
DWIDTH 11 0
BBX 11 22 0 -5
BITMAP
0000
0000
0000
0000
0000
0E00
3B80
3F80
6AC0
7FC0
6AC0
3F80
3B80
0E00
0000
0000
0000
0000
0000
0000
0000
0000
ENDCHAR
STARTCHAR uni1F7E4
ENCODING 128996
SWIDTH 500 0
DWIDTH 11 0
BBX 11 22 0 -5
BITMAP
0000
0000
0000
0000
0000
0E00
3B80
3D80
6AC0
7FC0
6AC0
3D80
3B80
0E00
0000
0000
0000
0000
0000
0000
0000
0000
ENDCHAR
STARTCHAR uni1F7E5
ENCODING 128997
SWIDTH 500 0
DWIDTH 11 0
BBX 11 22 0 -5
BITMAP
0000
0000
0000
0000
0000
FFC0
D540
BBC0
D540
EEC0
D540
BBC0
D540
EEC0
FFC0
0000
0000
0000
0000
0000
0000
0000
ENDCHAR
STARTCHAR uni1F7E6
ENCODING 128998
SWIDTH 500 0
DWIDTH 11 0
BBX 11 22 0 -5
BITMAP
0000
0000
0000
0000
0000
FFC0
DDC0
FFC0
F740
FFC0
DDC0
FFC0
F740
FFC0
FFC0
0000
0000
0000
0000
0000
0000
0000
ENDCHAR
STARTCHAR uni1F7E7
ENCODING 128999
SWIDTH 500 0
DWIDTH 11 0
BBX 11 22 0 -5
BITMAP
0000
0000
0000
0000
0000
FFC0
8040
AAC0
8040
AAC0
8040
AAC0
8040
AAC0
FFC0
0000
0000
0000
0000
0000
0000
0000
ENDCHAR
STARTCHAR uni1F7E8
ENCODING 129000
SWIDTH 500 0
DWIDTH 11 0
BBX 11 22 0 -5
BITMAP
0000
0000
0000
0000
0000
FFC0
8040
8040
8040
88C0
8040
8040
8040
88C0
FFC0
0000
0000
0000
0000
0000
0000
0000
ENDCHAR
STARTCHAR uni1F7E9
ENCODING 129001
SWIDTH 500 0
DWIDTH 11 0
BBX 11 22 0 -5
BITMAP
0000
0000
0000
0000
0000
FFC0
D540
AAC0
9140
AAC0
D540
AAC0
9140
AAC0
FFC0
0000
0000
0000
0000
0000
0000
0000
ENDCHAR
STARTCHAR uni1F7EA
ENCODING 129002
SWIDTH 500 0
DWIDTH 11 0
BBX 11 22 0 -5
BITMAP
0000
0000
0000
0000
0000
FFC0
D540
FFC0
D540
FFC0
D540
FFC0
D540
FFC0
FFC0
0000
0000
0000
0000
0000
0000
0000
ENDCHAR
STARTCHAR uni1F7EB
ENCODING 129003
SWIDTH 500 0
DWIDTH 11 0
BBX 11 22 0 -5
BITMAP
0000
0000
0000
0000
0000
FFC0
D540
BBC0
D540
FFC0
D540
BBC0
D540
FFC0
FFC0
0000
0000
0000
0000
0000
0000
0000
ENDCHAR
STARTCHAR uni1F7F0
ENCODING 129008
SWIDTH 500 0
DWIDTH 11 0
BBX 11 22 0 -5
BITMAP
0000
0000
0000
0000
0000
0000
0000
0000
0000
3F80
3F80
0000
3F80
3F80
0000
0000
0000
0000
0000
0000
0000
0000
ENDCHAR
STARTCHAR uni1F90C
ENCODING 129292
SWIDTH 500 0
DWIDTH 11 0
BBX 11 22 0 -5
BITMAP
0000
0C00
1200
1500
2500
2E80
4E80
5B40
9B40
AAC0
EAC0
A080
5180
5180
4E80
2100
2100
1100
1100
1100
1F00
0000
ENDCHAR
STARTCHAR uni1F90D
ENCODING 129293
SWIDTH 500 0
DWIDTH 11 0
BBX 11 22 0 -5
BITMAP
0000
0000
0000
0000
0000
6300
9480
8880
8080
8080
8080
8080
8080
4100
2200
1400
0800
0000
0000
0000
0000
0000
ENDCHAR
STARTCHAR uni1F90E
ENCODING 129294
SWIDTH 500 0
DWIDTH 11 0
BBX 11 22 0 -5
BITMAP
0000
0000
0000
0000
0000
6300
F780
AA80
FF80
AA80
FF80
AA80
FF80
6B00
3E00
1C00
0800
0000
0000
0000
0000
0000
ENDCHAR
STARTCHAR uni1F90F
ENCODING 129295
SWIDTH 500 0
DWIDTH 11 0
BBX 11 22 0 -5
BITMAP
0000
0000
0000
4000
7000
8C00
8200
7900
0900
C880
B480
8C80
4840
4440
35C0
0A80
0880
0880
0880
0880
0F80
0000
ENDCHAR
STARTCHAR uni1F910
ENCODING 129296
SWIDTH 500 0
DWIDTH 11 0
BBX 11 22 0 -5
BITMAP
0000
0000
0000
0000
0E00
3180
4040
4040
9120
9120
8020
8020
AAA0
BFA0
55C0
40C0
3180
0E00
0000
0000
0000
0000
ENDCHAR
STARTCHAR uni1F911
ENCODING 129297
SWIDTH 500 0
DWIDTH 11 0
BBX 11 22 0 -5
BITMAP
0000
0000
0000
0000
0E00
3180
59C0
7340
9120
99A0
B320
8020
A0A0
9F20
4A40
4E40
3B80
0A00
0E00
0000
0000
0000
ENDCHAR
STARTCHAR uni1F912
ENCODING 129298
SWIDTH 500 0
DWIDTH 11 0
BBX 11 22 0 -5
BITMAP
0000
0000
0000
0000
0E00
3180
4040
4040
BBA0
9120
8020
8020
8020
BFA0
4640
41C0
31E0
0E20
0000
0000
0000
0000
ENDCHAR
STARTCHAR uni1F913
ENCODING 129299
SWIDTH 500 0
DWIDTH 11 0
BBX 11 22 0 -5
BITMAP
0000
0000
0000
0000
0E00
3180
4040
7BC0
AEA0
BBA0
8020
8020
BFA0
8C20
4C40
4040
3180
0E00
0000
0000
0000
0000
ENDCHAR
STARTCHAR uni1F914
ENCODING 129300
SWIDTH 500 0
DWIDTH 11 0
BBX 11 22 0 -5
BITMAP
0000
0000
0000
0E00
3100
4080
4C80
A140
8040
8040
9840
8040
47C0
4840
4740
2940
1D40
0240
0240
0180
0000
0000
ENDCHAR
STARTCHAR uni1F915
ENCODING 129301
SWIDTH 500 0
DWIDTH 11 0
BBX 11 22 0 -5
BITMAP
0000
0000
0000
0000
0F80
3C40
C4E0
8F40
FBA0
9120
8020
8020
9F20
A0A0
4040
4040
3180
0E00
0000
0000
0000
0000
ENDCHAR
STARTCHAR uni1F916
ENCODING 129302
SWIDTH 500 0
DWIDTH 11 0
BBX 11 22 0 -5
BITMAP
0000
0000
0000
0000
0E00
0E00
FFE0
8020
8020
BBA0
FBE0
C060
C060
FFE0
AAA0
BFA0
FFE0
0000
0000
0000
0000
0000
ENDCHAR
STARTCHAR uni1F917
ENCODING 129303
SWIDTH 500 0
DWIDTH 11 0
BBX 11 22 0 -5
BITMAP
0000
0000
0000
0000
0E00
3180
4040
4040
9120
AAA0
8020
8020
A0A0
9F20
4040
CA60
BBA0
5F40
60C0
0000
0000
0000
ENDCHAR
STARTCHAR uni1F918
ENCODING 129304
SWIDTH 500 0
DWIDTH 11 0
BBX 11 22 0 -5
BITMAP
0000
1000
30E0
30A0
30A0
28A0
2920
2920
2D40
2B40
2A40
4840
58C0
5D40
6640
6040
2080
2080
2080
2080
3F80
0000
ENDCHAR
STARTCHAR uni1F919
ENCODING 129305
SWIDTH 500 0
DWIDTH 11 0
BBX 11 22 0 -5
BITMAP
0000
0080
00E0
00A0
00A0
00C0
0140
0140
4140
A140
9E40
9880
8980
4680
2480
1E80
1080
1080
0880
0880
0F80
0000
ENDCHAR
STARTCHAR uni1F91A
ENCODING 129306
SWIDTH 500 0
DWIDTH 11 0
BBX 11 22 0 -5
BITMAP
0000
0600
0E00
0F00
3F00
2FC0
2FC0
2FC0
2F40
EF40
AF40
A040
8040
4040
4080
2080
2080
2080
2080
3F80
0000
0000
ENDCHAR
STARTCHAR uni1F91B
ENCODING 129307
SWIDTH 500 0
DWIDTH 11 0
BBX 11 22 0 -5
BITMAP
0000
0000
0000
0000
0000
0000
0000
3C00
C7C0
8840
6840
F040
4040
71C0
8200
7C00
0000
0000
0000
0000
0000
0000
ENDCHAR
STARTCHAR uni1F91C
ENCODING 129308
SWIDTH 500 0
DWIDTH 11 0
BBX 11 22 0 -5
BITMAP
0000
0000
0000
0000
0000
0000
0000
0F00
F8C0
8440
8580
83C0
8080
E380
1040
0F80
0000
0000
0000
0000
0000
0000
ENDCHAR
STARTCHAR uni1F91D
ENCODING 129309
SWIDTH 500 0
DWIDTH 11 0
BBX 11 22 0 -5
BITMAP
0000
0000
0000
0000
0000
0000
0000
8260
E5A0
B8A0
B2A0
ADA0
F8E0
1F00
0600
0000
0000
0000
0000
0000
0000
0000
ENDCHAR
STARTCHAR uni1F91E
ENCODING 129310
SWIDTH 500 0
DWIDTH 11 0
BBX 11 22 0 -5
BITMAP
0000
0900
1980
1A80
1E80
1D00
1500
1100
1100
1600
7200
5380
5040
4DC0
4240
4040
2040
2080
2080
2080
3F80
0000
ENDCHAR
STARTCHAR uni1F91F
ENCODING 129311
SWIDTH 500 0
DWIDTH 11 0
BBX 11 22 0 -5
BITMAP
0000
1000
30E0
30A0
30A0
28A0
2920
2920
2D40
EB40
AA40
9840
98C0
4D40
5E40
6040
2080
2080
2080
2080
3F80
0000
ENDCHAR
STARTCHAR uni1F920
ENCODING 129312
SWIDTH 500 0
DWIDTH 11 0
BBX 11 22 0 -5
BITMAP
0000
0000
2100
3F00
3F00
BF40
7F80
4080
9240
9240
8040
8040
BF40
A140
7F80
5E80
3300
0C00
0000
0000
0000
0000
ENDCHAR
STARTCHAR uni1F921
ENCODING 129313
SWIDTH 500 0
DWIDTH 11 0
BBX 11 22 0 -5
BITMAP
0000
0000
0000
0000
0E00
1100
2080
2080
71C0
FBE0
C460
CE60
C460
FFE0
50C0
3F80
2080
1100
0E00
0000
0000
0000
ENDCHAR
STARTCHAR uni1F922
ENCODING 129314
SWIDTH 500 0
DWIDTH 11 0
BBX 11 22 0 -5
BITMAP
0000
0000
0000
0000
0E00
3180
4040
4040
9120
AAA0
8020
8020
EAE0
9520
4040
4040
3180
0E00
0000
0000
0000
0000
ENDCHAR
STARTCHAR uni1F923
ENCODING 129315
SWIDTH 500 0
DWIDTH 11 0
BBX 11 22 0 -5
BITMAP
0000
0000
0000
0000
0000
1F00
2080
4340
61C0
9820
B020
8020
C0E0
C0E0
67C0
1C00
1F00
0000
0000
0000
0000
0000
ENDCHAR
STARTCHAR uni1F924
ENCODING 129316
SWIDTH 500 0
DWIDTH 11 0
BBX 11 22 0 -5
BITMAP
0000
0000
0000
0000
0E00
3180
4040
4040
AAA0
9120
8020
8020
8420
8EA0
44C0
40C0
3180
0E80
0180
0180
0000
0000
ENDCHAR
STARTCHAR uni1F925
ENCODING 129317
SWIDTH 500 0
DWIDTH 11 0
BBX 11 22 0 -5
BITMAP
0000
0000
0000
0000
1C00
2200
4100
4100
F780
9180
8080
81E0
BE80
C180
4100
4100
2200
1C00
0000
0000
0000
0000
ENDCHAR
STARTCHAR uni1F926
ENCODING 129318
SWIDTH 500 0
DWIDTH 11 0
BBX 11 22 0 -5
BITMAP
0000
0000
0000
0000
0000
0C00
0E00
0400
0200
1F00
1700
3500
3580
5580
5580
6480
6480
6480
2080
2080
3F80
0000
ENDCHAR
STARTCHAR uni1F927
ENCODING 129319
SWIDTH 500 0
DWIDTH 11 0
BBX 11 22 0 -5
BITMAP
0000
0000
0000
0000
0E00
3180
4040
4040
9120
AAA0
8020
8620
85A0
8A60
4920
4920
30C0
1E40
01C0
0000
0000
0000
ENDCHAR
STARTCHAR uni1F928
ENCODING 129320
SWIDTH 500 0
DWIDTH 11 0
BBX 11 22 0 -5
BITMAP
0000
0000
0000
0000
0E00
3180
5BC0
4040
9120
9120
8020
8020
8020
BFA0
4040
4040
3180
0E00
0000
0000
0000
0000
ENDCHAR
STARTCHAR uni1F929
ENCODING 129321
SWIDTH 500 0
DWIDTH 11 0
BBX 11 22 0 -5
BITMAP
0000
0000
0000
0000
0E00
3180
5140
7FC0
BBA0
BBA0
AAA0
8020
BFA0
A0A0
7FC0
5F40
3180
0E00
0000
0000
0000
0000
ENDCHAR
STARTCHAR uni1F92A
ENCODING 129322
SWIDTH 500 0
DWIDTH 11 0
BBX 11 22 0 -5
BITMAP
0000
0000
0000
0000
0C00
3300
4080
5080
AA40
AA40
9040
8040
A140
9E40
4C80
4C80
3300
0C00
0000
0000
0000
0000
ENDCHAR
STARTCHAR uni1F92B
ENCODING 129323
SWIDTH 500 0
DWIDTH 11 0
BBX 11 22 0 -5
BITMAP
0000
0000
0000
0000
0E00
3180
4040
4040
9140
9140
8040
8440
8440
8E40
4740
4540
3580
0D00
0700
0000
0000
0000
ENDCHAR
STARTCHAR uni1F92C
ENCODING 129324
SWIDTH 500 0
DWIDTH 11 0
BBX 11 22 0 -5
BITMAP
0000
0000
0000
0000
0E00
3180
60C0
5B40
9120
9120
8020
FFE0
F960
E960
7840
7FC0
3180
0E00
0000
0000
0000
0000
ENDCHAR
STARTCHAR uni1F92D
ENCODING 129325
SWIDTH 500 0
DWIDTH 11 0
BBX 11 22 0 -5
BITMAP
0000
0000
0000
0000
0E00
3180
4040
4040
9120
AAA0
8E20
8D20
9520
B520
7140
5E40
3180
0E00
0000
0000
0000
0000
ENDCHAR
STARTCHAR uni1F92E
ENCODING 129326
SWIDTH 500 0
DWIDTH 11 0
BBX 11 22 0 -5
BITMAP
0000
0000
0000
0000
0E00
3180
4040
4040
9120
AAA0
8020
8020
9F20
BFA0
7FC0
5F40
3F80
0E00
0E00
0A00
1F00
0000
ENDCHAR
STARTCHAR uni1F92F
ENCODING 129327
SWIDTH 500 0
DWIDTH 11 0
BBX 11 22 0 -5
BITMAP
0000
0000
4440
0000
2080
5B40
C460
5140
AAA0
AAA0
9120
8020
8420
8E20
4440
4040
3180
0E00
0000
0000
0000
0000
ENDCHAR
STARTCHAR uni1F930
ENCODING 129328
SWIDTH 500 0
DWIDTH 11 0
BBX 11 22 0 -5
BITMAP
0000
3C00
7A00
7600
F200
F200
FC00
E400
A200
3200
3180
4840
4C40
43A0
2020
2020
2020
20C0
2F00
6080
7F80
0000
ENDCHAR
STARTCHAR uni1F931
ENCODING 129329
SWIDTH 500 0
DWIDTH 11 0
BBX 11 22 0 -5
BITMAP
0000
3C00
3A00
3100
7100
7100
7200
7F00
6080
7080
9EC0
95C0
9440
9240
FAC0
C4E0
C2A0
B120
8E20
8020
FFE0
0000
ENDCHAR
STARTCHAR uni1F932
ENCODING 129330
SWIDTH 500 0
DWIDTH 11 0
BBX 11 22 0 -5
BITMAP
0000
0000
0000
0000
8020
4040
4040
A0A0
60C0
3180
9120
CA60
A4A0
9720
8C20
8420
8420
4440
3C80
0B00
0000
0000
ENDCHAR
STARTCHAR uni1F933
ENCODING 129331
SWIDTH 500 0
DWIDTH 11 0
BBX 11 22 0 -5
BITMAP
0000
03E0
03E0
0220
0220
0220
02A0
02A0
07E0
0580
0680
0280
0280
0280
0480
0500
0500
0500
0D00
3700
F800
0000
ENDCHAR
STARTCHAR uni1F934
ENCODING 129332
SWIDTH 500 0
DWIDTH 11 0
BBX 11 22 0 -5
BITMAP
0400
8A20
C960
D160
A0C0
7FC0
4040
7FC0
2480
5140
4040
4040
2080
3380
0E00
0E00
0000
1500
7FC0
7FC0
FFE0
0000
ENDCHAR
STARTCHAR uni1F935
ENCODING 129333
SWIDTH 500 0
DWIDTH 11 0
BBX 11 22 0 -5
BITMAP
0000
0000
0000
0000
0000
3F80
3F80
2480
5140
4040
4040
2080
3380
0E00
0E00
0A00
1F00
7BC0
7FC0
FBE0
FFE0
0000
ENDCHAR
STARTCHAR uni1F936
ENCODING 129334
SWIDTH 500 0
DWIDTH 11 0
BBX 11 22 0 -5
BITMAP
0400
0F80
1FC0
3FE0
3FA0
FFA0
80E0
FFC0
3F80
6EC0
7BC0
4040
2080
3380
0E00
0A00
0A00
7180
CE60
8040
FFE0
0000
ENDCHAR
STARTCHAR uni1F937
ENCODING 129335
SWIDTH 500 0
DWIDTH 11 0
BBX 11 22 0 -5
BITMAP
0000
0000
0000
0000
0000
0400
0E00
0400
0000
9F40
9540
5540
75C0
3580
3580
2480
2480
2480
2080
2080
3F80
0000
ENDCHAR
STARTCHAR uni1F938
ENCODING 129336
SWIDTH 500 0
DWIDTH 11 0
BBX 11 22 0 -5
BITMAP
0000
0100
8100
4100
2200
1200
1400
0800
0800
0800
0400
0600
0900
0B00
1780
1280
1080
1080
2040
2040
2040
0000
ENDCHAR
STARTCHAR uni1F939
ENCODING 129337
SWIDTH 500 0
DWIDTH 11 0
BBX 11 22 0 -5
BITMAP
0000
0000
0000
0000
0000
0000
0000
0400
0E00
4440
4440
4C40
7780
4480
0400
0400
0600
0A00
0900
1100
1080
0000
ENDCHAR
STARTCHAR uni1F93A
ENCODING 129338
SWIDTH 500 0
DWIDTH 11 0
BBX 11 22 0 -5
BITMAP
0000
0000
0000
0000
0000
1000
2820
1040
1240
1980
B780
4800
0800
0C00
1300
2100
4080
4080
8040
8040
8000
0000
ENDCHAR
STARTCHAR uni1F93C
ENCODING 129340
SWIDTH 500 0
DWIDTH 11 0
BBX 11 22 0 -5
BITMAP
0000
0000
0000
0000
3000
3300
0300
2680
3900
1D00
1700
2880
2080
3180
3180
4A80
4A40
4A40
8A40
8A40
8A00
0000
ENDCHAR
STARTCHAR uni1F93D
ENCODING 129341
SWIDTH 500 0
DWIDTH 11 0
BBX 11 22 0 -5
BITMAP
0000
0000
0180
0180
0080
0080
0080
0900
1D00
0900
0E00
0800
B800
4800
0800
0800
0800
0000
CCC0
3320
CCC0
3320
ENDCHAR
STARTCHAR uni1F93E
ENCODING 129342
SWIDTH 500 0
DWIDTH 11 0
BBX 11 22 0 -5
BITMAP
0000
0000
0180
0180
0080
0880
1C80
0900
0100
8E00
9800
6800
0800
0800
1400
2200
A100
4200
0200
0400
0400
0000
ENDCHAR
STARTCHAR uni1F93F
ENCODING 129343
SWIDTH 500 0
DWIDTH 11 0
BBX 11 22 0 -5
BITMAP
0000
0000
0000
0000
01C0
0040
0040
0040
0040
7FC0
73C0
73C0
4440
2A80
1100
0000
0000
0000
0000
0000
0000
0000
ENDCHAR
STARTCHAR uni1F940
ENCODING 129344
SWIDTH 500 0
DWIDTH 11 0
BBX 11 22 0 -5
BITMAP
0000
0000
0000
0000
0180
0280
0240
0440
05E0
0520
0520
0620
76A0
7D40
7C00
7F80
3F80
0780
0F80
0F00
0800
0000
ENDCHAR
STARTCHAR uni1F941
ENCODING 129345
SWIDTH 500 0
DWIDTH 11 0
BBX 11 22 0 -5
BITMAP
0000
0000
2080
1100
1100
0A00
0600
0400
1F00
60C0
60C0
5F40
4440
6AC0
6AC0
5140
5140
2080
1F00
0000
0000
0000
ENDCHAR
STARTCHAR uni1F942
ENCODING 129346
SWIDTH 500 0
DWIDTH 11 0
BBX 11 22 0 -5
BITMAP
0000
0400
0400
C0E0
BF20
8A20
6AE0
5B20
4A20
4A40
5140
2080
2080
2080
2080
1100
1100
1100
1F00
3180
0000
0000
ENDCHAR
STARTCHAR uni1F943
ENCODING 129347
SWIDTH 500 0
DWIDTH 11 0
BBX 11 22 0 -5
BITMAP
0000
0000
0000
3F80
C060
C060
BFA0
8020
8820
9420
E3C0
56C0
54C0
4A40
42C0
7FC0
4040
3F80
0000
0000
0000
0000
ENDCHAR
STARTCHAR uni1F944
ENCODING 129348
SWIDTH 500 0
DWIDTH 11 0
BBX 11 22 0 -5
BITMAP
0000
0E00
1100
1100
2080
2080
2080
2080
1100
1500
0E00
0400
0400
0400
0400
0400
0400
0400
0400
0E00
0400
0000
ENDCHAR
STARTCHAR uni1F945
ENCODING 129349
SWIDTH 500 0
DWIDTH 11 0
BBX 11 22 0 -5
BITMAP
0000
0000
0000
0000
0000
0000
7F00
6580
6580
5FC0
5540
7FC0
5540
7D40
57C0
5540
7FC0
0040
0000
0000
0000
0000
ENDCHAR
STARTCHAR uni1F947
ENCODING 129351
SWIDTH 500 0
DWIDTH 11 0
BBX 11 22 0 -5
BITMAP
0000
0000
E1C0
5280
3B00
0E00
0000
1E00
2100
4480
8C40
8440
8440
8E40
4080
2100
1E00
0000
0000
0000
0000
0000
ENDCHAR
STARTCHAR uni1F948
ENCODING 129352
SWIDTH 500 0
DWIDTH 11 0
BBX 11 22 0 -5
BITMAP
0000
0000
E1C0
5280
3B00
0E00
0000
1E00
2100
4C80
8240
8440
8840
8E40
4080
2100
1E00
0000
0000
0000
0000
0000
ENDCHAR
STARTCHAR uni1F949
ENCODING 129353
SWIDTH 500 0
DWIDTH 11 0
BBX 11 22 0 -5
BITMAP
0000
0000
E1C0
5280
3B00
0E00
0000
1E00
2100
4C80
8240
8440
8240
8C40
4080
2100
1E00
0000
0000
0000
0000
0000
ENDCHAR
STARTCHAR uni1F94A
ENCODING 129354
SWIDTH 500 0
DWIDTH 11 0
BBX 11 22 0 -5
BITMAP
0000
0000
0000
0000
0100
1F80
1FC0
1FC0
7FC0
6FC0
77C0
77C0
3780
3F80
1F00
0000
1F00
1F00
0000
0000
0000
0000
ENDCHAR
STARTCHAR uni1F94B
ENCODING 129355
SWIDTH 500 0
DWIDTH 11 0
BBX 11 22 0 -5
BITMAP
0000
0000
0000
0000
1F00
2980
2980
4540
9740
7380
3300
1F00
1300
1F00
1100
1500
1480
1680
1F80
0000
0000
0000
ENDCHAR
STARTCHAR uni1F94C
ENCODING 129356
SWIDTH 500 0
DWIDTH 11 0
BBX 11 22 0 -5
BITMAP
0000
0000
0000
0000
0000
0000
0000
1F00
1100
1100
1F00
3F80
0000
7FC0
7FC0
3F80
1F00
0000
0000
0000
0000
0000
ENDCHAR
STARTCHAR uni1F94D
ENCODING 129357
SWIDTH 500 0
DWIDTH 11 0
BBX 11 22 0 -5
BITMAP
0000
0000
0000
0000
3F80
3180
2A80
1F00
1100
1100
0A00
0400
0400
0400
0400
0800
0800
0800
0800
0000
0000
0000
ENDCHAR
STARTCHAR uni1F94E
ENCODING 129358
SWIDTH 500 0
DWIDTH 11 0
BBX 11 22 0 -5
BITMAP
0000
0000
0000
0000
0000
1E00
2100
6180
B640
9B40
9240
B640
7B80
2100
1E00
0000
0000
0000
0000
0000
0000
0000
ENDCHAR
STARTCHAR uni1F94F
ENCODING 129359
SWIDTH 500 0
DWIDTH 11 0
BBX 11 22 0 -5
BITMAP
0000
0000
0000
0000
0000
0000
0000
0000
1F00
2E80
5140
4E40
4040
60C0
5F40
2080
1F00
0000
0000
0000
0000
0000
ENDCHAR
STARTCHAR uni1F950
ENCODING 129360
SWIDTH 500 0
DWIDTH 11 0
BBX 11 22 0 -5
BITMAP
0000
0000
0000
0000
0000
0000
1F00
2A80
2A80
6B40
6F40
5320
A120
A120
A0A0
60C0
0080
0000
0000
0000
0000
0000
ENDCHAR
STARTCHAR uni1F951
ENCODING 129361
SWIDTH 500 0
DWIDTH 11 0
BBX 11 22 0 -5
BITMAP
0000
0C00
0A00
1200
1200
1200
2200
2200
2100
4100
4480
4A80
5580
9F40
9F40
9F40
9540
4A80
4480
2180
1E00
0000
ENDCHAR
STARTCHAR uni1F952
ENCODING 129362
SWIDTH 500 0
DWIDTH 11 0
BBX 11 22 0 -5
BITMAP
0000
0380
0440
04C0
08C0
09C0
1140
1540
2180
2180
2280
4280
4500
4D00
8A00
EA00
9400
B400
9800
9800
7000
0000
ENDCHAR
STARTCHAR uni1F953
ENCODING 129363
SWIDTH 500 0
DWIDTH 11 0
BBX 11 22 0 -5
BITMAP
0000
7F80
6480
3680
3240
3240
3240
3240
3240
3240
6480
6480
6480
6480
6480
6480
3680
3240
3240
3240
3FC0
0000
ENDCHAR
STARTCHAR uni1F954
ENCODING 129364
SWIDTH 500 0
DWIDTH 11 0
BBX 11 22 0 -5
BITMAP
0000
0000
0000
1C00
2200
2200
5180
4080
4240
4040
8040
A080
8080
4100
4500
4200
3200
0C00
0000
0000
0000
0000
ENDCHAR
STARTCHAR uni1F955
ENCODING 129365
SWIDTH 500 0
DWIDTH 11 0
BBX 11 22 0 -5
BITMAP
0000
0000
0480
0480
0500
0320
0EC0
1300
1100
2080
3380
2900
4100
4200
6400
5400
4800
4800
9000
E000
8000
0000
ENDCHAR
STARTCHAR uni1F956
ENCODING 129366
SWIDTH 500 0
DWIDTH 11 0
BBX 11 22 0 -5
BITMAP
0000
01C0
0120
0220
0220
0520
0520
0820
0840
1440
1280
2080
2100
5100
4A00
4200
C200
A400
A400
4800
7000
0000
ENDCHAR
STARTCHAR uni1F957
ENCODING 129367
SWIDTH 500 0
DWIDTH 11 0
BBX 11 22 0 -5
BITMAP
0000
0000
0800
2D00
3580
3280
6180
B660
DE60
D640
D9C0
FFE0
8020
4040
4040
4040
2080
2080
1100
1F00
1F00
0000
ENDCHAR
STARTCHAR uni1F958
ENCODING 129368
SWIDTH 500 0
DWIDTH 11 0
BBX 11 22 0 -5
BITMAP
0000
0000
0000
0000
0000
0000
0000
0E00
B5A0
E960
EAE0
D560
4A40
71C0
2E80
3F80
0000
0000
0000
0000
0000
0000
ENDCHAR
STARTCHAR uni1F959
ENCODING 129369
SWIDTH 500 0
DWIDTH 11 0
BBX 11 22 0 -5
BITMAP
0000
0000
0000
0000
0600
1980
2080
6B40
FCC0
F7C0
8860
8220
4020
5040
4140
2080
1880
0700
0000
0000
0000
0000
ENDCHAR
STARTCHAR uni1F95A
ENCODING 129370
SWIDTH 500 0
DWIDTH 11 0
BBX 11 22 0 -5
BITMAP
0000
0000
0C00
0A00
1200
1100
2100
2080
4080
4080
8040
8040
8040
8040
8040
8040
4040
4080
2080
1F00
0000
0000
ENDCHAR
STARTCHAR uni1F95B
ENCODING 129371
SWIDTH 500 0
DWIDTH 11 0
BBX 11 22 0 -5
BITMAP
0000
7FC0
60C0
60C0
5F40
4040
7FC0
4040
4040
6040
6080
2080
2080
3080
3080
3080
3080
3080
2080
2080
1F00
0000
ENDCHAR
STARTCHAR uni1F95C
ENCODING 129372
SWIDTH 500 0
DWIDTH 11 0
BBX 11 22 0 -5
BITMAP
0000
0F00
0D00
1280
1A80
1580
1580
1A80
1A80
1100
1300
3400
7400
9400
B400
EC00
CC00
E800
6800
7000
1000
0000
ENDCHAR
STARTCHAR uni1F95D
ENCODING 129373
SWIDTH 500 0
DWIDTH 11 0
BBX 11 22 0 -5
BITMAP
0000
0000
0000
0000
0E00
3F80
3180
60C0
5140
C460
CA60
EAE0
CA60
C460
72C0
5140
2E80
3180
0E00
0000
0000
0000
ENDCHAR
STARTCHAR uni1F95E
ENCODING 129374
SWIDTH 500 0
DWIDTH 11 0
BBX 11 22 0 -5
BITMAP
0000
0000
1E00
1200
1200
0E00
0400
3F00
4380
8140
C5C0
7F80
8240
C0C0
7F80
8040
8040
6180
7F00
0000
0000
0000
ENDCHAR
STARTCHAR uni1F95F
ENCODING 129375
SWIDTH 500 0
DWIDTH 11 0
BBX 11 22 0 -5
BITMAP
0000
0000
0000
0000
0E00
1B00
2A80
6AC0
6AC0
AAA0
FFE0
8020
4020
4020
4040
4040
3180
0E00
0000
0000
0000
0000
ENDCHAR
STARTCHAR uni1F960
ENCODING 129376
SWIDTH 500 0
DWIDTH 11 0
BBX 11 22 0 -5
BITMAP
0000
0000
0000
0000
1000
3C00
3380
5140
5120
8920
8A20
47A0
2760
2720
12C0
1340
1400
0800
0000
0000
0000
0000
ENDCHAR
STARTCHAR uni1F961
ENCODING 129377
SWIDTH 500 0
DWIDTH 11 0
BBX 11 22 0 -5
BITMAP
0000
3F00
2080
4080
4080
4180
62C0
5A40
4420
80C0
40C0
7F80
6180
A180
A180
6140
4140
4140
6140
1D80
0300
0000
ENDCHAR
STARTCHAR uni1F962
ENCODING 129378
SWIDTH 500 0
DWIDTH 11 0
BBX 11 22 0 -5
BITMAP
0000
0220
0220
0440
0440
0440
0840
0880
0880
1080
1080
1100
1100
2100
2100
2200
4200
4200
4200
8400
8400
0000
ENDCHAR
STARTCHAR uni1F963
ENCODING 129379
SWIDTH 500 0
DWIDTH 11 0
BBX 11 22 0 -5
BITMAP
0000
0080
0140
0140
0140
0140
0180
0100
0200
3F00
4080
8040
FFC0
8040
4080
4080
4100
2100
2200
1E00
1E00
0000
ENDCHAR
STARTCHAR uni1F964
ENCODING 129380
SWIDTH 500 0
DWIDTH 11 0
BBX 11 22 0 -5
BITMAP
0000
0180
0600
0400
0400
7F80
4080
8040
FFC0
4080
4080
4080
4080
4080
4100
2100
2100
2100
2100
2100
3F00
0000
ENDCHAR
STARTCHAR uni1F965
ENCODING 129381
SWIDTH 500 0
DWIDTH 11 0
BBX 11 22 0 -5
BITMAP
0000
0000
0000
0000
0000
0000
1F00
3F80
60C0
C060
C060
E0E0
7FA0
5FC0
6AC0
2AC0
1B80
0600
0000
0000
0000
0000
ENDCHAR
STARTCHAR uni1F966
ENCODING 129382
SWIDTH 500 0
DWIDTH 11 0
BBX 11 22 0 -5
BITMAP
0000
0400
0A00
1100
1080
64C0
4440
A940
A940
A540
50C0
4140
4B80
3F00
0A00
0A00
0A00
0900
1100
1300
1C00
0000
ENDCHAR
STARTCHAR uni1F967
ENCODING 129383
SWIDTH 500 0
DWIDTH 11 0
BBX 11 22 0 -5
BITMAP
0000
0000
0000
1B00
2C80
5580
7260
B560
B9A0
C8A0
F560
7360
5260
6BC0
5DC0
4640
2080
1F00
0000
0000
0000
0000
ENDCHAR
STARTCHAR uni1F968
ENCODING 129384
SWIDTH 500 0
DWIDTH 11 0
BBX 11 22 0 -5
BITMAP
0000
0000
0000
0000
3100
4E80
8880
8C80
8C80
9280
9300
9100
6300
2480
28C0
10C0
3120
0E00
0000
0000
0000
0000
ENDCHAR
STARTCHAR uni1F969
ENCODING 129385
SWIDTH 500 0
DWIDTH 11 0
BBX 11 22 0 -5
BITMAP
0000
0000
0800
1600
3E00
3500
6500
6C80
CA40
D140
D6A0
C9A0
C160
C160
B160
4C60
62C0
1940
0480
0300
0000
0000
ENDCHAR
STARTCHAR uni1F96A
ENCODING 129386
SWIDTH 500 0
DWIDTH 11 0
BBX 11 22 0 -5
BITMAP
0000
0000
0000
0200
0E00
1100
6100
8480
E080
9880
CF40
A940
98E0
8F20
EDC0
9EC0
CB00
3C00
0800
0000
0000
0000
ENDCHAR
STARTCHAR uni1F96B
ENCODING 129387
SWIDTH 500 0
DWIDTH 11 0
BBX 11 22 0 -5
BITMAP
0000
3F00
4080
8C40
C0C0
BF40
8040
FFC0
8040
8040
8040
8040
8040
8040
8040
FFC0
8040
8040
FF40
4080
3F00
0000
ENDCHAR
STARTCHAR uni1F96C
ENCODING 129388
SWIDTH 500 0
DWIDTH 11 0
BBX 11 22 0 -5
BITMAP
0000
0C00
3380
2280
2440
2440
4420
44A0
AB40
EC40
3840
3820
28A0
57C0
5480
2C80
1480
1700
1C00
0C00
0800
0000
ENDCHAR
STARTCHAR uni1F96D
ENCODING 129389
SWIDTH 500 0
DWIDTH 11 0
BBX 11 22 0 -5
BITMAP
0000
00C0
0780
0780
0680
0A40
0840
0840
1020
1020
2020
5020
5040
6040
A040
A080
A080
A100
8100
4600
3800
0000
ENDCHAR
STARTCHAR uni1F96E
ENCODING 129390
SWIDTH 500 0
DWIDTH 11 0
BBX 11 22 0 -5
BITMAP
0000
0000
0000
1200
3D00
45C0
4A40
4A40
5B20
6CA0
ACC0
9B40
4A20
4460
40C0
4140
7740
2880
1F00
0000
0000
0000
ENDCHAR
STARTCHAR uni1F96F
ENCODING 129391
SWIDTH 500 0
DWIDTH 11 0
BBX 11 22 0 -5
BITMAP
0000
0000
0000
0000
0000
0C00
3300
5480
4C80
9240
B340
9240
9240
CC40
6080
6380
3F00
0C00
0000
0000
0000
0000
ENDCHAR
STARTCHAR uni1F970
ENCODING 129392
SWIDTH 500 0
DWIDTH 11 0
BBX 11 22 0 -5
BITMAP
0000
0000
0000
A000
EE00
7180
4040
4040
9120
AAA0
8020
8020
A0A0
9F20
4040
40E0
B1E0
EE40
4000
0000
0000
0000
ENDCHAR
STARTCHAR uni1F971
ENCODING 129393
SWIDTH 500 0
DWIDTH 11 0
BBX 11 22 0 -5
BITMAP
0000
0000
0000
0000
0E00
3180
4040
4040
AAA0
9120
8020
8060
9F60
BFE0
7FE0
5F60
31E0
0E60
0060
0000
0000
0000
ENDCHAR
STARTCHAR uni1F972
ENCODING 129394
SWIDTH 500 0
DWIDTH 11 0
BBX 11 22 0 -5
BITMAP
0000
0000
0000
0000
0E00
3180
4040
4040
9120
AAA0
8020
8020
E0A0
DF20
4040
4040
3180
0E00
0000
0000
0000
0000
ENDCHAR
STARTCHAR uni1F973
ENCODING 129395
SWIDTH 500 0
DWIDTH 11 0
BBX 11 22 0 -5
BITMAP
0000
0000
1000
2800
2E00
4580
5C40
E040
9120
A920
8020
8020
8620
8F20
4FE0
4640
3180
0E00
0000
0000
0000
0000
ENDCHAR
STARTCHAR uni1F974
ENCODING 129396
SWIDTH 500 0
DWIDTH 11 0
BBX 11 22 0 -5
BITMAP
0000
0000
0000
0000
0E00
3180
5840
5040
A920
A920
9020
8020
AAA0
9520
4040
4040
3180
0E00
0000
0000
0000
0000
ENDCHAR
STARTCHAR uni1F975
ENCODING 129397
SWIDTH 500 0
DWIDTH 11 0
BBX 11 22 0 -5
BITMAP
8040
4020
8040
0020
0E60
31E0
5B40
60C0
9120
9120
8020
8020
A0A0
9F20
4E40
4E40
3180
0E00
0000
0000
0000
0000
ENDCHAR
STARTCHAR uni1F976
ENCODING 129398
SWIDTH 500 0
DWIDTH 11 0
BBX 11 22 0 -5
BITMAP
0000
0000
0000
0000
8E00
7180
C040
4040
9120
9120
8020
8020
BFA0
A0A0
7FC0
7FC0
75C0
4E40
4440
4440
0000
0000
ENDCHAR
STARTCHAR uni1F977
ENCODING 129399
SWIDTH 500 0
DWIDTH 11 0
BBX 11 22 0 -5
BITMAP
0000
0000
0000
1E00
3F00
7F80
7F80
8040
A140
8040
FFC0
7F80
7F80
3F80
1F80
1740
3BC0
4080
4080
8040
FFC0
0000
ENDCHAR
STARTCHAR uni1F978
ENCODING 129400
SWIDTH 500 0
DWIDTH 11 0
BBX 11 22 0 -5
BITMAP
0000
0000
0000
0000
0E00
3180
4040
7BC0
AEA0
BFA0
8E20
8E20
8E20
9F20
60C0
4040
3180
0E00
0000
0000
0000
0000
ENDCHAR
STARTCHAR uni1F979
ENCODING 129401
SWIDTH 500 0
DWIDTH 11 0
BBX 11 22 0 -5
BITMAP
0000
0000
0000
0000
0E00
3180
4040
5140
AAA0
BBA0
9120
BBA0
A0A0
9F20
4040
4040
3180
0E00
0000
0000
0000
0000
ENDCHAR
STARTCHAR uni1F97A
ENCODING 129402
SWIDTH 500 0
DWIDTH 11 0
BBX 11 22 0 -5
BITMAP
0000
0000
0000
0000
0E00
3180
4040
5140
AAA0
BBA0
9120
8020
9F20
A0A0
4040
4040
3180
0E00
0000
0000
0000
0000
ENDCHAR
STARTCHAR uni1F97B
ENCODING 129403
SWIDTH 500 0
DWIDTH 11 0
BBX 11 22 0 -5
BITMAP
0000
0000
0000
1E00
1300
1300
2300
2480
2480
1900
1900
1900
1900
1900
1C80
2A80
2A80
2980
3F80
0000
0000
0000
ENDCHAR
STARTCHAR uni1F97C
ENCODING 129404
SWIDTH 500 0
DWIDTH 11 0
BBX 11 22 0 -5
BITMAP
0000
0000
0000
1F00
1900
3B80
3780
5540
5540
64C0
4440
3580
3580
3F80
1500
1500
1500
1500
1F00
0000
0000
0000
ENDCHAR
STARTCHAR uni1F97D
ENCODING 129405
SWIDTH 500 0
DWIDTH 11 0
BBX 11 22 0 -5
BITMAP
0000
0000
0000
0000
0000
0000
0000
7FC0
7FC0
4040
7BC0
4640
4440
4040
7FC0
0000
0000
0000
0000
0000
0000
0000
ENDCHAR
STARTCHAR uni1F97E
ENCODING 129406
SWIDTH 500 0
DWIDTH 11 0
BBX 11 22 0 -5
BITMAP
0000
0000
0000
0000
3C00
2400
3C00
2400
2400
3C00
2400
3C00
4300
4080
4040
4040
4040
7FC0
13C0
7C00
0000
0000
ENDCHAR
STARTCHAR uni1F97F
ENCODING 129407
SWIDTH 500 0
DWIDTH 11 0
BBX 11 22 0 -5
BITMAP
0000
0000
0000
0000
0000
0000
0000
0000
0000
0000
0000
4100
6280
6280
5C40
4040
4080
3F80
0000
0000
0000
0000
ENDCHAR
STARTCHAR uni1F980
ENCODING 129408
SWIDTH 500 0
DWIDTH 11 0
BBX 11 22 0 -5
BITMAP
0000
0000
0000
6180
7380
D2C0
9240
7380
3F00
1200
2100
6180
B340
6D80
C0C0
8040
0000
0000
0000
0000
0000
0000
ENDCHAR
STARTCHAR uni1F981
ENCODING 129409
SWIDTH 500 0
DWIDTH 11 0
BBX 11 22 0 -5
BITMAP
0000
0000
0000
0000
0400
1500
2E80
6EC0
71C0
60C0
F1E0
60C0
6EC0
75C0
7FC0
1F00
1500
0400
0000
0000
0000
0000
ENDCHAR
STARTCHAR uni1F982
ENCODING 129410
SWIDTH 500 0
DWIDTH 11 0
BBX 11 22 0 -5
BITMAP
0000
0600
0900
0900
0880
0880
0C80
0680
0480
0500
0A00
1100
7180
1100
7B80
5B40
F5E0
B1A0
A0A0
E0E0
8020
0000
ENDCHAR
STARTCHAR uni1F983
ENCODING 129411
SWIDTH 500 0
DWIDTH 11 0
BBX 11 22 0 -5
BITMAP
0000
0400
2400
3F00
3700
7580
D580
D780
7BC0
6D60
9F40
9940
58C0
7A80
1680
1480
0900
1700
1100
1100
3F80
0000
ENDCHAR
STARTCHAR uni1F984
ENCODING 129412
SWIDTH 500 0
DWIDTH 11 0
BBX 11 22 0 -5
BITMAP
0000
0000
0880
2980
3580
5700
7500
7300
6500
6100
6480
2880
6840
E440
E4A0
4EC0
4B40
7180
D000
F000
0000
0000
ENDCHAR
STARTCHAR uni1F985
ENCODING 129413
SWIDTH 500 0
DWIDTH 11 0
BBX 11 22 0 -5
BITMAP
0000
0000
0000
1000
9000
D000
E800
F980
B9C0
AB40
BFE0
93C0
4E80
4100
2200
2E00
6B00
7E00
3000
2000
0000
0000
ENDCHAR
STARTCHAR uni1F986
ENCODING 129414
SWIDTH 500 0
DWIDTH 11 0
BBX 11 22 0 -5
BITMAP
0000
0000
0000
0000
0380
0280
0540
04E0
04E0
0480
0500
4D00
7100
9900
8500
7A00
3200
0C00
0000
FFE0
0000
0000
ENDCHAR
STARTCHAR uni1F987
ENCODING 129415
SWIDTH 500 0
DWIDTH 11 0
BBX 11 22 0 -5
BITMAP
0000
0000
0000
0000
0000
0A00
0E00
DFE0
E9A0
9F20
CE60
5F80
3F80
0E00
0E00
0400
0000
0000
0000
0000
0000
0000
ENDCHAR
STARTCHAR uni1F988
ENCODING 129416
SWIDTH 500 0
DWIDTH 11 0
BBX 11 22 0 -5
BITMAP
0000
0000
0000
0000
0000
0400
0400
8A00
DA00
6380
42C0
4260
BF80
C300
0600
0400
0000
0000
0000
0000
0000
0000
ENDCHAR
STARTCHAR uni1F989
ENCODING 129417
SWIDTH 500 0
DWIDTH 11 0
BBX 11 22 0 -5
BITMAP
0000
0000
0000
0000
4040
6EC0
7BC0
4440
4440
5540
4440
BFA0
A4A0
9140
5B40
5580
3180
0F00
1100
0000
0000
0000
ENDCHAR
STARTCHAR uni1F98A
ENCODING 129418
SWIDTH 500 0
DWIDTH 11 0
BBX 11 22 0 -5
BITMAP
0000
0000
0000
0000
4040
60C0
3F40
CEE0
FFE0
BFA0
1520
4440
2440
20C0
1080
1F80
0E00
0400
0000
0000
0000
0000
ENDCHAR
STARTCHAR uni1F98B
ENCODING 129419
SWIDTH 500 0
DWIDTH 11 0
BBX 11 22 0 -5
BITMAP
0000
0000
4040
B1A0
B1A0
9B20
BBA0
AEA0
9F20
9F20
8E20
4E40
7FC0
4E40
4440
A4A0
8420
8E20
4E40
71C0
0000
0000
ENDCHAR
STARTCHAR uni1F98C
ENCODING 129420
SWIDTH 500 0
DWIDTH 11 0
BBX 11 22 0 -5
BITMAP
0000
0480
0480
06A0
0C60
0C40
0640
0380
0380
0280
84E0
9C20
E020
41C0
4100
2200
7F40
5140
5140
5140
4100
0000
ENDCHAR
STARTCHAR uni1F98D
ENCODING 129421
SWIDTH 500 0
DWIDTH 11 0
BBX 11 22 0 -5
BITMAP
0000
0000
0000
0000
0E00
1E00
1100
0E00
0E00
2E00
7180
7FC0
5140
DF40
DF60
DB60
DBE0
FBC0
3BC0
3F80
1D00
0000
ENDCHAR
STARTCHAR uni1F98E
ENCODING 129422
SWIDTH 500 0
DWIDTH 11 0
BBX 11 22 0 -5
BITMAP
0000
0E00
1100
1B00
1100
2E80
3B80
4B40
D160
1100
1200
1A00
1B00
2A80
2C80
3480
3480
D460
1200
0A00
0780
0000
ENDCHAR
STARTCHAR uni1F98F
ENCODING 129423
SWIDTH 500 0
DWIDTH 11 0
BBX 11 22 0 -5
BITMAP
0000
0000
0000
0000
0000
0000
1900
67C0
CAC0
8BC0
90C0
50C0
4820
7F60
79E0
5140
5140
4100
0000
0000
0000
0000
ENDCHAR
STARTCHAR uni1F990
ENCODING 129424
SWIDTH 500 0
DWIDTH 11 0
BBX 11 22 0 -5
BITMAP
0000
1E20
0340
0580
0880
08C0
1060
1B60
17C0
1740
3680
2D80
2F40
3D00
7E80
7A00
9400
FC00
0800
0000
0000
0000
ENDCHAR
STARTCHAR uni1F991
ENCODING 129425
SWIDTH 500 0
DWIDTH 11 0
BBX 11 22 0 -5
BITMAP
0000
0400
0A00
0A00
1100
1100
2080
2080
2080
2080
4040
4A40
60C0
5F40
1B00
2A80
2A80
2A80
4A40
8A40
0A00
0000
ENDCHAR
STARTCHAR uni1F992
ENCODING 129426
SWIDTH 500 0
DWIDTH 11 0
BBX 11 22 0 -5
BITMAP
0000
0180
0180
0380
06E0
02A0
0220
03C0
0280
0280
0680
0500
0700
FD00
C900
A200
FF40
D140
5140
5140
4100
0000
ENDCHAR
STARTCHAR uni1F993
ENCODING 129427
SWIDTH 500 0
DWIDTH 11 0
BBX 11 22 0 -5
BITMAP
0000
0000
0000
0000
0280
0180
0180
0240
02C0
0760
7FC0
DF00
FB00
FF40
F340
F340
D140
4100
0000
0000
0000
0000
ENDCHAR
STARTCHAR uni1F994
ENCODING 129428
SWIDTH 500 0
DWIDTH 11 0
BBX 11 22 0 -5
BITMAP
0000
0000
0000
0000
0000
0400
1B00
6300
4900
EA80
AA80
86C0
9620
91A0
71C0
2F80
30C0
0000
0000
0000
0000
0000
ENDCHAR
STARTCHAR uni1F995
ENCODING 129429
SWIDTH 500 0
DWIDTH 11 0
BBX 11 22 0 -5
BITMAP
0000
0180
0140
02C0
0240
02C0
0280
0280
0280
0280
0280
3E80
4080
4100
9100
FF80
1B80
2A80
2980
3980
0180
0000
ENDCHAR
STARTCHAR uni1F996
ENCODING 129430
SWIDTH 500 0
DWIDTH 11 0
BBX 11 22 0 -5
BITMAP
0000
03C0
0420
0A20
09E0
0420
0460
04E0
0500
0B00
0B80
1380
1180
2100
4600
FA00
0A00
1500
1500
1C80
0040
0000
ENDCHAR
STARTCHAR uni1F997
ENCODING 129431
SWIDTH 500 0
DWIDTH 11 0
BBX 11 22 0 -5
BITMAP
0000
0000
0000
0620
0120
0140
01C0
13C0
36C0
3940
6980
7F00
CA80
EDC0
5100
40E0
2000
4000
8000
0000
0000
0000
ENDCHAR
STARTCHAR uni1F998
ENCODING 129432
SWIDTH 500 0
DWIDTH 11 0
BBX 11 22 0 -5
BITMAP
0000
0000
0080
0280
03C0
02C0
0240
02A0
0420
04E0
0680
0900
0960
0D80
0B00
1B00
1700
1200
2F00
34C0
67C0
0000
ENDCHAR
STARTCHAR uni1F999
ENCODING 129433
SWIDTH 500 0
DWIDTH 11 0
BBX 11 22 0 -5
BITMAP
0000
0240
0240
0380
02E0
02A0
0220
02C0
0280
0280
0480
5500
6D00
FD00
C100
FA00
FF40
D140
5140
5140
4100
0000
ENDCHAR
STARTCHAR uni1F99A
ENCODING 129434
SWIDTH 500 0
DWIDTH 11 0
BBX 11 22 0 -5
BITMAP
0000
0C00
1300
5AC0
75C0
8A20
A3A0
DB60
AAA0
8F20
AEA0
5540
5540
2E80
2F00
1F00
0F00
0F00
0600
0900
0900
0000
ENDCHAR
STARTCHAR uni1F99B
ENCODING 129435
SWIDTH 500 0
DWIDTH 11 0
BBX 11 22 0 -5
BITMAP
0000
0000
0000
0000
0000
0000
0600
9F80
E640
87C0
8440
8440
84C0
76C0
5B80
5280
5280
4200
0000
0000
0000
0000
ENDCHAR
STARTCHAR uni1F99C
ENCODING 129436
SWIDTH 500 0
DWIDTH 11 0
BBX 11 22 0 -5
BITMAP
0000
0000
0E00
1100
25C0
2BC0
2FE0
4BE0
5560
4940
6540
2480
2280
2300
3500
1600
1B80
1200
FFC0
1400
1800
0000
ENDCHAR
STARTCHAR uni1F99D
ENCODING 129437
SWIDTH 500 0
DWIDTH 11 0
BBX 11 22 0 -5
BITMAP
0000
0000
0000
0000
4040
71C0
4E40
8020
90A0
F9E0
6EE0
7FC0
7BC0
3140
2E80
1E80
0F00
0400
0000
0000
0000
0000
ENDCHAR
STARTCHAR uni1F99E
ENCODING 129438
SWIDTH 500 0
DWIDTH 11 0
BBX 11 22 0 -5
BITMAP
0000
60C0
60C0
BBA0
9120
5140
6AC0
2E80
1100
1100
1100
3F80
2A80
1F00
3F80
1100
3F80
3280
0A00
0F00
1900
0000
ENDCHAR
STARTCHAR uni1F99F
ENCODING 129439
SWIDTH 500 0
DWIDTH 11 0
BBX 11 22 0 -5
BITMAP
0000
0020
00A0
80C0
E0C0
9180
9100
4900
2A00
2E00
1F80
3C40
4840
5E40
A7E0
A580
4C00
5600
5560
1280
1200
0000
ENDCHAR
STARTCHAR uni1F9A0
ENCODING 129440
SWIDTH 500 0
DWIDTH 11 0
BBX 11 22 0 -5
BITMAP
0000
0000
0800
4C40
DB80
3180
20E0
2880
D680
7480
2880
2080
C480
5F60
4500
2200
3600
4A00
4200
0000
0000
0000
ENDCHAR
STARTCHAR uni1F9A1
ENCODING 129441
SWIDTH 500 0
DWIDTH 11 0
BBX 11 22 0 -5
BITMAP
0000
0000
0000
0000
6180
BF40
8040
6180
7380
7380
3300
3300
3300
2100
1200
1200
0C00
0C00
0000
0000
0000
0000
ENDCHAR
STARTCHAR uni1F9A2
ENCODING 129442
SWIDTH 500 0
DWIDTH 11 0
BBX 11 22 0 -5
BITMAP
0000
0000
0380
0480
0580
0780
0BC0
0BE0
0A00
0600
1500
1500
7D00
6880
8480
9900
4100
3200
0C00
0000
FFE0
0000
ENDCHAR
STARTCHAR uni1F9A3
ENCODING 129443
SWIDTH 500 0
DWIDTH 11 0
BBX 11 22 0 -5
BITMAP
0000
0000
0000
0000
1000
1C00
2380
2340
44C0
44A0
C4A0
C4A0
A4A0
A3E0
7FE0
51E0
51C0
4140
0000
0000
0000
0000
ENDCHAR
STARTCHAR uni1F9A4
ENCODING 129444
SWIDTH 500 0
DWIDTH 11 0
BBX 11 22 0 -5
BITMAP
0000
0000
0300
0480
04C0
09C0
08A0
11A0
1160
A160
E8A0
E680
6280
6680
6280
2080
2100
1300
1D00
1100
3F80
0000
ENDCHAR
STARTCHAR uni1F9A5
ENCODING 129445
SWIDTH 500 0
DWIDTH 11 0
BBX 11 22 0 -5
BITMAP
0000
4040
FFE0
2CE0
28C0
5140
5140
5140
5D40
2A40
2280
4180
4180
4140
4260
23A0
22A0
1EA0
0140
0080
0000
0000
ENDCHAR
STARTCHAR uni1F9A6
ENCODING 129446
SWIDTH 500 0
DWIDTH 11 0
BBX 11 22 0 -5
BITMAP
0000
0000
0000
0000
0000
0000
0000
00C0
00E0
0F60
1020
1020
23C0
3180
4980
7E00
C800
0000
0000
0000
0000
0000
ENDCHAR
STARTCHAR uni1F9A7
ENCODING 129447
SWIDTH 500 0
DWIDTH 11 0
BBX 11 22 0 -5
BITMAP
0000
0400
0E00
1B00
1B00
1100
0E00
1E00
1F00
3A80
7B40
7B40
7B40
BB20
9B20
9F20
5F20
65A0
2060
1180
0A00
0000
ENDCHAR
STARTCHAR uni1F9A8
ENCODING 129448
SWIDTH 500 0
DWIDTH 11 0
BBX 11 22 0 -5
BITMAP
0000
1000
7000
5800
5800
D800
D800
D800
C000
C000
4000
4000
6000
6E00
6F80
3640
3960
1F80
1FC0
2480
2080
0000
ENDCHAR
STARTCHAR uni1F9A9
ENCODING 129449
SWIDTH 500 0
DWIDTH 11 0
BBX 11 22 0 -5
BITMAP
0000
0180
0280
0280
04E0
0260
0240
21C0
5A00
A400
9E00
4200
3400
1800
1400
1200
1400
1800
1000
1000
2000
0000
ENDCHAR
STARTCHAR uni1F9AA
ENCODING 129450
SWIDTH 500 0
DWIDTH 11 0
BBX 11 22 0 -5
BITMAP
0000
0C00
1300
3500
3580
4E80
4E80
2E80
2480
1500
3EC0
2440
4640
A940
A940
A9C0
D740
3980
1700
0D00
0200
0000
ENDCHAR
STARTCHAR uni1F9AB
ENCODING 129451
SWIDTH 500 0
DWIDTH 11 0
BBX 11 22 0 -5
BITMAP
0000
0000
0000
0000
0000
0000
03C0
03A0
02A0
0620
0AE0
11E0
72E0
D180
A900
DE00
7380
0000
0000
0000
0000
0000
ENDCHAR
STARTCHAR uni1F9AC
ENCODING 129452
SWIDTH 500 0
DWIDTH 11 0
BBX 11 22 0 -5
BITMAP
0000
0000
0000
0000
0000
0000
0000
0C80
1280
63A0
83E0
C7A0
C7A0
BBE0
D7C0
D1C0
5140
4100
0000
0000
0000
0000
ENDCHAR
STARTCHAR uni1F9AD
ENCODING 129453
SWIDTH 500 0
DWIDTH 11 0
BBX 11 22 0 -5
BITMAP
0000
0000
0000
0000
0000
0000
00C0
0120
0F60
1020
9060
E0E0
A880
B480
7700
1F00
0300
0300
0000
0000
0000
0000
ENDCHAR
STARTCHAR uni1F9AE
ENCODING 129454
SWIDTH 500 0
DWIDTH 11 0
BBX 11 22 0 -5
BITMAP
0000
0000
0000
0000
0000
8100
8280
8FC0
BEC0
7E80
6580
6500
2600
7E80
5280
5280
4200
0000
0000
0000
0000
0000
ENDCHAR
STARTCHAR uni1F9AF
ENCODING 129455
SWIDTH 500 0
DWIDTH 11 0
BBX 11 22 0 -5
BITMAP
0000
0000
0000
0000
01C0
0040
0040
0080
0080
0100
0100
0200
0200
0400
0400
0800
3800
3000
6000
0000
0000
0000
ENDCHAR
STARTCHAR uni1F9B4
ENCODING 129460
SWIDTH 500 0
DWIDTH 11 0
BBX 11 22 0 -5
BITMAP
0000
71C0
4940
8E40
8040
8040
4040
4040
2040
1080
1080
1080
2100
2100
2100
40C0
4040
8040
8C40
5240
71C0
0000
ENDCHAR
STARTCHAR uni1F9B5
ENCODING 129461
SWIDTH 500 0
DWIDTH 11 0
BBX 11 22 0 -5
BITMAP
0000
3F00
2100
2100
2080
2080
2080
2080
2300
2500
2A00
2A00
2A00
1200
1200
1200
1580
2240
23A0
1020
0FE0
0000
ENDCHAR
STARTCHAR uni1F9B6
ENCODING 129462
SWIDTH 500 0
DWIDTH 11 0
BBX 11 22 0 -5
BITMAP
0000
0C00
6D00
9B80
8AC0
40A0
4020
3020
2920
1A40
1440
1040
1040
1880
2880
2880
2900
2900
2900
3200
0E00
0000
ENDCHAR
STARTCHAR uni1F9B7
ENCODING 129463
SWIDTH 500 0
DWIDTH 11 0
BBX 11 22 0 -5
BITMAP
0000
3100
4AC0
4440
4140
A640
9840
8040
8040
8040
4040
4040
4040
4440
4C80
4C80
2A80
2A80
3280
3300
1200
0000
ENDCHAR
STARTCHAR uni1F9B8
ENCODING 129464
SWIDTH 500 0
DWIDTH 11 0
BBX 11 22 0 -5
BITMAP
0000
0000
0000
0000
0000
3F80
3F80
2480
6EC0
4040
4040
2080
3380
2E80
4E80
4E80
5F40
FFC0
FBC0
FFE0
FFE0
0000
ENDCHAR
STARTCHAR uni1F9B9
ENCODING 129465
SWIDTH 500 0
DWIDTH 11 0
BBX 11 22 0 -5
BITMAP
0000
0000
0000
0000
0000
0E00
3180
2080
5B40
C460
C060
E0E0
FDE0
7FC0
7FC0
7FC0
7FC0
73C0
4CC0
BF20
FFE0
0000
ENDCHAR
STARTCHAR uni1F9BA
ENCODING 129466
SWIDTH 500 0
DWIDTH 11 0
BBX 11 22 0 -5
BITMAP
0000
0000
0000
0000
1B00
1B00
1700
1500
1500
2480
4440
7FC0
4440
4440
3F80
2480
2480
3F80
0000
0000
0000
0000
ENDCHAR
STARTCHAR uni1F9BB
ENCODING 129467
SWIDTH 500 0
DWIDTH 11 0
BBX 11 22 0 -5
BITMAP
0000
1F00
2180
40C0
4E40
4A60
9120
81E0
81A0
41A0
46A0
48A0
28A0
29E0
4F00
4100
4100
2100
3200
0E00
0000
0000
ENDCHAR
STARTCHAR uni1F9BC
ENCODING 129468
SWIDTH 500 0
DWIDTH 11 0
BBX 11 22 0 -5
BITMAP
0000
0000
0000
0000
1000
1000
1000
1180
1100
1100
3F00
1F80
3880
4740
9740
BF60
92E0
4440
3800
0000
0000
0000
ENDCHAR
STARTCHAR uni1F9BD
ENCODING 129469
SWIDTH 500 0
DWIDTH 11 0
BBX 11 22 0 -5
BITMAP
0000
0000
0000
0000
1000
1000
1000
1000
1000
1000
3F00
1F80
3880
4440
9240
BA60
92E0
4440
3800
0000
0000
0000
ENDCHAR
STARTCHAR uni1F9BE
ENCODING 129470
SWIDTH 500 0
DWIDTH 11 0
BBX 11 22 0 -5
BITMAP
0000
F000
D000
C800
C800
C800
B800
5800
7000
7000
7000
7000
7000
7180
76C0
4940
5F60
4960
73A0
2D40
3080
0000
ENDCHAR
STARTCHAR uni1F9BF
ENCODING 129471
SWIDTH 500 0
DWIDTH 11 0
BBX 11 22 0 -5
BITMAP
0000
3F00
2100
3F00
2100
2100
2D00
3300
1200
1200
1C00
0C00
0C00
0C00
0A00
1A00
1A00
1F80
17C0
1020
1FE0
0000
ENDCHAR
STARTCHAR uni1F9C0
ENCODING 129472
SWIDTH 500 0
DWIDTH 11 0
BBX 11 22 0 -5
BITMAP
0000
0000
0000
0100
0700
0880
1280
6540
E240
9F20
90E0
A820
A920
92A0
82A0
E120
1F20
00E0
0000
0000
0000
0000
ENDCHAR
STARTCHAR uni1F9C1
ENCODING 129473
SWIDTH 500 0
DWIDTH 11 0
BBX 11 22 0 -5
BITMAP
0000
0400
0E00
0C00
0E00
1100
1100
2080
2480
7B80
8060
8020
4040
7FC0
5540
5540
5540
3580
3580
3580
3F80
0000
ENDCHAR
STARTCHAR uni1F9C2
ENCODING 129474
SWIDTH 500 0
DWIDTH 11 0
BBX 11 22 0 -5
BITMAP
0000
1F00
2A80
3F80
2080
3F80
2080
2080
2080
4040
4040
4640
4840
4440
4240
4C40
4040
4040
4040
4080
3F80
0000
ENDCHAR
STARTCHAR uni1F9C3
ENCODING 129475
SWIDTH 500 0
DWIDTH 11 0
BBX 11 22 0 -5
BITMAP
0000
0780
0400
0800
0800
3F00
3080
5C80
43C0
4D40
4940
4940
5540
6340
6340
6340
5540
4940
4140
7940
0780
0000
ENDCHAR
STARTCHAR uni1F9C4
ENCODING 129476
SWIDTH 500 0
DWIDTH 11 0
BBX 11 22 0 -5
BITMAP
0000
0E00
0A00
0A00
0A00
0A00
0A00
0D00
1500
1280
3640
6540
6540
A540
A540
9540
9540
5540
4A40
2A80
1F00
0000
ENDCHAR
STARTCHAR uni1F9C5
ENCODING 129477
SWIDTH 500 0
DWIDTH 11 0
BBX 11 22 0 -5
BITMAP
0000
0400
0400
0600
0A00
0A00
0E00
1D00
1B00
3680
3580
6940
6940
68A0
A8A0
A8A0
A4A0
5540
5540
2180
1F00
0000
ENDCHAR
STARTCHAR uni1F9C6
ENCODING 129478
SWIDTH 500 0
DWIDTH 11 0
BBX 11 22 0 -5
BITMAP
0000
0000
0000
0E00
1100
2080
2880
2080
2480
3880
4580
82C0
A560
8460
94E0
46A0
3B40
81E0
7F80
0000
0000
0000
ENDCHAR
STARTCHAR uni1F9C7
ENCODING 129479
SWIDTH 500 0
DWIDTH 11 0
BBX 11 22 0 -5
BITMAP
0000
0000
0000
7F80
6940
A940
FFC0
A940
A940
A940
FFC0
A940
A940
A940
FFC0
A940
A980
7F80
0000
0000
0000
0000
ENDCHAR
STARTCHAR uni1F9C8
ENCODING 129480
SWIDTH 500 0
DWIDTH 11 0
BBX 11 22 0 -5
BITMAP
0000
0000
0000
0000
0000
0C00
1380
2060
47A0
7920
5120
5120
F1E0
9E20
4020
41E0
3E00
0000
0000
0000
0000
0000
ENDCHAR
STARTCHAR uni1F9C9
ENCODING 129481
SWIDTH 500 0
DWIDTH 11 0
BBX 11 22 0 -5
BITMAP
0000
0040
0040
0080
0080
0100
0100
1F00
3F00
64C0
5F40
4040
8040
A040
A040
C040
C040
A040
5040
4040
3F80
0000
ENDCHAR
STARTCHAR uni1F9CA
ENCODING 129482
SWIDTH 500 0
DWIDTH 11 0
BBX 11 22 0 -5
BITMAP
0000
0000
0000
0800
3600
4180
8060
E0E0
9920
A660
A260
A2A0
A220
8220
8220
C240
3280
0F00
0200
0000
0000
0000
ENDCHAR
STARTCHAR uni1F9CB
ENCODING 129483
SWIDTH 500 0
DWIDTH 11 0
BBX 11 22 0 -5
BITMAP
0000
00C0
0300
0200
0200
0200
FFE0
8020
8020
FFE0
8020
8020
8020
8020
4240
5040
4040
4440
40C0
6040
3F80
0000
ENDCHAR
STARTCHAR uni1F9CC
ENCODING 129484
SWIDTH 500 0
DWIDTH 11 0
BBX 11 22 0 -5
BITMAP
0000
0000
0C00
1300
5120
70E0
59E0
44A0
EE20
EEC0
FC80
E780
DF80
C040
C040
D080
D880
DB80
EB80
B580
9D80
0000
ENDCHAR
STARTCHAR uni1F9CD
ENCODING 129485
SWIDTH 500 0
DWIDTH 11 0
BBX 11 22 0 -5
BITMAP
0000
0000
0400
0E00
0400
0000
0400
0E00
1500
1500
2480
2480
2480
2480
2480
2A80
0A00
0A00
0A00
1100
3180
0000
ENDCHAR
STARTCHAR uni1F9CE
ENCODING 129486
SWIDTH 500 0
DWIDTH 11 0
BBX 11 22 0 -5
BITMAP
0000
0000
0800
1C00
0800
0000
0800
0800
1C00
1C00
1200
1200
1200
1E00
1600
1200
2200
2200
2200
E3C0
0000
0000
ENDCHAR
STARTCHAR uni1F9CF
ENCODING 129487
SWIDTH 500 0
DWIDTH 11 0
BBX 11 22 0 -5
BITMAP
0000
0000
0000
0000
0080
0480
0F80
0480
0080
1F80
1580
35C0
35C0
5540
5500
6480
6480
6480
6080
2080
3F80
0000
ENDCHAR
STARTCHAR uni1F9D0
ENCODING 129488
SWIDTH 500 0
DWIDTH 11 0
BBX 11 22 0 -5
BITMAP
0000
0000
0000
0000
0C00
3300
4080
4280
9540
9540
8340
8140
8140
BF40
4180
4180
3300
0D00
0100
0000
0000
0000
ENDCHAR
STARTCHAR uni1F9D1
ENCODING 129489
SWIDTH 500 0
DWIDTH 11 0
BBX 11 22 0 -5
BITMAP
0000
0000
0000
0000
0000
3F80
3F80
64C0
5140
4040
4040
20C0
33C0
0E00
0A00
1B00
3D80
4040
4040
8020
FFE0
0000
ENDCHAR
STARTCHAR uni1F9D2
ENCODING 129490
SWIDTH 500 0
DWIDTH 11 0
BBX 11 22 0 -5
BITMAP
0000
0000
0000
0000
0000
3F80
3F80
7FC0
5140
4040
4040
2080
3380
0E00
0A00
1B00
3D80
4040
4040
8020
FFE0
0000
ENDCHAR
STARTCHAR uni1F9D3
ENCODING 129491
SWIDTH 500 0
DWIDTH 11 0
BBX 11 22 0 -5
BITMAP
0000
0000
0000
0000
0E00
3F80
71C0
60C0
5140
71C0
4040
2080
3380
0E00
0A00
1B00
3D80
4040
4040
8020
FFE0
0000
ENDCHAR
STARTCHAR uni1F9D4
ENCODING 129492
SWIDTH 500 0
DWIDTH 11 0
BBX 11 22 0 -5
BITMAP
0000
0000
0000
0000
0000
3F80
3F80
2480
5140
4040
60C0
3580
3180
3F80
0E00
1F00
3D80
4040
4040
8020
FFE0
0000
ENDCHAR
STARTCHAR uni1F9D5
ENCODING 129493
SWIDTH 500 0
DWIDTH 11 0
BBX 11 22 0 -5
BITMAP
0000
0000
0000
0000
0000
4E40
71C0
60C0
5140
C040
C060
A0A0
B3A0
CEE0
7B40
5F40
3D80
5140
4A40
8A20
FFE0
0000
ENDCHAR
STARTCHAR uni1F9D6
ENCODING 129494
SWIDTH 500 0
DWIDTH 11 0
BBX 11 22 0 -5
BITMAP
0000
4040
8080
8080
4040
8080
0800
1C00
0800
0000
0C00
0C00
1A00
1E00
3300
2180
3F80
FFE0
40C0
40C0
4040
0000
ENDCHAR
STARTCHAR uni1F9D7
ENCODING 129495
SWIDTH 500 0
DWIDTH 11 0
BBX 11 22 0 -5
BITMAP
0000
0020
0020
0040
0840
1DC0
0A20
0C20
08C0
0940
0E40
0820
0820
0C20
1340
2140
20C0
40A0
4020
4040
0040
0000
ENDCHAR
STARTCHAR uni1F9D8
ENCODING 129496
SWIDTH 500 0
DWIDTH 11 0
BBX 11 22 0 -5
BITMAP
0000
0000
0C00
0C00
0000
0000
0E00
0B00
1B00
1980
3180
3180
5F40
60C0
C360
4CA0
B0A0
C320
6CC0
3F00
0000
0000
ENDCHAR
STARTCHAR uni1F9D9
ENCODING 129497
SWIDTH 500 0
DWIDTH 11 0
BBX 11 22 0 -5
BITMAP
0400
0A00
0B00
1100
2080
3F80
7FC0
3FA0
FFA0
24E0
5160
4060
4060
20A0
3FA0
1120
1220
0A20
1520
7FE0
FFE0
0000
ENDCHAR
STARTCHAR uni1F9DA
ENCODING 129498
SWIDTH 500 0
DWIDTH 11 0
BBX 11 22 0 -5
BITMAP
0000
8000
C000
8E00
9B00
D140
EEC0
DF40
DE40
6F40
4EC0
3F80
3F80
5F40
5B40
3B80
0A00
0A00
0A00
1180
2000
0000
ENDCHAR
STARTCHAR uni1F9DB
ENCODING 129499
SWIDTH 500 0
DWIDTH 11 0
BBX 11 22 0 -5
BITMAP
0000
0000
0000
0000
0000
3F80
3F80
2480
5140
C060
C060
E0E0
FFE0
7FC0
7FC0
7BC0
7BC0
7BC0
7BC0
FBE0
FBE0
0000
ENDCHAR
STARTCHAR uni1F9DC
ENCODING 129500
SWIDTH 500 0
DWIDTH 11 0
BBX 11 22 0 -5
BITMAP
0000
0E00
1900
1100
1100
3E00
3100
1120
60A0
60C0
6100
3F00
2200
1A00
1600
0E00
1A00
2380
2640
6A60
1180
0000
ENDCHAR
STARTCHAR uni1F9DD
ENCODING 129501
SWIDTH 500 0
DWIDTH 11 0
BBX 11 22 0 -5
BITMAP
0000
0000
0000
0E00
3180
FFE0
3F80
E4E0
71C0
60C0
60C0
20C0
33C0
0E00
0A00
1B00
3D80
4040
4040
8020
FFE0
0000
ENDCHAR
STARTCHAR uni1F9DE
ENCODING 129502
SWIDTH 500 0
DWIDTH 11 0
BBX 11 22 0 -5
BITMAP
0000
0E00
1D00
1100
1300
1F00
1500
0E00
1F00
2080
2180
5640
4E80
3180
1700
0A00
1200
2400
1400
0E00
0300
0000
ENDCHAR
STARTCHAR uni1F9DF
ENCODING 129503
SWIDTH 500 0
DWIDTH 11 0
BBX 11 22 0 -5
BITMAP
0000
3E00
2100
3280
2280
1F00
1100
1E00
11C0
1120
78A0
6480
A100
A900
B200
1700
2A00
2200
2200
4200
4180
0000
ENDCHAR
STARTCHAR uni1F9E0
ENCODING 129504
SWIDTH 500 0
DWIDTH 11 0
BBX 11 22 0 -5
BITMAP
0000
0000
0000
0000
0000
1A00
3500
34C0
D520
A4E0
4440
F5A0
9660
E580
2580
1A00
0000
0000
0000
0000
0000
0000
ENDCHAR
STARTCHAR uni1F9E1
ENCODING 129505
SWIDTH 500 0
DWIDTH 11 0
BBX 11 22 0 -5
BITMAP
0000
0000
0000
0000
0000
6300
B680
DD80
AA80
D580
AA80
D580
AA80
5500
2A00
1400
0800
0000
0000
0000
0000
0000
ENDCHAR
STARTCHAR uni1F9E2
ENCODING 129506
SWIDTH 500 0
DWIDTH 11 0
BBX 11 22 0 -5
BITMAP
0000
0000
0000
0000
0000
0E00
1500
1500
2480
2480
2480
2400
2000
3F00
1080
0FC0
0000
0000
0000
0000
0000
0000
ENDCHAR
STARTCHAR uni1F9E3
ENCODING 129507
SWIDTH 500 0
DWIDTH 11 0
BBX 11 22 0 -5
BITMAP
0000
0000
0000
0000
7FC0
4040
4040
4040
79C0
5900
5900
7900
5900
5900
7900
0F00
0900
0900
0F00
0000
0000
0000
ENDCHAR
STARTCHAR uni1F9E4
ENCODING 129508
SWIDTH 500 0
DWIDTH 11 0
BBX 11 22 0 -5
BITMAP
0000
0000
0000
1000
3000
3000
3800
3500
6700
4700
4B80
4F40
4C40
5440
7480
0480
0480
0480
0500
0700
0000
0000
ENDCHAR
STARTCHAR uni1F9E5
ENCODING 129509
SWIDTH 500 0
DWIDTH 11 0
BBX 11 22 0 -5
BITMAP
0000
0000
0000
1F00
1F00
2E80
2680
4440
4440
4440
4440
3580
3580
3F80
1500
1500
1500
1500
1F00
0000
0000
0000
ENDCHAR
STARTCHAR uni1F9E6
ENCODING 129510
SWIDTH 500 0
DWIDTH 11 0
BBX 11 22 0 -5
BITMAP
0000
0000
0000
7800
4800
4800
7800
2BC0
2A40
2A40
2BC0
4940
5140
7140
0240
0280
0480
0500
0700
0000
0000
0000
ENDCHAR
STARTCHAR uni1F9E7
ENCODING 129511
SWIDTH 500 0
DWIDTH 11 0
BBX 11 22 0 -5
BITMAP
0000
0000
0000
0000
7FC0
60C0
5140
4A40
4440
4040
4E40
5140
5540
5140
4E40
4040
4040
7FC0
0000
0000
0000
0000
ENDCHAR
STARTCHAR uni1F9E8
ENCODING 129512
SWIDTH 500 0
DWIDTH 11 0
BBX 11 22 0 -5
BITMAP
0000
0000
0000
01C0
01C0
03C0
0480
0400
1F00
0000
1F00
1F00
1F00
1F00
1F00
0000
1F00
1F00
0000
0000
0000
0000
ENDCHAR
STARTCHAR uni1F9E9
ENCODING 129513
SWIDTH 500 0
DWIDTH 11 0
BBX 11 22 0 -5
BITMAP
0000
0000
0000
0000
0000
0400
0E00
0C00
3F00
3F00
1F40
0FE0
1F40
3F00
3B00
3100
0000
0000
0000
0000
0000
0000
ENDCHAR
STARTCHAR uni1F9EA
ENCODING 129514
SWIDTH 500 0
DWIDTH 11 0
BBX 11 22 0 -5
BITMAP
0000
0000
0000
0000
3F80
1100
1100
1100
1100
1100
1100
1100
1F00
1100
1100
1100
1100
0E00
0000
0000
0000
0000
ENDCHAR
STARTCHAR uni1F9EB
ENCODING 129515
SWIDTH 500 0
DWIDTH 11 0
BBX 11 22 0 -5
BITMAP
0000
0000
0000
0000
0000
0000
0000
0000
1F00
2080
5140
4440
60C0
5F40
4040
2080
1F00
0000
0000
0000
0000
0000
ENDCHAR
STARTCHAR uni1F9EC
ENCODING 129516
SWIDTH 500 0
DWIDTH 11 0
BBX 11 22 0 -5
BITMAP
0000
0000
0000
0000
3F80
1100
1F00
0A00
0400
0A00
1F00
2080
3F80
1100
0A00
0400
0A00
1F00
1100
0000
0000
0000
ENDCHAR
STARTCHAR uni1F9ED
ENCODING 129517
SWIDTH 500 0
DWIDTH 11 0
BBX 11 22 0 -5
BITMAP
0000
0A00
0E00
0E00
0E00
0A00
0000
0E00
3180
4340
4340
8640
8E40
8E40
8A40
8C40
9440
5840
5840
3180
0E00
0000
ENDCHAR
STARTCHAR uni1F9EE
ENCODING 129518
SWIDTH 500 0
DWIDTH 11 0
BBX 11 22 0 -5
BITMAP
0000
0000
0000
0000
7FC0
4040
7C40
7FC0
7C40
4040
7FC0
47C0
4040
7340
7FC0
7340
4040
7FC0
0000
0000
0000
0000
ENDCHAR
STARTCHAR uni1F9EF
ENCODING 129519
SWIDTH 500 0
DWIDTH 11 0
BBX 11 22 0 -5
BITMAP
0000
0000
0000
0F00
0900
0F00
1800
3F00
3100
5100
5100
5F00
5100
3100
3100
1100
1100
1100
1F00
0000
0000
0000
ENDCHAR
STARTCHAR uni1F9F0
ENCODING 129520
SWIDTH 500 0
DWIDTH 11 0
BBX 11 22 0 -5
BITMAP
0000
0000
0000
0000
0000
0000
1F00
1100
7FC0
4040
4040
7FC0
4E40
4E40
4040
4040
4040
7FC0
0000
0000
0000
0000
ENDCHAR
STARTCHAR uni1F9F1
ENCODING 129521
SWIDTH 500 0
DWIDTH 11 0
BBX 11 22 0 -5
BITMAP
0000
0000
0000
0000
0000
0300
0F80
3340
D8E0
D9E0
A620
9820
9020
5060
3780
1800
0000
0000
0000
0000
0000
0000
ENDCHAR
STARTCHAR uni1F9F2
ENCODING 129522
SWIDTH 500 0
DWIDTH 11 0
BBX 11 22 0 -5
BITMAP
0000
0000
0000
0000
0000
60C0
60C0
60C0
0000
60C0
60C0
60C0
60C0
60C0
71C0
3180
3B80
1F00
0400
0000
0000
0000
ENDCHAR
STARTCHAR uni1F9F3
ENCODING 129523
SWIDTH 500 0
DWIDTH 11 0
BBX 11 22 0 -5
BITMAP
0000
1F00
1100
1100
1100
1100
7F80
4040
5140
5140
5140
5140
5140
5140
5140
5140
5140
4040
4040
3F80
2080
0000
ENDCHAR
STARTCHAR uni1F9F4
ENCODING 129524
SWIDTH 500 0
DWIDTH 11 0
BBX 11 22 0 -5
BITMAP
0000
0000
0000
0000
0780
0480
0480
1F00
1100
1100
1100
1F00
1100
1100
1100
1F00
1100
1100
1F00
0000
0000
0000
ENDCHAR
STARTCHAR uni1F9F5
ENCODING 129525
SWIDTH 500 0
DWIDTH 11 0
BBX 11 22 0 -5
BITMAP
0000
0000
0000
0000
0000
7FC0
7FC0
1F00
1F00
1100
1F00
1700
1900
17C0
1940
7FC0
7FC0
7FC0
0040
0000
0000
0000
ENDCHAR
STARTCHAR uni1F9F6
ENCODING 129526
SWIDTH 500 0
DWIDTH 11 0
BBX 11 22 0 -5
BITMAP
0000
0000
0000
0000
0000
0000
3F00
3B80
3580
4BC0
44C0
42C0
2180
3F80
0E00
0800
1C40
0380
0000
0000
0000
0000
ENDCHAR
STARTCHAR uni1F9F7
ENCODING 129527
SWIDTH 500 0
DWIDTH 11 0
BBX 11 22 0 -5
BITMAP
0000
0000
0000
0380
0380
0380
0280
0380
0480
0880
0880
1080
1080
3880
2480
2480
2480
2500
1F00
0000
0000
0000
ENDCHAR
STARTCHAR uni1F9F8
ENCODING 129528
SWIDTH 500 0
DWIDTH 11 0
BBX 11 22 0 -5
BITMAP
0000
0000
0000
0000
0000
2E80
7FC0
2E80
3B80
1100
6AC0
FBE0
F1E0
71C0
1B00
3F80
7BC0
3180
0000
0000
0000
0000
ENDCHAR
STARTCHAR uni1F9F9
ENCODING 129529
SWIDTH 500 0
DWIDTH 11 0
BBX 11 22 0 -5
BITMAP
0000
0000
0100
0100
0200
0200
0200
0400
0400
0400
0800
1800
1600
2E00
2E00
2D00
3300
5300
7F00
0000
0000
0000
ENDCHAR
STARTCHAR uni1F9FA
ENCODING 129530
SWIDTH 500 0
DWIDTH 11 0
BBX 11 22 0 -5
BITMAP
0000
0000
0400
0A00
1100
1100
2080
2080
2080
7FC0
4A40
5F40
2A80
2A80
2A80
3F80
1B00
1B00
1F00
0000
0000
0000
ENDCHAR
STARTCHAR uni1F9FB
ENCODING 129531
SWIDTH 500 0
DWIDTH 11 0
BBX 11 22 0 -5
BITMAP
0000
0000
0000
1C00
2E00
5300
4D00
6300
5DC0
4340
4340
4340
4340
4340
4340
4340
2340
1F40
0240
03C0
0000
0000
ENDCHAR
STARTCHAR uni1F9FC
ENCODING 129532
SWIDTH 500 0
DWIDTH 11 0
BBX 11 22 0 -5
BITMAP
0000
0000
0000
1000
2800
2900
1000
0000
0000
1F00
2080
4040
4040
60C0
5F40
4040
2080
1F00
0000
0000
0000
0000
ENDCHAR
STARTCHAR uni1F9FD
ENCODING 129533
SWIDTH 500 0
DWIDTH 11 0
BBX 11 22 0 -5
BITMAP
0000
0000
0000
0000
0000
0000
3300
4C80
4040
5240
4040
4140
5040
4040
4040
4240
2640
1980
0000
0000
0000
0000
ENDCHAR
STARTCHAR uni1F9FE
ENCODING 129534
SWIDTH 500 0
DWIDTH 11 0
BBX 11 22 0 -5
BITMAP
0000
0000
2480
3A80
3180
2080
2080
3F80
2080
2080
3F80
2080
3F80
2080
2080
3F80
2080
3180
2B80
2480
0000
0000
ENDCHAR
STARTCHAR uni1F9FF
ENCODING 129535
SWIDTH 500 0
DWIDTH 11 0
BBX 11 22 0 -5
BITMAP
0000
0000
0000
0000
0000
0E00
1F00
3B80
3180
60C0
64C0
6EC0
64C0
60C0
3180
3B80
1F00
0E00
0000
0000
0000
0000
ENDCHAR
STARTCHAR uni1FA70
ENCODING 129648
SWIDTH 500 0
DWIDTH 11 0
BBX 11 22 0 -5
BITMAP
0000
0000
1100
1100
1100
0B00
0B00
0B00
0D00
1500
1980
2940
2640
2640
2640
2640
2580
2900
1800
1000
0000
0000
ENDCHAR
STARTCHAR uni1FA71
ENCODING 129649
SWIDTH 500 0
DWIDTH 11 0
BBX 11 22 0 -5
BITMAP
0000
0000
0000
1100
1100
1900
1B00
1F00
1100
1100
1100
1100
1100
1080
2080
2080
2100
1100
1200
0E00
0000
0000
ENDCHAR
STARTCHAR uni1FA72
ENCODING 129650
SWIDTH 500 0
DWIDTH 11 0
BBX 11 22 0 -5
BITMAP
0000
0000
0000
0000
0000
0000
0000
0000
7FC0
4040
2080
7FC0
2080
1100
1100
1100
0A00
0E00
0000
0000
0000
0000
ENDCHAR
STARTCHAR uni1FA73
ENCODING 129651
SWIDTH 500 0
DWIDTH 11 0
BBX 11 22 0 -5
BITMAP
0000
0000
0000
0000
0000
3F80
2080
2080
3F80
2080
2080
2440
4440
4440
4C40
4A40
4A40
7BC0
0000
0000
0000
0000
ENDCHAR
STARTCHAR uni1FA74
ENCODING 129652
SWIDTH 500 0
DWIDTH 11 0
BBX 11 22 0 -5
BITMAP
0000
0000
0400
0A00
1100
1100
1100
3180
3180
2A80
2A80
2480
2480
2480
2480
1500
1100
1100
0A00
0400
0000
0000
ENDCHAR
STARTCHAR uni1FA75
ENCODING 129653
SWIDTH 500 0
DWIDTH 11 0
BBX 11 22 0 -5
BITMAP
0000
0000
0000
0000
0000
6300
B680
8880
AA80
8080
AA80
8080
AA80
4100
2A00
1400
0800
0000
0000
0000
0000
0000
ENDCHAR
STARTCHAR uni1FA76
ENCODING 129654
SWIDTH 500 0
DWIDTH 11 0
BBX 11 22 0 -5
BITMAP
0000
0000
0000
0000
0000
6300
B680
DD80
AA80
D580
AA80
D580
AA80
5500
2A00
1400
0800
0000
0000
0000
0000
0000
ENDCHAR
STARTCHAR uni1FA77
ENCODING 129655
SWIDTH 500 0
DWIDTH 11 0
BBX 11 22 0 -5
BITMAP
0000
0000
0000
0000
0000
6300
B680
8880
AA80
8080
AA80
8080
AA80
4100
2A00
1400
0800
0000
0000
0000
0000
0000
ENDCHAR
STARTCHAR uni1FA78
ENCODING 129656
SWIDTH 500 0
DWIDTH 11 0
BBX 11 22 0 -5
BITMAP
0000
0000
0400
0400
0E00
0E00
0E00
1F00
1F00
1F00
3F80
3F80
7FC0
6FC0
6FC0
6FC0
6FC0
3F80
3F80
1F00
0000
0000
ENDCHAR
STARTCHAR uni1FA79
ENCODING 129657
SWIDTH 500 0
DWIDTH 11 0
BBX 11 22 0 -5
BITMAP
0000
0000
0000
1F00
1080
3080
2180
2080
2080
3F80
3180
3180
3180
3F80
2080
2080
3080
2180
2100
1F00
0000
0000
ENDCHAR
STARTCHAR uni1FA7A
ENCODING 129658
SWIDTH 500 0
DWIDTH 11 0
BBX 11 22 0 -5
BITMAP
0000
0000
0000
7300
2100
2100
2100
2100
2100
2100
1200
1C80
0940
0880
0840
0840
0480
0580
0200
0000
0000
0000
ENDCHAR
STARTCHAR uni1FA7B
ENCODING 129659
SWIDTH 500 0
DWIDTH 11 0
BBX 11 22 0 -5
BITMAP
0000
0000
7FC0
7FC0
7BC0
7BC0
6AC0
60C0
7BC0
7BC0
6AC0
60C0
7BC0
6AC0
60C0
7BC0
7BC0
7BC0
7FC0
7FC0
0000
0000
ENDCHAR
STARTCHAR uni1FA7C
ENCODING 129660
SWIDTH 500 0
DWIDTH 11 0
BBX 11 22 0 -5
BITMAP
0000
0000
0000
3F80
3F80
1100
1100
1100
1100
1F00
1100
1100
0A00
0400
0400
0400
0400
0400
0400
0400
0000
0000
ENDCHAR
STARTCHAR uni1FA80
ENCODING 129664
SWIDTH 500 0
DWIDTH 11 0
BBX 11 22 0 -5
BITMAP
0000
0000
0000
0000
0600
1980
2000
2000
1E00
3880
7640
6900
6900
6600
3000
0800
0000
0000
0000
0000
0000
0000
ENDCHAR
STARTCHAR uni1FA81
ENCODING 129665
SWIDTH 500 0
DWIDTH 11 0
BBX 11 22 0 -5
BITMAP
0000
0000
0000
0000
0400
1E00
2500
7C80
27C0
1480
1500
0E00
0400
0400
0C00
1800
0700
0100
0600
0000
0000
0000
ENDCHAR
STARTCHAR uni1FA82
ENCODING 129666
SWIDTH 500 0
DWIDTH 11 0
BBX 11 22 0 -5
BITMAP
0000
0000
0000
0000
0E00
1B00
3180
5140
7FC0
5140
3180
3180
1B00
1B00
0E00
0E00
0E00
0400
0A00
0000
0000
0000
ENDCHAR
STARTCHAR uni1FA83
ENCODING 129667
SWIDTH 500 0
DWIDTH 11 0
BBX 11 22 0 -5
BITMAP
0000
0000
0000
0000
0400
0E00
1F00
1F00
3F80
3F80
3F80
7BC0
7BC0
71C0
E0E0
E0E0
4040
0000
0000
0000
0000
0000
ENDCHAR
STARTCHAR uni1FA84
ENCODING 129668
SWIDTH 500 0
DWIDTH 11 0
BBX 11 22 0 -5
BITMAP
0000
0000
0000
0000
0900
07E0
03C0
4380
0340
0200
0200
0440
0000
0000
0800
1000
1000
2000
0000
0000
0000
0000
ENDCHAR
STARTCHAR uni1FA85
ENCODING 129669
SWIDTH 500 0
DWIDTH 11 0
BBX 11 22 0 -5
BITMAP
0000
0000
0000
0400
2400
3400
7C00
4720
F140
4080
7F80
3F80
2080
1F80
1100
1100
1100
0000
0000
0000
0000
0000
ENDCHAR
STARTCHAR uni1FA86
ENCODING 129670
SWIDTH 500 0
DWIDTH 11 0
BBX 11 22 0 -5
BITMAP
0000
0000
0000
0000
0E00
1F00
3180
3180
2E80
1100
2E80
7FC0
4440
5540
4E40
2E80
1B00
0E00
0000
0000
0000
0000
ENDCHAR
STARTCHAR uni1FA87
ENCODING 129671
SWIDTH 500 0
DWIDTH 11 0
BBX 11 22 0 -5
BITMAP
0000
0000
0000
1000
2800
4400
4500
7E80
4440
4440
2FC0
1440
1280
1100
1100
0900
0A00
0A00
0A00
0A00
0000
0000
ENDCHAR
STARTCHAR uni1FA88
ENCODING 129672
SWIDTH 500 0
DWIDTH 11 0
BBX 11 22 0 -5
BITMAP
0000
0000
1E00
1200
1380
1200
1600
1200
1200
1200
1600
1200
1200
1600
1200
1200
1600
1200
1200
1E00
0000
0000
ENDCHAR
STARTCHAR uni1FA89
ENCODING 129673
SWIDTH 500 0
DWIDTH 11 0
BBX 11 22 0 -5
BITMAP
0000
0000
1000
2800
2800
2780
2880
2980
1980
1980
1980
1980
1980
0980
0980
0980
0980
0580
0FC0
0780
0000
0000
ENDCHAR
STARTCHAR uni1FA8A
ENCODING 129674
SWIDTH 500 0
DWIDTH 11 0
BBX 11 22 0 -5
BITMAP
0000
0000
0000
0000
0000
0040
0040
00C0
00C0
7F40
0040
3F40
31C0
31C0
3140
3100
3F80
2100
3F00
0000
0000
0000
ENDCHAR
STARTCHAR uni1FA8E
ENCODING 129678
SWIDTH 500 0
DWIDTH 11 0
BBX 11 22 0 -5
BITMAP
0000
0000
0000
1F00
2080
2080
4040
4040
4040
4040
7FC0
7FC0
5F40
5F40
5F40
5140
5140
5140
7FC0
0000
0000
0000
ENDCHAR
STARTCHAR uni1FA8F
ENCODING 129679
SWIDTH 500 0
DWIDTH 11 0
BBX 11 22 0 -5
BITMAP
0000
0000
0000
0000
1F00
1100
1100
0A00
0400
0400
0400
0400
0400
3F80
2080
1100
1100
0A00
0400
0000
0000
0000
ENDCHAR
STARTCHAR uni1FA90
ENCODING 129680
SWIDTH 500 0
DWIDTH 11 0
BBX 11 22 0 -5
BITMAP
0000
0000
0000
0000
0000
0000
0E00
1100
20C0
2080
61C0
5340
2E80
3F00
0000
0000
0000
0000
0000
0000
0000
0000
ENDCHAR
STARTCHAR uni1FA91
ENCODING 129681
SWIDTH 500 0
DWIDTH 11 0
BBX 11 22 0 -5
BITMAP
0000
0000
0000
1F00
1500
1500
1500
1500
1500
1500
1500
3F80
2080
3F80
1100
1100
2080
2080
2080
2080
0000
0000
ENDCHAR
STARTCHAR uni1FA92
ENCODING 129682
SWIDTH 500 0
DWIDTH 11 0
BBX 11 22 0 -5
BITMAP
0000
0000
0000
7FC0
4040
5F40
4040
4040
7FC0
0500
0500
0500
0500
0900
0900
0900
0900
0900
0700
0400
0000
0000
ENDCHAR
STARTCHAR uni1FA93
ENCODING 129683
SWIDTH 500 0
DWIDTH 11 0
BBX 11 22 0 -5
BITMAP
0000
0000
0000
0000
1000
1800
1F40
1F40
1EC0
1EC0
16C0
1040
2000
2000
2000
2000
4000
4000
4000
0000
0000
0000
ENDCHAR
STARTCHAR uni1FA94
ENCODING 129684
SWIDTH 500 0
DWIDTH 11 0
BBX 11 22 0 -5
BITMAP
0000
0000
0000
0100
0100
0300
0280
0480
0480
0480
0280
0300
7FC0
4040
2080
2080
1100
1100
0A00
0400
0000
0000
ENDCHAR
STARTCHAR uni1FA95
ENCODING 129685
SWIDTH 500 0
DWIDTH 11 0
BBX 11 22 0 -5
BITMAP
0000
0000
0380
0080
0100
0100
0100
0200
0200
0400
0400
1C00
2E00
5B00
5300
5300
5300
5D00
2200
1C00
0000
0000
ENDCHAR
STARTCHAR uni1FA96
ENCODING 129686
SWIDTH 500 0
DWIDTH 11 0
BBX 11 22 0 -5
BITMAP
0000
0000
0000
0000
0000
0E00
1100
1100
2080
2080
2080
2080
2080
7FC0
1100
1100
1100
1F00
0000
0000
0000
0000
ENDCHAR
STARTCHAR uni1FA97
ENCODING 129687
SWIDTH 500 0
DWIDTH 11 0
BBX 11 22 0 -5
BITMAP
0000
0000
0000
0000
03C0
0D40
7B40
5B40
7B40
5B40
5B40
7B40
5B40
5B40
5B40
7BC0
5E00
7800
0000
0000
0000
0000
ENDCHAR
STARTCHAR uni1FA98
ENCODING 129688
SWIDTH 500 0
DWIDTH 11 0
BBX 11 22 0 -5
BITMAP
0000
0000
1F00
2080
4040
4040
60C0
3F80
3180
2A80
1B00
1B00
1500
1500
1100
1100
1F00
1100
2080
3F80
0000
0000
ENDCHAR
STARTCHAR uni1FA99
ENCODING 129689
SWIDTH 500 0
DWIDTH 11 0
BBX 11 22 0 -5
BITMAP
0000
0000
0000
0000
0E00
1100
2480
2A80
5540
5540
5540
5540
5540
5540
2A80
2480
1100
0E00
0000
0000
0000
0000
ENDCHAR
STARTCHAR uni1FA9A
ENCODING 129690
SWIDTH 500 0
DWIDTH 11 0
BBX 11 22 0 -5
BITMAP
0000
0000
0000
0000
0600
05C0
0C40
0E80
0F80
0F80
0F00
1E00
1E00
3C00
3800
3C00
7000
7000
0000
0000
0000
0000
ENDCHAR
STARTCHAR uni1FA9B
ENCODING 129691
SWIDTH 500 0
DWIDTH 11 0
BBX 11 22 0 -5
BITMAP
0000
0000
0000
0400
0400
0400
0400
0400
0400
0400
0E00
1F00
1B00
1B00
1B00
1B00
1B00
0E00
0E00
0000
0000
0000
ENDCHAR
STARTCHAR uni1FA9C
ENCODING 129692
SWIDTH 500 0
DWIDTH 11 0
BBX 11 22 0 -5
BITMAP
0000
0000
0000
0000
2080
2080
3F80
2080
2080
2080
3F80
2080
2080
3F80
2080
2080
3F80
2080
2080
0000
0000
0000
ENDCHAR
STARTCHAR uni1FA9D
ENCODING 129693
SWIDTH 500 0
DWIDTH 11 0
BBX 11 22 0 -5
BITMAP
0000
0000
0000
0000
0400
0A00
0400
0400
0400
0400
0400
0300
4080
7080
4080
4080
2300
1C00
0000
0000
0000
0000
ENDCHAR
STARTCHAR uni1FA9E
ENCODING 129694
SWIDTH 500 0
DWIDTH 11 0
BBX 11 22 0 -5
BITMAP
0000
0000
0E00
1100
2480
2A80
5340
5540
5540
5940
5140
2A80
2480
1100
0E00
0400
0400
0400
0400
1F00
0000
0000
ENDCHAR
STARTCHAR uni1FA9F
ENCODING 129695
SWIDTH 500 0
DWIDTH 11 0
BBX 11 22 0 -5
BITMAP
0000
0000
0000
7FC0
4040
5F40
5540
5540
5540
5540
5540
5F40
5540
5540
5540
5540
5F40
4040
7FC0
0000
0000
0000
ENDCHAR
STARTCHAR uni1FAA0
ENCODING 129696
SWIDTH 500 0
DWIDTH 11 0
BBX 11 22 0 -5
BITMAP
0000
0000
0400
0400
0400
0400
0400
0400
0400
0400
0400
0400
0400
1F00
1100
1100
2080
2080
3F80
7FC0
0000
0000
ENDCHAR
STARTCHAR uni1FAA1
ENCODING 129697
SWIDTH 500 0
DWIDTH 11 0
BBX 11 22 0 -5
BITMAP
0000
0000
0000
0000
0880
3740
4140
2240
1280
2480
2500
4A00
0C00
1400
1800
3000
2000
6000
4000
0000
0000
0000
ENDCHAR
STARTCHAR uni1FAA2
ENCODING 129698
SWIDTH 500 0
DWIDTH 11 0
BBX 11 22 0 -5
BITMAP
0000
0000
0000
0000
0000
0000
0020
C040
3380
3C00
49C0
4640
4A40
73C0
0100
0000
0000
0000
0000
0000
0000
0000
ENDCHAR
STARTCHAR uni1FAA3
ENCODING 129699
SWIDTH 500 0
DWIDTH 11 0
BBX 11 22 0 -5
BITMAP
0000
0000
0000
0E00
1100
1100
2080
2080
2080
7FC0
4040
5F40
2080
2080
2080
2080
1100
1100
1F00
0000
0000
0000
ENDCHAR
STARTCHAR uni1FAA4
ENCODING 129700
SWIDTH 500 0
DWIDTH 11 0
BBX 11 22 0 -5
BITMAP
0000
0000
0000
0000
0000
1F00
1100
1100
1100
1080
3080
3180
7FC0
62C0
42C0
47C0
4040
4040
7FC0
0000
0000
0000
ENDCHAR
STARTCHAR uni1FAA5
ENCODING 129701
SWIDTH 500 0
DWIDTH 11 0
BBX 11 22 0 -5
BITMAP
0000
0000
0900
0F80
0900
0F80
0900
0F80
0900
0800
0400
0200
0200
0200
0200
0200
0200
0200
0200
0200
0000
0000
ENDCHAR
STARTCHAR uni1FAA6
ENCODING 129702
SWIDTH 500 0
DWIDTH 11 0
BBX 11 22 0 -5
BITMAP
0000
0000
0400
0A00
1100
1100
2080
2080
3F80
2080
2080
3F80
2080
2080
3E80
2080
2080
2080
2080
3F80
0000
0000
ENDCHAR
STARTCHAR uni1FAA7
ENCODING 129703
SWIDTH 500 0
DWIDTH 11 0
BBX 11 22 0 -5
BITMAP
0000
0000
7FC0
4040
4040
4040
5F40
4040
4040
4040
5F40
4040
4040
7FC0
0400
0400
0400
0400
0400
0400
0000
0000
ENDCHAR
STARTCHAR uni1FAA8
ENCODING 129704
SWIDTH 500 0
DWIDTH 11 0
BBX 11 22 0 -5
BITMAP
0000
0000
0000
0000
0000
0600
1900
2100
3380
4C80
4840
9040
9040
5040
6840
3E80
0700
0000
0000
0000
0000
0000
ENDCHAR
STARTCHAR uni1FAA9
ENCODING 129705
SWIDTH 500 0
DWIDTH 11 0
BBX 11 22 0 -5
BITMAP
0000
0000
0000
0400
0400
0400
0400
0E00
3580
2A80
7FC0
7FC0
5140
3F80
3B80
0E00
0000
0000
0000
0000
0000
0000
ENDCHAR
STARTCHAR uni1FAAA
ENCODING 129706
SWIDTH 500 0
DWIDTH 11 0
BBX 11 22 0 -5
BITMAP
0000
0000
0000
0000
0000
0000
7FC0
4040
5040
7BC0
7840
53C0
7840
7840
7B40
4040
7FC0
0000
0000
0000
0000
0000
ENDCHAR
STARTCHAR uni1FAAB
ENCODING 129707
SWIDTH 500 0
DWIDTH 11 0
BBX 11 22 0 -5
BITMAP
0000
0000
0000
0000
0600
0600
3F80
2080
2080
2080
2080
2080
2080
2080
2080
2E80
2080
3F80
0000
0000
0000
0000
ENDCHAR
STARTCHAR uni1FAAC
ENCODING 129708
SWIDTH 500 0
DWIDTH 11 0
BBX 11 22 0 -5
BITMAP
0000
0000
0800
1700
1700
1700
1580
3580
3580
3180
2040
4E40
5540
5140
5180
2E80
2100
1100
0A00
0400
0000
0000
ENDCHAR
STARTCHAR uni1FAAD
ENCODING 129709
SWIDTH 500 0
DWIDTH 11 0
BBX 11 22 0 -5
BITMAP
0000
0000
0000
0F00
1480
3580
3540
3540
5540
4E80
4E80
2E80
2F00
1F00
1E00
0E00
0E00
0400
0400
0000
0000
0000
ENDCHAR
STARTCHAR uni1FAAE
ENCODING 129710
SWIDTH 500 0
DWIDTH 11 0
BBX 11 22 0 -5
BITMAP
0000
0000
0000
5280
5280
5280
5280
5280
5280
5280
5280
7F80
6080
1300
1200
1200
1200
1200
1200
1E00
0000
0000
ENDCHAR
STARTCHAR uni1FAAF
ENCODING 129711
SWIDTH 500 0
DWIDTH 11 0
BBX 11 22 0 -5
BITMAP
0000
0000
0000
0000
0400
0A00
4E40
5F40
5540
75C0
6EC0
6EC0
3F80
2E80
1500
5540
2480
3580
0000
0000
0000
0000
ENDCHAR
STARTCHAR uni1FAB0
ENCODING 129712
SWIDTH 500 0
DWIDTH 11 0
BBX 11 22 0 -5
BITMAP
0000
0000
0A00
5540
3580
1500
3580
4E40
4E40
8E20
8020
9F20
9F20
FFE0
2080
2E80
4A40
4E40
5540
1100
1100
0000
ENDCHAR
STARTCHAR uni1FAB1
ENCODING 129713
SWIDTH 500 0
DWIDTH 11 0
BBX 11 22 0 -5
BITMAP
0000
0080
00C0
00E0
00E0
01A0
0240
0E40
1980
2580
6500
9600
9800
9000
F000
9100
7E80
4A40
2A40
1A80
0F00
0000
ENDCHAR
STARTCHAR uni1FAB2
ENCODING 129714
SWIDTH 500 0
DWIDTH 11 0
BBX 11 22 0 -5
BITMAP
0000
2080
2080
2080
1F00
3B80
60C0
AEA0
3500
1500
2480
2480
2480
E4E0
2480
2480
2480
1500
3580
4E40
8020
0000
ENDCHAR
STARTCHAR uni1FAB3
ENCODING 129715
SWIDTH 500 0
DWIDTH 11 0
BBX 11 22 0 -5
BITMAP
0000
8020
40C0
2100
1100
1E00
3F80
5F40
9120
1280
3280
2A80
2C80
2C80
D560
1500
1D00
1B00
1B00
2A80
4E40
8020
ENDCHAR
STARTCHAR uni1FAB4
ENCODING 129716
SWIDTH 500 0
DWIDTH 11 0
BBX 11 22 0 -5
BITMAP
0000
01E0
F3E0
FFE0
FFC0
7FC0
7FE0
F7E0
FFE0
7FC0
7FC0
3C00
0400
7FC0
2080
2080
2080
1100
1100
1100
1F00
0000
ENDCHAR
STARTCHAR uni1FAB5
ENCODING 129717
SWIDTH 500 0
DWIDTH 11 0
BBX 11 22 0 -5
BITMAP
0000
0300
0C80
3140
C620
9820
A060
80A0
8120
9820
A460
D2A0
A920
D520
ED20
ED60
D5A0
ABC0
5300
2600
1800
0000
ENDCHAR
STARTCHAR uni1FAB6
ENCODING 129718
SWIDTH 500 0
DWIDTH 11 0
BBX 11 22 0 -5
BITMAP
0000
0100
0680
0980
0980
1280
3280
3C80
2780
2480
2880
5B80
5D00
7100
6700
7A00
2C00
7000
6000
8000
8000
0000
ENDCHAR
STARTCHAR uni1FAB7
ENCODING 129719
SWIDTH 500 0
DWIDTH 11 0
BBX 11 22 0 -5
BITMAP
0000
0000
0000
0000
0000
0000
0400
4A40
7BC0
5140
F2E0
6AC0
5F40
3580
0E00
0000
0000
0000
0000
0000
0000
0000
ENDCHAR
STARTCHAR uni1FAB8
ENCODING 129720
SWIDTH 500 0
DWIDTH 11 0
BBX 11 22 0 -5
BITMAP
0C00
0860
4860
C8A0
99A0
D9A0
E8C0
B0C0
A180
A100
7100
5120
CAA0
4A40
4440
2480
3480
0F00
1D00
1F00
1F80
0000
ENDCHAR
STARTCHAR uni1FAB9
ENCODING 129721
SWIDTH 500 0
DWIDTH 11 0
BBX 11 22 0 -5
BITMAP
0000
0000
0000
0000
0000
0000
0000
0000
0000
0000
0000
3F00
4080
81C0
DEC0
FFC0
EFC0
33C0
7F00
1900
0600
0000
ENDCHAR
STARTCHAR uni1FABA
ENCODING 129722
SWIDTH 500 0
DWIDTH 11 0
BBX 11 22 0 -5
BITMAP
0000
0000
0000
0000
0000
0000
0000
0000
0400
0A00
4A00
BB80
A440
C0E0
DF60
FFE0
EFE0
33E0
7F80
1880
0700
0000
ENDCHAR
STARTCHAR uni1FABB
ENCODING 129723
SWIDTH 500 0
DWIDTH 11 0
BBX 11 22 0 -5
BITMAP
0000
0000
1C00
1200
1F80
0680
1E80
1300
1B80
0E80
1E80
9340
DA40
7DC0
7580
3780
3F00
1F00
0E00
0E00
0400
0000
ENDCHAR
STARTCHAR uni1FABC
ENCODING 129724
SWIDTH 500 0
DWIDTH 11 0
BBX 11 22 0 -5
BITMAP
0000
0E00
1100
2A80
5140
9120
9120
9120
8020
B4A0
6BC0
2A80
2980
2980
2980
1940
1A40
1A40
2A40
2A40
2A00
0000
ENDCHAR
STARTCHAR uni1FABD
ENCODING 129725
SWIDTH 500 0
DWIDTH 11 0
BBX 11 22 0 -5
BITMAP
0000
0100
01C0
02C0
0240
04E0
08A0
0920
1120
2220
2260
44A0
4940
8AC0
9580
9980
7300
6500
4A00
2C00
3000
0000
ENDCHAR
STARTCHAR uni1FABE
ENCODING 129726
SWIDTH 500 0
DWIDTH 11 0
BBX 11 22 0 -5
BITMAP
0000
0080
1080
1080
4920
4DC0
4500
2500
E600
2640
1440
1480
0CE0
0500
0600
0400
0400
0400
0400
0400
3F80
0000
ENDCHAR
STARTCHAR uni1FABF
ENCODING 129727
SWIDTH 500 0
DWIDTH 11 0
BBX 11 22 0 -5
BITMAP
0000
0000
0180
01C0
02E0
02A0
02E0
0280
0280
0280
0280
0280
CC80
B280
4D00
5D00
2200
1F00
1100
1100
3F80
0000
ENDCHAR
STARTCHAR uni1FAC0
ENCODING 129728
SWIDTH 500 0
DWIDTH 11 0
BBX 11 22 0 -5
BITMAP
0000
0000
0000
0C00
1200
1B00
1BA0
1AC0
2A80
4240
4440
5C20
4420
43A0
2240
1240
0D80
0300
0000
0000
0000
0000
ENDCHAR
STARTCHAR uni1FAC1
ENCODING 129729
SWIDTH 500 0
DWIDTH 11 0
BBX 11 22 0 -5
BITMAP
0000
0600
0600
0600
0600
0E00
1F00
3F80
3F80
71C0
71C0
CA20
EAE0
EAE0
DB60
DB60
DB60
FBE0
FBE0
60C0
4040
0000
ENDCHAR
STARTCHAR uni1FAC2
ENCODING 129730
SWIDTH 500 0
DWIDTH 11 0
BBX 11 22 0 -5
BITMAP
0000
0180
33C0
7BC0
7BC0
7BC0
3980
39C0
3B40
7F40
5F40
DF60
CCE0
D3E0
4FA0
7360
7CC0
3FC0
0F80
1F80
1000
0000
ENDCHAR
STARTCHAR uni1FAC3
ENCODING 129731
SWIDTH 500 0
DWIDTH 11 0
BBX 11 22 0 -5
BITMAP
0000
3C00
3E00
3E00
2200
2200
3C00
2400
3A00
3200
3180
4840
4C40
43A0
2020
2020
2020
20C0
2F00
2880
3F80
0000
ENDCHAR
STARTCHAR uni1FAC4
ENCODING 129732
SWIDTH 500 0
DWIDTH 11 0
BBX 11 22 0 -5
BITMAP
0000
7C00
6200
6600
6200
2200
3C00
3400
2200
3200
3180
4840
4C40
43A0
2020
2020
2020
20C0
2F00
2080
3F80
0000
ENDCHAR
STARTCHAR uni1FAC5
ENCODING 129733
SWIDTH 500 0
DWIDTH 11 0
BBX 11 22 0 -5
BITMAP
0400
8A20
C960
D160
A0C0
7FC0
4040
7FC0
64C0
5140
4040
4040
20C0
33C0
0E00
0A00
1B00
3D80
4040
8040
FFE0
0000
ENDCHAR
STARTCHAR uni1FAC6
ENCODING 129734
SWIDTH 500 0
DWIDTH 11 0
BBX 11 22 0 -5
BITMAP
0000
0000
0E00
3180
4E40
5140
A4A0
AEA0
AAA0
AAA0
AAA0
AAA0
AAA0
AAA0
AAA0
AAA0
A2A0
A220
8420
8400
0400
0000
ENDCHAR
STARTCHAR uni1FAC8
ENCODING 129736
SWIDTH 500 0
DWIDTH 11 0
BBX 11 22 0 -5
BITMAP
0000
0200
1E80
1F80
3F80
3180
20C0
2A80
2080
6EC0
71C0
7FC0
7FC0
6EC0
EDE0
FFE0
7FC0
3B80
3B80
7BC0
3B80
0000
ENDCHAR
STARTCHAR uni1FACD
ENCODING 129741
SWIDTH 500 0
DWIDTH 11 0
BBX 11 22 0 -5
BITMAP
0000
0000
0000
0200
0200
0200
0700
0700
2F80
BE40
FE60
EFA0
7060
7E00
4380
0300
0300
0200
0000
0000
0000
0000
ENDCHAR
STARTCHAR uni1FACE
ENCODING 129742
SWIDTH 500 0
DWIDTH 11 0
BBX 11 22 0 -5
BITMAP
0000
0820
0AA0
3EE0
26E0
1AA0
06A0
07C0
02C0
0280
84E0
9C20
E020
41C0
4300
2280
7F40
5140
5140
5140
4100
0000
ENDCHAR
STARTCHAR uni1FACF
ENCODING 129743
SWIDTH 500 0
DWIDTH 11 0
BBX 11 22 0 -5
BITMAP
0000
0280
0280
0180
0180
0280
02C0
0240
0620
7E60
44C0
4480
4100
6100
6100
7F40
5140
D140
D140
5140
4100
0000
ENDCHAR
STARTCHAR uni1FAD0
ENCODING 129744
SWIDTH 500 0
DWIDTH 11 0
BBX 11 22 0 -5
BITMAP
0000
0000
0000
0000
0E00
1100
2480
2E80
2A80
3880
4580
9240
BCA0
ADE0
8560
4420
3A40
0180
0000
0000
0000
0000
ENDCHAR
STARTCHAR uni1FAD1
ENCODING 129745
SWIDTH 500 0
DWIDTH 11 0
BBX 11 22 0 -5
BITMAP
0000
0200
0400
0400
1400
2C80
4740
5240
9120
9120
90A0
90A0
90A0
50A0
5140
4940
4940
4940
4880
3980
2600
0000
ENDCHAR
STARTCHAR uni1FAD2
ENCODING 129746
SWIDTH 500 0
DWIDTH 11 0
BBX 11 22 0 -5
BITMAP
0000
0000
0080
0FE0
09A0
1140
2940
C6C0
E700
4600
4600
2B00
1480
0840
0A40
0840
1840
1840
2480
2300
0000
0000
ENDCHAR
STARTCHAR uni1FAD3
ENCODING 129747
SWIDTH 500 0
DWIDTH 11 0
BBX 11 22 0 -5
BITMAP
0000
0000
0000
0000
0E00
1180
2240
71C0
6020
8020
83A0
80A0
58A0
4840
2640
2180
1E00
0000
0000
0000
0000
0000
ENDCHAR
STARTCHAR uni1FAD4
ENCODING 129748
SWIDTH 500 0
DWIDTH 11 0
BBX 11 22 0 -5
BITMAP
0000
0100
0180
0280
1E80
3480
2C80
45C0
6220
9160
88C0
C440
B440
8A40
8A80
4680
2700
2400
3800
2800
1000
0000
ENDCHAR
STARTCHAR uni1FAD5
ENCODING 129749
SWIDTH 500 0
DWIDTH 11 0
BBX 11 22 0 -5
BITMAP
0000
C040
A0A0
4040
4080
2080
2100
1F00
7FC0
4060
C060
60C0
2080
2080
2080
1500
1F00
1B00
2A80
3F80
2080
0000
ENDCHAR
STARTCHAR uni1FAD6
ENCODING 129750
SWIDTH 500 0
DWIDTH 11 0
BBX 11 22 0 -5
BITMAP
0000
0000
0000
0000
0400
0E00
8E00
9FC0
D0C0
FFA0
B120
9120
70A0
70A0
70C0
30C0
1900
1100
0E00
0000
0000
0000
ENDCHAR
STARTCHAR uni1FAD7
ENCODING 129751
SWIDTH 500 0
DWIDTH 11 0
BBX 11 22 0 -5
BITMAP
0000
4000
6000
D800
A400
FE00
8F80
4340
4140
2080
1880
04C0
0340
0140
0040
0060
0080
00C0
00C0
00C0
0040
0000
ENDCHAR
STARTCHAR uni1FAD8
ENCODING 129752
SWIDTH 500 0
DWIDTH 11 0
BBX 11 22 0 -5
BITMAP
0000
0C00
3200
4200
8A00
9200
9200
AC00
A800
8800
7000
01C0
0120
01A0
01A0
07A0
0520
0520
0440
0480
0300
0000
ENDCHAR
STARTCHAR uni1FAD9
ENCODING 129753
SWIDTH 500 0
DWIDTH 11 0
BBX 11 22 0 -5
BITMAP
0000
3F00
3F00
3F00
3F00
2100
2100
2080
7F80
4040
8040
A040
A040
A040
A040
A040
A040
8040
8040
4080
3F00
0000
ENDCHAR
STARTCHAR uni1FADA
ENCODING 129754
SWIDTH 500 0
DWIDTH 11 0
BBX 11 22 0 -5
BITMAP
0000
0800
0C00
1400
15C0
1540
1640
6640
B280
8980
80E0
80A0
4020
5220
2940
2380
2400
3400
2C00
2800
1800
0000
ENDCHAR
STARTCHAR uni1FADB
ENCODING 129755
SWIDTH 500 0
DWIDTH 11 0
BBX 11 22 0 -5
BITMAP
0000
0180
0340
03C0
0340
06C0
06A0
0AA0
0AA0
0D20
1B20
1A40
1A40
1440
2C40
2880
2880
5080
A300
CC00
7000
0000
ENDCHAR
STARTCHAR uni1FADC
ENCODING 129756
SWIDTH 500 0
DWIDTH 11 0
BBX 11 22 0 -5
BITMAP
0000
0040
00C0
E580
5580
5680
3F00
0E00
1C00
2700
2080
5040
6040
6080
5080
3080
2100
1D00
0600
0600
0400
0000
ENDCHAR
STARTCHAR uni1FADF
ENCODING 129759
SWIDTH 500 0
DWIDTH 11 0
BBX 11 22 0 -5
BITMAP
0000
0000
0000
0000
0000
4000
E880
4C00
1D00
7F80
1FC0
3F80
7F00
3F00
2600
0440
00E0
0040
0000
0000
0000
0000
ENDCHAR
STARTCHAR uni1FAE0
ENCODING 129760
SWIDTH 500 0
DWIDTH 11 0
BBX 11 22 0 -5
BITMAP
0000
0000
0000
0000
0E00
3180
4040
4040
9120
9120
8020
80A0
80A0
BF20
C040
4020
7020
17C0
1C00
0000
0000
0000
ENDCHAR
STARTCHAR uni1FAE1
ENCODING 129761
SWIDTH 500 0
DWIDTH 11 0
BBX 11 22 0 -5
BITMAP
0000
0000
0000
0000
0C00
3300
47C0
4880
92C0
92C0
80C0
80C0
8040
BF40
4080
4080
3300
0C00
0000
0000
0000
0000
ENDCHAR
STARTCHAR uni1FAE2
ENCODING 129762
SWIDTH 500 0
DWIDTH 11 0
BBX 11 22 0 -5
BITMAP
0000
0000
0000
0000
0E00
3180
4040
59C0
99A0
99A0
8E20
8D20
9520
B520
7140
5E40
3180
0E00
0000
0000
0000
0000
ENDCHAR
STARTCHAR uni1FAE3
ENCODING 129763
SWIDTH 500 0
DWIDTH 11 0
BBX 11 22 0 -5
BITMAP
0000
0000
0000
0000
0E00
3180
F840
D940
DAA0
DAA0
D920
D820
DC20
8FE0
FC60
4060
31A0
0E20
0000
0000
0000
0000
ENDCHAR
STARTCHAR uni1FAE4
ENCODING 129764
SWIDTH 500 0
DWIDTH 11 0
BBX 11 22 0 -5
BITMAP
0000
0000
0000
0000
0C00
3300
4080
4080
9240
9240
8040
8040
B040
8C40
4380
4080
3300
0C00
0000
0000
0000
0000
ENDCHAR
STARTCHAR uni1FAE5
ENCODING 129765
SWIDTH 500 0
DWIDTH 11 0
BBX 11 22 0 -5
BITMAP
0000
0000
0000
0000
0A00
1100
0000
4040
9140
1100
8040
0000
8040
3F80
0000
4040
2080
0400
0000
0000
0000
0000
ENDCHAR
STARTCHAR uni1FAE6
ENCODING 129766
SWIDTH 500 0
DWIDTH 11 0
BBX 11 22 0 -5
BITMAP
0000
0000
0000
0000
0000
0000
0000
1A00
2580
7FC0
DF60
5540
3F80
0E00
0000
0000
0000
0000
0000
0000
0000
0000
ENDCHAR
STARTCHAR uni1FAE7
ENCODING 129767
SWIDTH 500 0
DWIDTH 11 0
BBX 11 22 0 -5
BITMAP
0000
0000
0180
0240
0240
0240
0240
0180
1C00
2200
4100
5100
4100
4100
4100
2200
1D00
0280
0280
0100
0000
0000
ENDCHAR
STARTCHAR uni1FAE8
ENCODING 129768
SWIDTH 500 0
DWIDTH 11 0
BBX 11 22 0 -5
BITMAP
0000
0000
0000
0000
8E00
7180
C040
4040
9120
9120
8020
8020
AAA0
9520
4040
4060
31C0
0E20
0000
0000
0000
0000
ENDCHAR
STARTCHAR uni1FAE9
ENCODING 129769
SWIDTH 500 0
DWIDTH 11 0
BBX 11 22 0 -5
BITMAP
0000
0000
0000
0000
0E00
3180
4040
4040
9120
9120
BBA0
99A0
8020
BFA0
4040
4040
3180
0E00
0000
0000
0000
0000
ENDCHAR
STARTCHAR uni1FAEA
ENCODING 129770
SWIDTH 500 0
DWIDTH 11 0
BBX 11 22 0 -5
BITMAP
0000
0000
0000
0000
0E00
3180
4040
5840
9820
9920
86A0
86A0
ABA0
9520
4040
4040
3180
0E00
0000
0000
0000
0000
ENDCHAR
STARTCHAR uni1FAEF
ENCODING 129775
SWIDTH 500 0
DWIDTH 11 0
BBX 11 22 0 -5
BITMAP
0000
0000
0000
0000
0400
2620
59E0
40E0
4020
4440
5F20
8E20
8E40
4A40
4040
C040
C980
7A80
0400
0000
0000
0000
ENDCHAR
STARTCHAR uni1FAF0
ENCODING 129776
SWIDTH 500 0
DWIDTH 11 0
BBX 11 22 0 -5
BITMAP
0000
0000
1800
1800
2880
2540
2640
1440
3080
6100
5B00
4600
4580
4440
4840
2840
2C80
2380
2080
1080
1F80
0000
ENDCHAR
STARTCHAR uni1FAF1
ENCODING 129777
SWIDTH 500 0
DWIDTH 11 0
BBX 11 22 0 -5
BITMAP
0000
0000
0000
0000
0000
0000
0000
1800
2400
2B80
EC40
B7C0
AFC0
E9C0
1FC0
0700
0000
0000
0000
0000
0000
0000
ENDCHAR
STARTCHAR uni1FAF2
ENCODING 129778
SWIDTH 500 0
DWIDTH 11 0
BBX 11 22 0 -5
BITMAP
0000
0000
0000
0000
0000
0000
0000
0600
0900
7500
8DE0
FB20
FD20
E5E0
FE00
3800
0000
0000
0000
0000
0000
0000
ENDCHAR
STARTCHAR uni1FAF3
ENCODING 129779
SWIDTH 500 0
DWIDTH 11 0
BBX 11 22 0 -5
BITMAP
0000
0000
0000
0000
0000
0000
0000
0000
0F00
FCC0
87C0
FE00
0D80
0240
01C0
0000
0000
0000
0000
0000
0000
0000
ENDCHAR
STARTCHAR uni1FAF4
ENCODING 129780
SWIDTH 500 0
DWIDTH 11 0
BBX 11 22 0 -5
BITMAP
0000
0000
0000
0000
0000
0000
0000
01C0
0240
0D80
FE00
87C0
FCC0
0F00
0000
0000
0000
0000
0000
0000
0000
0000
ENDCHAR
STARTCHAR uni1FAF5
ENCODING 129781
SWIDTH 500 0
DWIDTH 11 0
BBX 11 22 0 -5
BITMAP
0000
0E00
1100
1100
3F80
2080
2080
2080
3180
5180
5F40
5140
5540
54C0
55C0
2E40
1480
1080
1080
1080
1F80
0000
ENDCHAR
STARTCHAR uni1FAF6
ENCODING 129782
SWIDTH 500 0
DWIDTH 11 0
BBX 11 22 0 -5
BITMAP
0000
1100
1980
2A80
2E80
3F80
3540
5540
5140
4A40
4A40
4420
8020
A4A0
9B20
A0A0
A0A0
A0A0
A0A0
A0A0
E0E0
0000
ENDCHAR
STARTCHAR uni1FAF7
ENCODING 129783
SWIDTH 500 0
DWIDTH 11 0
BBX 11 22 0 -5
BITMAP
0000
3000
3000
3400
3A00
3A00
2A00
EA00
EA00
AA00
AA00
9200
8A00
4A00
49E0
2920
1120
1F20
01E0
0000
0000
0000
ENDCHAR
STARTCHAR uni1FAF8
ENCODING 129784
SWIDTH 500 0
DWIDTH 11 0
BBX 11 22 0 -5
BITMAP
0000
0180
0180
0580
0B80
0B80
0A80
0AE0
0AE0
0AA0
0AA0
0920
0A20
0A40
F240
9280
9100
9F00
F000
0000
0000
0000
ENDCHAR
ENDFONT
